table,column,definition,data_type,unit,missing_value_policy
india_known_mining_sites.csv,record_id,Stable record identifier within this release.,text,,Blank means unavailable/not reported; zero is retained only as a measured or derived zero.
india_known_mining_sites.csv,record_class,Factual site type or grid screening class.,category,,Blank means unavailable/not reported; zero is retained only as a measured or derived zero.
india_known_mining_sites.csv,site_name,Site name.,text or number,,Blank means unavailable/not reported; zero is retained only as a measured or derived zero.
india_known_mining_sites.csv,development_status,Development status.,text or number,,Blank means unavailable/not reported; zero is retained only as a measured or derived zero.
india_known_mining_sites.csv,operation_type,Operation type.,text or number,,Blank means unavailable/not reported; zero is retained only as a measured or derived zero.
india_known_mining_sites.csv,deposit_type,Deposit type.,text or number,,Blank means unavailable/not reported; zero is retained only as a measured or derived zero.
india_known_mining_sites.csv,production_size,Production size.,text or number,,Blank means unavailable/not reported; zero is retained only as a measured or derived zero.
india_known_mining_sites.csv,latitude,WGS84 latitude of site point or H3 cell centroid.,number,decimal degrees,Blank means unavailable/not reported; zero is retained only as a measured or derived zero.
india_known_mining_sites.csv,longitude,WGS84 longitude of site point or H3 cell centroid.,number,decimal degrees,Blank means unavailable/not reported; zero is retained only as a measured or derived zero.
india_known_mining_sites.csv,coordinate_reference_system,Coordinate reference system.,text or number,,Blank means unavailable/not reported; zero is retained only as a measured or derived zero.
india_known_mining_sites.csv,coordinate_precision_note,Coordinate precision note.,text or number,,Blank means unavailable/not reported; zero is retained only as a measured or derived zero.
india_known_mining_sites.csv,h3_r6,H3 resolution-6 cell identifier.,text,,Blank means unavailable/not reported; zero is retained only as a measured or derived zero.
india_known_mining_sites.csv,grid_area_km2,Full H3 cell area; coastal land coverage may be smaller.,number,km2,Blank means unavailable/not reported; zero is retained only as a measured or derived zero.
india_known_mining_sites.csv,state_or_ut_2011,State or ut 2011.,text or number,,Blank means unavailable/not reported; zero is retained only as a measured or derived zero.
india_known_mining_sites.csv,district_2011,District 2011.,text or number,,Blank means unavailable/not reported; zero is retained only as a measured or derived zero.
india_known_mining_sites.csv,census_state_code_2011,"Census 2011 district attribute or derived share; district-level context, not a cell-level count.",number or text,,Blank means unavailable/not reported; zero is retained only as a measured or derived zero.
india_known_mining_sites.csv,census_district_code_2011,"Census 2011 district attribute or derived share; district-level context, not a cell-level count.",number or text,,Blank means unavailable/not reported; zero is retained only as a measured or derived zero.
india_known_mining_sites.csv,source_state_name,Source provenance field retained from the contributing dataset or registry.,text,,Blank means unavailable/not reported; zero is retained only as a measured or derived zero.
india_known_mining_sites.csv,source_district_name,Source provenance field retained from the contributing dataset or registry.,text,,Blank means unavailable/not reported; zero is retained only as a measured or derived zero.
india_known_mining_sites.csv,source_materials_json,JSON-encoded structured value; see column name and methodology for meaning.,JSON,,Blank means unavailable/not reported; zero is retained only as a measured or derived zero.
india_known_mining_sites.csv,priority_materials_json,JSON-encoded structured value; see column name and methodology for meaning.,JSON,,Blank means unavailable/not reported; zero is retained only as a measured or derived zero.
india_known_mining_sites.csv,chemical_names_json,JSON-encoded structured value; see column name and methodology for meaning.,JSON,,Blank means unavailable/not reported; zero is retained only as a measured or derived zero.
india_known_mining_sites.csv,symbols_or_formulae_json,JSON-encoded structured value; see column name and methodology for meaning.,JSON,,Blank means unavailable/not reported; zero is retained only as a measured or derived zero.
india_known_mining_sites.csv,ore_minerals_source,Ore minerals source.,text or number,,Blank means unavailable/not reported; zero is retained only as a measured or derived zero.
india_known_mining_sites.csv,ore_mineral_formulae_json,JSON-encoded structured value; see column name and methodology for meaning.,JSON,,Blank means unavailable/not reported; zero is retained only as a measured or derived zero.
india_known_mining_sites.csv,gangue_minerals_source,Gangue minerals source.,text or number,,Blank means unavailable/not reported; zero is retained only as a measured or derived zero.
india_known_mining_sites.csv,other_materials_source,Other materials source.,text or number,,Blank means unavailable/not reported; zero is retained only as a measured or derived zero.
india_known_mining_sites.csv,host_rock_unit_source,Host rock unit source.,text or number,,Blank means unavailable/not reported; zero is retained only as a measured or derived zero.
india_known_mining_sites.csv,host_rock_type_source,Host rock type source.,text or number,,Blank means unavailable/not reported; zero is retained only as a measured or derived zero.
india_known_mining_sites.csv,associated_rock_unit_source,Associated rock unit source.,text or number,,Blank means unavailable/not reported; zero is retained only as a measured or derived zero.
india_known_mining_sites.csv,associated_rock_type_source,Associated rock type source.,text or number,,Blank means unavailable/not reported; zero is retained only as a measured or derived zero.
india_known_mining_sites.csv,orebody_form_source,Orebody form source.,text or number,,Blank means unavailable/not reported; zero is retained only as a measured or derived zero.
india_known_mining_sites.csv,deposit_model_source,Deposit model source.,text or number,,Blank means unavailable/not reported; zero is retained only as a measured or derived zero.
india_known_mining_sites.csv,alteration_source,Alteration source.,text or number,,Blank means unavailable/not reported; zero is retained only as a measured or derived zero.
india_known_mining_sites.csv,structure_source,Structure source.,text or number,,Blank means unavailable/not reported; zero is retained only as a measured or derived zero.
india_known_mining_sites.csv,tectonic_setting_source,Tectonic setting source.,text or number,,Blank means unavailable/not reported; zero is retained only as a measured or derived zero.
india_known_mining_sites.csv,ore_controls_source,Ore controls source.,text or number,,Blank means unavailable/not reported; zero is retained only as a measured or derived zero.
india_known_mining_sites.csv,geology_age,Geological map-unit attribute sampled at the point or cell centroid.,text or number,,Blank means unavailable/not reported; zero is retained only as a measured or derived zero.
india_known_mining_sites.csv,geology_supergroup,Geological map-unit attribute sampled at the point or cell centroid.,text or number,,Blank means unavailable/not reported; zero is retained only as a measured or derived zero.
india_known_mining_sites.csv,geology_group,Geological map-unit attribute sampled at the point or cell centroid.,text or number,,Blank means unavailable/not reported; zero is retained only as a measured or derived zero.
india_known_mining_sites.csv,geology_stratigraphy,Geological map-unit attribute sampled at the point or cell centroid.,text or number,,Blank means unavailable/not reported; zero is retained only as a measured or derived zero.
india_known_mining_sites.csv,geology_geom_id,Geological map-unit attribute sampled at the point or cell centroid.,text or number,,Blank means unavailable/not reported; zero is retained only as a measured or derived zero.
india_known_mining_sites.csv,geological_profile_json,JSON-encoded structured value; see column name and methodology for meaning.,JSON,,Blank means unavailable/not reported; zero is retained only as a measured or derived zero.
india_known_mining_sites.csv,elevation_m,WorldClim/SRTM-derived reconnaissance terrain value at or around the centroid.,number,m,Blank means unavailable/not reported; zero is retained only as a measured or derived zero.
india_known_mining_sites.csv,slope_degrees_approx,Approximate local slope derived from neighboring 2.5 arc-minute elevation cells.,number,degrees,Blank means unavailable/not reported; zero is retained only as a measured or derived zero.
india_known_mining_sites.csv,local_relief_m_approx,WorldClim/SRTM-derived reconnaissance terrain value at or around the centroid.,number,m,Blank means unavailable/not reported; zero is retained only as a measured or derived zero.
india_known_mining_sites.csv,terrain_class,Terrain class.,text or number,,Blank means unavailable/not reported; zero is retained only as a measured or derived zero.
india_known_mining_sites.csv,geographical_assessment_json,JSON-encoded structured value; see column name and methodology for meaning.,JSON,,Blank means unavailable/not reported; zero is retained only as a measured or derived zero.
india_known_mining_sites.csv,weather_class_derived,Weather class derived.,text or number,,Blank means unavailable/not reported; zero is retained only as a measured or derived zero.
india_known_mining_sites.csv,weather_reference_period_start,First UTC day included in the rolling weather summary.,ISO date,,Blank means unavailable/not reported; zero is retained only as a measured or derived zero.
india_known_mining_sites.csv,weather_reference_period_end,Last UTC day included in the rolling weather summary.,ISO date,,Blank means unavailable/not reported; zero is retained only as a measured or derived zero.
india_known_mining_sites.csv,weather_reference_period_days,Inclusive number of days in the configured weather window.,integer,days,Blank means unavailable/not reported; zero is retained only as a measured or derived zero.
india_known_mining_sites.csv,weather_temporal_resolution,Temporal resolution of the source observations used for aggregation.,category,,Blank means unavailable/not reported; zero is retained only as a measured or derived zero.
india_known_mining_sites.csv,weather_time_standard,Time standard requested from the NASA POWER daily API.,category,,Blank means unavailable/not reported; zero is retained only as a measured or derived zero.
india_known_mining_sites.csv,temperature_mean_c_rolling_12m,Mean of daily NASA POWER T2M values across the configured rolling 12-month window.,number,degrees C,Blank means unavailable/not reported; zero is retained only as a measured or derived zero.
india_known_mining_sites.csv,temperature_mean_daily_min_c_rolling_12m,Mean of daily NASA POWER T2M_MIN values across the configured rolling 12-month window.,number,degrees C,Blank means unavailable/not reported; zero is retained only as a measured or derived zero.
india_known_mining_sites.csv,temperature_mean_daily_max_c_rolling_12m,Mean of daily NASA POWER T2M_MAX values across the configured rolling 12-month window.,number,degrees C,Blank means unavailable/not reported; zero is retained only as a measured or derived zero.
india_known_mining_sites.csv,temperature_monthly_mean_c_json_rolling_12m,JSON array of month labels and mean daily T2M values for each month in the rolling window.,JSON array,degrees C,Blank means unavailable/not reported; zero is retained only as a measured or derived zero.
india_known_mining_sites.csv,precipitation_total_mm_rolling_12m,Sum of daily NASA POWER PRECTOTCORR values across the configured rolling 12-month window.,number,mm,Blank means unavailable/not reported; zero is retained only as a measured or derived zero.
india_known_mining_sites.csv,precipitation_monthly_total_mm_json_rolling_12m,JSON array of month labels and summed daily PRECTOTCORR values for each month in the rolling window.,JSON array,mm,Blank means unavailable/not reported; zero is retained only as a measured or derived zero.
india_known_mining_sites.csv,relative_humidity_mean_pct_rolling_12m,Mean of daily NASA POWER RH2M values across the configured rolling 12-month window.,number,%,Blank means unavailable/not reported; zero is retained only as a measured or derived zero.
india_known_mining_sites.csv,wind_speed_2m_mean_m_s_rolling_12m,Mean of daily NASA POWER WS2M values across the configured rolling 12-month window.,number,m/s,Blank means unavailable/not reported; zero is retained only as a measured or derived zero.
india_known_mining_sites.csv,weather_valid_days_min_rolling_12m,Minimum valid daily observation count across the six weather parameters at the matched source-grid point.,integer,days,Blank means unavailable/not reported; zero is retained only as a measured or derived zero.
india_known_mining_sites.csv,weather_data_completeness_pct_rolling_12m,Minimum valid-day count divided by the configured weather-window day count.,number,%,Blank means unavailable/not reported; zero is retained only as a measured or derived zero.
india_known_mining_sites.csv,climate_grid_latitude,Latitude of the nearest native NASA POWER meteorological grid point.,number,decimal degrees,Blank means unavailable/not reported; zero is retained only as a measured or derived zero.
india_known_mining_sites.csv,climate_grid_longitude,Longitude of the nearest native NASA POWER meteorological grid point.,number,decimal degrees,Blank means unavailable/not reported; zero is retained only as a measured or derived zero.
india_known_mining_sites.csv,climate_grid_distance_km,Great-circle distance from the site/cell coordinate to the matched NASA POWER grid point.,number,km,Blank means unavailable/not reported; zero is retained only as a measured or derived zero.
india_known_mining_sites.csv,weather_profile_json,JSON-encoded structured value; see column name and methodology for meaning.,JSON,,Blank means unavailable/not reported; zero is retained only as a measured or derived zero.
india_known_mining_sites.csv,population_estimate_2020_grid,WorldPop 2020 population pixels summed within the H3 cell.,number,people,Blank means unavailable/not reported; zero is retained only as a measured or derived zero.
india_known_mining_sites.csv,population_density_estimate_2020_per_km2,Population density estimate 2020 per km2.,text or number,,Blank means unavailable/not reported; zero is retained only as a measured or derived zero.
india_known_mining_sites.csv,census_households_2011_district,"Census 2011 district attribute or derived share; district-level context, not a cell-level count.",number or text,,Blank means unavailable/not reported; zero is retained only as a measured or derived zero.
india_known_mining_sites.csv,census_population_2011_district,"Census 2011 district attribute or derived share; district-level context, not a cell-level count.",number or text,,Blank means unavailable/not reported; zero is retained only as a measured or derived zero.
india_known_mining_sites.csv,census_male_2011_district,"Census 2011 district attribute or derived share; district-level context, not a cell-level count.",number or text,,Blank means unavailable/not reported; zero is retained only as a measured or derived zero.
india_known_mining_sites.csv,census_female_2011_district,"Census 2011 district attribute or derived share; district-level context, not a cell-level count.",number or text,,Blank means unavailable/not reported; zero is retained only as a measured or derived zero.
india_known_mining_sites.csv,census_age_0_6_2011_district,"Census 2011 district attribute or derived share; district-level context, not a cell-level count.",number or text,,Blank means unavailable/not reported; zero is retained only as a measured or derived zero.
india_known_mining_sites.csv,census_sc_2011_district,"Census 2011 district attribute or derived share; district-level context, not a cell-level count.",number or text,,Blank means unavailable/not reported; zero is retained only as a measured or derived zero.
india_known_mining_sites.csv,census_st_2011_district,"Census 2011 district attribute or derived share; district-level context, not a cell-level count.",number or text,,Blank means unavailable/not reported; zero is retained only as a measured or derived zero.
india_known_mining_sites.csv,census_literate_2011_district,"Census 2011 district attribute or derived share; district-level context, not a cell-level count.",number or text,,Blank means unavailable/not reported; zero is retained only as a measured or derived zero.
india_known_mining_sites.csv,census_workers_2011_district,"Census 2011 district attribute or derived share; district-level context, not a cell-level count.",number or text,,Blank means unavailable/not reported; zero is retained only as a measured or derived zero.
india_known_mining_sites.csv,census_nonworkers_2011_district,"Census 2011 district attribute or derived share; district-level context, not a cell-level count.",number or text,,Blank means unavailable/not reported; zero is retained only as a measured or derived zero.
india_known_mining_sites.csv,census_female_share_2011_district,"Census 2011 district attribute or derived share; district-level context, not a cell-level count.",number or text,,Blank means unavailable/not reported; zero is retained only as a measured or derived zero.
india_known_mining_sites.csv,census_age_0_6_share_2011_district,"Census 2011 district attribute or derived share; district-level context, not a cell-level count.",number or text,,Blank means unavailable/not reported; zero is retained only as a measured or derived zero.
india_known_mining_sites.csv,census_sc_share_2011_district,"Census 2011 district attribute or derived share; district-level context, not a cell-level count.",number or text,,Blank means unavailable/not reported; zero is retained only as a measured or derived zero.
india_known_mining_sites.csv,census_st_share_2011_district,"Census 2011 district attribute or derived share; district-level context, not a cell-level count.",number or text,,Blank means unavailable/not reported; zero is retained only as a measured or derived zero.
india_known_mining_sites.csv,census_literacy_rate_2011_district_age7plus,"Census 2011 district attribute or derived share; district-level context, not a cell-level count.",number or text,,Blank means unavailable/not reported; zero is retained only as a measured or derived zero.
india_known_mining_sites.csv,census_worker_share_2011_district,"Census 2011 district attribute or derived share; district-level context, not a cell-level count.",number or text,,Blank means unavailable/not reported; zero is retained only as a measured or derived zero.
india_known_mining_sites.csv,census_area_km2_2011_district,"Census 2011 district attribute or derived share; district-level context, not a cell-level count.",number or text,,Blank means unavailable/not reported; zero is retained only as a measured or derived zero.
india_known_mining_sites.csv,census_population_density_2011_district,"Census 2011 district attribute or derived share; district-level context, not a cell-level count.",number or text,,Blank means unavailable/not reported; zero is retained only as a measured or derived zero.
india_known_mining_sites.csv,source_dataset_id,Source provenance field retained from the contributing dataset or registry.,text,,Blank means unavailable/not reported; zero is retained only as a measured or derived zero.
india_known_mining_sites.csv,source_record_id,Source provenance field retained from the contributing dataset or registry.,text,,Blank means unavailable/not reported; zero is retained only as a measured or derived zero.
india_known_mining_sites.csv,source_url,Source provenance field retained from the contributing dataset or registry.,text,,Blank means unavailable/not reported; zero is retained only as a measured or derived zero.
india_known_mining_sites.csv,source_quality_code,Source provenance field retained from the contributing dataset or registry.,text,,Blank means unavailable/not reported; zero is retained only as a measured or derived zero.
india_known_mining_sites.csv,source_reference_text,Source provenance field retained from the contributing dataset or registry.,text,,Blank means unavailable/not reported; zero is retained only as a measured or derived zero.
india_known_mining_sites.csv,source_last_updated,Source provenance field retained from the contributing dataset or registry.,text,,Blank means unavailable/not reported; zero is retained only as a measured or derived zero.
india_known_mining_sites.csv,record_observation_type,Record observation type.,text or number,,Blank means unavailable/not reported; zero is retained only as a measured or derived zero.
india_known_mining_sites.csv,data_quality_flags_json,Machine-readable JSON array of record-level caveats.,JSON array,,Blank means unavailable/not reported; zero is retained only as a measured or derived zero.
india_mining_prospectivity_grid_h3_r6.csv,record_id,Stable record identifier within this release.,text,,Blank means unavailable/not reported; zero is retained only as a measured or derived zero.
india_mining_prospectivity_grid_h3_r6.csv,record_class,Factual site type or grid screening class.,category,,Blank means unavailable/not reported; zero is retained only as a measured or derived zero.
india_mining_prospectivity_grid_h3_r6.csv,latitude,WGS84 latitude of site point or H3 cell centroid.,number,decimal degrees,Blank means unavailable/not reported; zero is retained only as a measured or derived zero.
india_mining_prospectivity_grid_h3_r6.csv,longitude,WGS84 longitude of site point or H3 cell centroid.,number,decimal degrees,Blank means unavailable/not reported; zero is retained only as a measured or derived zero.
india_mining_prospectivity_grid_h3_r6.csv,coordinate_reference_system,Coordinate reference system.,text or number,,Blank means unavailable/not reported; zero is retained only as a measured or derived zero.
india_mining_prospectivity_grid_h3_r6.csv,coordinate_precision_note,Coordinate precision note.,text or number,,Blank means unavailable/not reported; zero is retained only as a measured or derived zero.
india_mining_prospectivity_grid_h3_r6.csv,h3_r6,H3 resolution-6 cell identifier.,text,,Blank means unavailable/not reported; zero is retained only as a measured or derived zero.
india_mining_prospectivity_grid_h3_r6.csv,grid_area_km2,Full H3 cell area; coastal land coverage may be smaller.,number,km2,Blank means unavailable/not reported; zero is retained only as a measured or derived zero.
india_mining_prospectivity_grid_h3_r6.csv,cell_boundary_wkt,H3 cell boundary encoded as WKT polygon.,text,,Blank means unavailable/not reported; zero is retained only as a measured or derived zero.
india_mining_prospectivity_grid_h3_r6.csv,state_or_ut_2011,State or ut 2011.,text or number,,Blank means unavailable/not reported; zero is retained only as a measured or derived zero.
india_mining_prospectivity_grid_h3_r6.csv,district_2011,District 2011.,text or number,,Blank means unavailable/not reported; zero is retained only as a measured or derived zero.
india_mining_prospectivity_grid_h3_r6.csv,census_state_code_2011,"Census 2011 district attribute or derived share; district-level context, not a cell-level count.",number or text,,Blank means unavailable/not reported; zero is retained only as a measured or derived zero.
india_mining_prospectivity_grid_h3_r6.csv,census_district_code_2011,"Census 2011 district attribute or derived share; district-level context, not a cell-level count.",number or text,,Blank means unavailable/not reported; zero is retained only as a measured or derived zero.
india_mining_prospectivity_grid_h3_r6.csv,population_estimate_2020_grid,WorldPop 2020 population pixels summed within the H3 cell.,number,people,Blank means unavailable/not reported; zero is retained only as a measured or derived zero.
india_mining_prospectivity_grid_h3_r6.csv,population_density_estimate_2020_per_km2,Population density estimate 2020 per km2.,text or number,,Blank means unavailable/not reported; zero is retained only as a measured or derived zero.
india_mining_prospectivity_grid_h3_r6.csv,census_households_2011_district,"Census 2011 district attribute or derived share; district-level context, not a cell-level count.",number or text,,Blank means unavailable/not reported; zero is retained only as a measured or derived zero.
india_mining_prospectivity_grid_h3_r6.csv,census_population_2011_district,"Census 2011 district attribute or derived share; district-level context, not a cell-level count.",number or text,,Blank means unavailable/not reported; zero is retained only as a measured or derived zero.
india_mining_prospectivity_grid_h3_r6.csv,census_male_2011_district,"Census 2011 district attribute or derived share; district-level context, not a cell-level count.",number or text,,Blank means unavailable/not reported; zero is retained only as a measured or derived zero.
india_mining_prospectivity_grid_h3_r6.csv,census_female_2011_district,"Census 2011 district attribute or derived share; district-level context, not a cell-level count.",number or text,,Blank means unavailable/not reported; zero is retained only as a measured or derived zero.
india_mining_prospectivity_grid_h3_r6.csv,census_age_0_6_2011_district,"Census 2011 district attribute or derived share; district-level context, not a cell-level count.",number or text,,Blank means unavailable/not reported; zero is retained only as a measured or derived zero.
india_mining_prospectivity_grid_h3_r6.csv,census_sc_2011_district,"Census 2011 district attribute or derived share; district-level context, not a cell-level count.",number or text,,Blank means unavailable/not reported; zero is retained only as a measured or derived zero.
india_mining_prospectivity_grid_h3_r6.csv,census_st_2011_district,"Census 2011 district attribute or derived share; district-level context, not a cell-level count.",number or text,,Blank means unavailable/not reported; zero is retained only as a measured or derived zero.
india_mining_prospectivity_grid_h3_r6.csv,census_literate_2011_district,"Census 2011 district attribute or derived share; district-level context, not a cell-level count.",number or text,,Blank means unavailable/not reported; zero is retained only as a measured or derived zero.
india_mining_prospectivity_grid_h3_r6.csv,census_workers_2011_district,"Census 2011 district attribute or derived share; district-level context, not a cell-level count.",number or text,,Blank means unavailable/not reported; zero is retained only as a measured or derived zero.
india_mining_prospectivity_grid_h3_r6.csv,census_nonworkers_2011_district,"Census 2011 district attribute or derived share; district-level context, not a cell-level count.",number or text,,Blank means unavailable/not reported; zero is retained only as a measured or derived zero.
india_mining_prospectivity_grid_h3_r6.csv,census_female_share_2011_district,"Census 2011 district attribute or derived share; district-level context, not a cell-level count.",number or text,,Blank means unavailable/not reported; zero is retained only as a measured or derived zero.
india_mining_prospectivity_grid_h3_r6.csv,census_age_0_6_share_2011_district,"Census 2011 district attribute or derived share; district-level context, not a cell-level count.",number or text,,Blank means unavailable/not reported; zero is retained only as a measured or derived zero.
india_mining_prospectivity_grid_h3_r6.csv,census_sc_share_2011_district,"Census 2011 district attribute or derived share; district-level context, not a cell-level count.",number or text,,Blank means unavailable/not reported; zero is retained only as a measured or derived zero.
india_mining_prospectivity_grid_h3_r6.csv,census_st_share_2011_district,"Census 2011 district attribute or derived share; district-level context, not a cell-level count.",number or text,,Blank means unavailable/not reported; zero is retained only as a measured or derived zero.
india_mining_prospectivity_grid_h3_r6.csv,census_literacy_rate_2011_district_age7plus,"Census 2011 district attribute or derived share; district-level context, not a cell-level count.",number or text,,Blank means unavailable/not reported; zero is retained only as a measured or derived zero.
india_mining_prospectivity_grid_h3_r6.csv,census_worker_share_2011_district,"Census 2011 district attribute or derived share; district-level context, not a cell-level count.",number or text,,Blank means unavailable/not reported; zero is retained only as a measured or derived zero.
india_mining_prospectivity_grid_h3_r6.csv,census_area_km2_2011_district,"Census 2011 district attribute or derived share; district-level context, not a cell-level count.",number or text,,Blank means unavailable/not reported; zero is retained only as a measured or derived zero.
india_mining_prospectivity_grid_h3_r6.csv,census_population_density_2011_district,"Census 2011 district attribute or derived share; district-level context, not a cell-level count.",number or text,,Blank means unavailable/not reported; zero is retained only as a measured or derived zero.
india_mining_prospectivity_grid_h3_r6.csv,geology_age_code,Geological map-unit attribute sampled at the point or cell centroid.,text or number,,Blank means unavailable/not reported; zero is retained only as a measured or derived zero.
india_mining_prospectivity_grid_h3_r6.csv,geology_age,Geological map-unit attribute sampled at the point or cell centroid.,text or number,,Blank means unavailable/not reported; zero is retained only as a measured or derived zero.
india_mining_prospectivity_grid_h3_r6.csv,geology_supergroup,Geological map-unit attribute sampled at the point or cell centroid.,text or number,,Blank means unavailable/not reported; zero is retained only as a measured or derived zero.
india_mining_prospectivity_grid_h3_r6.csv,geology_group,Geological map-unit attribute sampled at the point or cell centroid.,text or number,,Blank means unavailable/not reported; zero is retained only as a measured or derived zero.
india_mining_prospectivity_grid_h3_r6.csv,geology_stratigraphy,Geological map-unit attribute sampled at the point or cell centroid.,text or number,,Blank means unavailable/not reported; zero is retained only as a measured or derived zero.
india_mining_prospectivity_grid_h3_r6.csv,geology_geom_id,Geological map-unit attribute sampled at the point or cell centroid.,text or number,,Blank means unavailable/not reported; zero is retained only as a measured or derived zero.
india_mining_prospectivity_grid_h3_r6.csv,geological_profile_json,JSON-encoded structured value; see column name and methodology for meaning.,JSON,,Blank means unavailable/not reported; zero is retained only as a measured or derived zero.
india_mining_prospectivity_grid_h3_r6.csv,elevation_m,WorldClim/SRTM-derived reconnaissance terrain value at or around the centroid.,number,m,Blank means unavailable/not reported; zero is retained only as a measured or derived zero.
india_mining_prospectivity_grid_h3_r6.csv,slope_degrees_approx,Approximate local slope derived from neighboring 2.5 arc-minute elevation cells.,number,degrees,Blank means unavailable/not reported; zero is retained only as a measured or derived zero.
india_mining_prospectivity_grid_h3_r6.csv,local_relief_m_approx,WorldClim/SRTM-derived reconnaissance terrain value at or around the centroid.,number,m,Blank means unavailable/not reported; zero is retained only as a measured or derived zero.
india_mining_prospectivity_grid_h3_r6.csv,terrain_class,Terrain class.,text or number,,Blank means unavailable/not reported; zero is retained only as a measured or derived zero.
india_mining_prospectivity_grid_h3_r6.csv,geographical_assessment_json,JSON-encoded structured value; see column name and methodology for meaning.,JSON,,Blank means unavailable/not reported; zero is retained only as a measured or derived zero.
india_mining_prospectivity_grid_h3_r6.csv,weather_class_derived,Weather class derived.,text or number,,Blank means unavailable/not reported; zero is retained only as a measured or derived zero.
india_mining_prospectivity_grid_h3_r6.csv,weather_reference_period_start,First UTC day included in the rolling weather summary.,ISO date,,Blank means unavailable/not reported; zero is retained only as a measured or derived zero.
india_mining_prospectivity_grid_h3_r6.csv,weather_reference_period_end,Last UTC day included in the rolling weather summary.,ISO date,,Blank means unavailable/not reported; zero is retained only as a measured or derived zero.
india_mining_prospectivity_grid_h3_r6.csv,weather_reference_period_days,Inclusive number of days in the configured weather window.,integer,days,Blank means unavailable/not reported; zero is retained only as a measured or derived zero.
india_mining_prospectivity_grid_h3_r6.csv,weather_temporal_resolution,Temporal resolution of the source observations used for aggregation.,category,,Blank means unavailable/not reported; zero is retained only as a measured or derived zero.
india_mining_prospectivity_grid_h3_r6.csv,weather_time_standard,Time standard requested from the NASA POWER daily API.,category,,Blank means unavailable/not reported; zero is retained only as a measured or derived zero.
india_mining_prospectivity_grid_h3_r6.csv,temperature_mean_c_rolling_12m,Mean of daily NASA POWER T2M values across the configured rolling 12-month window.,number,degrees C,Blank means unavailable/not reported; zero is retained only as a measured or derived zero.
india_mining_prospectivity_grid_h3_r6.csv,temperature_mean_daily_min_c_rolling_12m,Mean of daily NASA POWER T2M_MIN values across the configured rolling 12-month window.,number,degrees C,Blank means unavailable/not reported; zero is retained only as a measured or derived zero.
india_mining_prospectivity_grid_h3_r6.csv,temperature_mean_daily_max_c_rolling_12m,Mean of daily NASA POWER T2M_MAX values across the configured rolling 12-month window.,number,degrees C,Blank means unavailable/not reported; zero is retained only as a measured or derived zero.
india_mining_prospectivity_grid_h3_r6.csv,temperature_monthly_mean_c_json_rolling_12m,JSON array of month labels and mean daily T2M values for each month in the rolling window.,JSON array,degrees C,Blank means unavailable/not reported; zero is retained only as a measured or derived zero.
india_mining_prospectivity_grid_h3_r6.csv,precipitation_total_mm_rolling_12m,Sum of daily NASA POWER PRECTOTCORR values across the configured rolling 12-month window.,number,mm,Blank means unavailable/not reported; zero is retained only as a measured or derived zero.
india_mining_prospectivity_grid_h3_r6.csv,precipitation_monthly_total_mm_json_rolling_12m,JSON array of month labels and summed daily PRECTOTCORR values for each month in the rolling window.,JSON array,mm,Blank means unavailable/not reported; zero is retained only as a measured or derived zero.
india_mining_prospectivity_grid_h3_r6.csv,relative_humidity_mean_pct_rolling_12m,Mean of daily NASA POWER RH2M values across the configured rolling 12-month window.,number,%,Blank means unavailable/not reported; zero is retained only as a measured or derived zero.
india_mining_prospectivity_grid_h3_r6.csv,wind_speed_2m_mean_m_s_rolling_12m,Mean of daily NASA POWER WS2M values across the configured rolling 12-month window.,number,m/s,Blank means unavailable/not reported; zero is retained only as a measured or derived zero.
india_mining_prospectivity_grid_h3_r6.csv,weather_valid_days_min_rolling_12m,Minimum valid daily observation count across the six weather parameters at the matched source-grid point.,integer,days,Blank means unavailable/not reported; zero is retained only as a measured or derived zero.
india_mining_prospectivity_grid_h3_r6.csv,weather_data_completeness_pct_rolling_12m,Minimum valid-day count divided by the configured weather-window day count.,number,%,Blank means unavailable/not reported; zero is retained only as a measured or derived zero.
india_mining_prospectivity_grid_h3_r6.csv,climate_grid_latitude,Latitude of the nearest native NASA POWER meteorological grid point.,number,decimal degrees,Blank means unavailable/not reported; zero is retained only as a measured or derived zero.
india_mining_prospectivity_grid_h3_r6.csv,climate_grid_longitude,Longitude of the nearest native NASA POWER meteorological grid point.,number,decimal degrees,Blank means unavailable/not reported; zero is retained only as a measured or derived zero.
india_mining_prospectivity_grid_h3_r6.csv,climate_grid_distance_km,Great-circle distance from the site/cell coordinate to the matched NASA POWER grid point.,number,km,Blank means unavailable/not reported; zero is retained only as a measured or derived zero.
india_mining_prospectivity_grid_h3_r6.csv,weather_profile_json,JSON-encoded structured value; see column name and methodology for meaning.,JSON,,Blank means unavailable/not reported; zero is retained only as a measured or derived zero.
india_mining_prospectivity_grid_h3_r6.csv,nearest_known_site_km,Nearest known site km.,text or number,,Blank means unavailable/not reported; zero is retained only as a measured or derived zero.
india_mining_prospectivity_grid_h3_r6.csv,known_site_count_within_100km,Known site count within 100km.,text or number,,Blank means unavailable/not reported; zero is retained only as a measured or derived zero.
india_mining_prospectivity_grid_h3_r6.csv,top_material,Top material.,text or number,,Blank means unavailable/not reported; zero is retained only as a measured or derived zero.
india_mining_prospectivity_grid_h3_r6.csv,top_materials_json,JSON-encoded structured value; see column name and methodology for meaning.,JSON,,Blank means unavailable/not reported; zero is retained only as a measured or derived zero.
india_mining_prospectivity_grid_h3_r6.csv,top_material_scores_json,JSON-encoded structured value; see column name and methodology for meaning.,JSON,,Blank means unavailable/not reported; zero is retained only as a measured or derived zero.
india_mining_prospectivity_grid_h3_r6.csv,top_material_percentiles_json,JSON-encoded structured value; see column name and methodology for meaning.,JSON,,Blank means unavailable/not reported; zero is retained only as a measured or derived zero.
india_mining_prospectivity_grid_h3_r6.csv,top_material_nearest_known_km_json,JSON-encoded structured value; see column name and methodology for meaning.,JSON,,Blank means unavailable/not reported; zero is retained only as a measured or derived zero.
india_mining_prospectivity_grid_h3_r6.csv,top_material_chemical_names_json,JSON-encoded structured value; see column name and methodology for meaning.,JSON,,Blank means unavailable/not reported; zero is retained only as a measured or derived zero.
india_mining_prospectivity_grid_h3_r6.csv,top_material_symbols_or_formulae_json,JSON-encoded structured value; see column name and methodology for meaning.,JSON,,Blank means unavailable/not reported; zero is retained only as a measured or derived zero.
india_mining_prospectivity_grid_h3_r6.csv,prospectivity_score_max,Highest material reconnaissance score for the cell; not a probability.,number,0-1 index,Blank means unavailable/not reported; zero is retained only as a measured or derived zero.
india_mining_prospectivity_grid_h3_r6.csv,top_material_percentile,Within-material percentile for cells more than 10 km from mapped evidence; unavailable for fewer than five evidence records.,number,0-1 percentile,Blank means unavailable/not reported; zero is retained only as a measured or derived zero.
india_mining_prospectivity_grid_h3_r6.csv,top_material_nearest_known_km,Top material nearest known km.,text or number,,Blank means unavailable/not reported; zero is retained only as a measured or derived zero.
india_mining_prospectivity_grid_h3_r6.csv,top_material_known_evidence_records,Top material known evidence records.,text or number,,Blank means unavailable/not reported; zero is retained only as a measured or derived zero.
india_mining_prospectivity_grid_h3_r6.csv,model_support_level,Model support level.,text or number,,Blank means unavailable/not reported; zero is retained only as a measured or derived zero.
india_mining_prospectivity_grid_h3_r6.csv,top_material_spatial_cv_auc,Spatial group holdout pseudo-absence ROC AUC for the top-material model; background cells are not confirmed barren.,number,0-1,Blank means unavailable/not reported; zero is retained only as a measured or derived zero.
india_mining_prospectivity_grid_h3_r6.csv,top_material_spatial_cv_recall_at_background_top5pct,Share of held-out evidence records above the 95th percentile of sampled background scores.,number,0-1,Blank means unavailable/not reported; zero is retained only as a measured or derived zero.
india_mining_prospectivity_grid_h3_r6.csv,model_validation_tier,Model validation tier.,text or number,,Blank means unavailable/not reported; zero is retained only as a measured or derived zero.
india_mining_prospectivity_grid_h3_r6.csv,candidate_rank_national,Rank among high-priority and priority candidate cells in this release.,integer,rank,Blank means unavailable/not reported; zero is retained only as a measured or derived zero.
india_mining_prospectivity_grid_h3_r6.csv,candidate_promotion_rule,Candidate promotion rule.,text or number,,Blank means unavailable/not reported; zero is retained only as a measured or derived zero.
india_mining_prospectivity_grid_h3_r6.csv,model_version,Model version.,text or number,,Blank means unavailable/not reported; zero is retained only as a measured or derived zero.
india_mining_prospectivity_grid_h3_r6.csv,prospectivity_index_definition,Prospectivity index definition.,text or number,,Blank means unavailable/not reported; zero is retained only as a measured or derived zero.
india_mining_prospectivity_grid_h3_r6.csv,model_limitations,Model limitations.,text or number,,Blank means unavailable/not reported; zero is retained only as a measured or derived zero.
india_mining_prospectivity_grid_h3_r6.csv,record_observation_type,Record observation type.,text or number,,Blank means unavailable/not reported; zero is retained only as a measured or derived zero.
india_mining_prospectivity_grid_h3_r6.csv,source_dataset_ids_json,JSON-encoded structured value; see column name and methodology for meaning.,JSON,,Blank means unavailable/not reported; zero is retained only as a measured or derived zero.
india_mining_prospectivity_grid_h3_r6.csv,data_quality_flags_json,Machine-readable JSON array of record-level caveats.,JSON array,,Blank means unavailable/not reported; zero is retained only as a measured or derived zero.
india_strategic_materials_top50.csv,priority_rank,Priority rank.,text or number,,Blank means unavailable/not reported; zero is retained only as a measured or derived zero.
india_strategic_materials_top50.csv,material_name,Material name.,text or number,,Blank means unavailable/not reported; zero is retained only as a measured or derived zero.
india_strategic_materials_top50.csv,official_india_critical_2023,Official india critical 2023.,text or number,,Blank means unavailable/not reported; zero is retained only as a measured or derived zero.
india_strategic_materials_top50.csv,chemical_names,Chemical names.,text or number,,Blank means unavailable/not reported; zero is retained only as a measured or derived zero.
india_strategic_materials_top50.csv,symbols_or_formulae,Symbols or formulae.,text or number,,Blank means unavailable/not reported; zero is retained only as a measured or derived zero.
india_strategic_materials_top50.csv,representative_ores_or_forms,Representative ores or forms.,text or number,,Blank means unavailable/not reported; zero is retained only as a measured or derived zero.
india_strategic_materials_top50.csv,use_categories,Use categories.,text or number,,Blank means unavailable/not reported; zero is retained only as a measured or derived zero.
india_ibm_nmi_2025_resource_inventory.csv,record_id,Stable record identifier within the IBM NMI 2025 extract.,text,,Blank means unavailable/not applicable. Numeric category blanks are zero only where blank_numeric_cells_interpreted_as_zero records an arithmetic-validated interpretation.
india_ibm_nmi_2025_resource_inventory.csv,record_class,Official non-georeferenced NMI aggregate inventory record.,category,,Blank means unavailable/not applicable. Numeric category blanks are zero only where blank_numeric_cells_interpreted_as_zero records an arithmetic-validated interpretation.
india_ibm_nmi_2025_resource_inventory.csv,source_table_number,"Table number printed by IBM, retained exactly including source numbering anomalies.",text,,Blank means unavailable/not applicable. Numeric category blanks are zero only where blank_numeric_cells_interpreted_as_zero records an arithmetic-validated interpretation.
india_ibm_nmi_2025_resource_inventory.csv,source_pdf_page,One-based PDF page containing the record.,integer,page,Blank means unavailable/not applicable. Numeric category blanks are zero only where blank_numeric_cells_interpreted_as_zero records an arithmetic-validated interpretation.
india_ibm_nmi_2025_resource_inventory.csv,reference_date,Inventory reference date stated in the table title.,date,,Blank means unavailable/not applicable. Numeric category blanks are zero only where blank_numeric_cells_interpreted_as_zero records an arithmetic-validated interpretation.
india_ibm_nmi_2025_resource_inventory.csv,mineral_name_source,Mineral name printed in the IBM table title.,text,,Blank means unavailable/not applicable. Numeric category blanks are zero only where blank_numeric_cells_interpreted_as_zero records an arithmetic-validated interpretation.
india_ibm_nmi_2025_resource_inventory.csv,normalized_top50_materials_json,JSON array linking the source mineral to this project's top-50 material taxonomy.,JSON array,,Blank means unavailable/not applicable. Numeric category blanks are zero only where blank_numeric_cells_interpreted_as_zero records an arithmetic-validated interpretation.
india_ibm_nmi_2025_resource_inventory.csv,scope_type,"National total, source grade/measure, or state/UT record.",category,,Blank means unavailable/not applicable. Numeric category blanks are zero only where blank_numeric_cells_interpreted_as_zero records an arithmetic-validated interpretation.
india_ibm_nmi_2025_resource_inventory.csv,state_or_ut,Normalized state or union-territory name; blank for national/grade rows.,text,,Blank means unavailable/not applicable. Numeric category blanks are zero only where blank_numeric_cells_interpreted_as_zero records an arithmetic-validated interpretation.
india_ibm_nmi_2025_resource_inventory.csv,geography_name_source,Geography wording retained from the source table.,text,,Blank means unavailable/not applicable. Numeric category blanks are zero only where blank_numeric_cells_interpreted_as_zero records an arithmetic-validated interpretation.
india_ibm_nmi_2025_resource_inventory.csv,grade_or_measure_source,"Source grade, ore/metal basis, contained compound, or Total.",text,,Blank means unavailable/not applicable. Numeric category blanks are zero only where blank_numeric_cells_interpreted_as_zero records an arithmetic-validated interpretation.
india_ibm_nmi_2025_resource_inventory.csv,resource_basis,"Derived basis distinguishing ore, contained metal/compound, and bulk mineral/source grade.",category,,Blank means unavailable/not applicable. Numeric category blanks are zero only where blank_numeric_cells_interpreted_as_zero records an arithmetic-validated interpretation.
india_ibm_nmi_2025_resource_inventory.csv,unit_source,Unit printed on the source table.,text,,Blank means unavailable/not applicable. Numeric category blanks are zero only where blank_numeric_cells_interpreted_as_zero records an arithmetic-validated interpretation.
india_ibm_nmi_2025_resource_inventory.csv,unit_scale_to_base,Multiplier from the source value to base_unit.,number,multiplier,Blank means unavailable/not applicable. Numeric category blanks are zero only where blank_numeric_cells_interpreted_as_zero records an arithmetic-validated interpretation.
india_ibm_nmi_2025_resource_inventory.csv,base_unit,Normalized base unit for the optional converted total.,text,,Blank means unavailable/not applicable. Numeric category blanks are zero only where blank_numeric_cells_interpreted_as_zero records an arithmetic-validated interpretation.
india_ibm_nmi_2025_resource_inventory.csv,std111_proved,UNFC 111 proved reserves.,number,unit_source,Blank means unavailable/not applicable. Numeric category blanks are zero only where blank_numeric_cells_interpreted_as_zero records an arithmetic-validated interpretation.
india_ibm_nmi_2025_resource_inventory.csv,std121_probable,UNFC 121 probable reserves.,number,unit_source,Blank means unavailable/not applicable. Numeric category blanks are zero only where blank_numeric_cells_interpreted_as_zero records an arithmetic-validated interpretation.
india_ibm_nmi_2025_resource_inventory.csv,std122_probable,UNFC 122 probable reserves.,number,unit_source,Blank means unavailable/not applicable. Numeric category blanks are zero only where blank_numeric_cells_interpreted_as_zero records an arithmetic-validated interpretation.
india_ibm_nmi_2025_resource_inventory.csv,reserves_total_a,Published total reserves (A).,number,unit_source,Blank means unavailable/not applicable. Numeric category blanks are zero only where blank_numeric_cells_interpreted_as_zero records an arithmetic-validated interpretation.
india_ibm_nmi_2025_resource_inventory.csv,std211_feasibility,UNFC 211 feasibility resources.,number,unit_source,Blank means unavailable/not applicable. Numeric category blanks are zero only where blank_numeric_cells_interpreted_as_zero records an arithmetic-validated interpretation.
india_ibm_nmi_2025_resource_inventory.csv,std221_prefeasibility,UNFC 221 pre-feasibility resources.,number,unit_source,Blank means unavailable/not applicable. Numeric category blanks are zero only where blank_numeric_cells_interpreted_as_zero records an arithmetic-validated interpretation.
india_ibm_nmi_2025_resource_inventory.csv,std222_prefeasibility,UNFC 222 pre-feasibility resources.,number,unit_source,Blank means unavailable/not applicable. Numeric category blanks are zero only where blank_numeric_cells_interpreted_as_zero records an arithmetic-validated interpretation.
india_ibm_nmi_2025_resource_inventory.csv,std331_measured,UNFC 331 measured resources.,number,unit_source,Blank means unavailable/not applicable. Numeric category blanks are zero only where blank_numeric_cells_interpreted_as_zero records an arithmetic-validated interpretation.
india_ibm_nmi_2025_resource_inventory.csv,std332_indicated,UNFC 332 indicated resources.,number,unit_source,Blank means unavailable/not applicable. Numeric category blanks are zero only where blank_numeric_cells_interpreted_as_zero records an arithmetic-validated interpretation.
india_ibm_nmi_2025_resource_inventory.csv,std333_inferred,UNFC 333 inferred resources.,number,unit_source,Blank means unavailable/not applicable. Numeric category blanks are zero only where blank_numeric_cells_interpreted_as_zero records an arithmetic-validated interpretation.
india_ibm_nmi_2025_resource_inventory.csv,std334_reconnaissance,UNFC 334 reconnaissance resources.,number,unit_source,Blank means unavailable/not applicable. Numeric category blanks are zero only where blank_numeric_cells_interpreted_as_zero records an arithmetic-validated interpretation.
india_ibm_nmi_2025_resource_inventory.csv,remaining_resources_total_b,Published total remaining resources (B).,number,unit_source,Blank means unavailable/not applicable. Numeric category blanks are zero only where blank_numeric_cells_interpreted_as_zero records an arithmetic-validated interpretation.
india_ibm_nmi_2025_resource_inventory.csv,total_resources_a_plus_b,Published total resources (A+B).,number,unit_source,Blank means unavailable/not applicable. Numeric category blanks are zero only where blank_numeric_cells_interpreted_as_zero records an arithmetic-validated interpretation.
india_ibm_nmi_2025_resource_inventory.csv,total_resources_base_quantity,Total resources (A+B) multiplied by unit_scale_to_base; not comparable across ore/metal bases.,number,base_unit,Blank means unavailable/not applicable. Numeric category blanks are zero only where blank_numeric_cells_interpreted_as_zero records an arithmetic-validated interpretation.
india_ibm_nmi_2025_resource_inventory.csv,blank_numeric_cells_interpreted_as_zero,Count of visually blank numeric category cells set to zero only when published subtotals validate that interpretation.,integer,cells,Blank means unavailable/not applicable. Numeric category blanks are zero only where blank_numeric_cells_interpreted_as_zero records an arithmetic-validated interpretation.
india_ibm_nmi_2025_resource_inventory.csv,source_figures_rounded,True because the source notes that figures are rounded.,boolean,,Blank means unavailable/not applicable. Numeric category blanks are zero only where blank_numeric_cells_interpreted_as_zero records an arithmetic-validated interpretation.
india_ibm_nmi_2025_resource_inventory.csv,arithmetic_max_abs_error_source_units,"Maximum absolute difference across A, B, and A+B subtotal checks.",number,source units,Blank means unavailable/not applicable. Numeric category blanks are zero only where blank_numeric_cells_interpreted_as_zero records an arithmetic-validated interpretation.
india_ibm_nmi_2025_resource_inventory.csv,arithmetic_tolerance_source_units,Scale-aware tolerance used for rounded subtotal validation.,number,source units,Blank means unavailable/not applicable. Numeric category blanks are zero only where blank_numeric_cells_interpreted_as_zero records an arithmetic-validated interpretation.
india_ibm_nmi_2025_resource_inventory.csv,arithmetic_validation_pass,Whether all published subtotal identities pass within tolerance.,boolean,,Blank means unavailable/not applicable. Numeric category blanks are zero only where blank_numeric_cells_interpreted_as_zero records an arithmetic-validated interpretation.
india_ibm_nmi_2025_resource_inventory.csv,latitude,Blank: the source table does not publish a point location.,number,decimal degrees,Blank means unavailable/not applicable. Numeric category blanks are zero only where blank_numeric_cells_interpreted_as_zero records an arithmetic-validated interpretation.
india_ibm_nmi_2025_resource_inventory.csv,longitude,Blank: the source table does not publish a point location.,number,decimal degrees,Blank means unavailable/not applicable. Numeric category blanks are zero only where blank_numeric_cells_interpreted_as_zero records an arithmetic-validated interpretation.
india_ibm_nmi_2025_resource_inventory.csv,coordinates_available_in_source,False for this aggregate chapter.,boolean,,Blank means unavailable/not applicable. Numeric category blanks are zero only where blank_numeric_cells_interpreted_as_zero records an arithmetic-validated interpretation.
india_ibm_nmi_2025_resource_inventory.csv,spatial_integration_status,Guardrail preventing aggregate state totals from being used as point/grid evidence.,text,,Blank means unavailable/not applicable. Numeric category blanks are zero only where blank_numeric_cells_interpreted_as_zero records an arithmetic-validated interpretation.
india_ibm_nmi_2025_resource_inventory.csv,source_id,Source provenance field.,text,,Blank means unavailable/not applicable. Numeric category blanks are zero only where blank_numeric_cells_interpreted_as_zero records an arithmetic-validated interpretation.
india_ibm_nmi_2025_resource_inventory.csv,source_url,Source provenance field.,text,,Blank means unavailable/not applicable. Numeric category blanks are zero only where blank_numeric_cells_interpreted_as_zero records an arithmetic-validated interpretation.
india_ibm_nmi_2025_resource_inventory.csv,source_pdf_url,Source provenance field.,text,,Blank means unavailable/not applicable. Numeric category blanks are zero only where blank_numeric_cells_interpreted_as_zero records an arithmetic-validated interpretation.
india_ibm_nmi_2025_resource_inventory.csv,source_file_sha256,SHA-256 checksum of the downloaded source PDF.,text,,Blank means unavailable/not applicable. Numeric category blanks are zero only where blank_numeric_cells_interpreted_as_zero records an arithmetic-validated interpretation.
india_ibm_nmi_2025_resource_inventory.csv,extraction_method,Auditable PDF extraction method identifier.,text,,Blank means unavailable/not applicable. Numeric category blanks are zero only where blank_numeric_cells_interpreted_as_zero records an arithmetic-validated interpretation.
india_strategic_materials_top50.csv,ibm_nmi2025_resource_inventory_available,Whether at least one IBM NMI 2025 source-mineral table maps to this taxonomy material.,boolean,,"False, [] or zero means that no IBM NMI 2025 source-mineral table mapped to the taxonomy material."
india_strategic_materials_top50.csv,ibm_nmi2025_source_minerals_json,JSON array of IBM NMI 2025 source-mineral names mapped to this taxonomy material.,JSON array,,"False, [] or zero means that no IBM NMI 2025 source-mineral table mapped to the taxonomy material."
india_strategic_materials_top50.csv,ibm_nmi2025_state_or_ut_count,Distinct normalized states/UTs represented by linked IBM NMI 2025 rows.,integer,states/UTs,"False, [] or zero means that no IBM NMI 2025 source-mineral table mapped to the taxonomy material."
india_strategic_materials_top50.csv,ibm_nmi2025_linked_inventory_rows,"Count of linked IBM NMI 2025 national, grade/measure, and state/UT rows.",integer,rows,"False, [] or zero means that no IBM NMI 2025 source-mineral table mapped to the taxonomy material."
india_ibm_mcdr_inspection_events_2023_2026.csv,record_id,Stable record identifier within this IBM MCDR extract.,text,,"Blank means unavailable, omitted by that regional table, not applicable, or not safely parseable; zero is not imputed."
india_ibm_mcdr_inspection_events_2023_2026.csv,record_class,Inspection event or deduplicated latest-inspected-mine view; neither implies current production.,category,,"Blank means unavailable, omitted by that regional table, not applicable, or not safely parseable; zero is not imputed."
india_ibm_mcdr_inspection_events_2023_2026.csv,fiscal_year,IBM table financial year.,text,,"Blank means unavailable, omitted by that regional table, not applicable, or not safely parseable; zero is not imputed."
india_ibm_mcdr_inspection_events_2023_2026.csv,ibm_regional_office,IBM regional office publishing the table.,text,,"Blank means unavailable, omitted by that regional table, not applicable, or not safely parseable; zero is not imputed."
india_ibm_mcdr_inspection_events_2023_2026.csv,source_page_number,Page number within the regional financial-year table series.,integer,page,"Blank means unavailable, omitted by that regional table, not applicable, or not safely parseable; zero is not imputed."
india_ibm_mcdr_inspection_events_2023_2026.csv,source_table_index,One-based HTML table index on the source page.,integer,table,"Blank means unavailable, omitted by that regional table, not applicable, or not safely parseable; zero is not imputed."
india_ibm_mcdr_inspection_events_2023_2026.csv,source_table_row_number,One-based HTML row number including the table header.,integer,row,"Blank means unavailable, omitted by that regional table, not applicable, or not safely parseable; zero is not imputed."
india_ibm_mcdr_inspection_events_2023_2026.csv,source_serial_number,"Serial number printed by IBM, retained as text.",text,,"Blank means unavailable, omitted by that regional table, not applicable, or not safely parseable; zero is not imputed."
india_ibm_mcdr_inspection_events_2023_2026.csv,mine_name,Mine name printed in the IBM regional table.,text,,"Blank means unavailable, omitted by that regional table, not applicable, or not safely parseable; zero is not imputed."
india_ibm_mcdr_inspection_events_2023_2026.csv,mine_code,IBM mine code from a source column or strictly parsed from the source mine-name text.,text,,"Blank means unavailable, omitted by that regional table, not applicable, or not safely parseable; zero is not imputed."
india_ibm_mcdr_inspection_events_2023_2026.csv,mine_code_basis,Whether mine_code came from an explicit column or was parsed from mine-name text.,category,,"Blank means unavailable, omitted by that regional table, not applicable, or not safely parseable; zero is not imputed."
india_ibm_mcdr_inspection_events_2023_2026.csv,state_or_ut_source,State/UT text exactly as normalized whitespace from the source.,text,,"Blank means unavailable, omitted by that regional table, not applicable, or not safely parseable; zero is not imputed."
india_ibm_mcdr_inspection_events_2023_2026.csv,state_or_ut,Standardized state/UT name; blank when the source table omits it.,text,,"Blank means unavailable, omitted by that regional table, not applicable, or not safely parseable; zero is not imputed."
india_ibm_mcdr_inspection_events_2023_2026.csv,district_source,District text exactly as normalized whitespace from the source.,text,,"Blank means unavailable, omitted by that regional table, not applicable, or not safely parseable; zero is not imputed."
india_ibm_mcdr_inspection_events_2023_2026.csv,district,Title-cased district label; not reconciled to a boundary vintage.,text,,"Blank means unavailable, omitted by that regional table, not applicable, or not safely parseable; zero is not imputed."
india_ibm_mcdr_inspection_events_2023_2026.csv,mineral_source,Mineral text from an explicit source column; blank where that page omits the column.,text,,"Blank means unavailable, omitted by that regional table, not applicable, or not safely parseable; zero is not imputed."
india_ibm_mcdr_inspection_events_2023_2026.csv,material_mapping_basis,Whether top-50 mapping used the explicit mineral column or only mine-name text.,category,,"Blank means unavailable, omitted by that regional table, not applicable, or not safely parseable; zero is not imputed."
india_ibm_mcdr_inspection_events_2023_2026.csv,normalized_top50_materials_json,JSON array mapping the source mineral/mine text to this project's top-50 taxonomy.,JSON array,,"Blank means unavailable, omitted by that regional table, not applicable, or not safely parseable; zero is not imputed."
india_ibm_mcdr_inspection_events_2023_2026.csv,chemical_names_json,JSON array of taxonomy chemical names linked to mapped materials.,JSON array,,"Blank means unavailable, omitted by that regional table, not applicable, or not safely parseable; zero is not imputed."
india_ibm_mcdr_inspection_events_2023_2026.csv,symbols_or_formulae_json,JSON array of taxonomy symbols/formulae linked to mapped materials.,JSON array,,"Blank means unavailable, omitted by that regional table, not applicable, or not safely parseable; zero is not imputed."
india_ibm_mcdr_inspection_events_2023_2026.csv,owner_or_lessee,Owner or lessee printed in the source table.,text,,"Blank means unavailable, omitted by that regional table, not applicable, or not safely parseable; zero is not imputed."
india_ibm_mcdr_inspection_events_2023_2026.csv,lease_area_ha,Lease area when explicitly tabulated or strictly parsed from a mine name containing a hectare unit.,number,hectares,"Blank means unavailable, omitted by that regional table, not applicable, or not safely parseable; zero is not imputed."
india_ibm_mcdr_inspection_events_2023_2026.csv,lease_area_source,Source text supporting lease_area_ha.,text,,"Blank means unavailable, omitted by that regional table, not applicable, or not safely parseable; zero is not imputed."
india_ibm_mcdr_inspection_events_2023_2026.csv,lease_area_basis,Whether lease area came from an explicit column or mine-name text.,category,,"Blank means unavailable, omitted by that regional table, not applicable, or not safely parseable; zero is not imputed."
india_ibm_mcdr_inspection_events_2023_2026.csv,inspection_type,Inspection type printed in the source table.,text,,"Blank means unavailable, omitted by that regional table, not applicable, or not safely parseable; zero is not imputed."
india_ibm_mcdr_inspection_events_2023_2026.csv,inspecting_officer,Inspecting officer text printed in the source table.,text,,"Blank means unavailable, omitted by that regional table, not applicable, or not safely parseable; zero is not imputed."
india_ibm_mcdr_inspection_events_2023_2026.csv,inspection_date_source,Inspection date text retained from the source.,text,,"Blank means unavailable, omitted by that regional table, not applicable, or not safely parseable; zero is not imputed."
india_ibm_mcdr_inspection_events_2023_2026.csv,inspection_date,ISO date parsed from a single unambiguous source inspection date.,date,,"Blank means unavailable, omitted by that regional table, not applicable, or not safely parseable; zero is not imputed."
india_ibm_mcdr_inspection_events_2023_2026.csv,violation_date_source,Violation-letter date text retained from a dedicated source column.,text,,"Blank means unavailable, omitted by that regional table, not applicable, or not safely parseable; zero is not imputed."
india_ibm_mcdr_inspection_events_2023_2026.csv,violation_date,ISO date parsed from a single unambiguous violation date.,date,,"Blank means unavailable, omitted by that regional table, not applicable, or not safely parseable; zero is not imputed."
india_ibm_mcdr_inspection_events_2023_2026.csv,show_cause_date_source,Show-cause date text retained from a dedicated source column.,text,,"Blank means unavailable, omitted by that regional table, not applicable, or not safely parseable; zero is not imputed."
india_ibm_mcdr_inspection_events_2023_2026.csv,show_cause_date,ISO date parsed from a single unambiguous show-cause date.,date,,"Blank means unavailable, omitted by that regional table, not applicable, or not safely parseable; zero is not imputed."
india_ibm_mcdr_inspection_events_2023_2026.csv,violation_or_show_cause_source,Combined violation/show-cause source cell retained without forcing event type.,text,,"Blank means unavailable, omitted by that regional table, not applicable, or not safely parseable; zero is not imputed."
india_ibm_mcdr_inspection_events_2023_2026.csv,remarks_source,Remarks text retained from the source table.,text,,"Blank means unavailable, omitted by that regional table, not applicable, or not safely parseable; zero is not imputed."
india_ibm_mcdr_inspection_events_2023_2026.csv,inspection_report_urls_json,JSON array of inspection/MCDR report links published in the row.,JSON array,,"Blank means unavailable, omitted by that regional table, not applicable, or not safely parseable; zero is not imputed."
india_ibm_mcdr_inspection_events_2023_2026.csv,violation_notice_urls_json,JSON array of violation-notice links published in the row.,JSON array,,"Blank means unavailable, omitted by that regional table, not applicable, or not safely parseable; zero is not imputed."
india_ibm_mcdr_inspection_events_2023_2026.csv,show_cause_notice_urls_json,JSON array of show-cause links published in the row.,JSON array,,"Blank means unavailable, omitted by that regional table, not applicable, or not safely parseable; zero is not imputed."
india_ibm_mcdr_inspection_events_2023_2026.csv,all_linked_document_urls_json,JSON array of all non-mail document links published in the row.,JSON array,,"Blank means unavailable, omitted by that regional table, not applicable, or not safely parseable; zero is not imputed."
india_ibm_mcdr_inspection_events_2023_2026.csv,latitude,Blank because the regional summary table does not publish a point coordinate.,number,decimal degrees,"Blank means unavailable, omitted by that regional table, not applicable, or not safely parseable; zero is not imputed."
india_ibm_mcdr_inspection_events_2023_2026.csv,longitude,Blank because the regional summary table does not publish a point coordinate.,number,decimal degrees,"Blank means unavailable, omitted by that regional table, not applicable, or not safely parseable; zero is not imputed."
india_ibm_mcdr_inspection_events_2023_2026.csv,coordinates_available_in_summary_source,False for these regional summary-table rows.,boolean,,"Blank means unavailable, omitted by that regional table, not applicable, or not safely parseable; zero is not imputed."
india_ibm_mcdr_inspection_events_2023_2026.csv,spatial_model_integration_status,Guardrail excluding non-georeferenced inspection rows from prospectivity evidence.,text,,"Blank means unavailable, omitted by that regional table, not applicable, or not safely parseable; zero is not imputed."
india_ibm_mcdr_inspection_events_2023_2026.csv,source_id,Source-registry identifier.,text,,"Blank means unavailable, omitted by that regional table, not applicable, or not safely parseable; zero is not imputed."
india_ibm_mcdr_inspection_events_2023_2026.csv,source_url,Exact official IBM regional table page.,URL,,"Blank means unavailable, omitted by that regional table, not applicable, or not safely parseable; zero is not imputed."
india_ibm_mcdr_inspection_events_2023_2026.csv,source_page_title,Heading extracted from the official page.,text,,"Blank means unavailable, omitted by that regional table, not applicable, or not safely parseable; zero is not imputed."
india_ibm_mcdr_inspection_events_2023_2026.csv,source_page_title_fiscal_year_typo,True only where the official page title contains a documented fiscal-year typo but the URL/table dates establish the intended year.,boolean,,"Blank means unavailable, omitted by that regional table, not applicable, or not safely parseable; zero is not imputed."
india_ibm_mcdr_inspection_events_2023_2026.csv,source_html_file,Release-relative cached HTML path.,text,,"Blank means unavailable, omitted by that regional table, not applicable, or not safely parseable; zero is not imputed."
india_ibm_mcdr_inspection_events_2023_2026.csv,source_html_sha256,SHA-256 checksum of the cached source HTML.,text,,"Blank means unavailable, omitted by that regional table, not applicable, or not safely parseable; zero is not imputed."
india_ibm_mcdr_inspection_events_2023_2026.csv,source_accessed_date,Date the source page was downloaded or refreshed.,date,,"Blank means unavailable, omitted by that regional table, not applicable, or not safely parseable; zero is not imputed."
india_ibm_mcdr_inspection_events_2023_2026.csv,inspection_date_within_fiscal_year,Whether the parsed inspection date falls from 1 April through 31 March of the labeled fiscal year; blank when the date could not be parsed.,boolean,,"Blank means unavailable, omitted by that regional table, not applicable, or not safely parseable; zero is not imputed."
india_ibm_mcdr_latest_inspected_mines.csv,record_id,Stable record identifier within this IBM MCDR extract.,text,,"Blank means unavailable, omitted by that regional table, not applicable, or not safely parseable; zero is not imputed."
india_ibm_mcdr_latest_inspected_mines.csv,record_class,Inspection event or deduplicated latest-inspected-mine view; neither implies current production.,category,,"Blank means unavailable, omitted by that regional table, not applicable, or not safely parseable; zero is not imputed."
india_ibm_mcdr_latest_inspected_mines.csv,mine_identity_method,Deduplication method used in the latest-inspected-mine view.,category,,"Blank means unavailable, omitted by that regional table, not applicable, or not safely parseable; zero is not imputed."
india_ibm_mcdr_latest_inspected_mines.csv,mine_identity_key,Normalized deterministic grouping key; not an official IBM identifier unless method is mine_code.,text,,"Blank means unavailable, omitted by that regional table, not applicable, or not safely parseable; zero is not imputed."
india_ibm_mcdr_latest_inspected_mines.csv,inspection_event_count,Count of event rows grouped into this latest-inspected-mine view row.,integer,events,"Blank means unavailable, omitted by that regional table, not applicable, or not safely parseable; zero is not imputed."
india_ibm_mcdr_latest_inspected_mines.csv,earliest_inspection_date,Earliest parsed inspection date among grouped events.,date,,"Blank means unavailable, omitted by that regional table, not applicable, or not safely parseable; zero is not imputed."
india_ibm_mcdr_latest_inspected_mines.csv,latest_inspection_date,Latest parsed inspection date among grouped events.,date,,"Blank means unavailable, omitted by that regional table, not applicable, or not safely parseable; zero is not imputed."
india_ibm_mcdr_latest_inspected_mines.csv,fiscal_years_present_json,JSON array of financial years represented by grouped events.,JSON array,,"Blank means unavailable, omitted by that regional table, not applicable, or not safely parseable; zero is not imputed."
india_ibm_mcdr_latest_inspected_mines.csv,source_event_record_ids_json,JSON array of source event record IDs grouped into this view row.,JSON array,,"Blank means unavailable, omitted by that regional table, not applicable, or not safely parseable; zero is not imputed."
india_ibm_mcdr_latest_inspected_mines.csv,fiscal_year,IBM table financial year.,text,,"Blank means unavailable, omitted by that regional table, not applicable, or not safely parseable; zero is not imputed."
india_ibm_mcdr_latest_inspected_mines.csv,ibm_regional_office,IBM regional office publishing the table.,text,,"Blank means unavailable, omitted by that regional table, not applicable, or not safely parseable; zero is not imputed."
india_ibm_mcdr_latest_inspected_mines.csv,source_page_number,Page number within the regional financial-year table series.,integer,page,"Blank means unavailable, omitted by that regional table, not applicable, or not safely parseable; zero is not imputed."
india_ibm_mcdr_latest_inspected_mines.csv,source_table_index,One-based HTML table index on the source page.,integer,table,"Blank means unavailable, omitted by that regional table, not applicable, or not safely parseable; zero is not imputed."
india_ibm_mcdr_latest_inspected_mines.csv,source_table_row_number,One-based HTML row number including the table header.,integer,row,"Blank means unavailable, omitted by that regional table, not applicable, or not safely parseable; zero is not imputed."
india_ibm_mcdr_latest_inspected_mines.csv,source_serial_number,"Serial number printed by IBM, retained as text.",text,,"Blank means unavailable, omitted by that regional table, not applicable, or not safely parseable; zero is not imputed."
india_ibm_mcdr_latest_inspected_mines.csv,mine_name,Mine name printed in the IBM regional table.,text,,"Blank means unavailable, omitted by that regional table, not applicable, or not safely parseable; zero is not imputed."
india_ibm_mcdr_latest_inspected_mines.csv,mine_code,IBM mine code from a source column or strictly parsed from the source mine-name text.,text,,"Blank means unavailable, omitted by that regional table, not applicable, or not safely parseable; zero is not imputed."
india_ibm_mcdr_latest_inspected_mines.csv,mine_code_basis,Whether mine_code came from an explicit column or was parsed from mine-name text.,category,,"Blank means unavailable, omitted by that regional table, not applicable, or not safely parseable; zero is not imputed."
india_ibm_mcdr_latest_inspected_mines.csv,state_or_ut_source,State/UT text exactly as normalized whitespace from the source.,text,,"Blank means unavailable, omitted by that regional table, not applicable, or not safely parseable; zero is not imputed."
india_ibm_mcdr_latest_inspected_mines.csv,state_or_ut,Standardized state/UT name; blank when the source table omits it.,text,,"Blank means unavailable, omitted by that regional table, not applicable, or not safely parseable; zero is not imputed."
india_ibm_mcdr_latest_inspected_mines.csv,district_source,District text exactly as normalized whitespace from the source.,text,,"Blank means unavailable, omitted by that regional table, not applicable, or not safely parseable; zero is not imputed."
india_ibm_mcdr_latest_inspected_mines.csv,district,Title-cased district label; not reconciled to a boundary vintage.,text,,"Blank means unavailable, omitted by that regional table, not applicable, or not safely parseable; zero is not imputed."
india_ibm_mcdr_latest_inspected_mines.csv,mineral_source,Mineral text from an explicit source column; blank where that page omits the column.,text,,"Blank means unavailable, omitted by that regional table, not applicable, or not safely parseable; zero is not imputed."
india_ibm_mcdr_latest_inspected_mines.csv,material_mapping_basis,Whether top-50 mapping used the explicit mineral column or only mine-name text.,category,,"Blank means unavailable, omitted by that regional table, not applicable, or not safely parseable; zero is not imputed."
india_ibm_mcdr_latest_inspected_mines.csv,normalized_top50_materials_json,JSON array mapping the source mineral/mine text to this project's top-50 taxonomy.,JSON array,,"Blank means unavailable, omitted by that regional table, not applicable, or not safely parseable; zero is not imputed."
india_ibm_mcdr_latest_inspected_mines.csv,chemical_names_json,JSON array of taxonomy chemical names linked to mapped materials.,JSON array,,"Blank means unavailable, omitted by that regional table, not applicable, or not safely parseable; zero is not imputed."
india_ibm_mcdr_latest_inspected_mines.csv,symbols_or_formulae_json,JSON array of taxonomy symbols/formulae linked to mapped materials.,JSON array,,"Blank means unavailable, omitted by that regional table, not applicable, or not safely parseable; zero is not imputed."
india_ibm_mcdr_latest_inspected_mines.csv,owner_or_lessee,Owner or lessee printed in the source table.,text,,"Blank means unavailable, omitted by that regional table, not applicable, or not safely parseable; zero is not imputed."
india_ibm_mcdr_latest_inspected_mines.csv,lease_area_ha,Lease area when explicitly tabulated or strictly parsed from a mine name containing a hectare unit.,number,hectares,"Blank means unavailable, omitted by that regional table, not applicable, or not safely parseable; zero is not imputed."
india_ibm_mcdr_latest_inspected_mines.csv,lease_area_source,Source text supporting lease_area_ha.,text,,"Blank means unavailable, omitted by that regional table, not applicable, or not safely parseable; zero is not imputed."
india_ibm_mcdr_latest_inspected_mines.csv,lease_area_basis,Whether lease area came from an explicit column or mine-name text.,category,,"Blank means unavailable, omitted by that regional table, not applicable, or not safely parseable; zero is not imputed."
india_ibm_mcdr_latest_inspected_mines.csv,inspection_type,Inspection type printed in the source table.,text,,"Blank means unavailable, omitted by that regional table, not applicable, or not safely parseable; zero is not imputed."
india_ibm_mcdr_latest_inspected_mines.csv,inspecting_officer,Inspecting officer text printed in the source table.,text,,"Blank means unavailable, omitted by that regional table, not applicable, or not safely parseable; zero is not imputed."
india_ibm_mcdr_latest_inspected_mines.csv,inspection_date_source,Inspection date text retained from the source.,text,,"Blank means unavailable, omitted by that regional table, not applicable, or not safely parseable; zero is not imputed."
india_ibm_mcdr_latest_inspected_mines.csv,inspection_date,ISO date parsed from a single unambiguous source inspection date.,date,,"Blank means unavailable, omitted by that regional table, not applicable, or not safely parseable; zero is not imputed."
india_ibm_mcdr_latest_inspected_mines.csv,violation_date_source,Violation-letter date text retained from a dedicated source column.,text,,"Blank means unavailable, omitted by that regional table, not applicable, or not safely parseable; zero is not imputed."
india_ibm_mcdr_latest_inspected_mines.csv,violation_date,ISO date parsed from a single unambiguous violation date.,date,,"Blank means unavailable, omitted by that regional table, not applicable, or not safely parseable; zero is not imputed."
india_ibm_mcdr_latest_inspected_mines.csv,show_cause_date_source,Show-cause date text retained from a dedicated source column.,text,,"Blank means unavailable, omitted by that regional table, not applicable, or not safely parseable; zero is not imputed."
india_ibm_mcdr_latest_inspected_mines.csv,show_cause_date,ISO date parsed from a single unambiguous show-cause date.,date,,"Blank means unavailable, omitted by that regional table, not applicable, or not safely parseable; zero is not imputed."
india_ibm_mcdr_latest_inspected_mines.csv,violation_or_show_cause_source,Combined violation/show-cause source cell retained without forcing event type.,text,,"Blank means unavailable, omitted by that regional table, not applicable, or not safely parseable; zero is not imputed."
india_ibm_mcdr_latest_inspected_mines.csv,remarks_source,Remarks text retained from the source table.,text,,"Blank means unavailable, omitted by that regional table, not applicable, or not safely parseable; zero is not imputed."
india_ibm_mcdr_latest_inspected_mines.csv,inspection_report_urls_json,JSON array of inspection/MCDR report links published in the row.,JSON array,,"Blank means unavailable, omitted by that regional table, not applicable, or not safely parseable; zero is not imputed."
india_ibm_mcdr_latest_inspected_mines.csv,violation_notice_urls_json,JSON array of violation-notice links published in the row.,JSON array,,"Blank means unavailable, omitted by that regional table, not applicable, or not safely parseable; zero is not imputed."
india_ibm_mcdr_latest_inspected_mines.csv,show_cause_notice_urls_json,JSON array of show-cause links published in the row.,JSON array,,"Blank means unavailable, omitted by that regional table, not applicable, or not safely parseable; zero is not imputed."
india_ibm_mcdr_latest_inspected_mines.csv,all_linked_document_urls_json,JSON array of all non-mail document links published in the row.,JSON array,,"Blank means unavailable, omitted by that regional table, not applicable, or not safely parseable; zero is not imputed."
india_ibm_mcdr_latest_inspected_mines.csv,latitude,Blank because the regional summary table does not publish a point coordinate.,number,decimal degrees,"Blank means unavailable, omitted by that regional table, not applicable, or not safely parseable; zero is not imputed."
india_ibm_mcdr_latest_inspected_mines.csv,longitude,Blank because the regional summary table does not publish a point coordinate.,number,decimal degrees,"Blank means unavailable, omitted by that regional table, not applicable, or not safely parseable; zero is not imputed."
india_ibm_mcdr_latest_inspected_mines.csv,coordinates_available_in_summary_source,False for these regional summary-table rows.,boolean,,"Blank means unavailable, omitted by that regional table, not applicable, or not safely parseable; zero is not imputed."
india_ibm_mcdr_latest_inspected_mines.csv,spatial_model_integration_status,Guardrail excluding non-georeferenced inspection rows from prospectivity evidence.,text,,"Blank means unavailable, omitted by that regional table, not applicable, or not safely parseable; zero is not imputed."
india_ibm_mcdr_latest_inspected_mines.csv,source_id,Source-registry identifier.,text,,"Blank means unavailable, omitted by that regional table, not applicable, or not safely parseable; zero is not imputed."
india_ibm_mcdr_latest_inspected_mines.csv,source_url,Exact official IBM regional table page.,URL,,"Blank means unavailable, omitted by that regional table, not applicable, or not safely parseable; zero is not imputed."
india_ibm_mcdr_latest_inspected_mines.csv,source_page_title,Heading extracted from the official page.,text,,"Blank means unavailable, omitted by that regional table, not applicable, or not safely parseable; zero is not imputed."
india_ibm_mcdr_latest_inspected_mines.csv,source_page_title_fiscal_year_typo,True only where the official page title contains a documented fiscal-year typo but the URL/table dates establish the intended year.,boolean,,"Blank means unavailable, omitted by that regional table, not applicable, or not safely parseable; zero is not imputed."
india_ibm_mcdr_latest_inspected_mines.csv,source_html_file,Release-relative cached HTML path.,text,,"Blank means unavailable, omitted by that regional table, not applicable, or not safely parseable; zero is not imputed."
india_ibm_mcdr_latest_inspected_mines.csv,source_html_sha256,SHA-256 checksum of the cached source HTML.,text,,"Blank means unavailable, omitted by that regional table, not applicable, or not safely parseable; zero is not imputed."
india_ibm_mcdr_latest_inspected_mines.csv,source_accessed_date,Date the source page was downloaded or refreshed.,date,,"Blank means unavailable, omitted by that regional table, not applicable, or not safely parseable; zero is not imputed."
india_ibm_mcdr_latest_inspected_mines.csv,inspection_date_within_fiscal_year,Whether the parsed inspection date falls from 1 April through 31 March of the labeled fiscal year; blank when the date could not be parsed.,boolean,,"Blank means unavailable, omitted by that regional table, not applicable, or not safely parseable; zero is not imputed."
india_strategic_materials_top50.csv,ibm_mcdr_inspection_event_rows,IBM MCDR inspection event rows mapped to this top-50 material.,integer,rows,Zero or [] means no linked IBM MCDR inspection-table record in this extract.
india_strategic_materials_top50.csv,ibm_mcdr_latest_inspected_mine_rows,Deduplicated latest-inspected-mine view rows mapped to this top-50 material.,integer,rows,Zero or [] means no linked IBM MCDR inspection-table record in this extract.
india_strategic_materials_top50.csv,ibm_mcdr_source_minerals_json,JSON array of explicit IBM table mineral labels mapped to this top-50 material.,JSON array,,Zero or [] means no linked IBM MCDR inspection-table record in this extract.
india_strategic_materials_top50.csv,ibm_mcdr_regional_office_count,Distinct IBM regional offices contributing linked inspection events.,integer,regional offices,Zero or [] means no linked IBM MCDR inspection-table record in this extract.
india_official_critical_mineral_blocks.csv,record_id,Stable identifier for one official auction observation/event row.,text,,Blank means unavailable/not reported; zero is retained only as a measured or derived zero.
india_official_critical_mineral_blocks.csv,record_class,"Observation type; rows are auction events, not a deduplicated statutory block register.",category,,Blank means unavailable/not reported; zero is retained only as a measured or derived zero.
india_official_critical_mineral_blocks.csv,block_lineage_key,Normalized name key for linking repeat observations of the same named block; spelling normalization is documented and is not legal entity resolution.,text,,Blank means unavailable/not reported; zero is retained only as a measured or derived zero.
india_official_critical_mineral_blocks.csv,auction_event_kind,Whether the row records an auction offer/launch or a successful auction result.,category,,Blank means unavailable/not reported; zero is retained only as a measured or derived zero.
india_official_critical_mineral_blocks.csv,auction_tranche,Central critical-mineral auction tranche number represented by the source row.,integer,,Blank means unavailable/not reported; zero is retained only as a measured or derived zero.
india_official_critical_mineral_blocks.csv,auction_status_at_source_date,Auction status explicitly limited to the cited source/reference date.,category,,Blank means unavailable/not reported; zero is retained only as a measured or derived zero.
india_official_critical_mineral_blocks.csv,block_name,Block name as published in the cited Government of India or MSTC source.,text,,Blank means unavailable/not reported; zero is retained only as a measured or derived zero.
india_official_critical_mineral_blocks.csv,state_or_ut,State or union territory stated for the block.,text,,Blank means unavailable/not reported; zero is retained only as a measured or derived zero.
india_official_critical_mineral_blocks.csv,district,"District stated in the cited result table or mineral block summary, when published.",text,,Blank means unavailable/not reported; zero is retained only as a measured or derived zero.
india_official_critical_mineral_blocks.csv,concession_type,Published concession type: mining lease (ML) or composite licence (CL).,category,,Blank means unavailable/not reported; zero is retained only as a measured or derived zero.
india_official_critical_mineral_blocks.csv,block_area_ha,"Auction/concession area published in a mineral block summary, when extracted.",number,hectares,Blank means unavailable/not reported; zero is retained only as a measured or derived zero.
india_official_critical_mineral_blocks.csv,latitude,Latitude of the representative point derived as the centroid of the published block-boundary polygon; blank without source geometry.,number,decimal degrees,Blank means unavailable/not reported; zero is retained only as a measured or derived zero.
india_official_critical_mineral_blocks.csv,longitude,Longitude of the representative point derived as the centroid of the published block-boundary polygon; blank without source geometry.,number,decimal degrees,Blank means unavailable/not reported; zero is retained only as a measured or derived zero.
india_official_critical_mineral_blocks.csv,coordinates_available_in_source,Whether source-published boundary coordinates were transcribed for this event row.,boolean,,Blank means unavailable/not reported; zero is retained only as a measured or derived zero.
india_official_critical_mineral_blocks.csv,block_boundary_wkt,"WGS84 polygon transcribed from source-published corner coordinates, closed by the builder; blank without geometry.",WKT,EPSG:4326,Blank means unavailable/not reported; zero is retained only as a measured or derived zero.
india_official_critical_mineral_blocks.csv,geometry_vertex_count,Number of distinct published boundary vertices before polygon closure.,integer,vertices,Blank means unavailable/not reported; zero is retained only as a measured or derived zero.
india_official_critical_mineral_blocks.csv,geometry_area_geodesic_ha,Geodesic area computed from the transcribed WGS84 polygon using the WGS84 ellipsoid.,number,hectares,Blank means unavailable/not reported; zero is retained only as a measured or derived zero.
india_official_critical_mineral_blocks.csv,geometry_area_difference_pct,Absolute percentage difference between computed geodesic area and source-published block area.,number,percent,Blank means unavailable/not reported; zero is retained only as a measured or derived zero.
india_official_critical_mineral_blocks.csv,geometry_type,Geometry type of the published footprint (Polygon or MultiPolygon).,category,,Blank means unavailable/not reported; zero is retained only as a measured or derived zero.
india_official_critical_mineral_blocks.csv,geometry_extraction_method,Documented method used to extract or transform published boundary coordinates.,category,,Blank means unavailable/not reported; zero is retained only as a measured or derived zero.
india_official_critical_mineral_blocks.csv,geometry_quality_flag,Spatial-quality flag after area and 2011 stated-state boundary checks; source coordinates are retained when flagged.,category,,Blank means unavailable/not reported; zero is retained only as a measured or derived zero.
india_official_critical_mineral_blocks.csv,centroid_within_stated_state_2011,Whether the source-published footprint centroid falls within the stated state/UT in the 2011 Census district boundary layer.,boolean,,Blank means unavailable/not reported; zero is retained only as a measured or derived zero.
india_official_critical_mineral_blocks.csv,spatial_validation_note,"Qualification for the spatial boundary check, including historical-state handling or a source-location mismatch.",text,,Blank means unavailable/not reported; zero is retained only as a measured or derived zero.
india_official_critical_mineral_blocks.csv,source_materials_json,JSON array of source mineral/material names published for the block.,JSON array,,Blank means unavailable/not reported; zero is retained only as a measured or derived zero.
india_official_critical_mineral_blocks.csv,normalized_top50_materials_json,JSON array of source materials mapped to the project's top-50 taxonomy.,JSON array,,Blank means unavailable/not reported; zero is retained only as a measured or derived zero.
india_official_critical_mineral_blocks.csv,unmapped_english_material_names_json,JSON array of source material names not mapped to the top-50 taxonomy.,JSON array,,Blank means unavailable/not reported; zero is retained only as a measured or derived zero.
india_official_critical_mineral_blocks.csv,chemical_names_json,JSON array of chemical names inherited from mapped top-50 material definitions.,JSON array,,Blank means unavailable/not reported; zero is retained only as a measured or derived zero.
india_official_critical_mineral_blocks.csv,symbols_or_formulae_json,JSON array of symbols or formulae inherited from mapped top-50 material definitions.,JSON array,,Blank means unavailable/not reported; zero is retained only as a measured or derived zero.
india_official_critical_mineral_blocks.csv,auction_nit_date,"Notice Inviting Tender date for the represented tranche/event, when available.",ISO date,,Blank means unavailable/not reported; zero is retained only as a measured or derived zero.
india_official_critical_mineral_blocks.csv,auction_start_timestamp_ist,"MSTC auction start timestamp in Indian Standard Time, when published.",ISO timestamp,IST (+05:30),Blank means unavailable/not reported; zero is retained only as a measured or derived zero.
india_official_critical_mineral_blocks.csv,auction_close_timestamp_ist,"MSTC auction close timestamp in Indian Standard Time, when published.",ISO timestamp,IST (+05:30),Blank means unavailable/not reported; zero is retained only as a measured or derived zero.
india_official_critical_mineral_blocks.csv,auction_number,"MSTC auction number, when published.",text,,Blank means unavailable/not reported; zero is retained only as a measured or derived zero.
india_official_critical_mineral_blocks.csv,preferred_bidder,"Preferred bidder named in the cited result source, when published.",text,,Blank means unavailable/not reported; zero is retained only as a measured or derived zero.
india_official_critical_mineral_blocks.csv,mstc_registration_number,"MSTC registration number printed in the auction-results table, retained as text.",text,,Blank means unavailable/not reported; zero is retained only as a measured or derived zero.
india_official_critical_mineral_blocks.csv,highest_final_price_offer_pct,"Highest/final price offer or auction premium, numeric percent of value of mineral dispatched as printed by the source.",number,percent,Blank means unavailable/not reported; zero is retained only as a measured or derived zero.
india_official_critical_mineral_blocks.csv,source_date,Publication date or event-specific reference date supporting the row.,ISO date,,Blank means unavailable/not reported; zero is retained only as a measured or derived zero.
india_official_critical_mineral_blocks.csv,source_url,Exact Government of India or MSTC source URL supporting the event row.,URL,,Blank means unavailable/not reported; zero is retained only as a measured or derived zero.
india_official_critical_mineral_blocks.csv,geometry_source_url,"Exact mineral block summary PDF URL supporting boundary, area, and district fields, when used.",URL,,Blank means unavailable/not reported; zero is retained only as a measured or derived zero.
india_official_critical_mineral_blocks.csv,mbs_source_url,Exact official mineral block summary PDF URL for this offer observation.,URL,,Blank means unavailable/not reported; zero is retained only as a measured or derived zero.
india_official_critical_mineral_blocks.csv,source_pdf_filename,Locally cached official mineral block summary PDF filename.,text,,Blank means unavailable/not reported; zero is retained only as a measured or derived zero.
india_official_critical_mineral_blocks.csv,source_pdf_sha256,SHA-256 hash of the locally cached official mineral block summary PDF.,text,,Blank means unavailable/not reported; zero is retained only as a measured or derived zero.
india_official_critical_mineral_blocks.csv,source_pdf_bytes,Byte size of the locally cached official mineral block summary PDF.,integer,bytes,Blank means unavailable/not reported; zero is retained only as a measured or derived zero.
india_official_critical_mineral_blocks.csv,source_pdf_page_count,Page count of the locally cached official mineral block summary PDF.,integer,pages,Blank means unavailable/not reported; zero is retained only as a measured or derived zero.
india_official_critical_mineral_blocks.csv,auction_notice_source_url,Exact official Notice Inviting Tender PDF URL for the represented tranche.,URL,,Blank means unavailable/not reported; zero is retained only as a measured or derived zero.
india_official_critical_mineral_blocks.csv,auction_notice_pdf_filename,Locally cached official Notice Inviting Tender PDF filename.,text,,Blank means unavailable/not reported; zero is retained only as a measured or derived zero.
india_official_critical_mineral_blocks.csv,auction_notice_pdf_sha256,SHA-256 hash of the locally cached official Notice Inviting Tender PDF.,text,,Blank means unavailable/not reported; zero is retained only as a measured or derived zero.
india_official_critical_mineral_blocks.csv,auction_notice_pdf_bytes,Byte size of the locally cached official Notice Inviting Tender PDF.,integer,bytes,Blank means unavailable/not reported; zero is retained only as a measured or derived zero.
india_official_critical_mineral_blocks.csv,auction_notice_pdf_page_count,Page count of the locally cached official Notice Inviting Tender PDF.,integer,pages,Blank means unavailable/not reported; zero is retained only as a measured or derived zero.
india_official_critical_mineral_blocks.csv,concession_type_extraction_method,"Method used to identify ML/CL, reconciled to the official tranche tender table.",category,,Blank means unavailable/not reported; zero is retained only as a measured or derived zero.
india_official_critical_mineral_blocks.csv,extraction_notes,Source-specific extraction qualification; blank when none is required.,text,,Blank means unavailable/not reported; zero is retained only as a measured or derived zero.
india_official_critical_mineral_blocks.csv,source_accessed_date,Date the live MSTC sources were accessed for this curated release.,ISO date,,Blank means unavailable/not reported; zero is retained only as a measured or derived zero.
india_official_critical_mineral_blocks.csv,integration_status,Explicit spatial-model inclusion/exclusion status and reason.,category,,Blank means unavailable/not reported; zero is retained only as a measured or derived zero.
india_official_critical_mineral_mbs_manifest.csv,event_id,Stable tranche/offer observation identifier shared with the auction-event table.,text,,Blank means unavailable/not reported; zero is retained only as a measured or derived zero.
india_official_critical_mineral_mbs_manifest.csv,auction_tranche,Central critical-mineral auction tranche number represented by the source row.,integer,,Blank means unavailable/not reported; zero is retained only as a measured or derived zero.
india_official_critical_mineral_mbs_manifest.csv,portal_link_order,One-based order of the block-summary link within its tranche on the MSTC portal index.,integer,,Blank means unavailable/not reported; zero is retained only as a measured or derived zero.
india_official_critical_mineral_mbs_manifest.csv,block_name,Block name as published in the cited Government of India or MSTC source.,text,,Blank means unavailable/not reported; zero is retained only as a measured or derived zero.
india_official_critical_mineral_mbs_manifest.csv,state_or_ut,State or union territory stated for the block.,text,,Blank means unavailable/not reported; zero is retained only as a measured or derived zero.
india_official_critical_mineral_mbs_manifest.csv,district,"District stated in the cited result table or mineral block summary, when published.",text,,Blank means unavailable/not reported; zero is retained only as a measured or derived zero.
india_official_critical_mineral_mbs_manifest.csv,concession_type,Published concession type: mining lease (ML) or composite licence (CL).,category,,Blank means unavailable/not reported; zero is retained only as a measured or derived zero.
india_official_critical_mineral_mbs_manifest.csv,block_area_ha,"Auction/concession area published in a mineral block summary, when extracted.",number,hectares,Blank means unavailable/not reported; zero is retained only as a measured or derived zero.
india_official_critical_mineral_mbs_manifest.csv,source_materials_json,JSON array of source mineral/material names published for the block.,JSON array,,Blank means unavailable/not reported; zero is retained only as a measured or derived zero.
india_official_critical_mineral_mbs_manifest.csv,coordinates_available_in_source,Whether source-published boundary coordinates were transcribed for this event row.,boolean,,Blank means unavailable/not reported; zero is retained only as a measured or derived zero.
india_official_critical_mineral_mbs_manifest.csv,geometry_type,Geometry type of the published footprint (Polygon or MultiPolygon).,category,,Blank means unavailable/not reported; zero is retained only as a measured or derived zero.
india_official_critical_mineral_mbs_manifest.csv,geometry_vertex_count,Number of distinct published boundary vertices before polygon closure.,integer,vertices,Blank means unavailable/not reported; zero is retained only as a measured or derived zero.
india_official_critical_mineral_mbs_manifest.csv,geometry_area_geodesic_ha,Geodesic area computed from the transcribed WGS84 polygon using the WGS84 ellipsoid.,number,hectares,Blank means unavailable/not reported; zero is retained only as a measured or derived zero.
india_official_critical_mineral_mbs_manifest.csv,geometry_area_difference_pct,Absolute percentage difference between computed geodesic area and source-published block area.,number,percent,Blank means unavailable/not reported; zero is retained only as a measured or derived zero.
india_official_critical_mineral_mbs_manifest.csv,geometry_extraction_method,Documented method used to extract or transform published boundary coordinates.,category,,Blank means unavailable/not reported; zero is retained only as a measured or derived zero.
india_official_critical_mineral_mbs_manifest.csv,geometry_quality_flag,Spatial-quality flag after area and 2011 stated-state boundary checks; source coordinates are retained when flagged.,category,,Blank means unavailable/not reported; zero is retained only as a measured or derived zero.
india_official_critical_mineral_mbs_manifest.csv,centroid_within_stated_state_2011,Whether the source-published footprint centroid falls within the stated state/UT in the 2011 Census district boundary layer.,boolean,,Blank means unavailable/not reported; zero is retained only as a measured or derived zero.
india_official_critical_mineral_mbs_manifest.csv,spatial_validation_note,"Qualification for the spatial boundary check, including historical-state handling or a source-location mismatch.",text,,Blank means unavailable/not reported; zero is retained only as a measured or derived zero.
india_official_critical_mineral_mbs_manifest.csv,concession_type_extraction_method,"Method used to identify ML/CL, reconciled to the official tranche tender table.",category,,Blank means unavailable/not reported; zero is retained only as a measured or derived zero.
india_official_critical_mineral_mbs_manifest.csv,source_pdf_filename,Locally cached official mineral block summary PDF filename.,text,,Blank means unavailable/not reported; zero is retained only as a measured or derived zero.
india_official_critical_mineral_mbs_manifest.csv,source_pdf_sha256,SHA-256 hash of the locally cached official mineral block summary PDF.,text,,Blank means unavailable/not reported; zero is retained only as a measured or derived zero.
india_official_critical_mineral_mbs_manifest.csv,source_pdf_bytes,Byte size of the locally cached official mineral block summary PDF.,integer,bytes,Blank means unavailable/not reported; zero is retained only as a measured or derived zero.
india_official_critical_mineral_mbs_manifest.csv,source_pdf_page_count,Page count of the locally cached official mineral block summary PDF.,integer,pages,Blank means unavailable/not reported; zero is retained only as a measured or derived zero.
india_official_critical_mineral_mbs_manifest.csv,auction_notice_pdf_filename,Locally cached official Notice Inviting Tender PDF filename.,text,,Blank means unavailable/not reported; zero is retained only as a measured or derived zero.
india_official_critical_mineral_mbs_manifest.csv,auction_notice_pdf_sha256,SHA-256 hash of the locally cached official Notice Inviting Tender PDF.,text,,Blank means unavailable/not reported; zero is retained only as a measured or derived zero.
india_official_critical_mineral_mbs_manifest.csv,auction_notice_pdf_bytes,Byte size of the locally cached official Notice Inviting Tender PDF.,integer,bytes,Blank means unavailable/not reported; zero is retained only as a measured or derived zero.
india_official_critical_mineral_mbs_manifest.csv,auction_notice_pdf_page_count,Page count of the locally cached official Notice Inviting Tender PDF.,integer,pages,Blank means unavailable/not reported; zero is retained only as a measured or derived zero.
india_official_critical_mineral_mbs_manifest.csv,portal_link_title,MSTC portal link label retained verbatim after whitespace normalization.,text,,Blank means unavailable/not reported; zero is retained only as a measured or derived zero.
india_official_critical_mineral_mbs_manifest.csv,source_url,Exact Government of India or MSTC source URL supporting the event row.,URL,,Blank means unavailable/not reported; zero is retained only as a measured or derived zero.
india_official_critical_mineral_mbs_manifest.csv,mbs_source_url,Exact official mineral block summary PDF URL for this offer observation.,URL,,Blank means unavailable/not reported; zero is retained only as a measured or derived zero.
india_official_critical_mineral_mbs_manifest.csv,geometry_source_url,"Exact mineral block summary PDF URL supporting boundary, area, and district fields, when used.",URL,,Blank means unavailable/not reported; zero is retained only as a measured or derived zero.
india_official_critical_mineral_mbs_manifest.csv,extraction_notes,Source-specific extraction qualification; blank when none is required.,text,,Blank means unavailable/not reported; zero is retained only as a measured or derived zero.
