record_id,source_id,release_version,source_region,evidence_geography_type,source_material_term,normalized_material_ids_json,normalized_material_names_json,chemical_names_json,symbols_or_formulae_json,chemical_or_english_names_json,source_place_terms_json,source_place_term_count,source_pdf_pages_json,source_printed_pages_json,source_pdf_url,source_pdf_sha256,source_publication_date,source_resource_basis_date,source_term_validation_status,source_place_validation_status,source_transcription_method,record_observation_type,knowledge_independence_status,model_evidence_role,model_exclusion_reason,data_quality_flags_json,limitations
IBM-IMYB2024-STATE-OCC-0001,SRC_IBM_INDIAN_MINERALS_YEARBOOK_2024_STATE_REVIEWS,v1.0-alpha.22,Andhra Pradesh,district_list,apatite,"[""group:apatite-group""]","[""Apatite group""]",[],[],"[""Apatite group""]","[""Visakhapatnam""]",1,"[157,158]","[142,143]",https://www.ibm.gov.in/writereaddata/files/177426215469c1178a48453IMYB_2024_EBookFinal.pdf,7e4cf991426ac8299ec0a365af68a05a8276f3b81ae2433fb6debd4358550354,2026-03-11,2020-04-01 for the chapter's NMI resource tables; occurrence prose is undated within IMYB 2024,found_on_source_pages,all_found_on_source_pages,curated_page-referenced_transcription_with_machine_text_presence_checks,official_compiled_mineral_occurrence_context,official_compilation_not_independently_field_verified_by_khanan,excluded_context_only,"Broad compiled occurrence geography can overlap source evidence and is not an independent point, assay, reserve, mine or discovery label.",[],"The IBM State Reviews compile information from multiple sources and advise reader discretion. Place lists mix districts, historical names, named belts, fields and basins; occurrence does not establish grade, quantity, continuity, current legality, economics, access or a new discovery."
IBM-IMYB2024-STATE-OCC-0002,SRC_IBM_INDIAN_MINERALS_YEARBOOK_2024_STATE_REVIEWS,v1.0-alpha.22,Andhra Pradesh,district_list,asbestos,"[""group:asbestos""]","[""Asbestos""]",[],[],"[""Asbestos""]","[""Cuddapah""]",1,"[157,158]","[142,143]",https://www.ibm.gov.in/writereaddata/files/177426215469c1178a48453IMYB_2024_EBookFinal.pdf,7e4cf991426ac8299ec0a365af68a05a8276f3b81ae2433fb6debd4358550354,2026-03-11,2020-04-01 for the chapter's NMI resource tables; occurrence prose is undated within IMYB 2024,found_on_source_pages,all_found_on_source_pages,curated_page-referenced_transcription_with_machine_text_presence_checks,official_compiled_mineral_occurrence_context,official_compilation_not_independently_field_verified_by_khanan,excluded_context_only,"Broad compiled occurrence geography can overlap source evidence and is not an independent point, assay, reserve, mine or discovery label.",[],"The IBM State Reviews compile information from multiple sources and advise reader discretion. Place lists mix districts, historical names, named belts, fields and basins; occurrence does not establish grade, quantity, continuity, current legality, economics, access or a new discovery."
IBM-IMYB2024-STATE-OCC-0003,SRC_IBM_INDIAN_MINERALS_YEARBOOK_2024_STATE_REVIEWS,v1.0-alpha.22,Andhra Pradesh,district_list,ball clay,"[""group:clay""]","[""Clay""]",[],[],"[""Clay""]","[""West Godavari""]",1,"[157,158]","[142,143]",https://www.ibm.gov.in/writereaddata/files/177426215469c1178a48453IMYB_2024_EBookFinal.pdf,7e4cf991426ac8299ec0a365af68a05a8276f3b81ae2433fb6debd4358550354,2026-03-11,2020-04-01 for the chapter's NMI resource tables; occurrence prose is undated within IMYB 2024,found_on_source_pages,all_found_on_source_pages,curated_page-referenced_transcription_with_machine_text_presence_checks,official_compiled_mineral_occurrence_context,official_compilation_not_independently_field_verified_by_khanan,excluded_context_only,"Broad compiled occurrence geography can overlap source evidence and is not an independent point, assay, reserve, mine or discovery label.",[],"The IBM State Reviews compile information from multiple sources and advise reader discretion. Place lists mix districts, historical names, named belts, fields and basins; occurrence does not establish grade, quantity, continuity, current legality, economics, access or a new discovery."
IBM-IMYB2024-STATE-OCC-0004,SRC_IBM_INDIAN_MINERALS_YEARBOOK_2024_STATE_REVIEWS,v1.0-alpha.22,Andhra Pradesh,district_list,barytes,"[""mineral:baryte""]","[""Baryte""]","[""baryte""]","[""Ba(SO4)""]","[""baryte""]","[""Anantapur"",""Cuddapah"",""Krishna"",""Kurnool"",""Nellore"",""Prakasam""]",6,"[157,158]","[142,143]",https://www.ibm.gov.in/writereaddata/files/177426215469c1178a48453IMYB_2024_EBookFinal.pdf,7e4cf991426ac8299ec0a365af68a05a8276f3b81ae2433fb6debd4358550354,2026-03-11,2020-04-01 for the chapter's NMI resource tables; occurrence prose is undated within IMYB 2024,found_on_source_pages,all_found_on_source_pages,curated_page-referenced_transcription_with_machine_text_presence_checks,official_compiled_mineral_occurrence_context,official_compilation_not_independently_field_verified_by_khanan,excluded_context_only,"Broad compiled occurrence geography can overlap source evidence and is not an independent point, assay, reserve, mine or discovery label.",[],"The IBM State Reviews compile information from multiple sources and advise reader discretion. Place lists mix districts, historical names, named belts, fields and basins; occurrence does not establish grade, quantity, continuity, current legality, economics, access or a new discovery."
IBM-IMYB2024-STATE-OCC-0005,SRC_IBM_INDIAN_MINERALS_YEARBOOK_2024_STATE_REVIEWS,v1.0-alpha.22,Andhra Pradesh,district_list,calcite,"[""group:calcium-and-limestone"",""mineral:calcite""]","[""Calcium and limestone"",""Calcite""]","[""calcium"",""calcium carbonate"",""calcite""]","[""Ca(CO3)""]","[""calcium"",""calcium carbonate"",""calcite""]","[""Anantapur"",""Cuddapah"",""Kurnool"",""Visakhapatnam""]",4,"[157,158]","[142,143]",https://www.ibm.gov.in/writereaddata/files/177426215469c1178a48453IMYB_2024_EBookFinal.pdf,7e4cf991426ac8299ec0a365af68a05a8276f3b81ae2433fb6debd4358550354,2026-03-11,2020-04-01 for the chapter's NMI resource tables; occurrence prose is undated within IMYB 2024,found_on_source_pages,all_found_on_source_pages,curated_page-referenced_transcription_with_machine_text_presence_checks,official_compiled_mineral_occurrence_context,official_compilation_not_independently_field_verified_by_khanan,excluded_context_only,"Broad compiled occurrence geography can overlap source evidence and is not an independent point, assay, reserve, mine or discovery label.",[],"The IBM State Reviews compile information from multiple sources and advise reader discretion. Place lists mix districts, historical names, named belts, fields and basins; occurrence does not establish grade, quantity, continuity, current legality, economics, access or a new discovery."
IBM-IMYB2024-STATE-OCC-0006,SRC_IBM_INDIAN_MINERALS_YEARBOOK_2024_STATE_REVIEWS,v1.0-alpha.22,Andhra Pradesh,district_list,china clay,"[""group:kaolin"",""mineral:kaolinite""]","[""Kaolin"",""Kaolinite""]","[""kaolinite"",""aluminium silicate hydroxide""]","[""Al2Si2O5(OH)4""]","[""kaolinite"",""aluminium silicate hydroxide""]","[""Anantapur"",""Chittoor"",""Cuddapah"",""East Godavari"",""West Godavari"",""Guntur"",""Kurnool"",""Nellore"",""Visakhapatnam""]",9,"[157,158]","[142,143]",https://www.ibm.gov.in/writereaddata/files/177426215469c1178a48453IMYB_2024_EBookFinal.pdf,7e4cf991426ac8299ec0a365af68a05a8276f3b81ae2433fb6debd4358550354,2026-03-11,2020-04-01 for the chapter's NMI resource tables; occurrence prose is undated within IMYB 2024,found_on_source_pages,all_found_on_source_pages,curated_page-referenced_transcription_with_machine_text_presence_checks,official_compiled_mineral_occurrence_context,official_compilation_not_independently_field_verified_by_khanan,excluded_context_only,"Broad compiled occurrence geography can overlap source evidence and is not an independent point, assay, reserve, mine or discovery label.",[],"The IBM State Reviews compile information from multiple sources and advise reader discretion. Place lists mix districts, historical names, named belts, fields and basins; occurrence does not establish grade, quantity, continuity, current legality, economics, access or a new discovery."
IBM-IMYB2024-STATE-OCC-0007,SRC_IBM_INDIAN_MINERALS_YEARBOOK_2024_STATE_REVIEWS,v1.0-alpha.22,Andhra Pradesh,district_list,corundum,"[""mineral:corundum""]","[""Corundum""]","[""corundum""]","[""Al2O3""]","[""corundum""]","[""Anantapur""]",1,"[157,158]","[142,143]",https://www.ibm.gov.in/writereaddata/files/177426215469c1178a48453IMYB_2024_EBookFinal.pdf,7e4cf991426ac8299ec0a365af68a05a8276f3b81ae2433fb6debd4358550354,2026-03-11,2020-04-01 for the chapter's NMI resource tables; occurrence prose is undated within IMYB 2024,found_on_source_pages,all_found_on_source_pages,curated_page-referenced_transcription_with_machine_text_presence_checks,official_compiled_mineral_occurrence_context,official_compilation_not_independently_field_verified_by_khanan,excluded_context_only,"Broad compiled occurrence geography can overlap source evidence and is not an independent point, assay, reserve, mine or discovery label.",[],"The IBM State Reviews compile information from multiple sources and advise reader discretion. Place lists mix districts, historical names, named belts, fields and basins; occurrence does not establish grade, quantity, continuity, current legality, economics, access or a new discovery."
IBM-IMYB2024-STATE-OCC-0008,SRC_IBM_INDIAN_MINERALS_YEARBOOK_2024_STATE_REVIEWS,v1.0-alpha.22,Andhra Pradesh,district_list,dolomite,"[""mineral:dolomite""]","[""Dolomite""]","[""dolomite""]","[""CaMg(CO3)2""]","[""dolomite""]","[""Anantapur"",""Kurnool""]",2,"[157,158]","[142,143]",https://www.ibm.gov.in/writereaddata/files/177426215469c1178a48453IMYB_2024_EBookFinal.pdf,7e4cf991426ac8299ec0a365af68a05a8276f3b81ae2433fb6debd4358550354,2026-03-11,2020-04-01 for the chapter's NMI resource tables; occurrence prose is undated within IMYB 2024,found_on_source_pages,all_found_on_source_pages,curated_page-referenced_transcription_with_machine_text_presence_checks,official_compiled_mineral_occurrence_context,official_compilation_not_independently_field_verified_by_khanan,excluded_context_only,"Broad compiled occurrence geography can overlap source evidence and is not an independent point, assay, reserve, mine or discovery label.",[],"The IBM State Reviews compile information from multiple sources and advise reader discretion. Place lists mix districts, historical names, named belts, fields and basins; occurrence does not establish grade, quantity, continuity, current legality, economics, access or a new discovery."
IBM-IMYB2024-STATE-OCC-0009,SRC_IBM_INDIAN_MINERALS_YEARBOOK_2024_STATE_REVIEWS,v1.0-alpha.22,Andhra Pradesh,district_list,felspar,"[""group:feldspar-group""]","[""Feldspar group""]",[],[],"[""Feldspar group""]","[""Anantapur"",""Cuddapah"",""West Godavari"",""Nellore"",""Vizianagaram""]",5,"[157,158]","[142,143]",https://www.ibm.gov.in/writereaddata/files/177426215469c1178a48453IMYB_2024_EBookFinal.pdf,7e4cf991426ac8299ec0a365af68a05a8276f3b81ae2433fb6debd4358550354,2026-03-11,2020-04-01 for the chapter's NMI resource tables; occurrence prose is undated within IMYB 2024,found_on_source_pages,all_found_on_source_pages,curated_page-referenced_transcription_with_machine_text_presence_checks,official_compiled_mineral_occurrence_context,official_compilation_not_independently_field_verified_by_khanan,excluded_context_only,"Broad compiled occurrence geography can overlap source evidence and is not an independent point, assay, reserve, mine or discovery label.",[],"The IBM State Reviews compile information from multiple sources and advise reader discretion. Place lists mix districts, historical names, named belts, fields and basins; occurrence does not establish grade, quantity, continuity, current legality, economics, access or a new discovery."
IBM-IMYB2024-STATE-OCC-0010,SRC_IBM_INDIAN_MINERALS_YEARBOOK_2024_STATE_REVIEWS,v1.0-alpha.22,Andhra Pradesh,district_list,fireclay,"[""material:fire-clay"",""group:clay""]","[""Fire clay"",""Clay""]",[],[],"[""Fire clay"",""Clay""]","[""Chittoor"",""Cuddapah"",""East Godavari"",""West Godavari"",""Kurnool"",""Srikakulam""]",6,"[157,158]","[142,143]",https://www.ibm.gov.in/writereaddata/files/177426215469c1178a48453IMYB_2024_EBookFinal.pdf,7e4cf991426ac8299ec0a365af68a05a8276f3b81ae2433fb6debd4358550354,2026-03-11,2020-04-01 for the chapter's NMI resource tables; occurrence prose is undated within IMYB 2024,found_on_source_pages,all_found_on_source_pages,curated_page-referenced_transcription_with_machine_text_presence_checks,official_compiled_mineral_occurrence_context,official_compilation_not_independently_field_verified_by_khanan,excluded_context_only,"Broad compiled occurrence geography can overlap source evidence and is not an independent point, assay, reserve, mine or discovery label.",[],"The IBM State Reviews compile information from multiple sources and advise reader discretion. Place lists mix districts, historical names, named belts, fields and basins; occurrence does not establish grade, quantity, continuity, current legality, economics, access or a new discovery."
IBM-IMYB2024-STATE-OCC-0011,SRC_IBM_INDIAN_MINERALS_YEARBOOK_2024_STATE_REVIEWS,v1.0-alpha.22,Andhra Pradesh,district_list,garnet,"[""group:garnet-group""]","[""Garnet group""]",[],[],"[""Garnet group""]","[""East Godavari"",""Nellore"",""Srikakulam""]",3,"[157,158]","[142,143]",https://www.ibm.gov.in/writereaddata/files/177426215469c1178a48453IMYB_2024_EBookFinal.pdf,7e4cf991426ac8299ec0a365af68a05a8276f3b81ae2433fb6debd4358550354,2026-03-11,2020-04-01 for the chapter's NMI resource tables; occurrence prose is undated within IMYB 2024,found_on_source_pages,all_found_on_source_pages,curated_page-referenced_transcription_with_machine_text_presence_checks,official_compiled_mineral_occurrence_context,official_compilation_not_independently_field_verified_by_khanan,excluded_context_only,"Broad compiled occurrence geography can overlap source evidence and is not an independent point, assay, reserve, mine or discovery label.",[],"The IBM State Reviews compile information from multiple sources and advise reader discretion. Place lists mix districts, historical names, named belts, fields and basins; occurrence does not establish grade, quantity, continuity, current legality, economics, access or a new discovery."
IBM-IMYB2024-STATE-OCC-0012,SRC_IBM_INDIAN_MINERALS_YEARBOOK_2024_STATE_REVIEWS,v1.0-alpha.22,Andhra Pradesh,district_list,granite,"[""rock:granite""]","[""Granite""]",[],[],"[""Granite""]","[""Anantapur"",""Chittoor"",""Cuddapah"",""Guntur"",""Krishna"",""Nellore"",""Prakasam"",""Srikakulam"",""Vizianagaram""]",9,"[157,158]","[142,143]",https://www.ibm.gov.in/writereaddata/files/177426215469c1178a48453IMYB_2024_EBookFinal.pdf,7e4cf991426ac8299ec0a365af68a05a8276f3b81ae2433fb6debd4358550354,2026-03-11,2020-04-01 for the chapter's NMI resource tables; occurrence prose is undated within IMYB 2024,found_on_source_pages,all_found_on_source_pages,curated_page-referenced_transcription_with_machine_text_presence_checks,official_compiled_mineral_occurrence_context,official_compilation_not_independently_field_verified_by_khanan,excluded_context_only,"Broad compiled occurrence geography can overlap source evidence and is not an independent point, assay, reserve, mine or discovery label.",[],"The IBM State Reviews compile information from multiple sources and advise reader discretion. Place lists mix districts, historical names, named belts, fields and basins; occurrence does not establish grade, quantity, continuity, current legality, economics, access or a new discovery."
IBM-IMYB2024-STATE-OCC-0013,SRC_IBM_INDIAN_MINERALS_YEARBOOK_2024_STATE_REVIEWS,v1.0-alpha.22,Andhra Pradesh,district_list,iron ore (haematite),"[""element:iron"",""ore:iron-ore"",""mineral:hematite""]","[""Iron"",""Iron ore"",""Hematite""]","[""iron"",""hematite""]","[""Fe"",""Fe2O3""]","[""iron"",""hematite""]","[""Anantapur"",""Cuddapah"",""Guntur"",""Krishna"",""Kurnool"",""Nellore""]",6,"[157,158]","[142,143]",https://www.ibm.gov.in/writereaddata/files/177426215469c1178a48453IMYB_2024_EBookFinal.pdf,7e4cf991426ac8299ec0a365af68a05a8276f3b81ae2433fb6debd4358550354,2026-03-11,2020-04-01 for the chapter's NMI resource tables; occurrence prose is undated within IMYB 2024,found_on_source_pages,all_found_on_source_pages,curated_page-referenced_transcription_with_machine_text_presence_checks,official_compiled_mineral_occurrence_context,official_compilation_not_independently_field_verified_by_khanan,excluded_context_only,"Broad compiled occurrence geography can overlap source evidence and is not an independent point, assay, reserve, mine or discovery label.",[],"The IBM State Reviews compile information from multiple sources and advise reader discretion. Place lists mix districts, historical names, named belts, fields and basins; occurrence does not establish grade, quantity, continuity, current legality, economics, access or a new discovery."
IBM-IMYB2024-STATE-OCC-0014,SRC_IBM_INDIAN_MINERALS_YEARBOOK_2024_STATE_REVIEWS,v1.0-alpha.22,Andhra Pradesh,district_list,iron ore (magnetite),"[""element:iron"",""ore:iron-ore"",""mineral:magnetite""]","[""Iron"",""Iron ore"",""Magnetite""]","[""iron"",""magnetite""]","[""Fe"",""Fe2+Fe3+2O4""]","[""iron"",""magnetite""]","[""Prakasam""]",1,"[157,158]","[142,143]",https://www.ibm.gov.in/writereaddata/files/177426215469c1178a48453IMYB_2024_EBookFinal.pdf,7e4cf991426ac8299ec0a365af68a05a8276f3b81ae2433fb6debd4358550354,2026-03-11,2020-04-01 for the chapter's NMI resource tables; occurrence prose is undated within IMYB 2024,found_on_source_pages,all_found_on_source_pages,curated_page-referenced_transcription_with_machine_text_presence_checks,official_compiled_mineral_occurrence_context,official_compilation_not_independently_field_verified_by_khanan,excluded_context_only,"Broad compiled occurrence geography can overlap source evidence and is not an independent point, assay, reserve, mine or discovery label.",[],"The IBM State Reviews compile information from multiple sources and advise reader discretion. Place lists mix districts, historical names, named belts, fields and basins; occurrence does not establish grade, quantity, continuity, current legality, economics, access or a new discovery."
IBM-IMYB2024-STATE-OCC-0015,SRC_IBM_INDIAN_MINERALS_YEARBOOK_2024_STATE_REVIEWS,v1.0-alpha.22,Andhra Pradesh,district_list,lead-zinc,"[""element:lead"",""element:zinc""]","[""Lead"",""Zinc""]","[""lead"",""zinc""]","[""Pb"",""Zn""]","[""lead"",""zinc""]","[""Cuddapah"",""Guntur"",""Prakasam""]",3,"[157,158]","[142,143]",https://www.ibm.gov.in/writereaddata/files/177426215469c1178a48453IMYB_2024_EBookFinal.pdf,7e4cf991426ac8299ec0a365af68a05a8276f3b81ae2433fb6debd4358550354,2026-03-11,2020-04-01 for the chapter's NMI resource tables; occurrence prose is undated within IMYB 2024,found_on_source_pages,all_found_on_source_pages,curated_page-referenced_transcription_with_machine_text_presence_checks,official_compiled_mineral_occurrence_context,official_compilation_not_independently_field_verified_by_khanan,excluded_context_only,"Broad compiled occurrence geography can overlap source evidence and is not an independent point, assay, reserve, mine or discovery label.",[],"The IBM State Reviews compile information from multiple sources and advise reader discretion. Place lists mix districts, historical names, named belts, fields and basins; occurrence does not establish grade, quantity, continuity, current legality, economics, access or a new discovery."
IBM-IMYB2024-STATE-OCC-0016,SRC_IBM_INDIAN_MINERALS_YEARBOOK_2024_STATE_REVIEWS,v1.0-alpha.22,Andhra Pradesh,district_list,limestone,"[""group:calcium-and-limestone"",""rock:limestone""]","[""Calcium and limestone"",""Limestone""]","[""calcium"",""calcium carbonate""]",[],"[""calcium"",""calcium carbonate""]","[""Anantapur"",""Cuddapah"",""East Godavari"",""West Godavari"",""Guntur"",""Krishna"",""Kurnool"",""Nellore"",""Srikakulam"",""Visakhapatnam"",""Vizianagaram""]",11,"[157,158]","[142,143]",https://www.ibm.gov.in/writereaddata/files/177426215469c1178a48453IMYB_2024_EBookFinal.pdf,7e4cf991426ac8299ec0a365af68a05a8276f3b81ae2433fb6debd4358550354,2026-03-11,2020-04-01 for the chapter's NMI resource tables; occurrence prose is undated within IMYB 2024,found_on_source_pages,all_found_on_source_pages,curated_page-referenced_transcription_with_machine_text_presence_checks,official_compiled_mineral_occurrence_context,official_compilation_not_independently_field_verified_by_khanan,excluded_context_only,"Broad compiled occurrence geography can overlap source evidence and is not an independent point, assay, reserve, mine or discovery label.",[],"The IBM State Reviews compile information from multiple sources and advise reader discretion. Place lists mix districts, historical names, named belts, fields and basins; occurrence does not establish grade, quantity, continuity, current legality, economics, access or a new discovery."
IBM-IMYB2024-STATE-OCC-0017,SRC_IBM_INDIAN_MINERALS_YEARBOOK_2024_STATE_REVIEWS,v1.0-alpha.22,Andhra Pradesh,district_list,manganese ore,"[""element:manganese""]","[""Manganese""]","[""manganese""]","[""Mn""]","[""manganese""]","[""Srikakulam"",""Vizianagaram""]",2,"[157,158]","[142,143]",https://www.ibm.gov.in/writereaddata/files/177426215469c1178a48453IMYB_2024_EBookFinal.pdf,7e4cf991426ac8299ec0a365af68a05a8276f3b81ae2433fb6debd4358550354,2026-03-11,2020-04-01 for the chapter's NMI resource tables; occurrence prose is undated within IMYB 2024,found_on_source_pages,all_found_on_source_pages,curated_page-referenced_transcription_with_machine_text_presence_checks,official_compiled_mineral_occurrence_context,official_compilation_not_independently_field_verified_by_khanan,excluded_context_only,"Broad compiled occurrence geography can overlap source evidence and is not an independent point, assay, reserve, mine or discovery label.",[],"The IBM State Reviews compile information from multiple sources and advise reader discretion. Place lists mix districts, historical names, named belts, fields and basins; occurrence does not establish grade, quantity, continuity, current legality, economics, access or a new discovery."
IBM-IMYB2024-STATE-OCC-0018,SRC_IBM_INDIAN_MINERALS_YEARBOOK_2024_STATE_REVIEWS,v1.0-alpha.22,Andhra Pradesh,district_list,mica,"[""group:mica-group""]","[""Mica group""]",[],[],"[""Mica group""]","[""Nellore"",""Visakhapatnam""]",2,"[157,158]","[142,143]",https://www.ibm.gov.in/writereaddata/files/177426215469c1178a48453IMYB_2024_EBookFinal.pdf,7e4cf991426ac8299ec0a365af68a05a8276f3b81ae2433fb6debd4358550354,2026-03-11,2020-04-01 for the chapter's NMI resource tables; occurrence prose is undated within IMYB 2024,found_on_source_pages,all_found_on_source_pages,curated_page-referenced_transcription_with_machine_text_presence_checks,official_compiled_mineral_occurrence_context,official_compilation_not_independently_field_verified_by_khanan,excluded_context_only,"Broad compiled occurrence geography can overlap source evidence and is not an independent point, assay, reserve, mine or discovery label.",[],"The IBM State Reviews compile information from multiple sources and advise reader discretion. Place lists mix districts, historical names, named belts, fields and basins; occurrence does not establish grade, quantity, continuity, current legality, economics, access or a new discovery."
IBM-IMYB2024-STATE-OCC-0019,SRC_IBM_INDIAN_MINERALS_YEARBOOK_2024_STATE_REVIEWS,v1.0-alpha.22,Andhra Pradesh,district_list,ochre,"[""material:ochre"",""material:iron-oxide-pigments""]","[""Ochre"",""Iron oxide pigments""]",[],[],"[""Ochre"",""Iron oxide pigments""]","[""Anantapur"",""Cuddapah"",""West Godavari"",""Guntur"",""Kurnool"",""Visakhapatnam""]",6,"[157,158]","[142,143]",https://www.ibm.gov.in/writereaddata/files/177426215469c1178a48453IMYB_2024_EBookFinal.pdf,7e4cf991426ac8299ec0a365af68a05a8276f3b81ae2433fb6debd4358550354,2026-03-11,2020-04-01 for the chapter's NMI resource tables; occurrence prose is undated within IMYB 2024,found_on_source_pages,all_found_on_source_pages,curated_page-referenced_transcription_with_machine_text_presence_checks,official_compiled_mineral_occurrence_context,official_compilation_not_independently_field_verified_by_khanan,excluded_context_only,"Broad compiled occurrence geography can overlap source evidence and is not an independent point, assay, reserve, mine or discovery label.",[],"The IBM State Reviews compile information from multiple sources and advise reader discretion. Place lists mix districts, historical names, named belts, fields and basins; occurrence does not establish grade, quantity, continuity, current legality, economics, access or a new discovery."
IBM-IMYB2024-STATE-OCC-0020,SRC_IBM_INDIAN_MINERALS_YEARBOOK_2024_STATE_REVIEWS,v1.0-alpha.22,Andhra Pradesh,district_list,pyrophyllite,"[""mineral:pyrophyllite""]","[""Pyrophyllite""]","[""pyrophyllite""]","[""Al2Si4O10(OH)2""]","[""pyrophyllite""]","[""Anantapur"",""Chittoor"",""Cuddapah""]",3,"[157,158]","[142,143]",https://www.ibm.gov.in/writereaddata/files/177426215469c1178a48453IMYB_2024_EBookFinal.pdf,7e4cf991426ac8299ec0a365af68a05a8276f3b81ae2433fb6debd4358550354,2026-03-11,2020-04-01 for the chapter's NMI resource tables; occurrence prose is undated within IMYB 2024,found_on_source_pages,all_found_on_source_pages,curated_page-referenced_transcription_with_machine_text_presence_checks,official_compiled_mineral_occurrence_context,official_compilation_not_independently_field_verified_by_khanan,excluded_context_only,"Broad compiled occurrence geography can overlap source evidence and is not an independent point, assay, reserve, mine or discovery label.",[],"The IBM State Reviews compile information from multiple sources and advise reader discretion. Place lists mix districts, historical names, named belts, fields and basins; occurrence does not establish grade, quantity, continuity, current legality, economics, access or a new discovery."
IBM-IMYB2024-STATE-OCC-0021,SRC_IBM_INDIAN_MINERALS_YEARBOOK_2024_STATE_REVIEWS,v1.0-alpha.22,Andhra Pradesh,district_list,quartz/silica sand,"[""element:silicon"",""mineral:quartz"",""material:sand-and-gravel-industrial""]","[""Silicon"",""Quartz"",""Sand and gravel (industrial)""]","[""silicon"",""silicon dioxide"",""quartz""]","[""Si"",""SiO2""]","[""silicon"",""silicon dioxide"",""quartz""]","[""Anantapur"",""Chittoor"",""Cuddapah"",""West Godavari"",""Guntur"",""Krishna"",""Kurnool"",""Nellore"",""Prakasam"",""Srikakulam"",""Visakhapatnam"",""Vizianagaram""]",12,"[157,158]","[142,143]",https://www.ibm.gov.in/writereaddata/files/177426215469c1178a48453IMYB_2024_EBookFinal.pdf,7e4cf991426ac8299ec0a365af68a05a8276f3b81ae2433fb6debd4358550354,2026-03-11,2020-04-01 for the chapter's NMI resource tables; occurrence prose is undated within IMYB 2024,found_on_source_pages,all_found_on_source_pages,curated_page-referenced_transcription_with_machine_text_presence_checks,official_compiled_mineral_occurrence_context,official_compilation_not_independently_field_verified_by_khanan,excluded_context_only,"Broad compiled occurrence geography can overlap source evidence and is not an independent point, assay, reserve, mine or discovery label.",[],"The IBM State Reviews compile information from multiple sources and advise reader discretion. Place lists mix districts, historical names, named belts, fields and basins; occurrence does not establish grade, quantity, continuity, current legality, economics, access or a new discovery."
IBM-IMYB2024-STATE-OCC-0022,SRC_IBM_INDIAN_MINERALS_YEARBOOK_2024_STATE_REVIEWS,v1.0-alpha.22,Andhra Pradesh,district_list,quartzite,"[""element:silicon"",""rock:quartzite""]","[""Silicon"",""Quartzite""]","[""silicon"",""silicon dioxide""]","[""Si""]","[""silicon"",""silicon dioxide""]","[""Kurnool"",""Srikakulam"",""Visakhapatnam"",""Vizianagaram""]",4,"[157,158]","[142,143]",https://www.ibm.gov.in/writereaddata/files/177426215469c1178a48453IMYB_2024_EBookFinal.pdf,7e4cf991426ac8299ec0a365af68a05a8276f3b81ae2433fb6debd4358550354,2026-03-11,2020-04-01 for the chapter's NMI resource tables; occurrence prose is undated within IMYB 2024,found_on_source_pages,all_found_on_source_pages,curated_page-referenced_transcription_with_machine_text_presence_checks,official_compiled_mineral_occurrence_context,official_compilation_not_independently_field_verified_by_khanan,excluded_context_only,"Broad compiled occurrence geography can overlap source evidence and is not an independent point, assay, reserve, mine or discovery label.",[],"The IBM State Reviews compile information from multiple sources and advise reader discretion. Place lists mix districts, historical names, named belts, fields and basins; occurrence does not establish grade, quantity, continuity, current legality, economics, access or a new discovery."
IBM-IMYB2024-STATE-OCC-0023,SRC_IBM_INDIAN_MINERALS_YEARBOOK_2024_STATE_REVIEWS,v1.0-alpha.22,Andhra Pradesh,district_list,talc/soapstone/steatite,"[""mineral:talc""]","[""Talc""]","[""talc""]","[""Mg3Si4O10(OH)2""]","[""talc""]","[""Anantapur"",""Chittoor"",""Cuddapah"",""Kurnool""]",4,"[157,158]","[142,143]",https://www.ibm.gov.in/writereaddata/files/177426215469c1178a48453IMYB_2024_EBookFinal.pdf,7e4cf991426ac8299ec0a365af68a05a8276f3b81ae2433fb6debd4358550354,2026-03-11,2020-04-01 for the chapter's NMI resource tables; occurrence prose is undated within IMYB 2024,found_on_source_pages,all_found_on_source_pages,curated_page-referenced_transcription_with_machine_text_presence_checks,official_compiled_mineral_occurrence_context,official_compilation_not_independently_field_verified_by_khanan,excluded_context_only,"Broad compiled occurrence geography can overlap source evidence and is not an independent point, assay, reserve, mine or discovery label.",[],"The IBM State Reviews compile information from multiple sources and advise reader discretion. Place lists mix districts, historical names, named belts, fields and basins; occurrence does not establish grade, quantity, continuity, current legality, economics, access or a new discovery."
IBM-IMYB2024-STATE-OCC-0024,SRC_IBM_INDIAN_MINERALS_YEARBOOK_2024_STATE_REVIEWS,v1.0-alpha.22,Andhra Pradesh,district_list,vermiculite,"[""mineral:vermiculite""]","[""Vermiculite""]","[""vermiculite""]","[""Mg0.7(Mg,Fe,Al)6(Si,Al)8O20(OH)4·8H2O""]","[""vermiculite""]","[""Nellore"",""Visakhapatnam""]",2,"[157,158]","[142,143]",https://www.ibm.gov.in/writereaddata/files/177426215469c1178a48453IMYB_2024_EBookFinal.pdf,7e4cf991426ac8299ec0a365af68a05a8276f3b81ae2433fb6debd4358550354,2026-03-11,2020-04-01 for the chapter's NMI resource tables; occurrence prose is undated within IMYB 2024,found_on_source_pages,all_found_on_source_pages,curated_page-referenced_transcription_with_machine_text_presence_checks,official_compiled_mineral_occurrence_context,official_compilation_not_independently_field_verified_by_khanan,excluded_context_only,"Broad compiled occurrence geography can overlap source evidence and is not an independent point, assay, reserve, mine or discovery label.",[],"The IBM State Reviews compile information from multiple sources and advise reader discretion. Place lists mix districts, historical names, named belts, fields and basins; occurrence does not establish grade, quantity, continuity, current legality, economics, access or a new discovery."
IBM-IMYB2024-STATE-OCC-0025,SRC_IBM_INDIAN_MINERALS_YEARBOOK_2024_STATE_REVIEWS,v1.0-alpha.22,Andhra Pradesh,district_list,bauxite,"[""element:aluminium"",""ore:bauxite""]","[""Aluminium"",""Bauxite""]","[""aluminium""]","[""Al""]","[""aluminium""]","[""East Godavari"",""Visakhapatnam""]",2,"[157,158]","[142,143]",https://www.ibm.gov.in/writereaddata/files/177426215469c1178a48453IMYB_2024_EBookFinal.pdf,7e4cf991426ac8299ec0a365af68a05a8276f3b81ae2433fb6debd4358550354,2026-03-11,2020-04-01 for the chapter's NMI resource tables; occurrence prose is undated within IMYB 2024,found_on_source_pages,all_found_on_source_pages,curated_page-referenced_transcription_with_machine_text_presence_checks,official_compiled_mineral_occurrence_context,official_compilation_not_independently_field_verified_by_khanan,excluded_context_only,"Broad compiled occurrence geography can overlap source evidence and is not an independent point, assay, reserve, mine or discovery label.",[],"The IBM State Reviews compile information from multiple sources and advise reader discretion. Place lists mix districts, historical names, named belts, fields and basins; occurrence does not establish grade, quantity, continuity, current legality, economics, access or a new discovery."
IBM-IMYB2024-STATE-OCC-0026,SRC_IBM_INDIAN_MINERALS_YEARBOOK_2024_STATE_REVIEWS,v1.0-alpha.22,Andhra Pradesh,district_list,chromite,"[""element:chromium"",""mineral:chromite""]","[""Chromium"",""Chromite""]","[""chromium"",""chromite""]","[""Cr"",""Fe2+Cr2O4""]","[""chromium"",""chromite""]","[""Krishna""]",1,"[157,158]","[142,143]",https://www.ibm.gov.in/writereaddata/files/177426215469c1178a48453IMYB_2024_EBookFinal.pdf,7e4cf991426ac8299ec0a365af68a05a8276f3b81ae2433fb6debd4358550354,2026-03-11,2020-04-01 for the chapter's NMI resource tables; occurrence prose is undated within IMYB 2024,found_on_source_pages,all_found_on_source_pages,curated_page-referenced_transcription_with_machine_text_presence_checks,official_compiled_mineral_occurrence_context,official_compilation_not_independently_field_verified_by_khanan,excluded_context_only,"Broad compiled occurrence geography can overlap source evidence and is not an independent point, assay, reserve, mine or discovery label.",[],"The IBM State Reviews compile information from multiple sources and advise reader discretion. Place lists mix districts, historical names, named belts, fields and basins; occurrence does not establish grade, quantity, continuity, current legality, economics, access or a new discovery."
IBM-IMYB2024-STATE-OCC-0027,SRC_IBM_INDIAN_MINERALS_YEARBOOK_2024_STATE_REVIEWS,v1.0-alpha.22,Andhra Pradesh,district_list,copper,"[""element:copper""]","[""Copper""]","[""copper""]","[""Cu""]","[""copper""]","[""Guntur"",""Kurnool"",""Prakasam""]",3,"[157,158]","[142,143]",https://www.ibm.gov.in/writereaddata/files/177426215469c1178a48453IMYB_2024_EBookFinal.pdf,7e4cf991426ac8299ec0a365af68a05a8276f3b81ae2433fb6debd4358550354,2026-03-11,2020-04-01 for the chapter's NMI resource tables; occurrence prose is undated within IMYB 2024,found_on_source_pages,all_found_on_source_pages,curated_page-referenced_transcription_with_machine_text_presence_checks,official_compiled_mineral_occurrence_context,official_compilation_not_independently_field_verified_by_khanan,excluded_context_only,"Broad compiled occurrence geography can overlap source evidence and is not an independent point, assay, reserve, mine or discovery label.",[],"The IBM State Reviews compile information from multiple sources and advise reader discretion. Place lists mix districts, historical names, named belts, fields and basins; occurrence does not establish grade, quantity, continuity, current legality, economics, access or a new discovery."
IBM-IMYB2024-STATE-OCC-0028,SRC_IBM_INDIAN_MINERALS_YEARBOOK_2024_STATE_REVIEWS,v1.0-alpha.22,Andhra Pradesh,district_list,diamond,"[""mineral:diamond""]","[""Diamond""]","[""diamond""]","[""C""]","[""diamond""]","[""Anantapur"",""Krishna"",""Kurnool""]",3,"[157,158]","[142,143]",https://www.ibm.gov.in/writereaddata/files/177426215469c1178a48453IMYB_2024_EBookFinal.pdf,7e4cf991426ac8299ec0a365af68a05a8276f3b81ae2433fb6debd4358550354,2026-03-11,2020-04-01 for the chapter's NMI resource tables; occurrence prose is undated within IMYB 2024,found_on_source_pages,all_found_on_source_pages,curated_page-referenced_transcription_with_machine_text_presence_checks,official_compiled_mineral_occurrence_context,official_compilation_not_independently_field_verified_by_khanan,excluded_context_only,"Broad compiled occurrence geography can overlap source evidence and is not an independent point, assay, reserve, mine or discovery label.",[],"The IBM State Reviews compile information from multiple sources and advise reader discretion. Place lists mix districts, historical names, named belts, fields and basins; occurrence does not establish grade, quantity, continuity, current legality, economics, access or a new discovery."
IBM-IMYB2024-STATE-OCC-0029,SRC_IBM_INDIAN_MINERALS_YEARBOOK_2024_STATE_REVIEWS,v1.0-alpha.22,Andhra Pradesh,district_list,gold,"[""element:gold""]","[""Gold""]","[""gold""]","[""Au""]","[""gold""]","[""Anantapur"",""Chittoor"",""Kurnool""]",3,"[157,158]","[142,143]",https://www.ibm.gov.in/writereaddata/files/177426215469c1178a48453IMYB_2024_EBookFinal.pdf,7e4cf991426ac8299ec0a365af68a05a8276f3b81ae2433fb6debd4358550354,2026-03-11,2020-04-01 for the chapter's NMI resource tables; occurrence prose is undated within IMYB 2024,found_on_source_pages,all_found_on_source_pages,curated_page-referenced_transcription_with_machine_text_presence_checks,official_compiled_mineral_occurrence_context,official_compilation_not_independently_field_verified_by_khanan,excluded_context_only,"Broad compiled occurrence geography can overlap source evidence and is not an independent point, assay, reserve, mine or discovery label.",[],"The IBM State Reviews compile information from multiple sources and advise reader discretion. Place lists mix districts, historical names, named belts, fields and basins; occurrence does not establish grade, quantity, continuity, current legality, economics, access or a new discovery."
IBM-IMYB2024-STATE-OCC-0030,SRC_IBM_INDIAN_MINERALS_YEARBOOK_2024_STATE_REVIEWS,v1.0-alpha.22,Andhra Pradesh,district_list,graphite,"[""mineral:graphite""]","[""Graphite""]","[""carbon""]","[""C""]","[""carbon""]","[""East Godavari"",""West Godavari"",""Srikakulam"",""Visakhapatnam"",""Vizianagaram""]",5,"[157,158]","[142,143]",https://www.ibm.gov.in/writereaddata/files/177426215469c1178a48453IMYB_2024_EBookFinal.pdf,7e4cf991426ac8299ec0a365af68a05a8276f3b81ae2433fb6debd4358550354,2026-03-11,2020-04-01 for the chapter's NMI resource tables; occurrence prose is undated within IMYB 2024,found_on_source_pages,all_found_on_source_pages,curated_page-referenced_transcription_with_machine_text_presence_checks,official_compiled_mineral_occurrence_context,official_compilation_not_independently_field_verified_by_khanan,excluded_context_only,"Broad compiled occurrence geography can overlap source evidence and is not an independent point, assay, reserve, mine or discovery label.",[],"The IBM State Reviews compile information from multiple sources and advise reader discretion. Place lists mix districts, historical names, named belts, fields and basins; occurrence does not establish grade, quantity, continuity, current legality, economics, access or a new discovery."
IBM-IMYB2024-STATE-OCC-0031,SRC_IBM_INDIAN_MINERALS_YEARBOOK_2024_STATE_REVIEWS,v1.0-alpha.22,Andhra Pradesh,district_list,gypsum,"[""mineral:gypsum""]","[""Gypsum""]","[""gypsum""]","[""Ca(SO4)(H2O)2""]","[""gypsum""]","[""Guntur"",""Nellore"",""Prakasam""]",3,"[157,158]","[142,143]",https://www.ibm.gov.in/writereaddata/files/177426215469c1178a48453IMYB_2024_EBookFinal.pdf,7e4cf991426ac8299ec0a365af68a05a8276f3b81ae2433fb6debd4358550354,2026-03-11,2020-04-01 for the chapter's NMI resource tables; occurrence prose is undated within IMYB 2024,found_on_source_pages,all_found_on_source_pages,curated_page-referenced_transcription_with_machine_text_presence_checks,official_compiled_mineral_occurrence_context,official_compilation_not_independently_field_verified_by_khanan,excluded_context_only,"Broad compiled occurrence geography can overlap source evidence and is not an independent point, assay, reserve, mine or discovery label.",[],"The IBM State Reviews compile information from multiple sources and advise reader discretion. Place lists mix districts, historical names, named belts, fields and basins; occurrence does not establish grade, quantity, continuity, current legality, economics, access or a new discovery."
IBM-IMYB2024-STATE-OCC-0032,SRC_IBM_INDIAN_MINERALS_YEARBOOK_2024_STATE_REVIEWS,v1.0-alpha.22,Andhra Pradesh,district_list,kyanite,"[""mineral:kyanite""]","[""Kyanite""]","[""kyanite""]","[""Al2OSiO4""]","[""kyanite""]","[""Nellore"",""Prakasam""]",2,"[157,158]","[142,143]",https://www.ibm.gov.in/writereaddata/files/177426215469c1178a48453IMYB_2024_EBookFinal.pdf,7e4cf991426ac8299ec0a365af68a05a8276f3b81ae2433fb6debd4358550354,2026-03-11,2020-04-01 for the chapter's NMI resource tables; occurrence prose is undated within IMYB 2024,found_on_source_pages,all_found_on_source_pages,curated_page-referenced_transcription_with_machine_text_presence_checks,official_compiled_mineral_occurrence_context,official_compilation_not_independently_field_verified_by_khanan,excluded_context_only,"Broad compiled occurrence geography can overlap source evidence and is not an independent point, assay, reserve, mine or discovery label.",[],"The IBM State Reviews compile information from multiple sources and advise reader discretion. Place lists mix districts, historical names, named belts, fields and basins; occurrence does not establish grade, quantity, continuity, current legality, economics, access or a new discovery."
IBM-IMYB2024-STATE-OCC-0033,SRC_IBM_INDIAN_MINERALS_YEARBOOK_2024_STATE_REVIEWS,v1.0-alpha.22,Andhra Pradesh,district_list,magnesite,"[""element:magnesium"",""mineral:magnesite""]","[""Magnesium"",""Magnesite""]","[""magnesium"",""magnesium carbonate"",""magnesite""]","[""Mg"",""Mg(CO3)""]","[""magnesium"",""magnesium carbonate"",""magnesite""]","[""Cuddapah""]",1,"[157,158]","[142,143]",https://www.ibm.gov.in/writereaddata/files/177426215469c1178a48453IMYB_2024_EBookFinal.pdf,7e4cf991426ac8299ec0a365af68a05a8276f3b81ae2433fb6debd4358550354,2026-03-11,2020-04-01 for the chapter's NMI resource tables; occurrence prose is undated within IMYB 2024,found_on_source_pages,all_found_on_source_pages,curated_page-referenced_transcription_with_machine_text_presence_checks,official_compiled_mineral_occurrence_context,official_compilation_not_independently_field_verified_by_khanan,excluded_context_only,"Broad compiled occurrence geography can overlap source evidence and is not an independent point, assay, reserve, mine or discovery label.",[],"The IBM State Reviews compile information from multiple sources and advise reader discretion. Place lists mix districts, historical names, named belts, fields and basins; occurrence does not establish grade, quantity, continuity, current legality, economics, access or a new discovery."
IBM-IMYB2024-STATE-OCC-0034,SRC_IBM_INDIAN_MINERALS_YEARBOOK_2024_STATE_REVIEWS,v1.0-alpha.22,Andhra Pradesh,district_list,pyrite,"[""mineral:pyrite""]","[""Pyrite""]","[""pyrite""]","[""FeS2""]","[""pyrite""]","[""Kurnool""]",1,"[157,158]","[142,143]",https://www.ibm.gov.in/writereaddata/files/177426215469c1178a48453IMYB_2024_EBookFinal.pdf,7e4cf991426ac8299ec0a365af68a05a8276f3b81ae2433fb6debd4358550354,2026-03-11,2020-04-01 for the chapter's NMI resource tables; occurrence prose is undated within IMYB 2024,found_on_source_pages,all_found_on_source_pages,curated_page-referenced_transcription_with_machine_text_presence_checks,official_compiled_mineral_occurrence_context,official_compilation_not_independently_field_verified_by_khanan,excluded_context_only,"Broad compiled occurrence geography can overlap source evidence and is not an independent point, assay, reserve, mine or discovery label.",[],"The IBM State Reviews compile information from multiple sources and advise reader discretion. Place lists mix districts, historical names, named belts, fields and basins; occurrence does not establish grade, quantity, continuity, current legality, economics, access or a new discovery."
IBM-IMYB2024-STATE-OCC-0035,SRC_IBM_INDIAN_MINERALS_YEARBOOK_2024_STATE_REVIEWS,v1.0-alpha.22,Andhra Pradesh,district_list,sillimanite,"[""mineral:sillimanite""]","[""Sillimanite""]","[""sillimanite""]","[""Al2SiO5""]","[""sillimanite""]","[""West Godavari"",""Srikakulam""]",2,"[157,158]","[142,143]",https://www.ibm.gov.in/writereaddata/files/177426215469c1178a48453IMYB_2024_EBookFinal.pdf,7e4cf991426ac8299ec0a365af68a05a8276f3b81ae2433fb6debd4358550354,2026-03-11,2020-04-01 for the chapter's NMI resource tables; occurrence prose is undated within IMYB 2024,found_on_source_pages,all_found_on_source_pages,curated_page-referenced_transcription_with_machine_text_presence_checks,official_compiled_mineral_occurrence_context,official_compilation_not_independently_field_verified_by_khanan,excluded_context_only,"Broad compiled occurrence geography can overlap source evidence and is not an independent point, assay, reserve, mine or discovery label.",[],"The IBM State Reviews compile information from multiple sources and advise reader discretion. Place lists mix districts, historical names, named belts, fields and basins; occurrence does not establish grade, quantity, continuity, current legality, economics, access or a new discovery."
IBM-IMYB2024-STATE-OCC-0036,SRC_IBM_INDIAN_MINERALS_YEARBOOK_2024_STATE_REVIEWS,v1.0-alpha.22,Andhra Pradesh,district_list,silver,"[""element:silver""]","[""Silver""]","[""silver""]","[""Ag""]","[""silver""]","[""Guntur""]",1,"[157,158]","[142,143]",https://www.ibm.gov.in/writereaddata/files/177426215469c1178a48453IMYB_2024_EBookFinal.pdf,7e4cf991426ac8299ec0a365af68a05a8276f3b81ae2433fb6debd4358550354,2026-03-11,2020-04-01 for the chapter's NMI resource tables; occurrence prose is undated within IMYB 2024,found_on_source_pages,all_found_on_source_pages,curated_page-referenced_transcription_with_machine_text_presence_checks,official_compiled_mineral_occurrence_context,official_compilation_not_independently_field_verified_by_khanan,excluded_context_only,"Broad compiled occurrence geography can overlap source evidence and is not an independent point, assay, reserve, mine or discovery label.",[],"The IBM State Reviews compile information from multiple sources and advise reader discretion. Place lists mix districts, historical names, named belts, fields and basins; occurrence does not establish grade, quantity, continuity, current legality, economics, access or a new discovery."
IBM-IMYB2024-STATE-OCC-0037,SRC_IBM_INDIAN_MINERALS_YEARBOOK_2024_STATE_REVIEWS,v1.0-alpha.22,Andhra Pradesh,district_list,titanium minerals,"[""element:titanium"",""ore:titanium-mineral-concentrates""]","[""Titanium"",""Titanium mineral concentrates""]","[""titanium"",""titanium dioxide""]","[""Ti""]","[""titanium"",""titanium dioxide""]","[""East Godavari"",""Krishna"",""Nellore"",""Srikakulam"",""Visakhapatnam""]",5,"[157,158]","[142,143]",https://www.ibm.gov.in/writereaddata/files/177426215469c1178a48453IMYB_2024_EBookFinal.pdf,7e4cf991426ac8299ec0a365af68a05a8276f3b81ae2433fb6debd4358550354,2026-03-11,2020-04-01 for the chapter's NMI resource tables; occurrence prose is undated within IMYB 2024,found_on_source_pages,all_found_on_source_pages,curated_page-referenced_transcription_with_machine_text_presence_checks,official_compiled_mineral_occurrence_context,official_compilation_not_independently_field_verified_by_khanan,excluded_context_only,"Broad compiled occurrence geography can overlap source evidence and is not an independent point, assay, reserve, mine or discovery label.",[],"The IBM State Reviews compile information from multiple sources and advise reader discretion. Place lists mix districts, historical names, named belts, fields and basins; occurrence does not establish grade, quantity, continuity, current legality, economics, access or a new discovery."
IBM-IMYB2024-STATE-OCC-0038,SRC_IBM_INDIAN_MINERALS_YEARBOOK_2024_STATE_REVIEWS,v1.0-alpha.22,Andhra Pradesh,district_list,tungsten,"[""element:tungsten""]","[""Tungsten""]","[""tungsten""]","[""W""]","[""tungsten""]","[""East Godavari""]",1,"[157,158]","[142,143]",https://www.ibm.gov.in/writereaddata/files/177426215469c1178a48453IMYB_2024_EBookFinal.pdf,7e4cf991426ac8299ec0a365af68a05a8276f3b81ae2433fb6debd4358550354,2026-03-11,2020-04-01 for the chapter's NMI resource tables; occurrence prose is undated within IMYB 2024,found_on_source_pages,all_found_on_source_pages,curated_page-referenced_transcription_with_machine_text_presence_checks,official_compiled_mineral_occurrence_context,official_compilation_not_independently_field_verified_by_khanan,excluded_context_only,"Broad compiled occurrence geography can overlap source evidence and is not an independent point, assay, reserve, mine or discovery label.",[],"The IBM State Reviews compile information from multiple sources and advise reader discretion. Place lists mix districts, historical names, named belts, fields and basins; occurrence does not establish grade, quantity, continuity, current legality, economics, access or a new discovery."
IBM-IMYB2024-STATE-OCC-0039,SRC_IBM_INDIAN_MINERALS_YEARBOOK_2024_STATE_REVIEWS,v1.0-alpha.22,Andhra Pradesh,named_area_list,coal,"[""commodity:coal""]","[""Coal""]",[],[],"[""Coal""]","[""Godavari Valley Coalfield""]",1,"[157,158]","[142,143]",https://www.ibm.gov.in/writereaddata/files/177426215469c1178a48453IMYB_2024_EBookFinal.pdf,7e4cf991426ac8299ec0a365af68a05a8276f3b81ae2433fb6debd4358550354,2026-03-11,2020-04-01 for the chapter's NMI resource tables; occurrence prose is undated within IMYB 2024,found_on_source_pages,all_found_on_source_pages,curated_page-referenced_transcription_with_machine_text_presence_checks,official_compiled_mineral_occurrence_context,official_compilation_not_independently_field_verified_by_khanan,excluded_context_only,"Broad compiled occurrence geography can overlap source evidence and is not an independent point, assay, reserve, mine or discovery label.",[],"The IBM State Reviews compile information from multiple sources and advise reader discretion. Place lists mix districts, historical names, named belts, fields and basins; occurrence does not establish grade, quantity, continuity, current legality, economics, access or a new discovery."
IBM-IMYB2024-STATE-OCC-0040,SRC_IBM_INDIAN_MINERALS_YEARBOOK_2024_STATE_REVIEWS,v1.0-alpha.22,Andhra Pradesh,named_area_list,petroleum,"[""commodity:petroleum""]","[""Petroleum""]",[],[],"[""Petroleum""]","[""onshore and offshore areas of Krishna-Godavari basin""]",1,"[157,158]","[142,143]",https://www.ibm.gov.in/writereaddata/files/177426215469c1178a48453IMYB_2024_EBookFinal.pdf,7e4cf991426ac8299ec0a365af68a05a8276f3b81ae2433fb6debd4358550354,2026-03-11,2020-04-01 for the chapter's NMI resource tables; occurrence prose is undated within IMYB 2024,found_on_source_pages,all_found_on_source_pages,curated_page-referenced_transcription_with_machine_text_presence_checks,official_compiled_mineral_occurrence_context,official_compilation_not_independently_field_verified_by_khanan,excluded_context_only,"Broad compiled occurrence geography can overlap source evidence and is not an independent point, assay, reserve, mine or discovery label.",[],"The IBM State Reviews compile information from multiple sources and advise reader discretion. Place lists mix districts, historical names, named belts, fields and basins; occurrence does not establish grade, quantity, continuity, current legality, economics, access or a new discovery."
IBM-IMYB2024-STATE-OCC-0041,SRC_IBM_INDIAN_MINERALS_YEARBOOK_2024_STATE_REVIEWS,v1.0-alpha.22,Andhra Pradesh,named_area_list,natural gas,"[""commodity:natural-gas""]","[""Natural gas""]","[""methane""]",[],"[""methane""]","[""onshore and offshore areas of Krishna-Godavari basin""]",1,"[157,158]","[142,143]",https://www.ibm.gov.in/writereaddata/files/177426215469c1178a48453IMYB_2024_EBookFinal.pdf,7e4cf991426ac8299ec0a365af68a05a8276f3b81ae2433fb6debd4358550354,2026-03-11,2020-04-01 for the chapter's NMI resource tables; occurrence prose is undated within IMYB 2024,found_on_source_pages,all_found_on_source_pages,curated_page-referenced_transcription_with_machine_text_presence_checks,official_compiled_mineral_occurrence_context,official_compilation_not_independently_field_verified_by_khanan,excluded_context_only,"Broad compiled occurrence geography can overlap source evidence and is not an independent point, assay, reserve, mine or discovery label.",[],"The IBM State Reviews compile information from multiple sources and advise reader discretion. Place lists mix districts, historical names, named belts, fields and basins; occurrence does not establish grade, quantity, continuity, current legality, economics, access or a new discovery."
IBM-IMYB2024-STATE-OCC-0042,SRC_IBM_INDIAN_MINERALS_YEARBOOK_2024_STATE_REVIEWS,v1.0-alpha.22,Arunachal Pradesh,district_list,copper,"[""element:copper""]","[""Copper""]","[""copper""]","[""Cu""]","[""copper""]","[""East Kameng""]",1,[162],[147],https://www.ibm.gov.in/writereaddata/files/177426215469c1178a48453IMYB_2024_EBookFinal.pdf,7e4cf991426ac8299ec0a365af68a05a8276f3b81ae2433fb6debd4358550354,2026-03-11,2020-04-01 for the chapter's NMI resource tables; occurrence prose is undated within IMYB 2024,found_on_source_pages,all_found_on_source_pages,curated_page-referenced_transcription_with_machine_text_presence_checks,official_compiled_mineral_occurrence_context,official_compilation_not_independently_field_verified_by_khanan,excluded_context_only,"Broad compiled occurrence geography can overlap source evidence and is not an independent point, assay, reserve, mine or discovery label.",[],"The IBM State Reviews compile information from multiple sources and advise reader discretion. Place lists mix districts, historical names, named belts, fields and basins; occurrence does not establish grade, quantity, continuity, current legality, economics, access or a new discovery."
IBM-IMYB2024-STATE-OCC-0043,SRC_IBM_INDIAN_MINERALS_YEARBOOK_2024_STATE_REVIEWS,v1.0-alpha.22,Arunachal Pradesh,district_list,dolomite,"[""mineral:dolomite""]","[""Dolomite""]","[""dolomite""]","[""CaMg(CO3)2""]","[""dolomite""]","[""West Kameng""]",1,[162],[147],https://www.ibm.gov.in/writereaddata/files/177426215469c1178a48453IMYB_2024_EBookFinal.pdf,7e4cf991426ac8299ec0a365af68a05a8276f3b81ae2433fb6debd4358550354,2026-03-11,2020-04-01 for the chapter's NMI resource tables; occurrence prose is undated within IMYB 2024,found_on_source_pages,all_found_on_source_pages,curated_page-referenced_transcription_with_machine_text_presence_checks,official_compiled_mineral_occurrence_context,official_compilation_not_independently_field_verified_by_khanan,excluded_context_only,"Broad compiled occurrence geography can overlap source evidence and is not an independent point, assay, reserve, mine or discovery label.",[],"The IBM State Reviews compile information from multiple sources and advise reader discretion. Place lists mix districts, historical names, named belts, fields and basins; occurrence does not establish grade, quantity, continuity, current legality, economics, access or a new discovery."
IBM-IMYB2024-STATE-OCC-0044,SRC_IBM_INDIAN_MINERALS_YEARBOOK_2024_STATE_REVIEWS,v1.0-alpha.22,Arunachal Pradesh,district_list,quartzite,"[""element:silicon"",""rock:quartzite""]","[""Silicon"",""Quartzite""]","[""silicon"",""silicon dioxide""]","[""Si""]","[""silicon"",""silicon dioxide""]","[""West Kameng""]",1,[162],[147],https://www.ibm.gov.in/writereaddata/files/177426215469c1178a48453IMYB_2024_EBookFinal.pdf,7e4cf991426ac8299ec0a365af68a05a8276f3b81ae2433fb6debd4358550354,2026-03-11,2020-04-01 for the chapter's NMI resource tables; occurrence prose is undated within IMYB 2024,found_on_source_pages,all_found_on_source_pages,curated_page-referenced_transcription_with_machine_text_presence_checks,official_compiled_mineral_occurrence_context,official_compilation_not_independently_field_verified_by_khanan,excluded_context_only,"Broad compiled occurrence geography can overlap source evidence and is not an independent point, assay, reserve, mine or discovery label.",[],"The IBM State Reviews compile information from multiple sources and advise reader discretion. Place lists mix districts, historical names, named belts, fields and basins; occurrence does not establish grade, quantity, continuity, current legality, economics, access or a new discovery."
IBM-IMYB2024-STATE-OCC-0045,SRC_IBM_INDIAN_MINERALS_YEARBOOK_2024_STATE_REVIEWS,v1.0-alpha.22,Arunachal Pradesh,district_list,fuller's earth,"[""group:clay""]","[""Clay""]",[],[],"[""Clay""]","[""Tirap""]",1,[162],[147],https://www.ibm.gov.in/writereaddata/files/177426215469c1178a48453IMYB_2024_EBookFinal.pdf,7e4cf991426ac8299ec0a365af68a05a8276f3b81ae2433fb6debd4358550354,2026-03-11,2020-04-01 for the chapter's NMI resource tables; occurrence prose is undated within IMYB 2024,found_on_source_pages,all_found_on_source_pages,curated_page-referenced_transcription_with_machine_text_presence_checks,official_compiled_mineral_occurrence_context,official_compilation_not_independently_field_verified_by_khanan,excluded_context_only,"Broad compiled occurrence geography can overlap source evidence and is not an independent point, assay, reserve, mine or discovery label.",[],"The IBM State Reviews compile information from multiple sources and advise reader discretion. Place lists mix districts, historical names, named belts, fields and basins; occurrence does not establish grade, quantity, continuity, current legality, economics, access or a new discovery."
IBM-IMYB2024-STATE-OCC-0046,SRC_IBM_INDIAN_MINERALS_YEARBOOK_2024_STATE_REVIEWS,v1.0-alpha.22,Arunachal Pradesh,district_list,graphite,"[""mineral:graphite""]","[""Graphite""]","[""carbon""]","[""C""]","[""carbon""]","[""Lohit"",""East Siang"",""Upper Subansiri""]",3,[162],[147],https://www.ibm.gov.in/writereaddata/files/177426215469c1178a48453IMYB_2024_EBookFinal.pdf,7e4cf991426ac8299ec0a365af68a05a8276f3b81ae2433fb6debd4358550354,2026-03-11,2020-04-01 for the chapter's NMI resource tables; occurrence prose is undated within IMYB 2024,found_on_source_pages,all_found_on_source_pages,curated_page-referenced_transcription_with_machine_text_presence_checks,official_compiled_mineral_occurrence_context,official_compilation_not_independently_field_verified_by_khanan,excluded_context_only,"Broad compiled occurrence geography can overlap source evidence and is not an independent point, assay, reserve, mine or discovery label.",[],"The IBM State Reviews compile information from multiple sources and advise reader discretion. Place lists mix districts, historical names, named belts, fields and basins; occurrence does not establish grade, quantity, continuity, current legality, economics, access or a new discovery."
IBM-IMYB2024-STATE-OCC-0047,SRC_IBM_INDIAN_MINERALS_YEARBOOK_2024_STATE_REVIEWS,v1.0-alpha.22,Arunachal Pradesh,district_list,limestone,"[""group:calcium-and-limestone"",""rock:limestone""]","[""Calcium and limestone"",""Limestone""]","[""calcium"",""calcium carbonate""]",[],"[""calcium"",""calcium carbonate""]","[""Dibang Valley"",""Lohit"",""East Siang"",""Upper Subansiri""]",4,[162],[147],https://www.ibm.gov.in/writereaddata/files/177426215469c1178a48453IMYB_2024_EBookFinal.pdf,7e4cf991426ac8299ec0a365af68a05a8276f3b81ae2433fb6debd4358550354,2026-03-11,2020-04-01 for the chapter's NMI resource tables; occurrence prose is undated within IMYB 2024,found_on_source_pages,all_found_on_source_pages,curated_page-referenced_transcription_with_machine_text_presence_checks,official_compiled_mineral_occurrence_context,official_compilation_not_independently_field_verified_by_khanan,excluded_context_only,"Broad compiled occurrence geography can overlap source evidence and is not an independent point, assay, reserve, mine or discovery label.",[],"The IBM State Reviews compile information from multiple sources and advise reader discretion. Place lists mix districts, historical names, named belts, fields and basins; occurrence does not establish grade, quantity, continuity, current legality, economics, access or a new discovery."
IBM-IMYB2024-STATE-OCC-0048,SRC_IBM_INDIAN_MINERALS_YEARBOOK_2024_STATE_REVIEWS,v1.0-alpha.22,Arunachal Pradesh,named_area_list,petroleum,"[""commodity:petroleum""]","[""Petroleum""]",[],[],"[""Petroleum""]","[""Ningru"",""Dam Duma"",""Assam Arakan Fold Belt"",""Upper Assam basin""]",4,[162],[147],https://www.ibm.gov.in/writereaddata/files/177426215469c1178a48453IMYB_2024_EBookFinal.pdf,7e4cf991426ac8299ec0a365af68a05a8276f3b81ae2433fb6debd4358550354,2026-03-11,2020-04-01 for the chapter's NMI resource tables; occurrence prose is undated within IMYB 2024,found_on_source_pages,all_found_on_source_pages,curated_page-referenced_transcription_with_machine_text_presence_checks,official_compiled_mineral_occurrence_context,official_compilation_not_independently_field_verified_by_khanan,excluded_context_only,"Broad compiled occurrence geography can overlap source evidence and is not an independent point, assay, reserve, mine or discovery label.",[],"The IBM State Reviews compile information from multiple sources and advise reader discretion. Place lists mix districts, historical names, named belts, fields and basins; occurrence does not establish grade, quantity, continuity, current legality, economics, access or a new discovery."
IBM-IMYB2024-STATE-OCC-0049,SRC_IBM_INDIAN_MINERALS_YEARBOOK_2024_STATE_REVIEWS,v1.0-alpha.22,Arunachal Pradesh,named_area_list,natural gas,"[""commodity:natural-gas""]","[""Natural gas""]","[""methane""]",[],"[""methane""]","[""Ningru"",""Dam Duma"",""Assam Arakan Fold Belt"",""Upper Assam basin""]",4,[162],[147],https://www.ibm.gov.in/writereaddata/files/177426215469c1178a48453IMYB_2024_EBookFinal.pdf,7e4cf991426ac8299ec0a365af68a05a8276f3b81ae2433fb6debd4358550354,2026-03-11,2020-04-01 for the chapter's NMI resource tables; occurrence prose is undated within IMYB 2024,found_on_source_pages,all_found_on_source_pages,curated_page-referenced_transcription_with_machine_text_presence_checks,official_compiled_mineral_occurrence_context,official_compilation_not_independently_field_verified_by_khanan,excluded_context_only,"Broad compiled occurrence geography can overlap source evidence and is not an independent point, assay, reserve, mine or discovery label.",[],"The IBM State Reviews compile information from multiple sources and advise reader discretion. Place lists mix districts, historical names, named belts, fields and basins; occurrence does not establish grade, quantity, continuity, current legality, economics, access or a new discovery."
IBM-IMYB2024-STATE-OCC-0050,SRC_IBM_INDIAN_MINERALS_YEARBOOK_2024_STATE_REVIEWS,v1.0-alpha.22,Arunachal Pradesh,named_area_list,coal,"[""commodity:coal""]","[""Coal""]",[],[],"[""Coal""]","[""Namchick Namphuk Coalfield"",""Miaobum Coalfield""]",2,[162],[147],https://www.ibm.gov.in/writereaddata/files/177426215469c1178a48453IMYB_2024_EBookFinal.pdf,7e4cf991426ac8299ec0a365af68a05a8276f3b81ae2433fb6debd4358550354,2026-03-11,2020-04-01 for the chapter's NMI resource tables; occurrence prose is undated within IMYB 2024,found_on_source_pages,all_found_on_source_pages,curated_page-referenced_transcription_with_machine_text_presence_checks,official_compiled_mineral_occurrence_context,official_compilation_not_independently_field_verified_by_khanan,excluded_context_only,"Broad compiled occurrence geography can overlap source evidence and is not an independent point, assay, reserve, mine or discovery label.",[],"The IBM State Reviews compile information from multiple sources and advise reader discretion. Place lists mix districts, historical names, named belts, fields and basins; occurrence does not establish grade, quantity, continuity, current legality, economics, access or a new discovery."
IBM-IMYB2024-STATE-OCC-0051,SRC_IBM_INDIAN_MINERALS_YEARBOOK_2024_STATE_REVIEWS,v1.0-alpha.22,Assam,district_list,petroleum,"[""commodity:petroleum""]","[""Petroleum""]",[],[],"[""Petroleum""]","[""Lakhimpur"",""Sivasagar""]",2,[164],[149],https://www.ibm.gov.in/writereaddata/files/177426215469c1178a48453IMYB_2024_EBookFinal.pdf,7e4cf991426ac8299ec0a365af68a05a8276f3b81ae2433fb6debd4358550354,2026-03-11,2020-04-01 for the chapter's NMI resource tables; occurrence prose is undated within IMYB 2024,found_on_source_pages,all_found_on_source_pages,curated_page-referenced_transcription_with_machine_text_presence_checks,official_compiled_mineral_occurrence_context,official_compilation_not_independently_field_verified_by_khanan,excluded_context_only,"Broad compiled occurrence geography can overlap source evidence and is not an independent point, assay, reserve, mine or discovery label.",[],"The IBM State Reviews compile information from multiple sources and advise reader discretion. Place lists mix districts, historical names, named belts, fields and basins; occurrence does not establish grade, quantity, continuity, current legality, economics, access or a new discovery."
IBM-IMYB2024-STATE-OCC-0052,SRC_IBM_INDIAN_MINERALS_YEARBOOK_2024_STATE_REVIEWS,v1.0-alpha.22,Assam,district_list,natural gas,"[""commodity:natural-gas""]","[""Natural gas""]","[""methane""]",[],"[""methane""]","[""Lakhimpur"",""Sivasagar""]",2,[164],[149],https://www.ibm.gov.in/writereaddata/files/177426215469c1178a48453IMYB_2024_EBookFinal.pdf,7e4cf991426ac8299ec0a365af68a05a8276f3b81ae2433fb6debd4358550354,2026-03-11,2020-04-01 for the chapter's NMI resource tables; occurrence prose is undated within IMYB 2024,found_on_source_pages,all_found_on_source_pages,curated_page-referenced_transcription_with_machine_text_presence_checks,official_compiled_mineral_occurrence_context,official_compilation_not_independently_field_verified_by_khanan,excluded_context_only,"Broad compiled occurrence geography can overlap source evidence and is not an independent point, assay, reserve, mine or discovery label.",[],"The IBM State Reviews compile information from multiple sources and advise reader discretion. Place lists mix districts, historical names, named belts, fields and basins; occurrence does not establish grade, quantity, continuity, current legality, economics, access or a new discovery."
IBM-IMYB2024-STATE-OCC-0053,SRC_IBM_INDIAN_MINERALS_YEARBOOK_2024_STATE_REVIEWS,v1.0-alpha.22,Assam,district_list,limestone,"[""group:calcium-and-limestone"",""rock:limestone""]","[""Calcium and limestone"",""Limestone""]","[""calcium"",""calcium carbonate""]",[],"[""calcium"",""calcium carbonate""]","[""Karbi Anglong"",""North Cachar Hills"",""Nowgaon""]",3,[164],[149],https://www.ibm.gov.in/writereaddata/files/177426215469c1178a48453IMYB_2024_EBookFinal.pdf,7e4cf991426ac8299ec0a365af68a05a8276f3b81ae2433fb6debd4358550354,2026-03-11,2020-04-01 for the chapter's NMI resource tables; occurrence prose is undated within IMYB 2024,found_on_source_pages,all_found_on_source_pages,curated_page-referenced_transcription_with_machine_text_presence_checks,official_compiled_mineral_occurrence_context,official_compilation_not_independently_field_verified_by_khanan,excluded_context_only,"Broad compiled occurrence geography can overlap source evidence and is not an independent point, assay, reserve, mine or discovery label.",[],"The IBM State Reviews compile information from multiple sources and advise reader discretion. Place lists mix districts, historical names, named belts, fields and basins; occurrence does not establish grade, quantity, continuity, current legality, economics, access or a new discovery."
IBM-IMYB2024-STATE-OCC-0054,SRC_IBM_INDIAN_MINERALS_YEARBOOK_2024_STATE_REVIEWS,v1.0-alpha.22,Assam,district_list,china clay,"[""group:kaolin"",""mineral:kaolinite""]","[""Kaolin"",""Kaolinite""]","[""kaolinite"",""aluminium silicate hydroxide""]","[""Al2Si2O5(OH)4""]","[""kaolinite"",""aluminium silicate hydroxide""]","[""Karbi Anglong"",""North Lakhimpur""]",2,[164],[149],https://www.ibm.gov.in/writereaddata/files/177426215469c1178a48453IMYB_2024_EBookFinal.pdf,7e4cf991426ac8299ec0a365af68a05a8276f3b81ae2433fb6debd4358550354,2026-03-11,2020-04-01 for the chapter's NMI resource tables; occurrence prose is undated within IMYB 2024,found_on_source_pages,all_found_on_source_pages,curated_page-referenced_transcription_with_machine_text_presence_checks,official_compiled_mineral_occurrence_context,official_compilation_not_independently_field_verified_by_khanan,excluded_context_only,"Broad compiled occurrence geography can overlap source evidence and is not an independent point, assay, reserve, mine or discovery label.",[],"The IBM State Reviews compile information from multiple sources and advise reader discretion. Place lists mix districts, historical names, named belts, fields and basins; occurrence does not establish grade, quantity, continuity, current legality, economics, access or a new discovery."
IBM-IMYB2024-STATE-OCC-0055,SRC_IBM_INDIAN_MINERALS_YEARBOOK_2024_STATE_REVIEWS,v1.0-alpha.22,Assam,district_list,fireclay,"[""material:fire-clay"",""group:clay""]","[""Fire clay"",""Clay""]",[],[],"[""Fire clay"",""Clay""]","[""Dibrugarh"",""Karbi Anglong"",""North Cachar Hills"",""North Lakhimpur""]",4,[164],[149],https://www.ibm.gov.in/writereaddata/files/177426215469c1178a48453IMYB_2024_EBookFinal.pdf,7e4cf991426ac8299ec0a365af68a05a8276f3b81ae2433fb6debd4358550354,2026-03-11,2020-04-01 for the chapter's NMI resource tables; occurrence prose is undated within IMYB 2024,found_on_source_pages,all_found_on_source_pages,curated_page-referenced_transcription_with_machine_text_presence_checks,official_compiled_mineral_occurrence_context,official_compilation_not_independently_field_verified_by_khanan,excluded_context_only,"Broad compiled occurrence geography can overlap source evidence and is not an independent point, assay, reserve, mine or discovery label.",[],"The IBM State Reviews compile information from multiple sources and advise reader discretion. Place lists mix districts, historical names, named belts, fields and basins; occurrence does not establish grade, quantity, continuity, current legality, economics, access or a new discovery."
IBM-IMYB2024-STATE-OCC-0056,SRC_IBM_INDIAN_MINERALS_YEARBOOK_2024_STATE_REVIEWS,v1.0-alpha.22,Assam,district_list,fuller's earth,"[""group:clay""]","[""Clay""]",[],[],"[""Clay""]","[""Nalbari""]",1,[164],[149],https://www.ibm.gov.in/writereaddata/files/177426215469c1178a48453IMYB_2024_EBookFinal.pdf,7e4cf991426ac8299ec0a365af68a05a8276f3b81ae2433fb6debd4358550354,2026-03-11,2020-04-01 for the chapter's NMI resource tables; occurrence prose is undated within IMYB 2024,found_on_source_pages,all_found_on_source_pages,curated_page-referenced_transcription_with_machine_text_presence_checks,official_compiled_mineral_occurrence_context,official_compilation_not_independently_field_verified_by_khanan,excluded_context_only,"Broad compiled occurrence geography can overlap source evidence and is not an independent point, assay, reserve, mine or discovery label.",[],"The IBM State Reviews compile information from multiple sources and advise reader discretion. Place lists mix districts, historical names, named belts, fields and basins; occurrence does not establish grade, quantity, continuity, current legality, economics, access or a new discovery."
IBM-IMYB2024-STATE-OCC-0057,SRC_IBM_INDIAN_MINERALS_YEARBOOK_2024_STATE_REVIEWS,v1.0-alpha.22,Assam,district_list,granite,"[""rock:granite""]","[""Granite""]",[],[],"[""Granite""]","[""Goalpara"",""Kamrup"",""Karbi Anglong""]",3,[164],[149],https://www.ibm.gov.in/writereaddata/files/177426215469c1178a48453IMYB_2024_EBookFinal.pdf,7e4cf991426ac8299ec0a365af68a05a8276f3b81ae2433fb6debd4358550354,2026-03-11,2020-04-01 for the chapter's NMI resource tables; occurrence prose is undated within IMYB 2024,found_on_source_pages,all_found_on_source_pages,curated_page-referenced_transcription_with_machine_text_presence_checks,official_compiled_mineral_occurrence_context,official_compilation_not_independently_field_verified_by_khanan,excluded_context_only,"Broad compiled occurrence geography can overlap source evidence and is not an independent point, assay, reserve, mine or discovery label.",[],"The IBM State Reviews compile information from multiple sources and advise reader discretion. Place lists mix districts, historical names, named belts, fields and basins; occurrence does not establish grade, quantity, continuity, current legality, economics, access or a new discovery."
IBM-IMYB2024-STATE-OCC-0058,SRC_IBM_INDIAN_MINERALS_YEARBOOK_2024_STATE_REVIEWS,v1.0-alpha.22,Assam,district_list,iron ore (haematite),"[""element:iron"",""ore:iron-ore"",""mineral:hematite""]","[""Iron"",""Iron ore"",""Hematite""]","[""iron"",""hematite""]","[""Fe"",""Fe2O3""]","[""iron"",""hematite""]","[""Kokrajhar""]",1,[164],[149],https://www.ibm.gov.in/writereaddata/files/177426215469c1178a48453IMYB_2024_EBookFinal.pdf,7e4cf991426ac8299ec0a365af68a05a8276f3b81ae2433fb6debd4358550354,2026-03-11,2020-04-01 for the chapter's NMI resource tables; occurrence prose is undated within IMYB 2024,found_on_source_pages,all_found_on_source_pages,curated_page-referenced_transcription_with_machine_text_presence_checks,official_compiled_mineral_occurrence_context,official_compilation_not_independently_field_verified_by_khanan,excluded_context_only,"Broad compiled occurrence geography can overlap source evidence and is not an independent point, assay, reserve, mine or discovery label.",[],"The IBM State Reviews compile information from multiple sources and advise reader discretion. Place lists mix districts, historical names, named belts, fields and basins; occurrence does not establish grade, quantity, continuity, current legality, economics, access or a new discovery."
IBM-IMYB2024-STATE-OCC-0059,SRC_IBM_INDIAN_MINERALS_YEARBOOK_2024_STATE_REVIEWS,v1.0-alpha.22,Assam,district_list,iron ore (magnetite),"[""element:iron"",""ore:iron-ore"",""mineral:magnetite""]","[""Iron"",""Iron ore"",""Magnetite""]","[""iron"",""magnetite""]","[""Fe"",""Fe2+Fe3+2O4""]","[""iron"",""magnetite""]","[""Dhubri"",""Goalpara"",""Kokrajhar""]",3,[164],[149],https://www.ibm.gov.in/writereaddata/files/177426215469c1178a48453IMYB_2024_EBookFinal.pdf,7e4cf991426ac8299ec0a365af68a05a8276f3b81ae2433fb6debd4358550354,2026-03-11,2020-04-01 for the chapter's NMI resource tables; occurrence prose is undated within IMYB 2024,found_on_source_pages,all_found_on_source_pages,curated_page-referenced_transcription_with_machine_text_presence_checks,official_compiled_mineral_occurrence_context,official_compilation_not_independently_field_verified_by_khanan,excluded_context_only,"Broad compiled occurrence geography can overlap source evidence and is not an independent point, assay, reserve, mine or discovery label.",[],"The IBM State Reviews compile information from multiple sources and advise reader discretion. Place lists mix districts, historical names, named belts, fields and basins; occurrence does not establish grade, quantity, continuity, current legality, economics, access or a new discovery."
IBM-IMYB2024-STATE-OCC-0060,SRC_IBM_INDIAN_MINERALS_YEARBOOK_2024_STATE_REVIEWS,v1.0-alpha.22,Assam,district_list,quartz/silica sand,"[""element:silicon"",""mineral:quartz"",""material:sand-and-gravel-industrial""]","[""Silicon"",""Quartz"",""Sand and gravel (industrial)""]","[""silicon"",""silicon dioxide"",""quartz""]","[""Si"",""SiO2""]","[""silicon"",""silicon dioxide"",""quartz""]","[""Nowgaon""]",1,[164],[149],https://www.ibm.gov.in/writereaddata/files/177426215469c1178a48453IMYB_2024_EBookFinal.pdf,7e4cf991426ac8299ec0a365af68a05a8276f3b81ae2433fb6debd4358550354,2026-03-11,2020-04-01 for the chapter's NMI resource tables; occurrence prose is undated within IMYB 2024,found_on_source_pages,all_found_on_source_pages,curated_page-referenced_transcription_with_machine_text_presence_checks,official_compiled_mineral_occurrence_context,official_compilation_not_independently_field_verified_by_khanan,excluded_context_only,"Broad compiled occurrence geography can overlap source evidence and is not an independent point, assay, reserve, mine or discovery label.",[],"The IBM State Reviews compile information from multiple sources and advise reader discretion. Place lists mix districts, historical names, named belts, fields and basins; occurrence does not establish grade, quantity, continuity, current legality, economics, access or a new discovery."
IBM-IMYB2024-STATE-OCC-0061,SRC_IBM_INDIAN_MINERALS_YEARBOOK_2024_STATE_REVIEWS,v1.0-alpha.22,Assam,district_list,sillimanite,"[""mineral:sillimanite""]","[""Sillimanite""]","[""sillimanite""]","[""Al2SiO5""]","[""sillimanite""]","[""Karbi Anglong"",""Nowgaon""]",2,[164],[149],https://www.ibm.gov.in/writereaddata/files/177426215469c1178a48453IMYB_2024_EBookFinal.pdf,7e4cf991426ac8299ec0a365af68a05a8276f3b81ae2433fb6debd4358550354,2026-03-11,2020-04-01 for the chapter's NMI resource tables; occurrence prose is undated within IMYB 2024,found_on_source_pages,all_found_on_source_pages,curated_page-referenced_transcription_with_machine_text_presence_checks,official_compiled_mineral_occurrence_context,official_compilation_not_independently_field_verified_by_khanan,excluded_context_only,"Broad compiled occurrence geography can overlap source evidence and is not an independent point, assay, reserve, mine or discovery label.",[],"The IBM State Reviews compile information from multiple sources and advise reader discretion. Place lists mix districts, historical names, named belts, fields and basins; occurrence does not establish grade, quantity, continuity, current legality, economics, access or a new discovery."
IBM-IMYB2024-STATE-OCC-0062,SRC_IBM_INDIAN_MINERALS_YEARBOOK_2024_STATE_REVIEWS,v1.0-alpha.22,Assam,named_area_list,coal,"[""commodity:coal""]","[""Coal""]",[],[],"[""Coal""]","[""Mikirs Hills"",""Dilli-Jeypore Coalfield"",""Makum Coalfield"",""Singrimari Coalfield""]",4,[164],[149],https://www.ibm.gov.in/writereaddata/files/177426215469c1178a48453IMYB_2024_EBookFinal.pdf,7e4cf991426ac8299ec0a365af68a05a8276f3b81ae2433fb6debd4358550354,2026-03-11,2020-04-01 for the chapter's NMI resource tables; occurrence prose is undated within IMYB 2024,found_on_source_pages,all_found_on_source_pages,curated_page-referenced_transcription_with_machine_text_presence_checks,official_compiled_mineral_occurrence_context,official_compilation_not_independently_field_verified_by_khanan,excluded_context_only,"Broad compiled occurrence geography can overlap source evidence and is not an independent point, assay, reserve, mine or discovery label.",[],"The IBM State Reviews compile information from multiple sources and advise reader discretion. Place lists mix districts, historical names, named belts, fields and basins; occurrence does not establish grade, quantity, continuity, current legality, economics, access or a new discovery."
IBM-IMYB2024-STATE-OCC-0063,SRC_IBM_INDIAN_MINERALS_YEARBOOK_2024_STATE_REVIEWS,v1.0-alpha.22,Assam,named_area_list,petroleum,"[""commodity:petroleum""]","[""Petroleum""]",[],[],"[""Petroleum""]","[""Digboi oilfields"",""Moran Rudrasagar oilfields"",""Assam Arakan Fold Belt"",""Upper Assam basin"",""Assam basin""]",5,[164],[149],https://www.ibm.gov.in/writereaddata/files/177426215469c1178a48453IMYB_2024_EBookFinal.pdf,7e4cf991426ac8299ec0a365af68a05a8276f3b81ae2433fb6debd4358550354,2026-03-11,2020-04-01 for the chapter's NMI resource tables; occurrence prose is undated within IMYB 2024,found_on_source_pages,all_found_on_source_pages,curated_page-referenced_transcription_with_machine_text_presence_checks,official_compiled_mineral_occurrence_context,official_compilation_not_independently_field_verified_by_khanan,excluded_context_only,"Broad compiled occurrence geography can overlap source evidence and is not an independent point, assay, reserve, mine or discovery label.",[],"The IBM State Reviews compile information from multiple sources and advise reader discretion. Place lists mix districts, historical names, named belts, fields and basins; occurrence does not establish grade, quantity, continuity, current legality, economics, access or a new discovery."
IBM-IMYB2024-STATE-OCC-0064,SRC_IBM_INDIAN_MINERALS_YEARBOOK_2024_STATE_REVIEWS,v1.0-alpha.22,Assam,named_area_list,natural gas,"[""commodity:natural-gas""]","[""Natural gas""]","[""methane""]",[],"[""methane""]","[""Digboi oilfields"",""Moran Rudrasagar oilfields"",""Assam Arakan Fold Belt"",""Upper Assam basin"",""Assam basin""]",5,[164],[149],https://www.ibm.gov.in/writereaddata/files/177426215469c1178a48453IMYB_2024_EBookFinal.pdf,7e4cf991426ac8299ec0a365af68a05a8276f3b81ae2433fb6debd4358550354,2026-03-11,2020-04-01 for the chapter's NMI resource tables; occurrence prose is undated within IMYB 2024,found_on_source_pages,all_found_on_source_pages,curated_page-referenced_transcription_with_machine_text_presence_checks,official_compiled_mineral_occurrence_context,official_compilation_not_independently_field_verified_by_khanan,excluded_context_only,"Broad compiled occurrence geography can overlap source evidence and is not an independent point, assay, reserve, mine or discovery label.",[],"The IBM State Reviews compile information from multiple sources and advise reader discretion. Place lists mix districts, historical names, named belts, fields and basins; occurrence does not establish grade, quantity, continuity, current legality, economics, access or a new discovery."
IBM-IMYB2024-STATE-OCC-0065,SRC_IBM_INDIAN_MINERALS_YEARBOOK_2024_STATE_REVIEWS,v1.0-alpha.22,Bihar,district_list,limestone,"[""group:calcium-and-limestone"",""rock:limestone""]","[""Calcium and limestone"",""Limestone""]","[""calcium"",""calcium carbonate""]",[],"[""calcium"",""calcium carbonate""]","[""Kaimur (Bhabhua)"",""Monghyr"",""Rohtas""]",3,[167],[152],https://www.ibm.gov.in/writereaddata/files/177426215469c1178a48453IMYB_2024_EBookFinal.pdf,7e4cf991426ac8299ec0a365af68a05a8276f3b81ae2433fb6debd4358550354,2026-03-11,2020-04-01 for the chapter's NMI resource tables; occurrence prose is undated within IMYB 2024,found_on_source_pages,all_found_on_source_pages,curated_page-referenced_transcription_with_machine_text_presence_checks,official_compiled_mineral_occurrence_context,official_compilation_not_independently_field_verified_by_khanan,excluded_context_only,"Broad compiled occurrence geography can overlap source evidence and is not an independent point, assay, reserve, mine or discovery label.",[],"The IBM State Reviews compile information from multiple sources and advise reader discretion. Place lists mix districts, historical names, named belts, fields and basins; occurrence does not establish grade, quantity, continuity, current legality, economics, access or a new discovery."
IBM-IMYB2024-STATE-OCC-0066,SRC_IBM_INDIAN_MINERALS_YEARBOOK_2024_STATE_REVIEWS,v1.0-alpha.22,Bihar,district_list,mica,"[""group:mica-group""]","[""Mica group""]",[],[],"[""Mica group""]","[""Nawada""]",1,[167],[152],https://www.ibm.gov.in/writereaddata/files/177426215469c1178a48453IMYB_2024_EBookFinal.pdf,7e4cf991426ac8299ec0a365af68a05a8276f3b81ae2433fb6debd4358550354,2026-03-11,2020-04-01 for the chapter's NMI resource tables; occurrence prose is undated within IMYB 2024,found_on_source_pages,all_found_on_source_pages,curated_page-referenced_transcription_with_machine_text_presence_checks,official_compiled_mineral_occurrence_context,official_compilation_not_independently_field_verified_by_khanan,excluded_context_only,"Broad compiled occurrence geography can overlap source evidence and is not an independent point, assay, reserve, mine or discovery label.",[],"The IBM State Reviews compile information from multiple sources and advise reader discretion. Place lists mix districts, historical names, named belts, fields and basins; occurrence does not establish grade, quantity, continuity, current legality, economics, access or a new discovery."
IBM-IMYB2024-STATE-OCC-0067,SRC_IBM_INDIAN_MINERALS_YEARBOOK_2024_STATE_REVIEWS,v1.0-alpha.22,Bihar,district_list,quartz/silica sand,"[""element:silicon"",""mineral:quartz"",""material:sand-and-gravel-industrial""]","[""Silicon"",""Quartz"",""Sand and gravel (industrial)""]","[""silicon"",""silicon dioxide"",""quartz""]","[""Si"",""SiO2""]","[""silicon"",""silicon dioxide"",""quartz""]","[""Bhagalpur"",""Jamui"",""Monghyr"",""Nalanda""]",4,[167],[152],https://www.ibm.gov.in/writereaddata/files/177426215469c1178a48453IMYB_2024_EBookFinal.pdf,7e4cf991426ac8299ec0a365af68a05a8276f3b81ae2433fb6debd4358550354,2026-03-11,2020-04-01 for the chapter's NMI resource tables; occurrence prose is undated within IMYB 2024,found_on_source_pages,all_found_on_source_pages,curated_page-referenced_transcription_with_machine_text_presence_checks,official_compiled_mineral_occurrence_context,official_compilation_not_independently_field_verified_by_khanan,excluded_context_only,"Broad compiled occurrence geography can overlap source evidence and is not an independent point, assay, reserve, mine or discovery label.",[],"The IBM State Reviews compile information from multiple sources and advise reader discretion. Place lists mix districts, historical names, named belts, fields and basins; occurrence does not establish grade, quantity, continuity, current legality, economics, access or a new discovery."
IBM-IMYB2024-STATE-OCC-0068,SRC_IBM_INDIAN_MINERALS_YEARBOOK_2024_STATE_REVIEWS,v1.0-alpha.22,Bihar,district_list,quartzite,"[""element:silicon"",""rock:quartzite""]","[""Silicon"",""Quartzite""]","[""silicon"",""silicon dioxide""]","[""Si""]","[""silicon"",""silicon dioxide""]","[""Lakhisarai"",""Monghyr"",""Nalanda""]",3,[167],[152],https://www.ibm.gov.in/writereaddata/files/177426215469c1178a48453IMYB_2024_EBookFinal.pdf,7e4cf991426ac8299ec0a365af68a05a8276f3b81ae2433fb6debd4358550354,2026-03-11,2020-04-01 for the chapter's NMI resource tables; occurrence prose is undated within IMYB 2024,found_on_source_pages,all_found_on_source_pages,curated_page-referenced_transcription_with_machine_text_presence_checks,official_compiled_mineral_occurrence_context,official_compilation_not_independently_field_verified_by_khanan,excluded_context_only,"Broad compiled occurrence geography can overlap source evidence and is not an independent point, assay, reserve, mine or discovery label.",[],"The IBM State Reviews compile information from multiple sources and advise reader discretion. Place lists mix districts, historical names, named belts, fields and basins; occurrence does not establish grade, quantity, continuity, current legality, economics, access or a new discovery."
IBM-IMYB2024-STATE-OCC-0069,SRC_IBM_INDIAN_MINERALS_YEARBOOK_2024_STATE_REVIEWS,v1.0-alpha.22,Bihar,district_list,talc/soapstone/steatite,"[""mineral:talc""]","[""Talc""]","[""talc""]","[""Mg3Si4O10(OH)2""]","[""talc""]","[""Monghyr""]",1,[167],[152],https://www.ibm.gov.in/writereaddata/files/177426215469c1178a48453IMYB_2024_EBookFinal.pdf,7e4cf991426ac8299ec0a365af68a05a8276f3b81ae2433fb6debd4358550354,2026-03-11,2020-04-01 for the chapter's NMI resource tables; occurrence prose is undated within IMYB 2024,found_on_source_pages,all_found_on_source_pages,curated_page-referenced_transcription_with_machine_text_presence_checks,official_compiled_mineral_occurrence_context,official_compilation_not_independently_field_verified_by_khanan,excluded_context_only,"Broad compiled occurrence geography can overlap source evidence and is not an independent point, assay, reserve, mine or discovery label.",[],"The IBM State Reviews compile information from multiple sources and advise reader discretion. Place lists mix districts, historical names, named belts, fields and basins; occurrence does not establish grade, quantity, continuity, current legality, economics, access or a new discovery."
IBM-IMYB2024-STATE-OCC-0070,SRC_IBM_INDIAN_MINERALS_YEARBOOK_2024_STATE_REVIEWS,v1.0-alpha.22,Bihar,district_list,bauxite,"[""element:aluminium"",""ore:bauxite""]","[""Aluminium"",""Bauxite""]","[""aluminium""]","[""Al""]","[""aluminium""]","[""Monghyr"",""Rohtas""]",2,[167],[152],https://www.ibm.gov.in/writereaddata/files/177426215469c1178a48453IMYB_2024_EBookFinal.pdf,7e4cf991426ac8299ec0a365af68a05a8276f3b81ae2433fb6debd4358550354,2026-03-11,2020-04-01 for the chapter's NMI resource tables; occurrence prose is undated within IMYB 2024,found_on_source_pages,all_found_on_source_pages,curated_page-referenced_transcription_with_machine_text_presence_checks,official_compiled_mineral_occurrence_context,official_compilation_not_independently_field_verified_by_khanan,excluded_context_only,"Broad compiled occurrence geography can overlap source evidence and is not an independent point, assay, reserve, mine or discovery label.",[],"The IBM State Reviews compile information from multiple sources and advise reader discretion. Place lists mix districts, historical names, named belts, fields and basins; occurrence does not establish grade, quantity, continuity, current legality, economics, access or a new discovery."
IBM-IMYB2024-STATE-OCC-0071,SRC_IBM_INDIAN_MINERALS_YEARBOOK_2024_STATE_REVIEWS,v1.0-alpha.22,Bihar,district_list,china clay,"[""group:kaolin"",""mineral:kaolinite""]","[""Kaolin"",""Kaolinite""]","[""kaolinite"",""aluminium silicate hydroxide""]","[""Al2Si2O5(OH)4""]","[""kaolinite"",""aluminium silicate hydroxide""]","[""Bhagalpur"",""Monghyr""]",2,[167],[152],https://www.ibm.gov.in/writereaddata/files/177426215469c1178a48453IMYB_2024_EBookFinal.pdf,7e4cf991426ac8299ec0a365af68a05a8276f3b81ae2433fb6debd4358550354,2026-03-11,2020-04-01 for the chapter's NMI resource tables; occurrence prose is undated within IMYB 2024,found_on_source_pages,all_found_on_source_pages,curated_page-referenced_transcription_with_machine_text_presence_checks,official_compiled_mineral_occurrence_context,official_compilation_not_independently_field_verified_by_khanan,excluded_context_only,"Broad compiled occurrence geography can overlap source evidence and is not an independent point, assay, reserve, mine or discovery label.",[],"The IBM State Reviews compile information from multiple sources and advise reader discretion. Place lists mix districts, historical names, named belts, fields and basins; occurrence does not establish grade, quantity, continuity, current legality, economics, access or a new discovery."
IBM-IMYB2024-STATE-OCC-0072,SRC_IBM_INDIAN_MINERALS_YEARBOOK_2024_STATE_REVIEWS,v1.0-alpha.22,Bihar,district_list,felspar,"[""group:feldspar-group""]","[""Feldspar group""]",[],[],"[""Feldspar group""]","[""Gaya"",""Jamui"",""Monghyr""]",3,[167],[152],https://www.ibm.gov.in/writereaddata/files/177426215469c1178a48453IMYB_2024_EBookFinal.pdf,7e4cf991426ac8299ec0a365af68a05a8276f3b81ae2433fb6debd4358550354,2026-03-11,2020-04-01 for the chapter's NMI resource tables; occurrence prose is undated within IMYB 2024,found_on_source_pages,all_found_on_source_pages,curated_page-referenced_transcription_with_machine_text_presence_checks,official_compiled_mineral_occurrence_context,official_compilation_not_independently_field_verified_by_khanan,excluded_context_only,"Broad compiled occurrence geography can overlap source evidence and is not an independent point, assay, reserve, mine or discovery label.",[],"The IBM State Reviews compile information from multiple sources and advise reader discretion. Place lists mix districts, historical names, named belts, fields and basins; occurrence does not establish grade, quantity, continuity, current legality, economics, access or a new discovery."
IBM-IMYB2024-STATE-OCC-0073,SRC_IBM_INDIAN_MINERALS_YEARBOOK_2024_STATE_REVIEWS,v1.0-alpha.22,Bihar,district_list,fireclay,"[""material:fire-clay"",""group:clay""]","[""Fire clay"",""Clay""]",[],[],"[""Fire clay"",""Clay""]","[""Bhagalpur"",""Purnea""]",2,[167],[152],https://www.ibm.gov.in/writereaddata/files/177426215469c1178a48453IMYB_2024_EBookFinal.pdf,7e4cf991426ac8299ec0a365af68a05a8276f3b81ae2433fb6debd4358550354,2026-03-11,2020-04-01 for the chapter's NMI resource tables; occurrence prose is undated within IMYB 2024,found_on_source_pages,all_found_on_source_pages,curated_page-referenced_transcription_with_machine_text_presence_checks,official_compiled_mineral_occurrence_context,official_compilation_not_independently_field_verified_by_khanan,excluded_context_only,"Broad compiled occurrence geography can overlap source evidence and is not an independent point, assay, reserve, mine or discovery label.",[],"The IBM State Reviews compile information from multiple sources and advise reader discretion. Place lists mix districts, historical names, named belts, fields and basins; occurrence does not establish grade, quantity, continuity, current legality, economics, access or a new discovery."
IBM-IMYB2024-STATE-OCC-0074,SRC_IBM_INDIAN_MINERALS_YEARBOOK_2024_STATE_REVIEWS,v1.0-alpha.22,Bihar,district_list,gold,"[""element:gold""]","[""Gold""]","[""gold""]","[""Au""]","[""gold""]","[""Jamui""]",1,[167],[152],https://www.ibm.gov.in/writereaddata/files/177426215469c1178a48453IMYB_2024_EBookFinal.pdf,7e4cf991426ac8299ec0a365af68a05a8276f3b81ae2433fb6debd4358550354,2026-03-11,2020-04-01 for the chapter's NMI resource tables; occurrence prose is undated within IMYB 2024,found_on_source_pages,all_found_on_source_pages,curated_page-referenced_transcription_with_machine_text_presence_checks,official_compiled_mineral_occurrence_context,official_compilation_not_independently_field_verified_by_khanan,excluded_context_only,"Broad compiled occurrence geography can overlap source evidence and is not an independent point, assay, reserve, mine or discovery label.",[],"The IBM State Reviews compile information from multiple sources and advise reader discretion. Place lists mix districts, historical names, named belts, fields and basins; occurrence does not establish grade, quantity, continuity, current legality, economics, access or a new discovery."
IBM-IMYB2024-STATE-OCC-0075,SRC_IBM_INDIAN_MINERALS_YEARBOOK_2024_STATE_REVIEWS,v1.0-alpha.22,Bihar,district_list,granite,"[""rock:granite""]","[""Granite""]",[],[],"[""Granite""]","[""Bhagalpur"",""Gaya"",""Jahanabad"",""Jamui""]",4,[167],[152],https://www.ibm.gov.in/writereaddata/files/177426215469c1178a48453IMYB_2024_EBookFinal.pdf,7e4cf991426ac8299ec0a365af68a05a8276f3b81ae2433fb6debd4358550354,2026-03-11,2020-04-01 for the chapter's NMI resource tables; occurrence prose is undated within IMYB 2024,found_on_source_pages,all_found_on_source_pages,curated_page-referenced_transcription_with_machine_text_presence_checks,official_compiled_mineral_occurrence_context,official_compilation_not_independently_field_verified_by_khanan,excluded_context_only,"Broad compiled occurrence geography can overlap source evidence and is not an independent point, assay, reserve, mine or discovery label.",[],"The IBM State Reviews compile information from multiple sources and advise reader discretion. Place lists mix districts, historical names, named belts, fields and basins; occurrence does not establish grade, quantity, continuity, current legality, economics, access or a new discovery."
IBM-IMYB2024-STATE-OCC-0076,SRC_IBM_INDIAN_MINERALS_YEARBOOK_2024_STATE_REVIEWS,v1.0-alpha.22,Bihar,district_list,iron ore (haematite),"[""element:iron"",""ore:iron-ore"",""mineral:hematite""]","[""Iron"",""Iron ore"",""Hematite""]","[""iron"",""hematite""]","[""Fe"",""Fe2O3""]","[""iron"",""hematite""]","[""Bhagalpur""]",1,[167],[152],https://www.ibm.gov.in/writereaddata/files/177426215469c1178a48453IMYB_2024_EBookFinal.pdf,7e4cf991426ac8299ec0a365af68a05a8276f3b81ae2433fb6debd4358550354,2026-03-11,2020-04-01 for the chapter's NMI resource tables; occurrence prose is undated within IMYB 2024,found_on_source_pages,all_found_on_source_pages,curated_page-referenced_transcription_with_machine_text_presence_checks,official_compiled_mineral_occurrence_context,official_compilation_not_independently_field_verified_by_khanan,excluded_context_only,"Broad compiled occurrence geography can overlap source evidence and is not an independent point, assay, reserve, mine or discovery label.",[],"The IBM State Reviews compile information from multiple sources and advise reader discretion. Place lists mix districts, historical names, named belts, fields and basins; occurrence does not establish grade, quantity, continuity, current legality, economics, access or a new discovery."
IBM-IMYB2024-STATE-OCC-0077,SRC_IBM_INDIAN_MINERALS_YEARBOOK_2024_STATE_REVIEWS,v1.0-alpha.22,Bihar,district_list,iron ore (magnetite),"[""element:iron"",""ore:iron-ore"",""mineral:magnetite""]","[""Iron"",""Iron ore"",""Magnetite""]","[""iron"",""magnetite""]","[""Fe"",""Fe2+Fe3+2O4""]","[""iron"",""magnetite""]","[""Gaya"",""Jamui""]",2,[167],[152],https://www.ibm.gov.in/writereaddata/files/177426215469c1178a48453IMYB_2024_EBookFinal.pdf,7e4cf991426ac8299ec0a365af68a05a8276f3b81ae2433fb6debd4358550354,2026-03-11,2020-04-01 for the chapter's NMI resource tables; occurrence prose is undated within IMYB 2024,found_on_source_pages,all_found_on_source_pages,curated_page-referenced_transcription_with_machine_text_presence_checks,official_compiled_mineral_occurrence_context,official_compilation_not_independently_field_verified_by_khanan,excluded_context_only,"Broad compiled occurrence geography can overlap source evidence and is not an independent point, assay, reserve, mine or discovery label.",[],"The IBM State Reviews compile information from multiple sources and advise reader discretion. Place lists mix districts, historical names, named belts, fields and basins; occurrence does not establish grade, quantity, continuity, current legality, economics, access or a new discovery."
IBM-IMYB2024-STATE-OCC-0078,SRC_IBM_INDIAN_MINERALS_YEARBOOK_2024_STATE_REVIEWS,v1.0-alpha.22,Bihar,district_list,lead-zinc,"[""element:lead"",""element:zinc""]","[""Lead"",""Zinc""]","[""lead"",""zinc""]","[""Pb"",""Zn""]","[""lead"",""zinc""]","[""Banka"",""Rohtas""]",2,[167],[152],https://www.ibm.gov.in/writereaddata/files/177426215469c1178a48453IMYB_2024_EBookFinal.pdf,7e4cf991426ac8299ec0a365af68a05a8276f3b81ae2433fb6debd4358550354,2026-03-11,2020-04-01 for the chapter's NMI resource tables; occurrence prose is undated within IMYB 2024,found_on_source_pages,all_found_on_source_pages,curated_page-referenced_transcription_with_machine_text_presence_checks,official_compiled_mineral_occurrence_context,official_compilation_not_independently_field_verified_by_khanan,excluded_context_only,"Broad compiled occurrence geography can overlap source evidence and is not an independent point, assay, reserve, mine or discovery label.",[],"The IBM State Reviews compile information from multiple sources and advise reader discretion. Place lists mix districts, historical names, named belts, fields and basins; occurrence does not establish grade, quantity, continuity, current legality, economics, access or a new discovery."
IBM-IMYB2024-STATE-OCC-0079,SRC_IBM_INDIAN_MINERALS_YEARBOOK_2024_STATE_REVIEWS,v1.0-alpha.22,Bihar,district_list,pyrites,"[""mineral:pyrite""]","[""Pyrite""]","[""pyrite""]","[""FeS2""]","[""pyrite""]","[""Rohtas""]",1,[167],[152],https://www.ibm.gov.in/writereaddata/files/177426215469c1178a48453IMYB_2024_EBookFinal.pdf,7e4cf991426ac8299ec0a365af68a05a8276f3b81ae2433fb6debd4358550354,2026-03-11,2020-04-01 for the chapter's NMI resource tables; occurrence prose is undated within IMYB 2024,found_on_source_pages,all_found_on_source_pages,curated_page-referenced_transcription_with_machine_text_presence_checks,official_compiled_mineral_occurrence_context,official_compilation_not_independently_field_verified_by_khanan,excluded_context_only,"Broad compiled occurrence geography can overlap source evidence and is not an independent point, assay, reserve, mine or discovery label.",[],"The IBM State Reviews compile information from multiple sources and advise reader discretion. Place lists mix districts, historical names, named belts, fields and basins; occurrence does not establish grade, quantity, continuity, current legality, economics, access or a new discovery."
IBM-IMYB2024-STATE-OCC-0080,SRC_IBM_INDIAN_MINERALS_YEARBOOK_2024_STATE_REVIEWS,v1.0-alpha.22,Bihar,named_area_list,coal,"[""commodity:coal""]","[""Coal""]",[],[],"[""Coal""]","[""Rajmahal coalfield""]",1,[167],[152],https://www.ibm.gov.in/writereaddata/files/177426215469c1178a48453IMYB_2024_EBookFinal.pdf,7e4cf991426ac8299ec0a365af68a05a8276f3b81ae2433fb6debd4358550354,2026-03-11,2020-04-01 for the chapter's NMI resource tables; occurrence prose is undated within IMYB 2024,found_on_source_pages,all_found_on_source_pages,curated_page-referenced_transcription_with_machine_text_presence_checks,official_compiled_mineral_occurrence_context,official_compilation_not_independently_field_verified_by_khanan,excluded_context_only,"Broad compiled occurrence geography can overlap source evidence and is not an independent point, assay, reserve, mine or discovery label.",[],"The IBM State Reviews compile information from multiple sources and advise reader discretion. Place lists mix districts, historical names, named belts, fields and basins; occurrence does not establish grade, quantity, continuity, current legality, economics, access or a new discovery."
IBM-IMYB2024-STATE-OCC-0081,SRC_IBM_INDIAN_MINERALS_YEARBOOK_2024_STATE_REVIEWS,v1.0-alpha.22,Chhattisgarh,district_list,bauxite,"[""element:aluminium"",""ore:bauxite""]","[""Aluminium"",""Bauxite""]","[""aluminium""]","[""Al""]","[""aluminium""]","[""Bastar"",""Bilaspur"",""Dantewada"",""Jashpur"",""Kanker"",""Kawardha (Kabirdham)"",""Korba"",""Raigarh"",""Sarguja""]",9,[169],[154],https://www.ibm.gov.in/writereaddata/files/177426215469c1178a48453IMYB_2024_EBookFinal.pdf,7e4cf991426ac8299ec0a365af68a05a8276f3b81ae2433fb6debd4358550354,2026-03-11,2020-04-01 for the chapter's NMI resource tables; occurrence prose is undated within IMYB 2024,found_on_source_pages,all_found_on_source_pages,curated_page-referenced_transcription_with_machine_text_presence_checks,official_compiled_mineral_occurrence_context,official_compilation_not_independently_field_verified_by_khanan,excluded_context_only,"Broad compiled occurrence geography can overlap source evidence and is not an independent point, assay, reserve, mine or discovery label.",[],"The IBM State Reviews compile information from multiple sources and advise reader discretion. Place lists mix districts, historical names, named belts, fields and basins; occurrence does not establish grade, quantity, continuity, current legality, economics, access or a new discovery."
IBM-IMYB2024-STATE-OCC-0082,SRC_IBM_INDIAN_MINERALS_YEARBOOK_2024_STATE_REVIEWS,v1.0-alpha.22,Chhattisgarh,district_list,china clay,"[""group:kaolin"",""mineral:kaolinite""]","[""Kaolin"",""Kaolinite""]","[""kaolinite"",""aluminium silicate hydroxide""]","[""Al2Si2O5(OH)4""]","[""kaolinite"",""aluminium silicate hydroxide""]","[""Durg"",""Rajnandgaon""]",2,[169],[154],https://www.ibm.gov.in/writereaddata/files/177426215469c1178a48453IMYB_2024_EBookFinal.pdf,7e4cf991426ac8299ec0a365af68a05a8276f3b81ae2433fb6debd4358550354,2026-03-11,2020-04-01 for the chapter's NMI resource tables; occurrence prose is undated within IMYB 2024,found_on_source_pages,all_found_on_source_pages,curated_page-referenced_transcription_with_machine_text_presence_checks,official_compiled_mineral_occurrence_context,official_compilation_not_independently_field_verified_by_khanan,excluded_context_only,"Broad compiled occurrence geography can overlap source evidence and is not an independent point, assay, reserve, mine or discovery label.",[],"The IBM State Reviews compile information from multiple sources and advise reader discretion. Place lists mix districts, historical names, named belts, fields and basins; occurrence does not establish grade, quantity, continuity, current legality, economics, access or a new discovery."
IBM-IMYB2024-STATE-OCC-0083,SRC_IBM_INDIAN_MINERALS_YEARBOOK_2024_STATE_REVIEWS,v1.0-alpha.22,Chhattisgarh,district_list,coal,"[""commodity:coal""]","[""Coal""]",[],[],"[""Coal""]","[""Korba"",""Raigarh"",""Sarguja""]",3,[169],[154],https://www.ibm.gov.in/writereaddata/files/177426215469c1178a48453IMYB_2024_EBookFinal.pdf,7e4cf991426ac8299ec0a365af68a05a8276f3b81ae2433fb6debd4358550354,2026-03-11,2020-04-01 for the chapter's NMI resource tables; occurrence prose is undated within IMYB 2024,found_on_source_pages,all_found_on_source_pages,curated_page-referenced_transcription_with_machine_text_presence_checks,official_compiled_mineral_occurrence_context,official_compilation_not_independently_field_verified_by_khanan,excluded_context_only,"Broad compiled occurrence geography can overlap source evidence and is not an independent point, assay, reserve, mine or discovery label.",[],"The IBM State Reviews compile information from multiple sources and advise reader discretion. Place lists mix districts, historical names, named belts, fields and basins; occurrence does not establish grade, quantity, continuity, current legality, economics, access or a new discovery."
IBM-IMYB2024-STATE-OCC-0084,SRC_IBM_INDIAN_MINERALS_YEARBOOK_2024_STATE_REVIEWS,v1.0-alpha.22,Chhattisgarh,district_list,dolomite,"[""mineral:dolomite""]","[""Dolomite""]","[""dolomite""]","[""CaMg(CO3)2""]","[""dolomite""]","[""Bastar"",""Bilaspur"",""Durg"",""Janjgir-Champa"",""Raigarh"",""Raipur""]",6,[169],[154],https://www.ibm.gov.in/writereaddata/files/177426215469c1178a48453IMYB_2024_EBookFinal.pdf,7e4cf991426ac8299ec0a365af68a05a8276f3b81ae2433fb6debd4358550354,2026-03-11,2020-04-01 for the chapter's NMI resource tables; occurrence prose is undated within IMYB 2024,found_on_source_pages,all_found_on_source_pages,curated_page-referenced_transcription_with_machine_text_presence_checks,official_compiled_mineral_occurrence_context,official_compilation_not_independently_field_verified_by_khanan,excluded_context_only,"Broad compiled occurrence geography can overlap source evidence and is not an independent point, assay, reserve, mine or discovery label.",[],"The IBM State Reviews compile information from multiple sources and advise reader discretion. Place lists mix districts, historical names, named belts, fields and basins; occurrence does not establish grade, quantity, continuity, current legality, economics, access or a new discovery."
IBM-IMYB2024-STATE-OCC-0085,SRC_IBM_INDIAN_MINERALS_YEARBOOK_2024_STATE_REVIEWS,v1.0-alpha.22,Chhattisgarh,district_list,iron ore (haematite),"[""element:iron"",""ore:iron-ore"",""mineral:hematite""]","[""Iron"",""Iron ore"",""Hematite""]","[""iron"",""hematite""]","[""Fe"",""Fe2O3""]","[""iron"",""hematite""]","[""Bastar"",""Dantewada"",""Kanker"",""Rajnandgaon"",""Durg""]",5,[169],[154],https://www.ibm.gov.in/writereaddata/files/177426215469c1178a48453IMYB_2024_EBookFinal.pdf,7e4cf991426ac8299ec0a365af68a05a8276f3b81ae2433fb6debd4358550354,2026-03-11,2020-04-01 for the chapter's NMI resource tables; occurrence prose is undated within IMYB 2024,found_on_source_pages,all_found_on_source_pages,curated_page-referenced_transcription_with_machine_text_presence_checks,official_compiled_mineral_occurrence_context,official_compilation_not_independently_field_verified_by_khanan,excluded_context_only,"Broad compiled occurrence geography can overlap source evidence and is not an independent point, assay, reserve, mine or discovery label.",[],"The IBM State Reviews compile information from multiple sources and advise reader discretion. Place lists mix districts, historical names, named belts, fields and basins; occurrence does not establish grade, quantity, continuity, current legality, economics, access or a new discovery."
IBM-IMYB2024-STATE-OCC-0086,SRC_IBM_INDIAN_MINERALS_YEARBOOK_2024_STATE_REVIEWS,v1.0-alpha.22,Chhattisgarh,district_list,limestone,"[""group:calcium-and-limestone"",""rock:limestone""]","[""Calcium and limestone"",""Limestone""]","[""calcium"",""calcium carbonate""]",[],"[""calcium"",""calcium carbonate""]","[""Bastar"",""Bilaspur"",""Durg"",""Janjgir-Champa"",""Kawardha (Kabirdham)"",""Raigarh"",""Raipur"",""Rajnandgaon""]",8,[169],[154],https://www.ibm.gov.in/writereaddata/files/177426215469c1178a48453IMYB_2024_EBookFinal.pdf,7e4cf991426ac8299ec0a365af68a05a8276f3b81ae2433fb6debd4358550354,2026-03-11,2020-04-01 for the chapter's NMI resource tables; occurrence prose is undated within IMYB 2024,found_on_source_pages,all_found_on_source_pages,curated_page-referenced_transcription_with_machine_text_presence_checks,official_compiled_mineral_occurrence_context,official_compilation_not_independently_field_verified_by_khanan,excluded_context_only,"Broad compiled occurrence geography can overlap source evidence and is not an independent point, assay, reserve, mine or discovery label.",[],"The IBM State Reviews compile information from multiple sources and advise reader discretion. Place lists mix districts, historical names, named belts, fields and basins; occurrence does not establish grade, quantity, continuity, current legality, economics, access or a new discovery."
IBM-IMYB2024-STATE-OCC-0087,SRC_IBM_INDIAN_MINERALS_YEARBOOK_2024_STATE_REVIEWS,v1.0-alpha.22,Chhattisgarh,district_list,quartzite,"[""element:silicon"",""rock:quartzite""]","[""Silicon"",""Quartzite""]","[""silicon"",""silicon dioxide""]","[""Si""]","[""silicon"",""silicon dioxide""]","[""Durg"",""Raipur"",""Rajnandgaon"",""Raigarh""]",4,[169],[154],https://www.ibm.gov.in/writereaddata/files/177426215469c1178a48453IMYB_2024_EBookFinal.pdf,7e4cf991426ac8299ec0a365af68a05a8276f3b81ae2433fb6debd4358550354,2026-03-11,2020-04-01 for the chapter's NMI resource tables; occurrence prose is undated within IMYB 2024,found_on_source_pages,all_found_on_source_pages,curated_page-referenced_transcription_with_machine_text_presence_checks,official_compiled_mineral_occurrence_context,official_compilation_not_independently_field_verified_by_khanan,excluded_context_only,"Broad compiled occurrence geography can overlap source evidence and is not an independent point, assay, reserve, mine or discovery label.",[],"The IBM State Reviews compile information from multiple sources and advise reader discretion. Place lists mix districts, historical names, named belts, fields and basins; occurrence does not establish grade, quantity, continuity, current legality, economics, access or a new discovery."
IBM-IMYB2024-STATE-OCC-0088,SRC_IBM_INDIAN_MINERALS_YEARBOOK_2024_STATE_REVIEWS,v1.0-alpha.22,Chhattisgarh,district_list,talc/soapstone/steatite,"[""mineral:talc""]","[""Talc""]","[""talc""]","[""Mg3Si4O10(OH)2""]","[""talc""]","[""Durg"",""Kanker""]",2,[169],[154],https://www.ibm.gov.in/writereaddata/files/177426215469c1178a48453IMYB_2024_EBookFinal.pdf,7e4cf991426ac8299ec0a365af68a05a8276f3b81ae2433fb6debd4358550354,2026-03-11,2020-04-01 for the chapter's NMI resource tables; occurrence prose is undated within IMYB 2024,found_on_source_pages,all_found_on_source_pages,curated_page-referenced_transcription_with_machine_text_presence_checks,official_compiled_mineral_occurrence_context,official_compilation_not_independently_field_verified_by_khanan,excluded_context_only,"Broad compiled occurrence geography can overlap source evidence and is not an independent point, assay, reserve, mine or discovery label.",[],"The IBM State Reviews compile information from multiple sources and advise reader discretion. Place lists mix districts, historical names, named belts, fields and basins; occurrence does not establish grade, quantity, continuity, current legality, economics, access or a new discovery."
IBM-IMYB2024-STATE-OCC-0089,SRC_IBM_INDIAN_MINERALS_YEARBOOK_2024_STATE_REVIEWS,v1.0-alpha.22,Chhattisgarh,district_list,corundum,"[""mineral:corundum""]","[""Corundum""]","[""corundum""]","[""Al2O3""]","[""corundum""]","[""Dantewada""]",1,[169],[154],https://www.ibm.gov.in/writereaddata/files/177426215469c1178a48453IMYB_2024_EBookFinal.pdf,7e4cf991426ac8299ec0a365af68a05a8276f3b81ae2433fb6debd4358550354,2026-03-11,2020-04-01 for the chapter's NMI resource tables; occurrence prose is undated within IMYB 2024,found_on_source_pages,all_found_on_source_pages,curated_page-referenced_transcription_with_machine_text_presence_checks,official_compiled_mineral_occurrence_context,official_compilation_not_independently_field_verified_by_khanan,excluded_context_only,"Broad compiled occurrence geography can overlap source evidence and is not an independent point, assay, reserve, mine or discovery label.",[],"The IBM State Reviews compile information from multiple sources and advise reader discretion. Place lists mix districts, historical names, named belts, fields and basins; occurrence does not establish grade, quantity, continuity, current legality, economics, access or a new discovery."
IBM-IMYB2024-STATE-OCC-0090,SRC_IBM_INDIAN_MINERALS_YEARBOOK_2024_STATE_REVIEWS,v1.0-alpha.22,Chhattisgarh,district_list,diamond,"[""mineral:diamond""]","[""Diamond""]","[""diamond""]","[""C""]","[""diamond""]","[""Raipur"",""Mahasamund"",""Dhamtari""]",3,[169],[154],https://www.ibm.gov.in/writereaddata/files/177426215469c1178a48453IMYB_2024_EBookFinal.pdf,7e4cf991426ac8299ec0a365af68a05a8276f3b81ae2433fb6debd4358550354,2026-03-11,2020-04-01 for the chapter's NMI resource tables; occurrence prose is undated within IMYB 2024,found_on_source_pages,all_found_on_source_pages,curated_page-referenced_transcription_with_machine_text_presence_checks,official_compiled_mineral_occurrence_context,official_compilation_not_independently_field_verified_by_khanan,excluded_context_only,"Broad compiled occurrence geography can overlap source evidence and is not an independent point, assay, reserve, mine or discovery label.",[],"The IBM State Reviews compile information from multiple sources and advise reader discretion. Place lists mix districts, historical names, named belts, fields and basins; occurrence does not establish grade, quantity, continuity, current legality, economics, access or a new discovery."
IBM-IMYB2024-STATE-OCC-0091,SRC_IBM_INDIAN_MINERALS_YEARBOOK_2024_STATE_REVIEWS,v1.0-alpha.22,Chhattisgarh,district_list,gemstones,"[""group:gemstones""]","[""Gemstones""]",[],[],"[""Gemstones""]","[""Raipur"",""Mahasamund"",""Dhamtari""]",3,[169],[154],https://www.ibm.gov.in/writereaddata/files/177426215469c1178a48453IMYB_2024_EBookFinal.pdf,7e4cf991426ac8299ec0a365af68a05a8276f3b81ae2433fb6debd4358550354,2026-03-11,2020-04-01 for the chapter's NMI resource tables; occurrence prose is undated within IMYB 2024,found_on_source_pages,all_found_on_source_pages,curated_page-referenced_transcription_with_machine_text_presence_checks,official_compiled_mineral_occurrence_context,official_compilation_not_independently_field_verified_by_khanan,excluded_context_only,"Broad compiled occurrence geography can overlap source evidence and is not an independent point, assay, reserve, mine or discovery label.",[],"The IBM State Reviews compile information from multiple sources and advise reader discretion. Place lists mix districts, historical names, named belts, fields and basins; occurrence does not establish grade, quantity, continuity, current legality, economics, access or a new discovery."
IBM-IMYB2024-STATE-OCC-0092,SRC_IBM_INDIAN_MINERALS_YEARBOOK_2024_STATE_REVIEWS,v1.0-alpha.22,Chhattisgarh,district_list,fire clay,"[""material:fire-clay"",""group:clay""]","[""Fire clay"",""Clay""]",[],[],"[""Fire clay"",""Clay""]","[""Bilaspur"",""Raigarh"",""Rajnandgaon""]",3,[169],[154],https://www.ibm.gov.in/writereaddata/files/177426215469c1178a48453IMYB_2024_EBookFinal.pdf,7e4cf991426ac8299ec0a365af68a05a8276f3b81ae2433fb6debd4358550354,2026-03-11,2020-04-01 for the chapter's NMI resource tables; occurrence prose is undated within IMYB 2024,found_on_source_pages,all_found_on_source_pages,curated_page-referenced_transcription_with_machine_text_presence_checks,official_compiled_mineral_occurrence_context,official_compilation_not_independently_field_verified_by_khanan,excluded_context_only,"Broad compiled occurrence geography can overlap source evidence and is not an independent point, assay, reserve, mine or discovery label.",[],"The IBM State Reviews compile information from multiple sources and advise reader discretion. Place lists mix districts, historical names, named belts, fields and basins; occurrence does not establish grade, quantity, continuity, current legality, economics, access or a new discovery."
IBM-IMYB2024-STATE-OCC-0093,SRC_IBM_INDIAN_MINERALS_YEARBOOK_2024_STATE_REVIEWS,v1.0-alpha.22,Chhattisgarh,district_list,fluorite,"[""element:fluorine"",""mineral:fluorite""]","[""Fluorine"",""Fluorite""]","[""fluorine"",""calcium fluoride"",""fluorite""]","[""F"",""CaF2""]","[""fluorine"",""calcium fluoride"",""fluorite""]","[""Rajnandgaon""]",1,[169],[154],https://www.ibm.gov.in/writereaddata/files/177426215469c1178a48453IMYB_2024_EBookFinal.pdf,7e4cf991426ac8299ec0a365af68a05a8276f3b81ae2433fb6debd4358550354,2026-03-11,2020-04-01 for the chapter's NMI resource tables; occurrence prose is undated within IMYB 2024,found_on_source_pages,all_found_on_source_pages,curated_page-referenced_transcription_with_machine_text_presence_checks,official_compiled_mineral_occurrence_context,official_compilation_not_independently_field_verified_by_khanan,excluded_context_only,"Broad compiled occurrence geography can overlap source evidence and is not an independent point, assay, reserve, mine or discovery label.",[],"The IBM State Reviews compile information from multiple sources and advise reader discretion. Place lists mix districts, historical names, named belts, fields and basins; occurrence does not establish grade, quantity, continuity, current legality, economics, access or a new discovery."
IBM-IMYB2024-STATE-OCC-0094,SRC_IBM_INDIAN_MINERALS_YEARBOOK_2024_STATE_REVIEWS,v1.0-alpha.22,Chhattisgarh,district_list,garnet,"[""group:garnet-group""]","[""Garnet group""]",[],[],"[""Garnet group""]","[""Bastar""]",1,[169],[154],https://www.ibm.gov.in/writereaddata/files/177426215469c1178a48453IMYB_2024_EBookFinal.pdf,7e4cf991426ac8299ec0a365af68a05a8276f3b81ae2433fb6debd4358550354,2026-03-11,2020-04-01 for the chapter's NMI resource tables; occurrence prose is undated within IMYB 2024,found_on_source_pages,all_found_on_source_pages,curated_page-referenced_transcription_with_machine_text_presence_checks,official_compiled_mineral_occurrence_context,official_compilation_not_independently_field_verified_by_khanan,excluded_context_only,"Broad compiled occurrence geography can overlap source evidence and is not an independent point, assay, reserve, mine or discovery label.",[],"The IBM State Reviews compile information from multiple sources and advise reader discretion. Place lists mix districts, historical names, named belts, fields and basins; occurrence does not establish grade, quantity, continuity, current legality, economics, access or a new discovery."
IBM-IMYB2024-STATE-OCC-0095,SRC_IBM_INDIAN_MINERALS_YEARBOOK_2024_STATE_REVIEWS,v1.0-alpha.22,Chhattisgarh,district_list,marble,"[""group:calcium-and-limestone""]","[""Calcium and limestone""]","[""calcium"",""calcium carbonate""]",[],"[""calcium"",""calcium carbonate""]","[""Bastar""]",1,[169],[154],https://www.ibm.gov.in/writereaddata/files/177426215469c1178a48453IMYB_2024_EBookFinal.pdf,7e4cf991426ac8299ec0a365af68a05a8276f3b81ae2433fb6debd4358550354,2026-03-11,2020-04-01 for the chapter's NMI resource tables; occurrence prose is undated within IMYB 2024,found_on_source_pages,all_found_on_source_pages,curated_page-referenced_transcription_with_machine_text_presence_checks,official_compiled_mineral_occurrence_context,official_compilation_not_independently_field_verified_by_khanan,excluded_context_only,"Broad compiled occurrence geography can overlap source evidence and is not an independent point, assay, reserve, mine or discovery label.",[],"The IBM State Reviews compile information from multiple sources and advise reader discretion. Place lists mix districts, historical names, named belts, fields and basins; occurrence does not establish grade, quantity, continuity, current legality, economics, access or a new discovery."
IBM-IMYB2024-STATE-OCC-0096,SRC_IBM_INDIAN_MINERALS_YEARBOOK_2024_STATE_REVIEWS,v1.0-alpha.22,Chhattisgarh,district_list,emerald,"[""variety:emerald""]","[""Emerald""]","[""emerald""]","[""Be3Al2Si6O18""]","[""emerald""]","[""Raipur""]",1,[169],[154],https://www.ibm.gov.in/writereaddata/files/177426215469c1178a48453IMYB_2024_EBookFinal.pdf,7e4cf991426ac8299ec0a365af68a05a8276f3b81ae2433fb6debd4358550354,2026-03-11,2020-04-01 for the chapter's NMI resource tables; occurrence prose is undated within IMYB 2024,found_on_source_pages,all_found_on_source_pages,curated_page-referenced_transcription_with_machine_text_presence_checks,official_compiled_mineral_occurrence_context,official_compilation_not_independently_field_verified_by_khanan,excluded_context_only,"Broad compiled occurrence geography can overlap source evidence and is not an independent point, assay, reserve, mine or discovery label.",[],"The IBM State Reviews compile information from multiple sources and advise reader discretion. Place lists mix districts, historical names, named belts, fields and basins; occurrence does not establish grade, quantity, continuity, current legality, economics, access or a new discovery."
IBM-IMYB2024-STATE-OCC-0097,SRC_IBM_INDIAN_MINERALS_YEARBOOK_2024_STATE_REVIEWS,v1.0-alpha.22,Chhattisgarh,district_list,gold,"[""element:gold""]","[""Gold""]","[""gold""]","[""Au""]","[""gold""]","[""Raipur""]",1,[169],[154],https://www.ibm.gov.in/writereaddata/files/177426215469c1178a48453IMYB_2024_EBookFinal.pdf,7e4cf991426ac8299ec0a365af68a05a8276f3b81ae2433fb6debd4358550354,2026-03-11,2020-04-01 for the chapter's NMI resource tables; occurrence prose is undated within IMYB 2024,found_on_source_pages,all_found_on_source_pages,curated_page-referenced_transcription_with_machine_text_presence_checks,official_compiled_mineral_occurrence_context,official_compilation_not_independently_field_verified_by_khanan,excluded_context_only,"Broad compiled occurrence geography can overlap source evidence and is not an independent point, assay, reserve, mine or discovery label.",[],"The IBM State Reviews compile information from multiple sources and advise reader discretion. Place lists mix districts, historical names, named belts, fields and basins; occurrence does not establish grade, quantity, continuity, current legality, economics, access or a new discovery."
IBM-IMYB2024-STATE-OCC-0098,SRC_IBM_INDIAN_MINERALS_YEARBOOK_2024_STATE_REVIEWS,v1.0-alpha.22,Chhattisgarh,district_list,granite,"[""rock:granite""]","[""Granite""]",[],[],"[""Granite""]","[""Bastar"",""Kanker"",""Raipur""]",3,[169],[154],https://www.ibm.gov.in/writereaddata/files/177426215469c1178a48453IMYB_2024_EBookFinal.pdf,7e4cf991426ac8299ec0a365af68a05a8276f3b81ae2433fb6debd4358550354,2026-03-11,2020-04-01 for the chapter's NMI resource tables; occurrence prose is undated within IMYB 2024,found_on_source_pages,all_found_on_source_pages,curated_page-referenced_transcription_with_machine_text_presence_checks,official_compiled_mineral_occurrence_context,official_compilation_not_independently_field_verified_by_khanan,excluded_context_only,"Broad compiled occurrence geography can overlap source evidence and is not an independent point, assay, reserve, mine or discovery label.",[],"The IBM State Reviews compile information from multiple sources and advise reader discretion. Place lists mix districts, historical names, named belts, fields and basins; occurrence does not establish grade, quantity, continuity, current legality, economics, access or a new discovery."
IBM-IMYB2024-STATE-OCC-0099,SRC_IBM_INDIAN_MINERALS_YEARBOOK_2024_STATE_REVIEWS,v1.0-alpha.22,Chhattisgarh,district_list,quartz/silica sand,"[""element:silicon"",""mineral:quartz"",""material:sand-and-gravel-industrial""]","[""Silicon"",""Quartz"",""Sand and gravel (industrial)""]","[""silicon"",""silicon dioxide"",""quartz""]","[""Si"",""SiO2""]","[""silicon"",""silicon dioxide"",""quartz""]","[""Durg"",""Jashpur"",""Raigarh"",""Raipur"",""Rajnandgaon""]",5,[169],[154],https://www.ibm.gov.in/writereaddata/files/177426215469c1178a48453IMYB_2024_EBookFinal.pdf,7e4cf991426ac8299ec0a365af68a05a8276f3b81ae2433fb6debd4358550354,2026-03-11,2020-04-01 for the chapter's NMI resource tables; occurrence prose is undated within IMYB 2024,found_on_source_pages,all_found_on_source_pages,curated_page-referenced_transcription_with_machine_text_presence_checks,official_compiled_mineral_occurrence_context,official_compilation_not_independently_field_verified_by_khanan,excluded_context_only,"Broad compiled occurrence geography can overlap source evidence and is not an independent point, assay, reserve, mine or discovery label.",[],"The IBM State Reviews compile information from multiple sources and advise reader discretion. Place lists mix districts, historical names, named belts, fields and basins; occurrence does not establish grade, quantity, continuity, current legality, economics, access or a new discovery."
IBM-IMYB2024-STATE-OCC-0100,SRC_IBM_INDIAN_MINERALS_YEARBOOK_2024_STATE_REVIEWS,v1.0-alpha.22,Chhattisgarh,district_list,tin,"[""element:tin""]","[""Tin""]","[""tin""]","[""Sn""]","[""tin""]","[""Bastar"",""Dantewada""]",2,[169],[154],https://www.ibm.gov.in/writereaddata/files/177426215469c1178a48453IMYB_2024_EBookFinal.pdf,7e4cf991426ac8299ec0a365af68a05a8276f3b81ae2433fb6debd4358550354,2026-03-11,2020-04-01 for the chapter's NMI resource tables; occurrence prose is undated within IMYB 2024,found_on_source_pages,all_found_on_source_pages,curated_page-referenced_transcription_with_machine_text_presence_checks,official_compiled_mineral_occurrence_context,official_compilation_not_independently_field_verified_by_khanan,excluded_context_only,"Broad compiled occurrence geography can overlap source evidence and is not an independent point, assay, reserve, mine or discovery label.",[],"The IBM State Reviews compile information from multiple sources and advise reader discretion. Place lists mix districts, historical names, named belts, fields and basins; occurrence does not establish grade, quantity, continuity, current legality, economics, access or a new discovery."
IBM-IMYB2024-STATE-OCC-0101,SRC_IBM_INDIAN_MINERALS_YEARBOOK_2024_STATE_REVIEWS,v1.0-alpha.22,Chhattisgarh,named_area_list,iron ore (haematite),"[""element:iron"",""ore:iron-ore"",""mineral:hematite""]","[""Iron"",""Iron ore"",""Hematite""]","[""iron"",""hematite""]","[""Fe"",""Fe2O3""]","[""iron"",""hematite""]","[""Bailadila deposit"",""Chhote Dongar deposit"",""Rowghat deposit"",""Chargaon deposit"",""Metabodeli deposit"",""Hahaladdi deposit"",""Boria Tibbu deposits"",""Dalli-Rajhara area""]",8,[169],[154],https://www.ibm.gov.in/writereaddata/files/177426215469c1178a48453IMYB_2024_EBookFinal.pdf,7e4cf991426ac8299ec0a365af68a05a8276f3b81ae2433fb6debd4358550354,2026-03-11,2020-04-01 for the chapter's NMI resource tables; occurrence prose is undated within IMYB 2024,found_on_source_pages,all_found_on_source_pages,curated_page-referenced_transcription_with_machine_text_presence_checks,official_compiled_mineral_occurrence_context,official_compilation_not_independently_field_verified_by_khanan,excluded_context_only,"Broad compiled occurrence geography can overlap source evidence and is not an independent point, assay, reserve, mine or discovery label.",[],"The IBM State Reviews compile information from multiple sources and advise reader discretion. Place lists mix districts, historical names, named belts, fields and basins; occurrence does not establish grade, quantity, continuity, current legality, economics, access or a new discovery."
IBM-IMYB2024-STATE-OCC-0102,SRC_IBM_INDIAN_MINERALS_YEARBOOK_2024_STATE_REVIEWS,v1.0-alpha.22,Delhi,named_area_list,kaolin,"[""group:kaolin"",""mineral:kaolinite""]","[""Kaolin"",""Kaolinite""]","[""kaolinite"",""aluminium silicate hydroxide""]","[""Al2Si2O5(OH)4""]","[""kaolinite"",""aluminium silicate hydroxide""]","[""areas west of Qutub Minar"",""Mehrauli"",""Masoodpur"",""Kusumpur"",""Mahipalpur""]",5,[174],[159],https://www.ibm.gov.in/writereaddata/files/177426215469c1178a48453IMYB_2024_EBookFinal.pdf,7e4cf991426ac8299ec0a365af68a05a8276f3b81ae2433fb6debd4358550354,2026-03-11,2020-04-01 for the chapter's NMI resource tables; occurrence prose is undated within IMYB 2024,found_on_source_pages,all_found_on_source_pages,curated_page-referenced_transcription_with_machine_text_presence_checks,official_compiled_mineral_occurrence_context,official_compilation_not_independently_field_verified_by_khanan,excluded_context_only,"Broad compiled occurrence geography can overlap source evidence and is not an independent point, assay, reserve, mine or discovery label.",[],"The IBM State Reviews compile information from multiple sources and advise reader discretion. Place lists mix districts, historical names, named belts, fields and basins; occurrence does not establish grade, quantity, continuity, current legality, economics, access or a new discovery."
IBM-IMYB2024-STATE-OCC-0103,SRC_IBM_INDIAN_MINERALS_YEARBOOK_2024_STATE_REVIEWS,v1.0-alpha.22,Delhi,named_area_list,silica material,"[""element:silicon"",""mineral:quartz""]","[""Silicon"",""Quartz""]","[""silicon"",""silicon dioxide"",""quartz""]","[""Si"",""SiO2""]","[""silicon"",""silicon dioxide"",""quartz""]","[""Badarpur""]",1,[174],[159],https://www.ibm.gov.in/writereaddata/files/177426215469c1178a48453IMYB_2024_EBookFinal.pdf,7e4cf991426ac8299ec0a365af68a05a8276f3b81ae2433fb6debd4358550354,2026-03-11,2020-04-01 for the chapter's NMI resource tables; occurrence prose is undated within IMYB 2024,found_on_source_pages,all_found_on_source_pages,curated_page-referenced_transcription_with_machine_text_presence_checks,official_compiled_mineral_occurrence_context,official_compilation_not_independently_field_verified_by_khanan,excluded_context_only,"Broad compiled occurrence geography can overlap source evidence and is not an independent point, assay, reserve, mine or discovery label.",[],"The IBM State Reviews compile information from multiple sources and advise reader discretion. Place lists mix districts, historical names, named belts, fields and basins; occurrence does not establish grade, quantity, continuity, current legality, economics, access or a new discovery."
IBM-IMYB2024-STATE-OCC-0104,SRC_IBM_INDIAN_MINERALS_YEARBOOK_2024_STATE_REVIEWS,v1.0-alpha.22,Delhi,named_area_list,quartzite,"[""element:silicon"",""rock:quartzite""]","[""Silicon"",""Quartzite""]","[""silicon"",""silicon dioxide""]","[""Si""]","[""silicon"",""silicon dioxide""]","[""Badarpur""]",1,[174],[159],https://www.ibm.gov.in/writereaddata/files/177426215469c1178a48453IMYB_2024_EBookFinal.pdf,7e4cf991426ac8299ec0a365af68a05a8276f3b81ae2433fb6debd4358550354,2026-03-11,2020-04-01 for the chapter's NMI resource tables; occurrence prose is undated within IMYB 2024,found_on_source_pages,all_found_on_source_pages,curated_page-referenced_transcription_with_machine_text_presence_checks,official_compiled_mineral_occurrence_context,official_compilation_not_independently_field_verified_by_khanan,excluded_context_only,"Broad compiled occurrence geography can overlap source evidence and is not an independent point, assay, reserve, mine or discovery label.",[],"The IBM State Reviews compile information from multiple sources and advise reader discretion. Place lists mix districts, historical names, named belts, fields and basins; occurrence does not establish grade, quantity, continuity, current legality, economics, access or a new discovery."
IBM-IMYB2024-STATE-OCC-0105,SRC_IBM_INDIAN_MINERALS_YEARBOOK_2024_STATE_REVIEWS,v1.0-alpha.22,Delhi,statewide,fireclay,"[""material:fire-clay"",""group:clay""]","[""Fire clay"",""Clay""]",[],[],"[""Fire clay"",""Clay""]","[""Delhi""]",1,[174],[159],https://www.ibm.gov.in/writereaddata/files/177426215469c1178a48453IMYB_2024_EBookFinal.pdf,7e4cf991426ac8299ec0a365af68a05a8276f3b81ae2433fb6debd4358550354,2026-03-11,2020-04-01 for the chapter's NMI resource tables; occurrence prose is undated within IMYB 2024,found_on_source_pages,all_found_on_source_pages,curated_page-referenced_transcription_with_machine_text_presence_checks,official_compiled_mineral_occurrence_context,official_compilation_not_independently_field_verified_by_khanan,excluded_context_only,"Broad compiled occurrence geography can overlap source evidence and is not an independent point, assay, reserve, mine or discovery label.",[],"The IBM State Reviews compile information from multiple sources and advise reader discretion. Place lists mix districts, historical names, named belts, fields and basins; occurrence does not establish grade, quantity, continuity, current legality, economics, access or a new discovery."
IBM-IMYB2024-STATE-OCC-0106,SRC_IBM_INDIAN_MINERALS_YEARBOOK_2024_STATE_REVIEWS,v1.0-alpha.22,Goa,district_list,bauxite,"[""element:aluminium"",""ore:bauxite""]","[""Aluminium"",""Bauxite""]","[""aluminium""]","[""Al""]","[""aluminium""]","[""North Goa"",""South Goa""]",2,[175],[160],https://www.ibm.gov.in/writereaddata/files/177426215469c1178a48453IMYB_2024_EBookFinal.pdf,7e4cf991426ac8299ec0a365af68a05a8276f3b81ae2433fb6debd4358550354,2026-03-11,2020-04-01 for the chapter's NMI resource tables; occurrence prose is undated within IMYB 2024,found_on_source_pages,all_found_on_source_pages,curated_page-referenced_transcription_with_machine_text_presence_checks,official_compiled_mineral_occurrence_context,official_compilation_not_independently_field_verified_by_khanan,excluded_context_only,"Broad compiled occurrence geography can overlap source evidence and is not an independent point, assay, reserve, mine or discovery label.",[],"The IBM State Reviews compile information from multiple sources and advise reader discretion. Place lists mix districts, historical names, named belts, fields and basins; occurrence does not establish grade, quantity, continuity, current legality, economics, access or a new discovery."
IBM-IMYB2024-STATE-OCC-0107,SRC_IBM_INDIAN_MINERALS_YEARBOOK_2024_STATE_REVIEWS,v1.0-alpha.22,Goa,district_list,kaolin,"[""group:kaolin"",""mineral:kaolinite""]","[""Kaolin"",""Kaolinite""]","[""kaolinite"",""aluminium silicate hydroxide""]","[""Al2Si2O5(OH)4""]","[""kaolinite"",""aluminium silicate hydroxide""]","[""South Goa""]",1,[175],[160],https://www.ibm.gov.in/writereaddata/files/177426215469c1178a48453IMYB_2024_EBookFinal.pdf,7e4cf991426ac8299ec0a365af68a05a8276f3b81ae2433fb6debd4358550354,2026-03-11,2020-04-01 for the chapter's NMI resource tables; occurrence prose is undated within IMYB 2024,found_on_source_pages,all_found_on_source_pages,curated_page-referenced_transcription_with_machine_text_presence_checks,official_compiled_mineral_occurrence_context,official_compilation_not_independently_field_verified_by_khanan,excluded_context_only,"Broad compiled occurrence geography can overlap source evidence and is not an independent point, assay, reserve, mine or discovery label.",[],"The IBM State Reviews compile information from multiple sources and advise reader discretion. Place lists mix districts, historical names, named belts, fields and basins; occurrence does not establish grade, quantity, continuity, current legality, economics, access or a new discovery."
IBM-IMYB2024-STATE-OCC-0108,SRC_IBM_INDIAN_MINERALS_YEARBOOK_2024_STATE_REVIEWS,v1.0-alpha.22,Goa,district_list,quartz/silica sand,"[""element:silicon"",""mineral:quartz"",""material:sand-and-gravel-industrial""]","[""Silicon"",""Quartz"",""Sand and gravel (industrial)""]","[""silicon"",""silicon dioxide"",""quartz""]","[""Si"",""SiO2""]","[""silicon"",""silicon dioxide"",""quartz""]","[""North Goa"",""South Goa""]",2,[175],[160],https://www.ibm.gov.in/writereaddata/files/177426215469c1178a48453IMYB_2024_EBookFinal.pdf,7e4cf991426ac8299ec0a365af68a05a8276f3b81ae2433fb6debd4358550354,2026-03-11,2020-04-01 for the chapter's NMI resource tables; occurrence prose is undated within IMYB 2024,found_on_source_pages,all_found_on_source_pages,curated_page-referenced_transcription_with_machine_text_presence_checks,official_compiled_mineral_occurrence_context,official_compilation_not_independently_field_verified_by_khanan,excluded_context_only,"Broad compiled occurrence geography can overlap source evidence and is not an independent point, assay, reserve, mine or discovery label.",[],"The IBM State Reviews compile information from multiple sources and advise reader discretion. Place lists mix districts, historical names, named belts, fields and basins; occurrence does not establish grade, quantity, continuity, current legality, economics, access or a new discovery."
IBM-IMYB2024-STATE-OCC-0109,SRC_IBM_INDIAN_MINERALS_YEARBOOK_2024_STATE_REVIEWS,v1.0-alpha.22,Goa,named_area_list,iron ore,"[""element:iron"",""ore:iron-ore""]","[""Iron"",""Iron ore""]","[""iron""]","[""Fe""]","[""iron""]","[""Bicholim taluka"",""Sanguem taluka"",""Satari taluka""]",3,[175],[160],https://www.ibm.gov.in/writereaddata/files/177426215469c1178a48453IMYB_2024_EBookFinal.pdf,7e4cf991426ac8299ec0a365af68a05a8276f3b81ae2433fb6debd4358550354,2026-03-11,2020-04-01 for the chapter's NMI resource tables; occurrence prose is undated within IMYB 2024,found_on_source_pages,all_found_on_source_pages,curated_page-referenced_transcription_with_machine_text_presence_checks,official_compiled_mineral_occurrence_context,official_compilation_not_independently_field_verified_by_khanan,excluded_context_only,"Broad compiled occurrence geography can overlap source evidence and is not an independent point, assay, reserve, mine or discovery label.",[],"The IBM State Reviews compile information from multiple sources and advise reader discretion. Place lists mix districts, historical names, named belts, fields and basins; occurrence does not establish grade, quantity, continuity, current legality, economics, access or a new discovery."
IBM-IMYB2024-STATE-OCC-0110,SRC_IBM_INDIAN_MINERALS_YEARBOOK_2024_STATE_REVIEWS,v1.0-alpha.22,Goa,named_area_list,manganese ore,"[""element:manganese""]","[""Manganese""]","[""manganese""]","[""Mn""]","[""manganese""]","[""Bicholim taluka"",""Sanguem taluka"",""Satari taluka""]",3,[175],[160],https://www.ibm.gov.in/writereaddata/files/177426215469c1178a48453IMYB_2024_EBookFinal.pdf,7e4cf991426ac8299ec0a365af68a05a8276f3b81ae2433fb6debd4358550354,2026-03-11,2020-04-01 for the chapter's NMI resource tables; occurrence prose is undated within IMYB 2024,found_on_source_pages,all_found_on_source_pages,curated_page-referenced_transcription_with_machine_text_presence_checks,official_compiled_mineral_occurrence_context,official_compilation_not_independently_field_verified_by_khanan,excluded_context_only,"Broad compiled occurrence geography can overlap source evidence and is not an independent point, assay, reserve, mine or discovery label.",[],"The IBM State Reviews compile information from multiple sources and advise reader discretion. Place lists mix districts, historical names, named belts, fields and basins; occurrence does not establish grade, quantity, continuity, current legality, economics, access or a new discovery."
IBM-IMYB2024-STATE-OCC-0111,SRC_IBM_INDIAN_MINERALS_YEARBOOK_2024_STATE_REVIEWS,v1.0-alpha.22,Gujarat,district_list,bauxite,"[""element:aluminium"",""ore:bauxite""]","[""Aluminium"",""Bauxite""]","[""aluminium""]","[""Al""]","[""aluminium""]","[""Amreli"",""Bhavnagar"",""Jamnagar"",""Junagadh"",""Kheda"",""Kachchh"",""Porbandar"",""Sabarkantha"",""Valsad""]",9,[177],[162],https://www.ibm.gov.in/writereaddata/files/177426215469c1178a48453IMYB_2024_EBookFinal.pdf,7e4cf991426ac8299ec0a365af68a05a8276f3b81ae2433fb6debd4358550354,2026-03-11,2020-04-01 for the chapter's NMI resource tables; occurrence prose is undated within IMYB 2024,found_on_source_pages,all_found_on_source_pages,curated_page-referenced_transcription_with_machine_text_presence_checks,official_compiled_mineral_occurrence_context,official_compilation_not_independently_field_verified_by_khanan,excluded_context_only,"Broad compiled occurrence geography can overlap source evidence and is not an independent point, assay, reserve, mine or discovery label.",[],"The IBM State Reviews compile information from multiple sources and advise reader discretion. Place lists mix districts, historical names, named belts, fields and basins; occurrence does not establish grade, quantity, continuity, current legality, economics, access or a new discovery."
IBM-IMYB2024-STATE-OCC-0112,SRC_IBM_INDIAN_MINERALS_YEARBOOK_2024_STATE_REVIEWS,v1.0-alpha.22,Gujarat,district_list,ball clay,"[""group:clay""]","[""Clay""]",[],[],"[""Clay""]","[""Banaskantha"",""Bharuch"",""Kachchh"",""Patan""]",4,[177],[162],https://www.ibm.gov.in/writereaddata/files/177426215469c1178a48453IMYB_2024_EBookFinal.pdf,7e4cf991426ac8299ec0a365af68a05a8276f3b81ae2433fb6debd4358550354,2026-03-11,2020-04-01 for the chapter's NMI resource tables; occurrence prose is undated within IMYB 2024,found_on_source_pages,all_found_on_source_pages,curated_page-referenced_transcription_with_machine_text_presence_checks,official_compiled_mineral_occurrence_context,official_compilation_not_independently_field_verified_by_khanan,excluded_context_only,"Broad compiled occurrence geography can overlap source evidence and is not an independent point, assay, reserve, mine or discovery label.",[],"The IBM State Reviews compile information from multiple sources and advise reader discretion. Place lists mix districts, historical names, named belts, fields and basins; occurrence does not establish grade, quantity, continuity, current legality, economics, access or a new discovery."
IBM-IMYB2024-STATE-OCC-0113,SRC_IBM_INDIAN_MINERALS_YEARBOOK_2024_STATE_REVIEWS,v1.0-alpha.22,Gujarat,district_list,bentonite,"[""mineral:montmorillonite"",""group:clay""]","[""Montmorillonite"",""Clay""]","[""montmorillonite""]","[""(Na,Ca)0.3(Al,Mg)2Si4O10(OH)2·nH2O""]","[""montmorillonite""]","[""Amreli"",""Bhavnagar"",""Jamnagar"",""Kachchh"",""Sabarkantha""]",5,[177],[162],https://www.ibm.gov.in/writereaddata/files/177426215469c1178a48453IMYB_2024_EBookFinal.pdf,7e4cf991426ac8299ec0a365af68a05a8276f3b81ae2433fb6debd4358550354,2026-03-11,2020-04-01 for the chapter's NMI resource tables; occurrence prose is undated within IMYB 2024,found_on_source_pages,all_found_on_source_pages,curated_page-referenced_transcription_with_machine_text_presence_checks,official_compiled_mineral_occurrence_context,official_compilation_not_independently_field_verified_by_khanan,excluded_context_only,"Broad compiled occurrence geography can overlap source evidence and is not an independent point, assay, reserve, mine or discovery label.",[],"The IBM State Reviews compile information from multiple sources and advise reader discretion. Place lists mix districts, historical names, named belts, fields and basins; occurrence does not establish grade, quantity, continuity, current legality, economics, access or a new discovery."
IBM-IMYB2024-STATE-OCC-0114,SRC_IBM_INDIAN_MINERALS_YEARBOOK_2024_STATE_REVIEWS,v1.0-alpha.22,Gujarat,district_list,china clay,"[""group:kaolin"",""mineral:kaolinite""]","[""Kaolin"",""Kaolinite""]","[""kaolinite"",""aluminium silicate hydroxide""]","[""Al2Si2O5(OH)4""]","[""kaolinite"",""aluminium silicate hydroxide""]","[""Amreli"",""Banaskantha"",""Bhavnagar"",""Jamnagar"",""Junagadh"",""Kachchh"",""Mahesana"",""Sabarkantha""]",8,[177],[162],https://www.ibm.gov.in/writereaddata/files/177426215469c1178a48453IMYB_2024_EBookFinal.pdf,7e4cf991426ac8299ec0a365af68a05a8276f3b81ae2433fb6debd4358550354,2026-03-11,2020-04-01 for the chapter's NMI resource tables; occurrence prose is undated within IMYB 2024,found_on_source_pages,all_found_on_source_pages,curated_page-referenced_transcription_with_machine_text_presence_checks,official_compiled_mineral_occurrence_context,official_compilation_not_independently_field_verified_by_khanan,excluded_context_only,"Broad compiled occurrence geography can overlap source evidence and is not an independent point, assay, reserve, mine or discovery label.",[],"The IBM State Reviews compile information from multiple sources and advise reader discretion. Place lists mix districts, historical names, named belts, fields and basins; occurrence does not establish grade, quantity, continuity, current legality, economics, access or a new discovery."
IBM-IMYB2024-STATE-OCC-0115,SRC_IBM_INDIAN_MINERALS_YEARBOOK_2024_STATE_REVIEWS,v1.0-alpha.22,Gujarat,district_list,chalk,"[""group:calcium-and-limestone"",""rock:chalk""]","[""Calcium and limestone"",""Chalk""]","[""calcium"",""calcium carbonate""]",[],"[""calcium"",""calcium carbonate""]","[""Porbandar""]",1,[177],[162],https://www.ibm.gov.in/writereaddata/files/177426215469c1178a48453IMYB_2024_EBookFinal.pdf,7e4cf991426ac8299ec0a365af68a05a8276f3b81ae2433fb6debd4358550354,2026-03-11,2020-04-01 for the chapter's NMI resource tables; occurrence prose is undated within IMYB 2024,found_on_source_pages,all_found_on_source_pages,curated_page-referenced_transcription_with_machine_text_presence_checks,official_compiled_mineral_occurrence_context,official_compilation_not_independently_field_verified_by_khanan,excluded_context_only,"Broad compiled occurrence geography can overlap source evidence and is not an independent point, assay, reserve, mine or discovery label.",[],"The IBM State Reviews compile information from multiple sources and advise reader discretion. Place lists mix districts, historical names, named belts, fields and basins; occurrence does not establish grade, quantity, continuity, current legality, economics, access or a new discovery."
IBM-IMYB2024-STATE-OCC-0116,SRC_IBM_INDIAN_MINERALS_YEARBOOK_2024_STATE_REVIEWS,v1.0-alpha.22,Gujarat,district_list,diatomite,"[""rock:diatomite""]","[""Diatomite""]",[],[],"[""Diatomite""]","[""Bhavnagar""]",1,[177],[162],https://www.ibm.gov.in/writereaddata/files/177426215469c1178a48453IMYB_2024_EBookFinal.pdf,7e4cf991426ac8299ec0a365af68a05a8276f3b81ae2433fb6debd4358550354,2026-03-11,2020-04-01 for the chapter's NMI resource tables; occurrence prose is undated within IMYB 2024,found_on_source_pages,all_found_on_source_pages,curated_page-referenced_transcription_with_machine_text_presence_checks,official_compiled_mineral_occurrence_context,official_compilation_not_independently_field_verified_by_khanan,excluded_context_only,"Broad compiled occurrence geography can overlap source evidence and is not an independent point, assay, reserve, mine or discovery label.",[],"The IBM State Reviews compile information from multiple sources and advise reader discretion. Place lists mix districts, historical names, named belts, fields and basins; occurrence does not establish grade, quantity, continuity, current legality, economics, access or a new discovery."
IBM-IMYB2024-STATE-OCC-0117,SRC_IBM_INDIAN_MINERALS_YEARBOOK_2024_STATE_REVIEWS,v1.0-alpha.22,Gujarat,district_list,dolomite,"[""mineral:dolomite""]","[""Dolomite""]","[""dolomite""]","[""CaMg(CO3)2""]","[""dolomite""]","[""Bhavnagar"",""Vadodara""]",2,[177],[162],https://www.ibm.gov.in/writereaddata/files/177426215469c1178a48453IMYB_2024_EBookFinal.pdf,7e4cf991426ac8299ec0a365af68a05a8276f3b81ae2433fb6debd4358550354,2026-03-11,2020-04-01 for the chapter's NMI resource tables; occurrence prose is undated within IMYB 2024,found_on_source_pages,all_found_on_source_pages,curated_page-referenced_transcription_with_machine_text_presence_checks,official_compiled_mineral_occurrence_context,official_compilation_not_independently_field_verified_by_khanan,excluded_context_only,"Broad compiled occurrence geography can overlap source evidence and is not an independent point, assay, reserve, mine or discovery label.",[],"The IBM State Reviews compile information from multiple sources and advise reader discretion. Place lists mix districts, historical names, named belts, fields and basins; occurrence does not establish grade, quantity, continuity, current legality, economics, access or a new discovery."
IBM-IMYB2024-STATE-OCC-0118,SRC_IBM_INDIAN_MINERALS_YEARBOOK_2024_STATE_REVIEWS,v1.0-alpha.22,Gujarat,district_list,fireclay,"[""material:fire-clay"",""group:clay""]","[""Fire clay"",""Clay""]",[],[],"[""Fire clay"",""Clay""]","[""Bharuch"",""Kachchh"",""Mahesana"",""Rajkot"",""Sabarkantha"",""Surat"",""Surendranagar""]",7,[177],[162],https://www.ibm.gov.in/writereaddata/files/177426215469c1178a48453IMYB_2024_EBookFinal.pdf,7e4cf991426ac8299ec0a365af68a05a8276f3b81ae2433fb6debd4358550354,2026-03-11,2020-04-01 for the chapter's NMI resource tables; occurrence prose is undated within IMYB 2024,found_on_source_pages,all_found_on_source_pages,curated_page-referenced_transcription_with_machine_text_presence_checks,official_compiled_mineral_occurrence_context,official_compilation_not_independently_field_verified_by_khanan,excluded_context_only,"Broad compiled occurrence geography can overlap source evidence and is not an independent point, assay, reserve, mine or discovery label.",[],"The IBM State Reviews compile information from multiple sources and advise reader discretion. Place lists mix districts, historical names, named belts, fields and basins; occurrence does not establish grade, quantity, continuity, current legality, economics, access or a new discovery."
IBM-IMYB2024-STATE-OCC-0119,SRC_IBM_INDIAN_MINERALS_YEARBOOK_2024_STATE_REVIEWS,v1.0-alpha.22,Gujarat,district_list,fluorite,"[""element:fluorine"",""mineral:fluorite""]","[""Fluorine"",""Fluorite""]","[""fluorine"",""calcium fluoride"",""fluorite""]","[""F"",""CaF2""]","[""fluorine"",""calcium fluoride"",""fluorite""]","[""Vadodara"",""Bharuch""]",2,[177],[162],https://www.ibm.gov.in/writereaddata/files/177426215469c1178a48453IMYB_2024_EBookFinal.pdf,7e4cf991426ac8299ec0a365af68a05a8276f3b81ae2433fb6debd4358550354,2026-03-11,2020-04-01 for the chapter's NMI resource tables; occurrence prose is undated within IMYB 2024,found_on_source_pages,all_found_on_source_pages,curated_page-referenced_transcription_with_machine_text_presence_checks,official_compiled_mineral_occurrence_context,official_compilation_not_independently_field_verified_by_khanan,excluded_context_only,"Broad compiled occurrence geography can overlap source evidence and is not an independent point, assay, reserve, mine or discovery label.",[],"The IBM State Reviews compile information from multiple sources and advise reader discretion. Place lists mix districts, historical names, named belts, fields and basins; occurrence does not establish grade, quantity, continuity, current legality, economics, access or a new discovery."
IBM-IMYB2024-STATE-OCC-0120,SRC_IBM_INDIAN_MINERALS_YEARBOOK_2024_STATE_REVIEWS,v1.0-alpha.22,Gujarat,district_list,gypsum,"[""mineral:gypsum""]","[""Gypsum""]","[""gypsum""]","[""Ca(SO4)(H2O)2""]","[""gypsum""]","[""Bhavnagar"",""Jamnagar"",""Junagadh"",""Kachchh"",""Surendranagar""]",5,[177],[162],https://www.ibm.gov.in/writereaddata/files/177426215469c1178a48453IMYB_2024_EBookFinal.pdf,7e4cf991426ac8299ec0a365af68a05a8276f3b81ae2433fb6debd4358550354,2026-03-11,2020-04-01 for the chapter's NMI resource tables; occurrence prose is undated within IMYB 2024,found_on_source_pages,all_found_on_source_pages,curated_page-referenced_transcription_with_machine_text_presence_checks,official_compiled_mineral_occurrence_context,official_compilation_not_independently_field_verified_by_khanan,excluded_context_only,"Broad compiled occurrence geography can overlap source evidence and is not an independent point, assay, reserve, mine or discovery label.",[],"The IBM State Reviews compile information from multiple sources and advise reader discretion. Place lists mix districts, historical names, named belts, fields and basins; occurrence does not establish grade, quantity, continuity, current legality, economics, access or a new discovery."
IBM-IMYB2024-STATE-OCC-0121,SRC_IBM_INDIAN_MINERALS_YEARBOOK_2024_STATE_REVIEWS,v1.0-alpha.22,Gujarat,district_list,lignite,"[""commodity:lignite""]","[""Lignite""]",[],[],"[""Lignite""]","[""Bharuch"",""Bhavnagar"",""Kachchh"",""Surat""]",4,[177],[162],https://www.ibm.gov.in/writereaddata/files/177426215469c1178a48453IMYB_2024_EBookFinal.pdf,7e4cf991426ac8299ec0a365af68a05a8276f3b81ae2433fb6debd4358550354,2026-03-11,2020-04-01 for the chapter's NMI resource tables; occurrence prose is undated within IMYB 2024,found_on_source_pages,all_found_on_source_pages,curated_page-referenced_transcription_with_machine_text_presence_checks,official_compiled_mineral_occurrence_context,official_compilation_not_independently_field_verified_by_khanan,excluded_context_only,"Broad compiled occurrence geography can overlap source evidence and is not an independent point, assay, reserve, mine or discovery label.",[],"The IBM State Reviews compile information from multiple sources and advise reader discretion. Place lists mix districts, historical names, named belts, fields and basins; occurrence does not establish grade, quantity, continuity, current legality, economics, access or a new discovery."
IBM-IMYB2024-STATE-OCC-0122,SRC_IBM_INDIAN_MINERALS_YEARBOOK_2024_STATE_REVIEWS,v1.0-alpha.22,Gujarat,district_list,limestone,"[""group:calcium-and-limestone"",""rock:limestone""]","[""Calcium and limestone"",""Limestone""]","[""calcium"",""calcium carbonate""]",[],"[""calcium"",""calcium carbonate""]","[""Amreli"",""Banaskantha"",""Bharuch"",""Bhavnagar"",""Jamnagar"",""Junagadh"",""Kheda"",""Kachchh"",""Panchmahals"",""Porbandar"",""Rajkot"",""Sabarkantha"",""Surat"",""Vadodara"",""Valsad""]",15,[177],[162],https://www.ibm.gov.in/writereaddata/files/177426215469c1178a48453IMYB_2024_EBookFinal.pdf,7e4cf991426ac8299ec0a365af68a05a8276f3b81ae2433fb6debd4358550354,2026-03-11,2020-04-01 for the chapter's NMI resource tables; occurrence prose is undated within IMYB 2024,found_on_source_pages,all_found_on_source_pages,curated_page-referenced_transcription_with_machine_text_presence_checks,official_compiled_mineral_occurrence_context,official_compilation_not_independently_field_verified_by_khanan,excluded_context_only,"Broad compiled occurrence geography can overlap source evidence and is not an independent point, assay, reserve, mine or discovery label.",[],"The IBM State Reviews compile information from multiple sources and advise reader discretion. Place lists mix districts, historical names, named belts, fields and basins; occurrence does not establish grade, quantity, continuity, current legality, economics, access or a new discovery."
IBM-IMYB2024-STATE-OCC-0123,SRC_IBM_INDIAN_MINERALS_YEARBOOK_2024_STATE_REVIEWS,v1.0-alpha.22,Gujarat,district_list,marl,"[""group:calcium-and-limestone"",""rock:marl""]","[""Calcium and limestone"",""Marl""]","[""calcium"",""calcium carbonate""]",[],"[""calcium"",""calcium carbonate""]","[""Amreli"",""Junagadh"",""Porbandar""]",3,[177],[162],https://www.ibm.gov.in/writereaddata/files/177426215469c1178a48453IMYB_2024_EBookFinal.pdf,7e4cf991426ac8299ec0a365af68a05a8276f3b81ae2433fb6debd4358550354,2026-03-11,2020-04-01 for the chapter's NMI resource tables; occurrence prose is undated within IMYB 2024,found_on_source_pages,all_found_on_source_pages,curated_page-referenced_transcription_with_machine_text_presence_checks,official_compiled_mineral_occurrence_context,official_compilation_not_independently_field_verified_by_khanan,excluded_context_only,"Broad compiled occurrence geography can overlap source evidence and is not an independent point, assay, reserve, mine or discovery label.",[],"The IBM State Reviews compile information from multiple sources and advise reader discretion. Place lists mix districts, historical names, named belts, fields and basins; occurrence does not establish grade, quantity, continuity, current legality, economics, access or a new discovery."
IBM-IMYB2024-STATE-OCC-0124,SRC_IBM_INDIAN_MINERALS_YEARBOOK_2024_STATE_REVIEWS,v1.0-alpha.22,Gujarat,district_list,ochre,"[""material:ochre"",""material:iron-oxide-pigments""]","[""Ochre"",""Iron oxide pigments""]",[],[],"[""Ochre"",""Iron oxide pigments""]","[""Banaskantha"",""Bhavnagar"",""Kachchh""]",3,[177],[162],https://www.ibm.gov.in/writereaddata/files/177426215469c1178a48453IMYB_2024_EBookFinal.pdf,7e4cf991426ac8299ec0a365af68a05a8276f3b81ae2433fb6debd4358550354,2026-03-11,2020-04-01 for the chapter's NMI resource tables; occurrence prose is undated within IMYB 2024,found_on_source_pages,all_found_on_source_pages,curated_page-referenced_transcription_with_machine_text_presence_checks,official_compiled_mineral_occurrence_context,official_compilation_not_independently_field_verified_by_khanan,excluded_context_only,"Broad compiled occurrence geography can overlap source evidence and is not an independent point, assay, reserve, mine or discovery label.",[],"The IBM State Reviews compile information from multiple sources and advise reader discretion. Place lists mix districts, historical names, named belts, fields and basins; occurrence does not establish grade, quantity, continuity, current legality, economics, access or a new discovery."
IBM-IMYB2024-STATE-OCC-0125,SRC_IBM_INDIAN_MINERALS_YEARBOOK_2024_STATE_REVIEWS,v1.0-alpha.22,Gujarat,district_list,perlite,"[""rock:perlite""]","[""Perlite""]",[],[],"[""Perlite""]","[""Rajkot""]",1,[177],[162],https://www.ibm.gov.in/writereaddata/files/177426215469c1178a48453IMYB_2024_EBookFinal.pdf,7e4cf991426ac8299ec0a365af68a05a8276f3b81ae2433fb6debd4358550354,2026-03-11,2020-04-01 for the chapter's NMI resource tables; occurrence prose is undated within IMYB 2024,found_on_source_pages,all_found_on_source_pages,curated_page-referenced_transcription_with_machine_text_presence_checks,official_compiled_mineral_occurrence_context,official_compilation_not_independently_field_verified_by_khanan,excluded_context_only,"Broad compiled occurrence geography can overlap source evidence and is not an independent point, assay, reserve, mine or discovery label.",[],"The IBM State Reviews compile information from multiple sources and advise reader discretion. Place lists mix districts, historical names, named belts, fields and basins; occurrence does not establish grade, quantity, continuity, current legality, economics, access or a new discovery."
IBM-IMYB2024-STATE-OCC-0126,SRC_IBM_INDIAN_MINERALS_YEARBOOK_2024_STATE_REVIEWS,v1.0-alpha.22,Gujarat,district_list,quartz/silica sand,"[""element:silicon"",""mineral:quartz"",""material:sand-and-gravel-industrial""]","[""Silicon"",""Quartz"",""Sand and gravel (industrial)""]","[""silicon"",""silicon dioxide"",""quartz""]","[""Si"",""SiO2""]","[""silicon"",""silicon dioxide"",""quartz""]","[""Bharuch"",""Bhavnagar"",""Dahod"",""Kheda"",""Kachchh"",""Panchmahals"",""Rajkot"",""Sabarkantha"",""Surat"",""Surendranagar"",""Vadodara"",""Valsad""]",12,[177],[162],https://www.ibm.gov.in/writereaddata/files/177426215469c1178a48453IMYB_2024_EBookFinal.pdf,7e4cf991426ac8299ec0a365af68a05a8276f3b81ae2433fb6debd4358550354,2026-03-11,2020-04-01 for the chapter's NMI resource tables; occurrence prose is undated within IMYB 2024,found_on_source_pages,all_found_on_source_pages,curated_page-referenced_transcription_with_machine_text_presence_checks,official_compiled_mineral_occurrence_context,official_compilation_not_independently_field_verified_by_khanan,excluded_context_only,"Broad compiled occurrence geography can overlap source evidence and is not an independent point, assay, reserve, mine or discovery label.",[],"The IBM State Reviews compile information from multiple sources and advise reader discretion. Place lists mix districts, historical names, named belts, fields and basins; occurrence does not establish grade, quantity, continuity, current legality, economics, access or a new discovery."
IBM-IMYB2024-STATE-OCC-0127,SRC_IBM_INDIAN_MINERALS_YEARBOOK_2024_STATE_REVIEWS,v1.0-alpha.22,Gujarat,district_list,talc/soapstone/steatite,"[""mineral:talc""]","[""Talc""]","[""talc""]","[""Mg3Si4O10(OH)2""]","[""talc""]","[""Sabarkantha""]",1,[177],[162],https://www.ibm.gov.in/writereaddata/files/177426215469c1178a48453IMYB_2024_EBookFinal.pdf,7e4cf991426ac8299ec0a365af68a05a8276f3b81ae2433fb6debd4358550354,2026-03-11,2020-04-01 for the chapter's NMI resource tables; occurrence prose is undated within IMYB 2024,found_on_source_pages,all_found_on_source_pages,curated_page-referenced_transcription_with_machine_text_presence_checks,official_compiled_mineral_occurrence_context,official_compilation_not_independently_field_verified_by_khanan,excluded_context_only,"Broad compiled occurrence geography can overlap source evidence and is not an independent point, assay, reserve, mine or discovery label.",[],"The IBM State Reviews compile information from multiple sources and advise reader discretion. Place lists mix districts, historical names, named belts, fields and basins; occurrence does not establish grade, quantity, continuity, current legality, economics, access or a new discovery."
IBM-IMYB2024-STATE-OCC-0128,SRC_IBM_INDIAN_MINERALS_YEARBOOK_2024_STATE_REVIEWS,v1.0-alpha.22,Gujarat,district_list,apatite,"[""group:apatite-group""]","[""Apatite group""]",[],[],"[""Apatite group""]","[""Panchmahals""]",1,[177],[162],https://www.ibm.gov.in/writereaddata/files/177426215469c1178a48453IMYB_2024_EBookFinal.pdf,7e4cf991426ac8299ec0a365af68a05a8276f3b81ae2433fb6debd4358550354,2026-03-11,2020-04-01 for the chapter's NMI resource tables; occurrence prose is undated within IMYB 2024,found_on_source_pages,all_found_on_source_pages,curated_page-referenced_transcription_with_machine_text_presence_checks,official_compiled_mineral_occurrence_context,official_compilation_not_independently_field_verified_by_khanan,excluded_context_only,"Broad compiled occurrence geography can overlap source evidence and is not an independent point, assay, reserve, mine or discovery label.",[],"The IBM State Reviews compile information from multiple sources and advise reader discretion. Place lists mix districts, historical names, named belts, fields and basins; occurrence does not establish grade, quantity, continuity, current legality, economics, access or a new discovery."
IBM-IMYB2024-STATE-OCC-0129,SRC_IBM_INDIAN_MINERALS_YEARBOOK_2024_STATE_REVIEWS,v1.0-alpha.22,Gujarat,district_list,rock phosphate,"[""element:phosphorus"",""ore:phosphorite""]","[""Phosphorus"",""Phosphorite""]","[""phosphorus""]","[""P""]","[""phosphorus""]","[""Panchmahals""]",1,[177],[162],https://www.ibm.gov.in/writereaddata/files/177426215469c1178a48453IMYB_2024_EBookFinal.pdf,7e4cf991426ac8299ec0a365af68a05a8276f3b81ae2433fb6debd4358550354,2026-03-11,2020-04-01 for the chapter's NMI resource tables; occurrence prose is undated within IMYB 2024,found_on_source_pages,all_found_on_source_pages,curated_page-referenced_transcription_with_machine_text_presence_checks,official_compiled_mineral_occurrence_context,official_compilation_not_independently_field_verified_by_khanan,excluded_context_only,"Broad compiled occurrence geography can overlap source evidence and is not an independent point, assay, reserve, mine or discovery label.",[],"The IBM State Reviews compile information from multiple sources and advise reader discretion. Place lists mix districts, historical names, named belts, fields and basins; occurrence does not establish grade, quantity, continuity, current legality, economics, access or a new discovery."
IBM-IMYB2024-STATE-OCC-0130,SRC_IBM_INDIAN_MINERALS_YEARBOOK_2024_STATE_REVIEWS,v1.0-alpha.22,Gujarat,district_list,calcite,"[""group:calcium-and-limestone"",""mineral:calcite""]","[""Calcium and limestone"",""Calcite""]","[""calcium"",""calcium carbonate"",""calcite""]","[""Ca(CO3)""]","[""calcium"",""calcium carbonate"",""calcite""]","[""Amreli"",""Bharuch""]",2,[177],[162],https://www.ibm.gov.in/writereaddata/files/177426215469c1178a48453IMYB_2024_EBookFinal.pdf,7e4cf991426ac8299ec0a365af68a05a8276f3b81ae2433fb6debd4358550354,2026-03-11,2020-04-01 for the chapter's NMI resource tables; occurrence prose is undated within IMYB 2024,found_on_source_pages,all_found_on_source_pages,curated_page-referenced_transcription_with_machine_text_presence_checks,official_compiled_mineral_occurrence_context,official_compilation_not_independently_field_verified_by_khanan,excluded_context_only,"Broad compiled occurrence geography can overlap source evidence and is not an independent point, assay, reserve, mine or discovery label.",[],"The IBM State Reviews compile information from multiple sources and advise reader discretion. Place lists mix districts, historical names, named belts, fields and basins; occurrence does not establish grade, quantity, continuity, current legality, economics, access or a new discovery."
IBM-IMYB2024-STATE-OCC-0131,SRC_IBM_INDIAN_MINERALS_YEARBOOK_2024_STATE_REVIEWS,v1.0-alpha.22,Gujarat,district_list,copper ore,"[""element:copper""]","[""Copper""]","[""copper""]","[""Cu""]","[""copper""]","[""Banaskantha""]",1,[177],[162],https://www.ibm.gov.in/writereaddata/files/177426215469c1178a48453IMYB_2024_EBookFinal.pdf,7e4cf991426ac8299ec0a365af68a05a8276f3b81ae2433fb6debd4358550354,2026-03-11,2020-04-01 for the chapter's NMI resource tables; occurrence prose is undated within IMYB 2024,found_on_source_pages,all_found_on_source_pages,curated_page-referenced_transcription_with_machine_text_presence_checks,official_compiled_mineral_occurrence_context,official_compilation_not_independently_field_verified_by_khanan,excluded_context_only,"Broad compiled occurrence geography can overlap source evidence and is not an independent point, assay, reserve, mine or discovery label.",[],"The IBM State Reviews compile information from multiple sources and advise reader discretion. Place lists mix districts, historical names, named belts, fields and basins; occurrence does not establish grade, quantity, continuity, current legality, economics, access or a new discovery."
IBM-IMYB2024-STATE-OCC-0132,SRC_IBM_INDIAN_MINERALS_YEARBOOK_2024_STATE_REVIEWS,v1.0-alpha.22,Gujarat,district_list,granite,"[""rock:granite""]","[""Granite""]",[],[],"[""Granite""]","[""Banaskantha"",""Mahesana"",""Sabarkantha""]",3,[177],[162],https://www.ibm.gov.in/writereaddata/files/177426215469c1178a48453IMYB_2024_EBookFinal.pdf,7e4cf991426ac8299ec0a365af68a05a8276f3b81ae2433fb6debd4358550354,2026-03-11,2020-04-01 for the chapter's NMI resource tables; occurrence prose is undated within IMYB 2024,found_on_source_pages,all_found_on_source_pages,curated_page-referenced_transcription_with_machine_text_presence_checks,official_compiled_mineral_occurrence_context,official_compilation_not_independently_field_verified_by_khanan,excluded_context_only,"Broad compiled occurrence geography can overlap source evidence and is not an independent point, assay, reserve, mine or discovery label.",[],"The IBM State Reviews compile information from multiple sources and advise reader discretion. Place lists mix districts, historical names, named belts, fields and basins; occurrence does not establish grade, quantity, continuity, current legality, economics, access or a new discovery."
IBM-IMYB2024-STATE-OCC-0133,SRC_IBM_INDIAN_MINERALS_YEARBOOK_2024_STATE_REVIEWS,v1.0-alpha.22,Gujarat,district_list,graphite,"[""mineral:graphite""]","[""Graphite""]","[""carbon""]","[""C""]","[""carbon""]","[""Panchmahals""]",1,[177],[162],https://www.ibm.gov.in/writereaddata/files/177426215469c1178a48453IMYB_2024_EBookFinal.pdf,7e4cf991426ac8299ec0a365af68a05a8276f3b81ae2433fb6debd4358550354,2026-03-11,2020-04-01 for the chapter's NMI resource tables; occurrence prose is undated within IMYB 2024,found_on_source_pages,all_found_on_source_pages,curated_page-referenced_transcription_with_machine_text_presence_checks,official_compiled_mineral_occurrence_context,official_compilation_not_independently_field_verified_by_khanan,excluded_context_only,"Broad compiled occurrence geography can overlap source evidence and is not an independent point, assay, reserve, mine or discovery label.",[],"The IBM State Reviews compile information from multiple sources and advise reader discretion. Place lists mix districts, historical names, named belts, fields and basins; occurrence does not establish grade, quantity, continuity, current legality, economics, access or a new discovery."
IBM-IMYB2024-STATE-OCC-0134,SRC_IBM_INDIAN_MINERALS_YEARBOOK_2024_STATE_REVIEWS,v1.0-alpha.22,Gujarat,district_list,lead-zinc,"[""element:lead"",""element:zinc""]","[""Lead"",""Zinc""]","[""lead"",""zinc""]","[""Pb"",""Zn""]","[""lead"",""zinc""]","[""Banaskantha"",""Vadodara""]",2,[177],[162],https://www.ibm.gov.in/writereaddata/files/177426215469c1178a48453IMYB_2024_EBookFinal.pdf,7e4cf991426ac8299ec0a365af68a05a8276f3b81ae2433fb6debd4358550354,2026-03-11,2020-04-01 for the chapter's NMI resource tables; occurrence prose is undated within IMYB 2024,found_on_source_pages,all_found_on_source_pages,curated_page-referenced_transcription_with_machine_text_presence_checks,official_compiled_mineral_occurrence_context,official_compilation_not_independently_field_verified_by_khanan,excluded_context_only,"Broad compiled occurrence geography can overlap source evidence and is not an independent point, assay, reserve, mine or discovery label.",[],"The IBM State Reviews compile information from multiple sources and advise reader discretion. Place lists mix districts, historical names, named belts, fields and basins; occurrence does not establish grade, quantity, continuity, current legality, economics, access or a new discovery."
IBM-IMYB2024-STATE-OCC-0135,SRC_IBM_INDIAN_MINERALS_YEARBOOK_2024_STATE_REVIEWS,v1.0-alpha.22,Gujarat,district_list,marble,"[""group:calcium-and-limestone""]","[""Calcium and limestone""]","[""calcium"",""calcium carbonate""]",[],"[""calcium"",""calcium carbonate""]","[""Banaskantha"",""Vadodara""]",2,[177],[162],https://www.ibm.gov.in/writereaddata/files/177426215469c1178a48453IMYB_2024_EBookFinal.pdf,7e4cf991426ac8299ec0a365af68a05a8276f3b81ae2433fb6debd4358550354,2026-03-11,2020-04-01 for the chapter's NMI resource tables; occurrence prose is undated within IMYB 2024,found_on_source_pages,all_found_on_source_pages,curated_page-referenced_transcription_with_machine_text_presence_checks,official_compiled_mineral_occurrence_context,official_compilation_not_independently_field_verified_by_khanan,excluded_context_only,"Broad compiled occurrence geography can overlap source evidence and is not an independent point, assay, reserve, mine or discovery label.",[],"The IBM State Reviews compile information from multiple sources and advise reader discretion. Place lists mix districts, historical names, named belts, fields and basins; occurrence does not establish grade, quantity, continuity, current legality, economics, access or a new discovery."
IBM-IMYB2024-STATE-OCC-0136,SRC_IBM_INDIAN_MINERALS_YEARBOOK_2024_STATE_REVIEWS,v1.0-alpha.22,Gujarat,district_list,manganese ore,"[""element:manganese""]","[""Manganese""]","[""manganese""]","[""Mn""]","[""manganese""]","[""Panchmahals"",""Vadodara""]",2,[177],[162],https://www.ibm.gov.in/writereaddata/files/177426215469c1178a48453IMYB_2024_EBookFinal.pdf,7e4cf991426ac8299ec0a365af68a05a8276f3b81ae2433fb6debd4358550354,2026-03-11,2020-04-01 for the chapter's NMI resource tables; occurrence prose is undated within IMYB 2024,found_on_source_pages,all_found_on_source_pages,curated_page-referenced_transcription_with_machine_text_presence_checks,official_compiled_mineral_occurrence_context,official_compilation_not_independently_field_verified_by_khanan,excluded_context_only,"Broad compiled occurrence geography can overlap source evidence and is not an independent point, assay, reserve, mine or discovery label.",[],"The IBM State Reviews compile information from multiple sources and advise reader discretion. Place lists mix districts, historical names, named belts, fields and basins; occurrence does not establish grade, quantity, continuity, current legality, economics, access or a new discovery."
IBM-IMYB2024-STATE-OCC-0137,SRC_IBM_INDIAN_MINERALS_YEARBOOK_2024_STATE_REVIEWS,v1.0-alpha.22,Gujarat,district_list,vermiculite,"[""mineral:vermiculite""]","[""Vermiculite""]","[""vermiculite""]","[""Mg0.7(Mg,Fe,Al)6(Si,Al)8O20(OH)4·8H2O""]","[""vermiculite""]","[""Vadodara""]",1,[177],[162],https://www.ibm.gov.in/writereaddata/files/177426215469c1178a48453IMYB_2024_EBookFinal.pdf,7e4cf991426ac8299ec0a365af68a05a8276f3b81ae2433fb6debd4358550354,2026-03-11,2020-04-01 for the chapter's NMI resource tables; occurrence prose is undated within IMYB 2024,found_on_source_pages,all_found_on_source_pages,curated_page-referenced_transcription_with_machine_text_presence_checks,official_compiled_mineral_occurrence_context,official_compilation_not_independently_field_verified_by_khanan,excluded_context_only,"Broad compiled occurrence geography can overlap source evidence and is not an independent point, assay, reserve, mine or discovery label.",[],"The IBM State Reviews compile information from multiple sources and advise reader discretion. Place lists mix districts, historical names, named belts, fields and basins; occurrence does not establish grade, quantity, continuity, current legality, economics, access or a new discovery."
IBM-IMYB2024-STATE-OCC-0138,SRC_IBM_INDIAN_MINERALS_YEARBOOK_2024_STATE_REVIEWS,v1.0-alpha.22,Gujarat,district_list,wollastonite,"[""mineral:wollastonite""]","[""Wollastonite""]","[""wollastonite""]","[""CaSiO3""]","[""wollastonite""]","[""Banaskantha""]",1,[177],[162],https://www.ibm.gov.in/writereaddata/files/177426215469c1178a48453IMYB_2024_EBookFinal.pdf,7e4cf991426ac8299ec0a365af68a05a8276f3b81ae2433fb6debd4358550354,2026-03-11,2020-04-01 for the chapter's NMI resource tables; occurrence prose is undated within IMYB 2024,found_on_source_pages,all_found_on_source_pages,curated_page-referenced_transcription_with_machine_text_presence_checks,official_compiled_mineral_occurrence_context,official_compilation_not_independently_field_verified_by_khanan,excluded_context_only,"Broad compiled occurrence geography can overlap source evidence and is not an independent point, assay, reserve, mine or discovery label.",[],"The IBM State Reviews compile information from multiple sources and advise reader discretion. Place lists mix districts, historical names, named belts, fields and basins; occurrence does not establish grade, quantity, continuity, current legality, economics, access or a new discovery."
IBM-IMYB2024-STATE-OCC-0139,SRC_IBM_INDIAN_MINERALS_YEARBOOK_2024_STATE_REVIEWS,v1.0-alpha.22,Gujarat,named_area_list,petroleum,"[""commodity:petroleum""]","[""Petroleum""]",[],[],"[""Petroleum""]","[""Ankaleshwar oil field"",""Kalol oil field"",""Navgam oil field"",""Balol oil field"",""Cambay oil field"",""Cambay onshore basin"",""Cambay offshore basin""]",7,[177],[162],https://www.ibm.gov.in/writereaddata/files/177426215469c1178a48453IMYB_2024_EBookFinal.pdf,7e4cf991426ac8299ec0a365af68a05a8276f3b81ae2433fb6debd4358550354,2026-03-11,2020-04-01 for the chapter's NMI resource tables; occurrence prose is undated within IMYB 2024,found_on_source_pages,all_found_on_source_pages,curated_page-referenced_transcription_with_machine_text_presence_checks,official_compiled_mineral_occurrence_context,official_compilation_not_independently_field_verified_by_khanan,excluded_context_only,"Broad compiled occurrence geography can overlap source evidence and is not an independent point, assay, reserve, mine or discovery label.",[],"The IBM State Reviews compile information from multiple sources and advise reader discretion. Place lists mix districts, historical names, named belts, fields and basins; occurrence does not establish grade, quantity, continuity, current legality, economics, access or a new discovery."
IBM-IMYB2024-STATE-OCC-0140,SRC_IBM_INDIAN_MINERALS_YEARBOOK_2024_STATE_REVIEWS,v1.0-alpha.22,Gujarat,named_area_list,natural gas,"[""commodity:natural-gas""]","[""Natural gas""]","[""methane""]",[],"[""methane""]","[""Ankaleshwar oil field"",""Kalol oil field"",""Navgam oil field"",""Balol oil field"",""Cambay oil field"",""Cambay onshore basin"",""Cambay offshore basin""]",7,[177],[162],https://www.ibm.gov.in/writereaddata/files/177426215469c1178a48453IMYB_2024_EBookFinal.pdf,7e4cf991426ac8299ec0a365af68a05a8276f3b81ae2433fb6debd4358550354,2026-03-11,2020-04-01 for the chapter's NMI resource tables; occurrence prose is undated within IMYB 2024,found_on_source_pages,all_found_on_source_pages,curated_page-referenced_transcription_with_machine_text_presence_checks,official_compiled_mineral_occurrence_context,official_compilation_not_independently_field_verified_by_khanan,excluded_context_only,"Broad compiled occurrence geography can overlap source evidence and is not an independent point, assay, reserve, mine or discovery label.",[],"The IBM State Reviews compile information from multiple sources and advise reader discretion. Place lists mix districts, historical names, named belts, fields and basins; occurrence does not establish grade, quantity, continuity, current legality, economics, access or a new discovery."
IBM-IMYB2024-STATE-OCC-0141,SRC_IBM_INDIAN_MINERALS_YEARBOOK_2024_STATE_REVIEWS,v1.0-alpha.22,Haryana,district_list,china clay,"[""group:kaolin"",""mineral:kaolinite""]","[""Kaolin"",""Kaolinite""]","[""kaolinite"",""aluminium silicate hydroxide""]","[""Al2Si2O5(OH)4""]","[""kaolinite"",""aluminium silicate hydroxide""]","[""Faridabad"",""Gurgaon"",""Rewari""]",3,[183],[168],https://www.ibm.gov.in/writereaddata/files/177426215469c1178a48453IMYB_2024_EBookFinal.pdf,7e4cf991426ac8299ec0a365af68a05a8276f3b81ae2433fb6debd4358550354,2026-03-11,2020-04-01 for the chapter's NMI resource tables; occurrence prose is undated within IMYB 2024,found_on_source_pages,all_found_on_source_pages,curated_page-referenced_transcription_with_machine_text_presence_checks,official_compiled_mineral_occurrence_context,official_compilation_not_independently_field_verified_by_khanan,excluded_context_only,"Broad compiled occurrence geography can overlap source evidence and is not an independent point, assay, reserve, mine or discovery label.",[],"The IBM State Reviews compile information from multiple sources and advise reader discretion. Place lists mix districts, historical names, named belts, fields and basins; occurrence does not establish grade, quantity, continuity, current legality, economics, access or a new discovery."
IBM-IMYB2024-STATE-OCC-0142,SRC_IBM_INDIAN_MINERALS_YEARBOOK_2024_STATE_REVIEWS,v1.0-alpha.22,Haryana,district_list,limestone,"[""group:calcium-and-limestone"",""rock:limestone""]","[""Calcium and limestone"",""Limestone""]","[""calcium"",""calcium carbonate""]",[],"[""calcium"",""calcium carbonate""]","[""Ambala"",""Bhiwani"",""Mahendragarh"",""Panchkula""]",4,[183],[168],https://www.ibm.gov.in/writereaddata/files/177426215469c1178a48453IMYB_2024_EBookFinal.pdf,7e4cf991426ac8299ec0a365af68a05a8276f3b81ae2433fb6debd4358550354,2026-03-11,2020-04-01 for the chapter's NMI resource tables; occurrence prose is undated within IMYB 2024,found_on_source_pages,all_found_on_source_pages,curated_page-referenced_transcription_with_machine_text_presence_checks,official_compiled_mineral_occurrence_context,official_compilation_not_independently_field_verified_by_khanan,excluded_context_only,"Broad compiled occurrence geography can overlap source evidence and is not an independent point, assay, reserve, mine or discovery label.",[],"The IBM State Reviews compile information from multiple sources and advise reader discretion. Place lists mix districts, historical names, named belts, fields and basins; occurrence does not establish grade, quantity, continuity, current legality, economics, access or a new discovery."
IBM-IMYB2024-STATE-OCC-0143,SRC_IBM_INDIAN_MINERALS_YEARBOOK_2024_STATE_REVIEWS,v1.0-alpha.22,Haryana,district_list,quartz/silica sand,"[""element:silicon"",""mineral:quartz"",""material:sand-and-gravel-industrial""]","[""Silicon"",""Quartz"",""Sand and gravel (industrial)""]","[""silicon"",""silicon dioxide"",""quartz""]","[""Si"",""SiO2""]","[""silicon"",""silicon dioxide"",""quartz""]","[""Bhiwani"",""Faridabad"",""Gurgaon"",""Mahendragarh""]",4,[183],[168],https://www.ibm.gov.in/writereaddata/files/177426215469c1178a48453IMYB_2024_EBookFinal.pdf,7e4cf991426ac8299ec0a365af68a05a8276f3b81ae2433fb6debd4358550354,2026-03-11,2020-04-01 for the chapter's NMI resource tables; occurrence prose is undated within IMYB 2024,found_on_source_pages,all_found_on_source_pages,curated_page-referenced_transcription_with_machine_text_presence_checks,official_compiled_mineral_occurrence_context,official_compilation_not_independently_field_verified_by_khanan,excluded_context_only,"Broad compiled occurrence geography can overlap source evidence and is not an independent point, assay, reserve, mine or discovery label.",[],"The IBM State Reviews compile information from multiple sources and advise reader discretion. Place lists mix districts, historical names, named belts, fields and basins; occurrence does not establish grade, quantity, continuity, current legality, economics, access or a new discovery."
IBM-IMYB2024-STATE-OCC-0144,SRC_IBM_INDIAN_MINERALS_YEARBOOK_2024_STATE_REVIEWS,v1.0-alpha.22,Haryana,district_list,quartzite,"[""element:silicon"",""rock:quartzite""]","[""Silicon"",""Quartzite""]","[""silicon"",""silicon dioxide""]","[""Si""]","[""silicon"",""silicon dioxide""]","[""Faridabad"",""Gurgaon""]",2,[183],[168],https://www.ibm.gov.in/writereaddata/files/177426215469c1178a48453IMYB_2024_EBookFinal.pdf,7e4cf991426ac8299ec0a365af68a05a8276f3b81ae2433fb6debd4358550354,2026-03-11,2020-04-01 for the chapter's NMI resource tables; occurrence prose is undated within IMYB 2024,found_on_source_pages,all_found_on_source_pages,curated_page-referenced_transcription_with_machine_text_presence_checks,official_compiled_mineral_occurrence_context,official_compilation_not_independently_field_verified_by_khanan,excluded_context_only,"Broad compiled occurrence geography can overlap source evidence and is not an independent point, assay, reserve, mine or discovery label.",[],"The IBM State Reviews compile information from multiple sources and advise reader discretion. Place lists mix districts, historical names, named belts, fields and basins; occurrence does not establish grade, quantity, continuity, current legality, economics, access or a new discovery."
IBM-IMYB2024-STATE-OCC-0145,SRC_IBM_INDIAN_MINERALS_YEARBOOK_2024_STATE_REVIEWS,v1.0-alpha.22,Haryana,district_list,slate,[],[],[],[],"[""slate""]","[""Mahendragarh"",""Gurgaon""]",2,[183],[168],https://www.ibm.gov.in/writereaddata/files/177426215469c1178a48453IMYB_2024_EBookFinal.pdf,7e4cf991426ac8299ec0a365af68a05a8276f3b81ae2433fb6debd4358550354,2026-03-11,2020-04-01 for the chapter's NMI resource tables; occurrence prose is undated within IMYB 2024,found_on_source_pages,all_found_on_source_pages,curated_page-referenced_transcription_with_machine_text_presence_checks,official_compiled_mineral_occurrence_context,official_compilation_not_independently_field_verified_by_khanan,excluded_context_only,"Broad compiled occurrence geography can overlap source evidence and is not an independent point, assay, reserve, mine or discovery label.","[""source_material_term_not_mapped_to_v1_ontology""]","The IBM State Reviews compile information from multiple sources and advise reader discretion. Place lists mix districts, historical names, named belts, fields and basins; occurrence does not establish grade, quantity, continuity, current legality, economics, access or a new discovery."
IBM-IMYB2024-STATE-OCC-0146,SRC_IBM_INDIAN_MINERALS_YEARBOOK_2024_STATE_REVIEWS,v1.0-alpha.22,Haryana,district_list,barytes,"[""mineral:baryte""]","[""Baryte""]","[""baryte""]","[""Ba(SO4)""]","[""baryte""]","[""Mahendragarh""]",1,[183],[168],https://www.ibm.gov.in/writereaddata/files/177426215469c1178a48453IMYB_2024_EBookFinal.pdf,7e4cf991426ac8299ec0a365af68a05a8276f3b81ae2433fb6debd4358550354,2026-03-11,2020-04-01 for the chapter's NMI resource tables; occurrence prose is undated within IMYB 2024,found_on_source_pages,all_found_on_source_pages,curated_page-referenced_transcription_with_machine_text_presence_checks,official_compiled_mineral_occurrence_context,official_compilation_not_independently_field_verified_by_khanan,excluded_context_only,"Broad compiled occurrence geography can overlap source evidence and is not an independent point, assay, reserve, mine or discovery label.",[],"The IBM State Reviews compile information from multiple sources and advise reader discretion. Place lists mix districts, historical names, named belts, fields and basins; occurrence does not establish grade, quantity, continuity, current legality, economics, access or a new discovery."
IBM-IMYB2024-STATE-OCC-0147,SRC_IBM_INDIAN_MINERALS_YEARBOOK_2024_STATE_REVIEWS,v1.0-alpha.22,Haryana,district_list,calcite,"[""group:calcium-and-limestone"",""mineral:calcite""]","[""Calcium and limestone"",""Calcite""]","[""calcium"",""calcium carbonate"",""calcite""]","[""Ca(CO3)""]","[""calcium"",""calcium carbonate"",""calcite""]","[""Mahendragarh""]",1,[183],[168],https://www.ibm.gov.in/writereaddata/files/177426215469c1178a48453IMYB_2024_EBookFinal.pdf,7e4cf991426ac8299ec0a365af68a05a8276f3b81ae2433fb6debd4358550354,2026-03-11,2020-04-01 for the chapter's NMI resource tables; occurrence prose is undated within IMYB 2024,found_on_source_pages,all_found_on_source_pages,curated_page-referenced_transcription_with_machine_text_presence_checks,official_compiled_mineral_occurrence_context,official_compilation_not_independently_field_verified_by_khanan,excluded_context_only,"Broad compiled occurrence geography can overlap source evidence and is not an independent point, assay, reserve, mine or discovery label.",[],"The IBM State Reviews compile information from multiple sources and advise reader discretion. Place lists mix districts, historical names, named belts, fields and basins; occurrence does not establish grade, quantity, continuity, current legality, economics, access or a new discovery."
IBM-IMYB2024-STATE-OCC-0148,SRC_IBM_INDIAN_MINERALS_YEARBOOK_2024_STATE_REVIEWS,v1.0-alpha.22,Haryana,district_list,felspar,"[""group:feldspar-group""]","[""Feldspar group""]",[],[],"[""Feldspar group""]","[""Mahendragarh""]",1,[183],[168],https://www.ibm.gov.in/writereaddata/files/177426215469c1178a48453IMYB_2024_EBookFinal.pdf,7e4cf991426ac8299ec0a365af68a05a8276f3b81ae2433fb6debd4358550354,2026-03-11,2020-04-01 for the chapter's NMI resource tables; occurrence prose is undated within IMYB 2024,found_on_source_pages,all_found_on_source_pages,curated_page-referenced_transcription_with_machine_text_presence_checks,official_compiled_mineral_occurrence_context,official_compilation_not_independently_field_verified_by_khanan,excluded_context_only,"Broad compiled occurrence geography can overlap source evidence and is not an independent point, assay, reserve, mine or discovery label.",[],"The IBM State Reviews compile information from multiple sources and advise reader discretion. Place lists mix districts, historical names, named belts, fields and basins; occurrence does not establish grade, quantity, continuity, current legality, economics, access or a new discovery."
IBM-IMYB2024-STATE-OCC-0149,SRC_IBM_INDIAN_MINERALS_YEARBOOK_2024_STATE_REVIEWS,v1.0-alpha.22,Haryana,district_list,marble,"[""group:calcium-and-limestone""]","[""Calcium and limestone""]","[""calcium"",""calcium carbonate""]",[],"[""calcium"",""calcium carbonate""]","[""Mahendragarh""]",1,[183],[168],https://www.ibm.gov.in/writereaddata/files/177426215469c1178a48453IMYB_2024_EBookFinal.pdf,7e4cf991426ac8299ec0a365af68a05a8276f3b81ae2433fb6debd4358550354,2026-03-11,2020-04-01 for the chapter's NMI resource tables; occurrence prose is undated within IMYB 2024,found_on_source_pages,all_found_on_source_pages,curated_page-referenced_transcription_with_machine_text_presence_checks,official_compiled_mineral_occurrence_context,official_compilation_not_independently_field_verified_by_khanan,excluded_context_only,"Broad compiled occurrence geography can overlap source evidence and is not an independent point, assay, reserve, mine or discovery label.",[],"The IBM State Reviews compile information from multiple sources and advise reader discretion. Place lists mix districts, historical names, named belts, fields and basins; occurrence does not establish grade, quantity, continuity, current legality, economics, access or a new discovery."
IBM-IMYB2024-STATE-OCC-0150,SRC_IBM_INDIAN_MINERALS_YEARBOOK_2024_STATE_REVIEWS,v1.0-alpha.22,Haryana,district_list,copper,"[""element:copper""]","[""Copper""]","[""copper""]","[""Cu""]","[""copper""]","[""Bhiwani"",""Mahendragarh""]",2,[183],[168],https://www.ibm.gov.in/writereaddata/files/177426215469c1178a48453IMYB_2024_EBookFinal.pdf,7e4cf991426ac8299ec0a365af68a05a8276f3b81ae2433fb6debd4358550354,2026-03-11,2020-04-01 for the chapter's NMI resource tables; occurrence prose is undated within IMYB 2024,found_on_source_pages,all_found_on_source_pages,curated_page-referenced_transcription_with_machine_text_presence_checks,official_compiled_mineral_occurrence_context,official_compilation_not_independently_field_verified_by_khanan,excluded_context_only,"Broad compiled occurrence geography can overlap source evidence and is not an independent point, assay, reserve, mine or discovery label.",[],"The IBM State Reviews compile information from multiple sources and advise reader discretion. Place lists mix districts, historical names, named belts, fields and basins; occurrence does not establish grade, quantity, continuity, current legality, economics, access or a new discovery."
IBM-IMYB2024-STATE-OCC-0151,SRC_IBM_INDIAN_MINERALS_YEARBOOK_2024_STATE_REVIEWS,v1.0-alpha.22,Haryana,district_list,dolomite,"[""mineral:dolomite""]","[""Dolomite""]","[""dolomite""]","[""CaMg(CO3)2""]","[""dolomite""]","[""Ambala"",""Mahendragarh""]",2,[183],[168],https://www.ibm.gov.in/writereaddata/files/177426215469c1178a48453IMYB_2024_EBookFinal.pdf,7e4cf991426ac8299ec0a365af68a05a8276f3b81ae2433fb6debd4358550354,2026-03-11,2020-04-01 for the chapter's NMI resource tables; occurrence prose is undated within IMYB 2024,found_on_source_pages,all_found_on_source_pages,curated_page-referenced_transcription_with_machine_text_presence_checks,official_compiled_mineral_occurrence_context,official_compilation_not_independently_field_verified_by_khanan,excluded_context_only,"Broad compiled occurrence geography can overlap source evidence and is not an independent point, assay, reserve, mine or discovery label.",[],"The IBM State Reviews compile information from multiple sources and advise reader discretion. Place lists mix districts, historical names, named belts, fields and basins; occurrence does not establish grade, quantity, continuity, current legality, economics, access or a new discovery."
IBM-IMYB2024-STATE-OCC-0152,SRC_IBM_INDIAN_MINERALS_YEARBOOK_2024_STATE_REVIEWS,v1.0-alpha.22,Haryana,district_list,granite,"[""rock:granite""]","[""Granite""]",[],[],"[""Granite""]","[""Bhiwani""]",1,[183],[168],https://www.ibm.gov.in/writereaddata/files/177426215469c1178a48453IMYB_2024_EBookFinal.pdf,7e4cf991426ac8299ec0a365af68a05a8276f3b81ae2433fb6debd4358550354,2026-03-11,2020-04-01 for the chapter's NMI resource tables; occurrence prose is undated within IMYB 2024,found_on_source_pages,all_found_on_source_pages,curated_page-referenced_transcription_with_machine_text_presence_checks,official_compiled_mineral_occurrence_context,official_compilation_not_independently_field_verified_by_khanan,excluded_context_only,"Broad compiled occurrence geography can overlap source evidence and is not an independent point, assay, reserve, mine or discovery label.",[],"The IBM State Reviews compile information from multiple sources and advise reader discretion. Place lists mix districts, historical names, named belts, fields and basins; occurrence does not establish grade, quantity, continuity, current legality, economics, access or a new discovery."
IBM-IMYB2024-STATE-OCC-0153,SRC_IBM_INDIAN_MINERALS_YEARBOOK_2024_STATE_REVIEWS,v1.0-alpha.22,Haryana,district_list,tin,"[""element:tin""]","[""Tin""]","[""tin""]","[""Sn""]","[""tin""]","[""Bhiwani""]",1,[183],[168],https://www.ibm.gov.in/writereaddata/files/177426215469c1178a48453IMYB_2024_EBookFinal.pdf,7e4cf991426ac8299ec0a365af68a05a8276f3b81ae2433fb6debd4358550354,2026-03-11,2020-04-01 for the chapter's NMI resource tables; occurrence prose is undated within IMYB 2024,found_on_source_pages,all_found_on_source_pages,curated_page-referenced_transcription_with_machine_text_presence_checks,official_compiled_mineral_occurrence_context,official_compilation_not_independently_field_verified_by_khanan,excluded_context_only,"Broad compiled occurrence geography can overlap source evidence and is not an independent point, assay, reserve, mine or discovery label.",[],"The IBM State Reviews compile information from multiple sources and advise reader discretion. Place lists mix districts, historical names, named belts, fields and basins; occurrence does not establish grade, quantity, continuity, current legality, economics, access or a new discovery."
IBM-IMYB2024-STATE-OCC-0154,SRC_IBM_INDIAN_MINERALS_YEARBOOK_2024_STATE_REVIEWS,v1.0-alpha.22,Haryana,district_list,tungsten,"[""element:tungsten""]","[""Tungsten""]","[""tungsten""]","[""W""]","[""tungsten""]","[""Bhiwani""]",1,[183],[168],https://www.ibm.gov.in/writereaddata/files/177426215469c1178a48453IMYB_2024_EBookFinal.pdf,7e4cf991426ac8299ec0a365af68a05a8276f3b81ae2433fb6debd4358550354,2026-03-11,2020-04-01 for the chapter's NMI resource tables; occurrence prose is undated within IMYB 2024,found_on_source_pages,all_found_on_source_pages,curated_page-referenced_transcription_with_machine_text_presence_checks,official_compiled_mineral_occurrence_context,official_compilation_not_independently_field_verified_by_khanan,excluded_context_only,"Broad compiled occurrence geography can overlap source evidence and is not an independent point, assay, reserve, mine or discovery label.",[],"The IBM State Reviews compile information from multiple sources and advise reader discretion. Place lists mix districts, historical names, named belts, fields and basins; occurrence does not establish grade, quantity, continuity, current legality, economics, access or a new discovery."
IBM-IMYB2024-STATE-OCC-0155,SRC_IBM_INDIAN_MINERALS_YEARBOOK_2024_STATE_REVIEWS,v1.0-alpha.22,Haryana,named_area_list,tin,"[""element:tin""]","[""Tin""]","[""tin""]","[""Sn""]","[""tin""]","[""Tosham area""]",1,[183],[168],https://www.ibm.gov.in/writereaddata/files/177426215469c1178a48453IMYB_2024_EBookFinal.pdf,7e4cf991426ac8299ec0a365af68a05a8276f3b81ae2433fb6debd4358550354,2026-03-11,2020-04-01 for the chapter's NMI resource tables; occurrence prose is undated within IMYB 2024,found_on_source_pages,all_found_on_source_pages,curated_page-referenced_transcription_with_machine_text_presence_checks,official_compiled_mineral_occurrence_context,official_compilation_not_independently_field_verified_by_khanan,excluded_context_only,"Broad compiled occurrence geography can overlap source evidence and is not an independent point, assay, reserve, mine or discovery label.",[],"The IBM State Reviews compile information from multiple sources and advise reader discretion. Place lists mix districts, historical names, named belts, fields and basins; occurrence does not establish grade, quantity, continuity, current legality, economics, access or a new discovery."
IBM-IMYB2024-STATE-OCC-0156,SRC_IBM_INDIAN_MINERALS_YEARBOOK_2024_STATE_REVIEWS,v1.0-alpha.22,Haryana,named_area_list,tungsten,"[""element:tungsten""]","[""Tungsten""]","[""tungsten""]","[""W""]","[""tungsten""]","[""Tosham area""]",1,[183],[168],https://www.ibm.gov.in/writereaddata/files/177426215469c1178a48453IMYB_2024_EBookFinal.pdf,7e4cf991426ac8299ec0a365af68a05a8276f3b81ae2433fb6debd4358550354,2026-03-11,2020-04-01 for the chapter's NMI resource tables; occurrence prose is undated within IMYB 2024,found_on_source_pages,all_found_on_source_pages,curated_page-referenced_transcription_with_machine_text_presence_checks,official_compiled_mineral_occurrence_context,official_compilation_not_independently_field_verified_by_khanan,excluded_context_only,"Broad compiled occurrence geography can overlap source evidence and is not an independent point, assay, reserve, mine or discovery label.",[],"The IBM State Reviews compile information from multiple sources and advise reader discretion. Place lists mix districts, historical names, named belts, fields and basins; occurrence does not establish grade, quantity, continuity, current legality, economics, access or a new discovery."
IBM-IMYB2024-STATE-OCC-0157,SRC_IBM_INDIAN_MINERALS_YEARBOOK_2024_STATE_REVIEWS,v1.0-alpha.22,Himachal Pradesh,district_list,barytes,"[""mineral:baryte""]","[""Baryte""]","[""baryte""]","[""Ba(SO4)""]","[""baryte""]","[""Sirmaur""]",1,[185],[170],https://www.ibm.gov.in/writereaddata/files/177426215469c1178a48453IMYB_2024_EBookFinal.pdf,7e4cf991426ac8299ec0a365af68a05a8276f3b81ae2433fb6debd4358550354,2026-03-11,2020-04-01 for the chapter's NMI resource tables; occurrence prose is undated within IMYB 2024,found_on_source_pages,all_found_on_source_pages,curated_page-referenced_transcription_with_machine_text_presence_checks,official_compiled_mineral_occurrence_context,official_compilation_not_independently_field_verified_by_khanan,excluded_context_only,"Broad compiled occurrence geography can overlap source evidence and is not an independent point, assay, reserve, mine or discovery label.",[],"The IBM State Reviews compile information from multiple sources and advise reader discretion. Place lists mix districts, historical names, named belts, fields and basins; occurrence does not establish grade, quantity, continuity, current legality, economics, access or a new discovery."
IBM-IMYB2024-STATE-OCC-0158,SRC_IBM_INDIAN_MINERALS_YEARBOOK_2024_STATE_REVIEWS,v1.0-alpha.22,Himachal Pradesh,district_list,limestone,"[""group:calcium-and-limestone"",""rock:limestone""]","[""Calcium and limestone"",""Limestone""]","[""calcium"",""calcium carbonate""]",[],"[""calcium"",""calcium carbonate""]","[""Bilaspur"",""Chamba"",""Kangra"",""Kullu"",""Mandi"",""Shimla"",""Sirmaur"",""Solan""]",8,[185],[170],https://www.ibm.gov.in/writereaddata/files/177426215469c1178a48453IMYB_2024_EBookFinal.pdf,7e4cf991426ac8299ec0a365af68a05a8276f3b81ae2433fb6debd4358550354,2026-03-11,2020-04-01 for the chapter's NMI resource tables; occurrence prose is undated within IMYB 2024,found_on_source_pages,all_found_on_source_pages,curated_page-referenced_transcription_with_machine_text_presence_checks,official_compiled_mineral_occurrence_context,official_compilation_not_independently_field_verified_by_khanan,excluded_context_only,"Broad compiled occurrence geography can overlap source evidence and is not an independent point, assay, reserve, mine or discovery label.",[],"The IBM State Reviews compile information from multiple sources and advise reader discretion. Place lists mix districts, historical names, named belts, fields and basins; occurrence does not establish grade, quantity, continuity, current legality, economics, access or a new discovery."
IBM-IMYB2024-STATE-OCC-0159,SRC_IBM_INDIAN_MINERALS_YEARBOOK_2024_STATE_REVIEWS,v1.0-alpha.22,Himachal Pradesh,district_list,rock salt,"[""mineral:halite""]","[""Halite""]","[""halite""]","[""NaCl""]","[""halite""]","[""Mandi""]",1,[185],[170],https://www.ibm.gov.in/writereaddata/files/177426215469c1178a48453IMYB_2024_EBookFinal.pdf,7e4cf991426ac8299ec0a365af68a05a8276f3b81ae2433fb6debd4358550354,2026-03-11,2020-04-01 for the chapter's NMI resource tables; occurrence prose is undated within IMYB 2024,found_on_source_pages,all_found_on_source_pages,curated_page-referenced_transcription_with_machine_text_presence_checks,official_compiled_mineral_occurrence_context,official_compilation_not_independently_field_verified_by_khanan,excluded_context_only,"Broad compiled occurrence geography can overlap source evidence and is not an independent point, assay, reserve, mine or discovery label.",[],"The IBM State Reviews compile information from multiple sources and advise reader discretion. Place lists mix districts, historical names, named belts, fields and basins; occurrence does not establish grade, quantity, continuity, current legality, economics, access or a new discovery."
IBM-IMYB2024-STATE-OCC-0160,SRC_IBM_INDIAN_MINERALS_YEARBOOK_2024_STATE_REVIEWS,v1.0-alpha.22,Himachal Pradesh,district_list,antimony,"[""element:antimony""]","[""Antimony""]","[""antimony""]","[""Sb""]","[""antimony""]","[""Lahaul & Spiti""]",1,[185],[170],https://www.ibm.gov.in/writereaddata/files/177426215469c1178a48453IMYB_2024_EBookFinal.pdf,7e4cf991426ac8299ec0a365af68a05a8276f3b81ae2433fb6debd4358550354,2026-03-11,2020-04-01 for the chapter's NMI resource tables; occurrence prose is undated within IMYB 2024,found_on_source_pages,all_found_on_source_pages,curated_page-referenced_transcription_with_machine_text_presence_checks,official_compiled_mineral_occurrence_context,official_compilation_not_independently_field_verified_by_khanan,excluded_context_only,"Broad compiled occurrence geography can overlap source evidence and is not an independent point, assay, reserve, mine or discovery label.",[],"The IBM State Reviews compile information from multiple sources and advise reader discretion. Place lists mix districts, historical names, named belts, fields and basins; occurrence does not establish grade, quantity, continuity, current legality, economics, access or a new discovery."
IBM-IMYB2024-STATE-OCC-0161,SRC_IBM_INDIAN_MINERALS_YEARBOOK_2024_STATE_REVIEWS,v1.0-alpha.22,Himachal Pradesh,district_list,gypsum,"[""mineral:gypsum""]","[""Gypsum""]","[""gypsum""]","[""Ca(SO4)(H2O)2""]","[""gypsum""]","[""Chamba"",""Sirmaur"",""Solan""]",3,[185],[170],https://www.ibm.gov.in/writereaddata/files/177426215469c1178a48453IMYB_2024_EBookFinal.pdf,7e4cf991426ac8299ec0a365af68a05a8276f3b81ae2433fb6debd4358550354,2026-03-11,2020-04-01 for the chapter's NMI resource tables; occurrence prose is undated within IMYB 2024,found_on_source_pages,all_found_on_source_pages,curated_page-referenced_transcription_with_machine_text_presence_checks,official_compiled_mineral_occurrence_context,official_compilation_not_independently_field_verified_by_khanan,excluded_context_only,"Broad compiled occurrence geography can overlap source evidence and is not an independent point, assay, reserve, mine or discovery label.",[],"The IBM State Reviews compile information from multiple sources and advise reader discretion. Place lists mix districts, historical names, named belts, fields and basins; occurrence does not establish grade, quantity, continuity, current legality, economics, access or a new discovery."
IBM-IMYB2024-STATE-OCC-0162,SRC_IBM_INDIAN_MINERALS_YEARBOOK_2024_STATE_REVIEWS,v1.0-alpha.22,Himachal Pradesh,district_list,magnesite,"[""element:magnesium"",""mineral:magnesite""]","[""Magnesium"",""Magnesite""]","[""magnesium"",""magnesium carbonate"",""magnesite""]","[""Mg"",""Mg(CO3)""]","[""magnesium"",""magnesium carbonate"",""magnesite""]","[""Chamba""]",1,[185],[170],https://www.ibm.gov.in/writereaddata/files/177426215469c1178a48453IMYB_2024_EBookFinal.pdf,7e4cf991426ac8299ec0a365af68a05a8276f3b81ae2433fb6debd4358550354,2026-03-11,2020-04-01 for the chapter's NMI resource tables; occurrence prose is undated within IMYB 2024,found_on_source_pages,all_found_on_source_pages,curated_page-referenced_transcription_with_machine_text_presence_checks,official_compiled_mineral_occurrence_context,official_compilation_not_independently_field_verified_by_khanan,excluded_context_only,"Broad compiled occurrence geography can overlap source evidence and is not an independent point, assay, reserve, mine or discovery label.",[],"The IBM State Reviews compile information from multiple sources and advise reader discretion. Place lists mix districts, historical names, named belts, fields and basins; occurrence does not establish grade, quantity, continuity, current legality, economics, access or a new discovery."
IBM-IMYB2024-STATE-OCC-0163,SRC_IBM_INDIAN_MINERALS_YEARBOOK_2024_STATE_REVIEWS,v1.0-alpha.22,Himachal Pradesh,district_list,pyrite,"[""mineral:pyrite""]","[""Pyrite""]","[""pyrite""]","[""FeS2""]","[""pyrite""]","[""Shimla""]",1,[185],[170],https://www.ibm.gov.in/writereaddata/files/177426215469c1178a48453IMYB_2024_EBookFinal.pdf,7e4cf991426ac8299ec0a365af68a05a8276f3b81ae2433fb6debd4358550354,2026-03-11,2020-04-01 for the chapter's NMI resource tables; occurrence prose is undated within IMYB 2024,found_on_source_pages,all_found_on_source_pages,curated_page-referenced_transcription_with_machine_text_presence_checks,official_compiled_mineral_occurrence_context,official_compilation_not_independently_field_verified_by_khanan,excluded_context_only,"Broad compiled occurrence geography can overlap source evidence and is not an independent point, assay, reserve, mine or discovery label.",[],"The IBM State Reviews compile information from multiple sources and advise reader discretion. Place lists mix districts, historical names, named belts, fields and basins; occurrence does not establish grade, quantity, continuity, current legality, economics, access or a new discovery."
IBM-IMYB2024-STATE-OCC-0164,SRC_IBM_INDIAN_MINERALS_YEARBOOK_2024_STATE_REVIEWS,v1.0-alpha.22,Himachal Pradesh,district_list,quartz,"[""element:silicon"",""mineral:quartz""]","[""Silicon"",""Quartz""]","[""silicon"",""silicon dioxide"",""quartz""]","[""Si"",""SiO2""]","[""silicon"",""silicon dioxide"",""quartz""]","[""Una""]",1,[185],[170],https://www.ibm.gov.in/writereaddata/files/177426215469c1178a48453IMYB_2024_EBookFinal.pdf,7e4cf991426ac8299ec0a365af68a05a8276f3b81ae2433fb6debd4358550354,2026-03-11,2020-04-01 for the chapter's NMI resource tables; occurrence prose is undated within IMYB 2024,found_on_source_pages,all_found_on_source_pages,curated_page-referenced_transcription_with_machine_text_presence_checks,official_compiled_mineral_occurrence_context,official_compilation_not_independently_field_verified_by_khanan,excluded_context_only,"Broad compiled occurrence geography can overlap source evidence and is not an independent point, assay, reserve, mine or discovery label.",[],"The IBM State Reviews compile information from multiple sources and advise reader discretion. Place lists mix districts, historical names, named belts, fields and basins; occurrence does not establish grade, quantity, continuity, current legality, economics, access or a new discovery."
IBM-IMYB2024-STATE-OCC-0165,SRC_IBM_INDIAN_MINERALS_YEARBOOK_2024_STATE_REVIEWS,v1.0-alpha.22,Himachal Pradesh,district_list,quartzite,"[""element:silicon"",""rock:quartzite""]","[""Silicon"",""Quartzite""]","[""silicon"",""silicon dioxide""]","[""Si""]","[""silicon"",""silicon dioxide""]","[""Una""]",1,[185],[170],https://www.ibm.gov.in/writereaddata/files/177426215469c1178a48453IMYB_2024_EBookFinal.pdf,7e4cf991426ac8299ec0a365af68a05a8276f3b81ae2433fb6debd4358550354,2026-03-11,2020-04-01 for the chapter's NMI resource tables; occurrence prose is undated within IMYB 2024,found_on_source_pages,all_found_on_source_pages,curated_page-referenced_transcription_with_machine_text_presence_checks,official_compiled_mineral_occurrence_context,official_compilation_not_independently_field_verified_by_khanan,excluded_context_only,"Broad compiled occurrence geography can overlap source evidence and is not an independent point, assay, reserve, mine or discovery label.",[],"The IBM State Reviews compile information from multiple sources and advise reader discretion. Place lists mix districts, historical names, named belts, fields and basins; occurrence does not establish grade, quantity, continuity, current legality, economics, access or a new discovery."
IBM-IMYB2024-STATE-OCC-0166,SRC_IBM_INDIAN_MINERALS_YEARBOOK_2024_STATE_REVIEWS,v1.0-alpha.22,Himachal Pradesh,district_list,silica sand,"[""element:silicon"",""mineral:quartz"",""material:sand-and-gravel-industrial""]","[""Silicon"",""Quartz"",""Sand and gravel (industrial)""]","[""silicon"",""silicon dioxide"",""quartz""]","[""Si"",""SiO2""]","[""silicon"",""silicon dioxide"",""quartz""]","[""Una""]",1,[185],[170],https://www.ibm.gov.in/writereaddata/files/177426215469c1178a48453IMYB_2024_EBookFinal.pdf,7e4cf991426ac8299ec0a365af68a05a8276f3b81ae2433fb6debd4358550354,2026-03-11,2020-04-01 for the chapter's NMI resource tables; occurrence prose is undated within IMYB 2024,found_on_source_pages,all_found_on_source_pages,curated_page-referenced_transcription_with_machine_text_presence_checks,official_compiled_mineral_occurrence_context,official_compilation_not_independently_field_verified_by_khanan,excluded_context_only,"Broad compiled occurrence geography can overlap source evidence and is not an independent point, assay, reserve, mine or discovery label.",[],"The IBM State Reviews compile information from multiple sources and advise reader discretion. Place lists mix districts, historical names, named belts, fields and basins; occurrence does not establish grade, quantity, continuity, current legality, economics, access or a new discovery."
IBM-IMYB2024-STATE-OCC-0167,SRC_IBM_INDIAN_MINERALS_YEARBOOK_2024_STATE_REVIEWS,v1.0-alpha.22,Union Territory of Jammu & Kashmir,district_list,coal,"[""commodity:coal""]","[""Coal""]",[],[],"[""Coal""]","[""Kupwara""]",1,[188],[173],https://www.ibm.gov.in/writereaddata/files/177426215469c1178a48453IMYB_2024_EBookFinal.pdf,7e4cf991426ac8299ec0a365af68a05a8276f3b81ae2433fb6debd4358550354,2026-03-11,2020-04-01 for the chapter's NMI resource tables; occurrence prose is undated within IMYB 2024,found_on_source_pages,all_found_on_source_pages,curated_page-referenced_transcription_with_machine_text_presence_checks,official_compiled_mineral_occurrence_context,official_compilation_not_independently_field_verified_by_khanan,excluded_context_only,"Broad compiled occurrence geography can overlap source evidence and is not an independent point, assay, reserve, mine or discovery label.","[""source_and_boundary_administrative_vintages_differ""]","The IBM State Reviews compile information from multiple sources and advise reader discretion. Place lists mix districts, historical names, named belts, fields and basins; occurrence does not establish grade, quantity, continuity, current legality, economics, access or a new discovery."
IBM-IMYB2024-STATE-OCC-0168,SRC_IBM_INDIAN_MINERALS_YEARBOOK_2024_STATE_REVIEWS,v1.0-alpha.22,Union Territory of Jammu & Kashmir,district_list,gypsum,"[""mineral:gypsum""]","[""Gypsum""]","[""gypsum""]","[""Ca(SO4)(H2O)2""]","[""gypsum""]","[""Baramulla"",""Doda""]",2,[188],[173],https://www.ibm.gov.in/writereaddata/files/177426215469c1178a48453IMYB_2024_EBookFinal.pdf,7e4cf991426ac8299ec0a365af68a05a8276f3b81ae2433fb6debd4358550354,2026-03-11,2020-04-01 for the chapter's NMI resource tables; occurrence prose is undated within IMYB 2024,found_on_source_pages,all_found_on_source_pages,curated_page-referenced_transcription_with_machine_text_presence_checks,official_compiled_mineral_occurrence_context,official_compilation_not_independently_field_verified_by_khanan,excluded_context_only,"Broad compiled occurrence geography can overlap source evidence and is not an independent point, assay, reserve, mine or discovery label.","[""source_and_boundary_administrative_vintages_differ""]","The IBM State Reviews compile information from multiple sources and advise reader discretion. Place lists mix districts, historical names, named belts, fields and basins; occurrence does not establish grade, quantity, continuity, current legality, economics, access or a new discovery."
IBM-IMYB2024-STATE-OCC-0169,SRC_IBM_INDIAN_MINERALS_YEARBOOK_2024_STATE_REVIEWS,v1.0-alpha.22,Union Territory of Jammu & Kashmir,district_list,limestone,"[""group:calcium-and-limestone"",""rock:limestone""]","[""Calcium and limestone"",""Limestone""]","[""calcium"",""calcium carbonate""]",[],"[""calcium"",""calcium carbonate""]","[""Anantnag"",""Baramulla"",""Kathua"",""Leh"",""Poonch"",""Pulwama"",""Rajauri"",""Srinagar"",""Udhampur""]",9,[188],[173],https://www.ibm.gov.in/writereaddata/files/177426215469c1178a48453IMYB_2024_EBookFinal.pdf,7e4cf991426ac8299ec0a365af68a05a8276f3b81ae2433fb6debd4358550354,2026-03-11,2020-04-01 for the chapter's NMI resource tables; occurrence prose is undated within IMYB 2024,found_on_source_pages,all_found_on_source_pages,curated_page-referenced_transcription_with_machine_text_presence_checks,official_compiled_mineral_occurrence_context,official_compilation_not_independently_field_verified_by_khanan,excluded_context_only,"Broad compiled occurrence geography can overlap source evidence and is not an independent point, assay, reserve, mine or discovery label.","[""source_and_boundary_administrative_vintages_differ""]","The IBM State Reviews compile information from multiple sources and advise reader discretion. Place lists mix districts, historical names, named belts, fields and basins; occurrence does not establish grade, quantity, continuity, current legality, economics, access or a new discovery."
IBM-IMYB2024-STATE-OCC-0170,SRC_IBM_INDIAN_MINERALS_YEARBOOK_2024_STATE_REVIEWS,v1.0-alpha.22,Union Territory of Jammu & Kashmir,district_list,magnesite,"[""element:magnesium"",""mineral:magnesite""]","[""Magnesium"",""Magnesite""]","[""magnesium"",""magnesium carbonate"",""magnesite""]","[""Mg"",""Mg(CO3)""]","[""magnesium"",""magnesium carbonate"",""magnesite""]","[""Leh"",""Udhampur""]",2,[188],[173],https://www.ibm.gov.in/writereaddata/files/177426215469c1178a48453IMYB_2024_EBookFinal.pdf,7e4cf991426ac8299ec0a365af68a05a8276f3b81ae2433fb6debd4358550354,2026-03-11,2020-04-01 for the chapter's NMI resource tables; occurrence prose is undated within IMYB 2024,found_on_source_pages,all_found_on_source_pages,curated_page-referenced_transcription_with_machine_text_presence_checks,official_compiled_mineral_occurrence_context,official_compilation_not_independently_field_verified_by_khanan,excluded_context_only,"Broad compiled occurrence geography can overlap source evidence and is not an independent point, assay, reserve, mine or discovery label.","[""source_and_boundary_administrative_vintages_differ""]","The IBM State Reviews compile information from multiple sources and advise reader discretion. Place lists mix districts, historical names, named belts, fields and basins; occurrence does not establish grade, quantity, continuity, current legality, economics, access or a new discovery."
IBM-IMYB2024-STATE-OCC-0171,SRC_IBM_INDIAN_MINERALS_YEARBOOK_2024_STATE_REVIEWS,v1.0-alpha.22,Union Territory of Jammu & Kashmir,district_list,bauxite,"[""element:aluminium"",""ore:bauxite""]","[""Aluminium"",""Bauxite""]","[""aluminium""]","[""Al""]","[""aluminium""]","[""Udhampur""]",1,[188],[173],https://www.ibm.gov.in/writereaddata/files/177426215469c1178a48453IMYB_2024_EBookFinal.pdf,7e4cf991426ac8299ec0a365af68a05a8276f3b81ae2433fb6debd4358550354,2026-03-11,2020-04-01 for the chapter's NMI resource tables; occurrence prose is undated within IMYB 2024,found_on_source_pages,all_found_on_source_pages,curated_page-referenced_transcription_with_machine_text_presence_checks,official_compiled_mineral_occurrence_context,official_compilation_not_independently_field_verified_by_khanan,excluded_context_only,"Broad compiled occurrence geography can overlap source evidence and is not an independent point, assay, reserve, mine or discovery label.","[""source_and_boundary_administrative_vintages_differ""]","The IBM State Reviews compile information from multiple sources and advise reader discretion. Place lists mix districts, historical names, named belts, fields and basins; occurrence does not establish grade, quantity, continuity, current legality, economics, access or a new discovery."
IBM-IMYB2024-STATE-OCC-0172,SRC_IBM_INDIAN_MINERALS_YEARBOOK_2024_STATE_REVIEWS,v1.0-alpha.22,Union Territory of Jammu & Kashmir,district_list,china clay,"[""group:kaolin"",""mineral:kaolinite""]","[""Kaolin"",""Kaolinite""]","[""kaolinite"",""aluminium silicate hydroxide""]","[""Al2Si2O5(OH)4""]","[""kaolinite"",""aluminium silicate hydroxide""]","[""Udhampur""]",1,[188],[173],https://www.ibm.gov.in/writereaddata/files/177426215469c1178a48453IMYB_2024_EBookFinal.pdf,7e4cf991426ac8299ec0a365af68a05a8276f3b81ae2433fb6debd4358550354,2026-03-11,2020-04-01 for the chapter's NMI resource tables; occurrence prose is undated within IMYB 2024,found_on_source_pages,all_found_on_source_pages,curated_page-referenced_transcription_with_machine_text_presence_checks,official_compiled_mineral_occurrence_context,official_compilation_not_independently_field_verified_by_khanan,excluded_context_only,"Broad compiled occurrence geography can overlap source evidence and is not an independent point, assay, reserve, mine or discovery label.","[""source_and_boundary_administrative_vintages_differ""]","The IBM State Reviews compile information from multiple sources and advise reader discretion. Place lists mix districts, historical names, named belts, fields and basins; occurrence does not establish grade, quantity, continuity, current legality, economics, access or a new discovery."
IBM-IMYB2024-STATE-OCC-0173,SRC_IBM_INDIAN_MINERALS_YEARBOOK_2024_STATE_REVIEWS,v1.0-alpha.22,Union Territory of Jammu & Kashmir,district_list,bentonite,"[""mineral:montmorillonite"",""group:clay""]","[""Montmorillonite"",""Clay""]","[""montmorillonite""]","[""(Na,Ca)0.3(Al,Mg)2Si4O10(OH)2·nH2O""]","[""montmorillonite""]","[""Jammu""]",1,[188],[173],https://www.ibm.gov.in/writereaddata/files/177426215469c1178a48453IMYB_2024_EBookFinal.pdf,7e4cf991426ac8299ec0a365af68a05a8276f3b81ae2433fb6debd4358550354,2026-03-11,2020-04-01 for the chapter's NMI resource tables; occurrence prose is undated within IMYB 2024,found_on_source_pages,all_found_on_source_pages,curated_page-referenced_transcription_with_machine_text_presence_checks,official_compiled_mineral_occurrence_context,official_compilation_not_independently_field_verified_by_khanan,excluded_context_only,"Broad compiled occurrence geography can overlap source evidence and is not an independent point, assay, reserve, mine or discovery label.","[""source_and_boundary_administrative_vintages_differ""]","The IBM State Reviews compile information from multiple sources and advise reader discretion. Place lists mix districts, historical names, named belts, fields and basins; occurrence does not establish grade, quantity, continuity, current legality, economics, access or a new discovery."
IBM-IMYB2024-STATE-OCC-0174,SRC_IBM_INDIAN_MINERALS_YEARBOOK_2024_STATE_REVIEWS,v1.0-alpha.22,Union Territory of Jammu & Kashmir,district_list,borax,"[""element:boron"",""mineral:borax""]","[""Boron"",""Borax""]","[""boron"",""borax""]","[""B"",""Na2B4O5(OH)4(H2O)8""]","[""boron"",""borax""]","[""Leh""]",1,[188],[173],https://www.ibm.gov.in/writereaddata/files/177426215469c1178a48453IMYB_2024_EBookFinal.pdf,7e4cf991426ac8299ec0a365af68a05a8276f3b81ae2433fb6debd4358550354,2026-03-11,2020-04-01 for the chapter's NMI resource tables; occurrence prose is undated within IMYB 2024,found_on_source_pages,all_found_on_source_pages,curated_page-referenced_transcription_with_machine_text_presence_checks,official_compiled_mineral_occurrence_context,official_compilation_not_independently_field_verified_by_khanan,excluded_context_only,"Broad compiled occurrence geography can overlap source evidence and is not an independent point, assay, reserve, mine or discovery label.","[""source_and_boundary_administrative_vintages_differ""]","The IBM State Reviews compile information from multiple sources and advise reader discretion. Place lists mix districts, historical names, named belts, fields and basins; occurrence does not establish grade, quantity, continuity, current legality, economics, access or a new discovery."
IBM-IMYB2024-STATE-OCC-0175,SRC_IBM_INDIAN_MINERALS_YEARBOOK_2024_STATE_REVIEWS,v1.0-alpha.22,Union Territory of Jammu & Kashmir,district_list,sulphur,"[""element:sulfur"",""mineral:sulphur""]","[""Sulfur"",""Sulphur""]","[""sulfur"",""sulphur""]","[""S""]","[""sulfur"",""sulphur""]","[""Leh""]",1,[188],[173],https://www.ibm.gov.in/writereaddata/files/177426215469c1178a48453IMYB_2024_EBookFinal.pdf,7e4cf991426ac8299ec0a365af68a05a8276f3b81ae2433fb6debd4358550354,2026-03-11,2020-04-01 for the chapter's NMI resource tables; occurrence prose is undated within IMYB 2024,found_on_source_pages,all_found_on_source_pages,curated_page-referenced_transcription_with_machine_text_presence_checks,official_compiled_mineral_occurrence_context,official_compilation_not_independently_field_verified_by_khanan,excluded_context_only,"Broad compiled occurrence geography can overlap source evidence and is not an independent point, assay, reserve, mine or discovery label.","[""source_and_boundary_administrative_vintages_differ""]","The IBM State Reviews compile information from multiple sources and advise reader discretion. Place lists mix districts, historical names, named belts, fields and basins; occurrence does not establish grade, quantity, continuity, current legality, economics, access or a new discovery."
IBM-IMYB2024-STATE-OCC-0176,SRC_IBM_INDIAN_MINERALS_YEARBOOK_2024_STATE_REVIEWS,v1.0-alpha.22,Union Territory of Jammu & Kashmir,district_list,diaspore,"[""group:kyanite-and-related-minerals""]","[""Kyanite and related minerals""]","[""kyanite and related minerals""]","[""Al2SiO5""]","[""kyanite and related minerals""]","[""Rajouri"",""Udhampur""]",2,[188],[173],https://www.ibm.gov.in/writereaddata/files/177426215469c1178a48453IMYB_2024_EBookFinal.pdf,7e4cf991426ac8299ec0a365af68a05a8276f3b81ae2433fb6debd4358550354,2026-03-11,2020-04-01 for the chapter's NMI resource tables; occurrence prose is undated within IMYB 2024,found_on_source_pages,all_found_on_source_pages,curated_page-referenced_transcription_with_machine_text_presence_checks,official_compiled_mineral_occurrence_context,official_compilation_not_independently_field_verified_by_khanan,excluded_context_only,"Broad compiled occurrence geography can overlap source evidence and is not an independent point, assay, reserve, mine or discovery label.","[""source_and_boundary_administrative_vintages_differ""]","The IBM State Reviews compile information from multiple sources and advise reader discretion. Place lists mix districts, historical names, named belts, fields and basins; occurrence does not establish grade, quantity, continuity, current legality, economics, access or a new discovery."
IBM-IMYB2024-STATE-OCC-0177,SRC_IBM_INDIAN_MINERALS_YEARBOOK_2024_STATE_REVIEWS,v1.0-alpha.22,Union Territory of Jammu & Kashmir,district_list,graphite,"[""mineral:graphite""]","[""Graphite""]","[""carbon""]","[""C""]","[""carbon""]","[""Baramulla""]",1,[188],[173],https://www.ibm.gov.in/writereaddata/files/177426215469c1178a48453IMYB_2024_EBookFinal.pdf,7e4cf991426ac8299ec0a365af68a05a8276f3b81ae2433fb6debd4358550354,2026-03-11,2020-04-01 for the chapter's NMI resource tables; occurrence prose is undated within IMYB 2024,found_on_source_pages,all_found_on_source_pages,curated_page-referenced_transcription_with_machine_text_presence_checks,official_compiled_mineral_occurrence_context,official_compilation_not_independently_field_verified_by_khanan,excluded_context_only,"Broad compiled occurrence geography can overlap source evidence and is not an independent point, assay, reserve, mine or discovery label.","[""source_and_boundary_administrative_vintages_differ""]","The IBM State Reviews compile information from multiple sources and advise reader discretion. Place lists mix districts, historical names, named belts, fields and basins; occurrence does not establish grade, quantity, continuity, current legality, economics, access or a new discovery."
IBM-IMYB2024-STATE-OCC-0178,SRC_IBM_INDIAN_MINERALS_YEARBOOK_2024_STATE_REVIEWS,v1.0-alpha.22,Union Territory of Jammu & Kashmir,district_list,lignite,"[""commodity:lignite""]","[""Lignite""]",[],[],"[""Lignite""]","[""Kupwara""]",1,[188],[173],https://www.ibm.gov.in/writereaddata/files/177426215469c1178a48453IMYB_2024_EBookFinal.pdf,7e4cf991426ac8299ec0a365af68a05a8276f3b81ae2433fb6debd4358550354,2026-03-11,2020-04-01 for the chapter's NMI resource tables; occurrence prose is undated within IMYB 2024,found_on_source_pages,all_found_on_source_pages,curated_page-referenced_transcription_with_machine_text_presence_checks,official_compiled_mineral_occurrence_context,official_compilation_not_independently_field_verified_by_khanan,excluded_context_only,"Broad compiled occurrence geography can overlap source evidence and is not an independent point, assay, reserve, mine or discovery label.","[""source_and_boundary_administrative_vintages_differ""]","The IBM State Reviews compile information from multiple sources and advise reader discretion. Place lists mix districts, historical names, named belts, fields and basins; occurrence does not establish grade, quantity, continuity, current legality, economics, access or a new discovery."
IBM-IMYB2024-STATE-OCC-0179,SRC_IBM_INDIAN_MINERALS_YEARBOOK_2024_STATE_REVIEWS,v1.0-alpha.22,Union Territory of Jammu & Kashmir,district_list,marble,"[""group:calcium-and-limestone""]","[""Calcium and limestone""]","[""calcium"",""calcium carbonate""]",[],"[""calcium"",""calcium carbonate""]","[""Kupwara""]",1,[188],[173],https://www.ibm.gov.in/writereaddata/files/177426215469c1178a48453IMYB_2024_EBookFinal.pdf,7e4cf991426ac8299ec0a365af68a05a8276f3b81ae2433fb6debd4358550354,2026-03-11,2020-04-01 for the chapter's NMI resource tables; occurrence prose is undated within IMYB 2024,found_on_source_pages,all_found_on_source_pages,curated_page-referenced_transcription_with_machine_text_presence_checks,official_compiled_mineral_occurrence_context,official_compilation_not_independently_field_verified_by_khanan,excluded_context_only,"Broad compiled occurrence geography can overlap source evidence and is not an independent point, assay, reserve, mine or discovery label.","[""source_and_boundary_administrative_vintages_differ""]","The IBM State Reviews compile information from multiple sources and advise reader discretion. Place lists mix districts, historical names, named belts, fields and basins; occurrence does not establish grade, quantity, continuity, current legality, economics, access or a new discovery."
IBM-IMYB2024-STATE-OCC-0180,SRC_IBM_INDIAN_MINERALS_YEARBOOK_2024_STATE_REVIEWS,v1.0-alpha.22,Union Territory of Jammu & Kashmir,district_list,quartz,"[""element:silicon"",""mineral:quartz""]","[""Silicon"",""Quartz""]","[""silicon"",""silicon dioxide"",""quartz""]","[""Si"",""SiO2""]","[""silicon"",""silicon dioxide"",""quartz""]","[""Anantnag"",""Doda"",""Udhampur""]",3,[188],[173],https://www.ibm.gov.in/writereaddata/files/177426215469c1178a48453IMYB_2024_EBookFinal.pdf,7e4cf991426ac8299ec0a365af68a05a8276f3b81ae2433fb6debd4358550354,2026-03-11,2020-04-01 for the chapter's NMI resource tables; occurrence prose is undated within IMYB 2024,found_on_source_pages,all_found_on_source_pages,curated_page-referenced_transcription_with_machine_text_presence_checks,official_compiled_mineral_occurrence_context,official_compilation_not_independently_field_verified_by_khanan,excluded_context_only,"Broad compiled occurrence geography can overlap source evidence and is not an independent point, assay, reserve, mine or discovery label.","[""source_and_boundary_administrative_vintages_differ""]","The IBM State Reviews compile information from multiple sources and advise reader discretion. Place lists mix districts, historical names, named belts, fields and basins; occurrence does not establish grade, quantity, continuity, current legality, economics, access or a new discovery."
IBM-IMYB2024-STATE-OCC-0181,SRC_IBM_INDIAN_MINERALS_YEARBOOK_2024_STATE_REVIEWS,v1.0-alpha.22,Union Territory of Jammu & Kashmir,district_list,silica sand,"[""element:silicon"",""mineral:quartz"",""material:sand-and-gravel-industrial""]","[""Silicon"",""Quartz"",""Sand and gravel (industrial)""]","[""silicon"",""silicon dioxide"",""quartz""]","[""Si"",""SiO2""]","[""silicon"",""silicon dioxide"",""quartz""]","[""Anantnag"",""Doda"",""Udhampur""]",3,[188],[173],https://www.ibm.gov.in/writereaddata/files/177426215469c1178a48453IMYB_2024_EBookFinal.pdf,7e4cf991426ac8299ec0a365af68a05a8276f3b81ae2433fb6debd4358550354,2026-03-11,2020-04-01 for the chapter's NMI resource tables; occurrence prose is undated within IMYB 2024,found_on_source_pages,all_found_on_source_pages,curated_page-referenced_transcription_with_machine_text_presence_checks,official_compiled_mineral_occurrence_context,official_compilation_not_independently_field_verified_by_khanan,excluded_context_only,"Broad compiled occurrence geography can overlap source evidence and is not an independent point, assay, reserve, mine or discovery label.","[""source_and_boundary_administrative_vintages_differ""]","The IBM State Reviews compile information from multiple sources and advise reader discretion. Place lists mix districts, historical names, named belts, fields and basins; occurrence does not establish grade, quantity, continuity, current legality, economics, access or a new discovery."
IBM-IMYB2024-STATE-OCC-0182,SRC_IBM_INDIAN_MINERALS_YEARBOOK_2024_STATE_REVIEWS,v1.0-alpha.22,Union Territory of Jammu & Kashmir,district_list,quartzite,"[""element:silicon"",""rock:quartzite""]","[""Silicon"",""Quartzite""]","[""silicon"",""silicon dioxide""]","[""Si""]","[""silicon"",""silicon dioxide""]","[""Anantnag""]",1,[188],[173],https://www.ibm.gov.in/writereaddata/files/177426215469c1178a48453IMYB_2024_EBookFinal.pdf,7e4cf991426ac8299ec0a365af68a05a8276f3b81ae2433fb6debd4358550354,2026-03-11,2020-04-01 for the chapter's NMI resource tables; occurrence prose is undated within IMYB 2024,found_on_source_pages,all_found_on_source_pages,curated_page-referenced_transcription_with_machine_text_presence_checks,official_compiled_mineral_occurrence_context,official_compilation_not_independently_field_verified_by_khanan,excluded_context_only,"Broad compiled occurrence geography can overlap source evidence and is not an independent point, assay, reserve, mine or discovery label.","[""source_and_boundary_administrative_vintages_differ""]","The IBM State Reviews compile information from multiple sources and advise reader discretion. Place lists mix districts, historical names, named belts, fields and basins; occurrence does not establish grade, quantity, continuity, current legality, economics, access or a new discovery."
IBM-IMYB2024-STATE-OCC-0183,SRC_IBM_INDIAN_MINERALS_YEARBOOK_2024_STATE_REVIEWS,v1.0-alpha.22,Union Territory of Jammu & Kashmir,district_list,sapphire,"[""variety:sapphire""]","[""Sapphire""]","[""sapphire""]","[""Al2O3""]","[""sapphire""]","[""Doda""]",1,[188],[173],https://www.ibm.gov.in/writereaddata/files/177426215469c1178a48453IMYB_2024_EBookFinal.pdf,7e4cf991426ac8299ec0a365af68a05a8276f3b81ae2433fb6debd4358550354,2026-03-11,2020-04-01 for the chapter's NMI resource tables; occurrence prose is undated within IMYB 2024,found_on_source_pages,all_found_on_source_pages,curated_page-referenced_transcription_with_machine_text_presence_checks,official_compiled_mineral_occurrence_context,official_compilation_not_independently_field_verified_by_khanan,excluded_context_only,"Broad compiled occurrence geography can overlap source evidence and is not an independent point, assay, reserve, mine or discovery label.","[""source_and_boundary_administrative_vintages_differ""]","The IBM State Reviews compile information from multiple sources and advise reader discretion. Place lists mix districts, historical names, named belts, fields and basins; occurrence does not establish grade, quantity, continuity, current legality, economics, access or a new discovery."
IBM-IMYB2024-STATE-OCC-0184,SRC_IBM_INDIAN_MINERALS_YEARBOOK_2024_STATE_REVIEWS,v1.0-alpha.22,Jharkhand,district_list,bauxite,"[""element:aluminium"",""ore:bauxite""]","[""Aluminium"",""Bauxite""]","[""aluminium""]","[""Al""]","[""aluminium""]","[""Dumka"",""Gumla"",""Latehar"",""Lohardaga"",""Palamu""]",5,"[190,191]","[175,176]",https://www.ibm.gov.in/writereaddata/files/177426215469c1178a48453IMYB_2024_EBookFinal.pdf,7e4cf991426ac8299ec0a365af68a05a8276f3b81ae2433fb6debd4358550354,2026-03-11,2020-04-01 for the chapter's NMI resource tables; occurrence prose is undated within IMYB 2024,found_on_source_pages,all_found_on_source_pages,curated_page-referenced_transcription_with_machine_text_presence_checks,official_compiled_mineral_occurrence_context,official_compilation_not_independently_field_verified_by_khanan,excluded_context_only,"Broad compiled occurrence geography can overlap source evidence and is not an independent point, assay, reserve, mine or discovery label.",[],"The IBM State Reviews compile information from multiple sources and advise reader discretion. Place lists mix districts, historical names, named belts, fields and basins; occurrence does not establish grade, quantity, continuity, current legality, economics, access or a new discovery."
IBM-IMYB2024-STATE-OCC-0185,SRC_IBM_INDIAN_MINERALS_YEARBOOK_2024_STATE_REVIEWS,v1.0-alpha.22,Jharkhand,district_list,china clay,"[""group:kaolin"",""mineral:kaolinite""]","[""Kaolin"",""Kaolinite""]","[""kaolinite"",""aluminium silicate hydroxide""]","[""Al2Si2O5(OH)4""]","[""kaolinite"",""aluminium silicate hydroxide""]","[""Dumka"",""Hazaribagh"",""Lohardaga"",""East Singhbhum"",""West Singhbhum"",""Sahebganj"",""Ranchi""]",7,"[190,191]","[175,176]",https://www.ibm.gov.in/writereaddata/files/177426215469c1178a48453IMYB_2024_EBookFinal.pdf,7e4cf991426ac8299ec0a365af68a05a8276f3b81ae2433fb6debd4358550354,2026-03-11,2020-04-01 for the chapter's NMI resource tables; occurrence prose is undated within IMYB 2024,found_on_source_pages,all_found_on_source_pages,curated_page-referenced_transcription_with_machine_text_presence_checks,official_compiled_mineral_occurrence_context,official_compilation_not_independently_field_verified_by_khanan,excluded_context_only,"Broad compiled occurrence geography can overlap source evidence and is not an independent point, assay, reserve, mine or discovery label.",[],"The IBM State Reviews compile information from multiple sources and advise reader discretion. Place lists mix districts, historical names, named belts, fields and basins; occurrence does not establish grade, quantity, continuity, current legality, economics, access or a new discovery."
IBM-IMYB2024-STATE-OCC-0186,SRC_IBM_INDIAN_MINERALS_YEARBOOK_2024_STATE_REVIEWS,v1.0-alpha.22,Jharkhand,district_list,coal,"[""commodity:coal""]","[""Coal""]",[],[],"[""Coal""]","[""Bokaro"",""Deoghar"",""Dhanbad"",""Giridih"",""Godda"",""Hazaribagh"",""Palamau"",""Pakur"",""Ranchi""]",9,"[190,191]","[175,176]",https://www.ibm.gov.in/writereaddata/files/177426215469c1178a48453IMYB_2024_EBookFinal.pdf,7e4cf991426ac8299ec0a365af68a05a8276f3b81ae2433fb6debd4358550354,2026-03-11,2020-04-01 for the chapter's NMI resource tables; occurrence prose is undated within IMYB 2024,found_on_source_pages,all_found_on_source_pages,curated_page-referenced_transcription_with_machine_text_presence_checks,official_compiled_mineral_occurrence_context,official_compilation_not_independently_field_verified_by_khanan,excluded_context_only,"Broad compiled occurrence geography can overlap source evidence and is not an independent point, assay, reserve, mine or discovery label.",[],"The IBM State Reviews compile information from multiple sources and advise reader discretion. Place lists mix districts, historical names, named belts, fields and basins; occurrence does not establish grade, quantity, continuity, current legality, economics, access or a new discovery."
IBM-IMYB2024-STATE-OCC-0187,SRC_IBM_INDIAN_MINERALS_YEARBOOK_2024_STATE_REVIEWS,v1.0-alpha.22,Jharkhand,district_list,copper,"[""element:copper""]","[""Copper""]","[""copper""]","[""Cu""]","[""copper""]","[""Hazaribagh"",""East Singhbhum""]",2,"[190,191]","[175,176]",https://www.ibm.gov.in/writereaddata/files/177426215469c1178a48453IMYB_2024_EBookFinal.pdf,7e4cf991426ac8299ec0a365af68a05a8276f3b81ae2433fb6debd4358550354,2026-03-11,2020-04-01 for the chapter's NMI resource tables; occurrence prose is undated within IMYB 2024,found_on_source_pages,all_found_on_source_pages,curated_page-referenced_transcription_with_machine_text_presence_checks,official_compiled_mineral_occurrence_context,official_compilation_not_independently_field_verified_by_khanan,excluded_context_only,"Broad compiled occurrence geography can overlap source evidence and is not an independent point, assay, reserve, mine or discovery label.",[],"The IBM State Reviews compile information from multiple sources and advise reader discretion. Place lists mix districts, historical names, named belts, fields and basins; occurrence does not establish grade, quantity, continuity, current legality, economics, access or a new discovery."
IBM-IMYB2024-STATE-OCC-0188,SRC_IBM_INDIAN_MINERALS_YEARBOOK_2024_STATE_REVIEWS,v1.0-alpha.22,Jharkhand,district_list,dolomite,"[""mineral:dolomite""]","[""Dolomite""]","[""dolomite""]","[""CaMg(CO3)2""]","[""dolomite""]","[""Garhwa"",""Palamu""]",2,"[190,191]","[175,176]",https://www.ibm.gov.in/writereaddata/files/177426215469c1178a48453IMYB_2024_EBookFinal.pdf,7e4cf991426ac8299ec0a365af68a05a8276f3b81ae2433fb6debd4358550354,2026-03-11,2020-04-01 for the chapter's NMI resource tables; occurrence prose is undated within IMYB 2024,found_on_source_pages,all_found_on_source_pages,curated_page-referenced_transcription_with_machine_text_presence_checks,official_compiled_mineral_occurrence_context,official_compilation_not_independently_field_verified_by_khanan,excluded_context_only,"Broad compiled occurrence geography can overlap source evidence and is not an independent point, assay, reserve, mine or discovery label.",[],"The IBM State Reviews compile information from multiple sources and advise reader discretion. Place lists mix districts, historical names, named belts, fields and basins; occurrence does not establish grade, quantity, continuity, current legality, economics, access or a new discovery."
IBM-IMYB2024-STATE-OCC-0189,SRC_IBM_INDIAN_MINERALS_YEARBOOK_2024_STATE_REVIEWS,v1.0-alpha.22,Jharkhand,district_list,felspar,"[""group:feldspar-group""]","[""Feldspar group""]",[],[],"[""Feldspar group""]","[""Deoghar"",""Dhanbad"",""Dumka"",""Giridih"",""Hazaribagh"",""Jamtara"",""Koderma"",""Latehar"",""Palamu"",""Ranchi""]",10,"[190,191]","[175,176]",https://www.ibm.gov.in/writereaddata/files/177426215469c1178a48453IMYB_2024_EBookFinal.pdf,7e4cf991426ac8299ec0a365af68a05a8276f3b81ae2433fb6debd4358550354,2026-03-11,2020-04-01 for the chapter's NMI resource tables; occurrence prose is undated within IMYB 2024,found_on_source_pages,all_found_on_source_pages,curated_page-referenced_transcription_with_machine_text_presence_checks,official_compiled_mineral_occurrence_context,official_compilation_not_independently_field_verified_by_khanan,excluded_context_only,"Broad compiled occurrence geography can overlap source evidence and is not an independent point, assay, reserve, mine or discovery label.",[],"The IBM State Reviews compile information from multiple sources and advise reader discretion. Place lists mix districts, historical names, named belts, fields and basins; occurrence does not establish grade, quantity, continuity, current legality, economics, access or a new discovery."
IBM-IMYB2024-STATE-OCC-0190,SRC_IBM_INDIAN_MINERALS_YEARBOOK_2024_STATE_REVIEWS,v1.0-alpha.22,Jharkhand,district_list,fireclay,"[""material:fire-clay"",""group:clay""]","[""Fire clay"",""Clay""]",[],[],"[""Fire clay"",""Clay""]","[""Dhanbad"",""Dumka"",""Giridih"",""Godda"",""Hazaribagh"",""Latehar"",""Palamu"",""Ranchi"",""West Singhbhum""]",9,"[190,191]","[175,176]",https://www.ibm.gov.in/writereaddata/files/177426215469c1178a48453IMYB_2024_EBookFinal.pdf,7e4cf991426ac8299ec0a365af68a05a8276f3b81ae2433fb6debd4358550354,2026-03-11,2020-04-01 for the chapter's NMI resource tables; occurrence prose is undated within IMYB 2024,found_on_source_pages,all_found_on_source_pages,curated_page-referenced_transcription_with_machine_text_presence_checks,official_compiled_mineral_occurrence_context,official_compilation_not_independently_field_verified_by_khanan,excluded_context_only,"Broad compiled occurrence geography can overlap source evidence and is not an independent point, assay, reserve, mine or discovery label.",[],"The IBM State Reviews compile information from multiple sources and advise reader discretion. Place lists mix districts, historical names, named belts, fields and basins; occurrence does not establish grade, quantity, continuity, current legality, economics, access or a new discovery."
IBM-IMYB2024-STATE-OCC-0191,SRC_IBM_INDIAN_MINERALS_YEARBOOK_2024_STATE_REVIEWS,v1.0-alpha.22,Jharkhand,district_list,gold,"[""element:gold""]","[""Gold""]","[""gold""]","[""Au""]","[""gold""]","[""East Singhbhum""]",1,"[190,191]","[175,176]",https://www.ibm.gov.in/writereaddata/files/177426215469c1178a48453IMYB_2024_EBookFinal.pdf,7e4cf991426ac8299ec0a365af68a05a8276f3b81ae2433fb6debd4358550354,2026-03-11,2020-04-01 for the chapter's NMI resource tables; occurrence prose is undated within IMYB 2024,found_on_source_pages,all_found_on_source_pages,curated_page-referenced_transcription_with_machine_text_presence_checks,official_compiled_mineral_occurrence_context,official_compilation_not_independently_field_verified_by_khanan,excluded_context_only,"Broad compiled occurrence geography can overlap source evidence and is not an independent point, assay, reserve, mine or discovery label.",[],"The IBM State Reviews compile information from multiple sources and advise reader discretion. Place lists mix districts, historical names, named belts, fields and basins; occurrence does not establish grade, quantity, continuity, current legality, economics, access or a new discovery."
IBM-IMYB2024-STATE-OCC-0192,SRC_IBM_INDIAN_MINERALS_YEARBOOK_2024_STATE_REVIEWS,v1.0-alpha.22,Jharkhand,district_list,graphite,"[""mineral:graphite""]","[""Graphite""]","[""carbon""]","[""C""]","[""carbon""]","[""Palamu""]",1,"[190,191]","[175,176]",https://www.ibm.gov.in/writereaddata/files/177426215469c1178a48453IMYB_2024_EBookFinal.pdf,7e4cf991426ac8299ec0a365af68a05a8276f3b81ae2433fb6debd4358550354,2026-03-11,2020-04-01 for the chapter's NMI resource tables; occurrence prose is undated within IMYB 2024,found_on_source_pages,all_found_on_source_pages,curated_page-referenced_transcription_with_machine_text_presence_checks,official_compiled_mineral_occurrence_context,official_compilation_not_independently_field_verified_by_khanan,excluded_context_only,"Broad compiled occurrence geography can overlap source evidence and is not an independent point, assay, reserve, mine or discovery label.",[],"The IBM State Reviews compile information from multiple sources and advise reader discretion. Place lists mix districts, historical names, named belts, fields and basins; occurrence does not establish grade, quantity, continuity, current legality, economics, access or a new discovery."
IBM-IMYB2024-STATE-OCC-0193,SRC_IBM_INDIAN_MINERALS_YEARBOOK_2024_STATE_REVIEWS,v1.0-alpha.22,Jharkhand,district_list,iron ore (haematite),"[""element:iron"",""ore:iron-ore"",""mineral:hematite""]","[""Iron"",""Iron ore"",""Hematite""]","[""iron"",""hematite""]","[""Fe"",""Fe2O3""]","[""iron"",""hematite""]","[""West Singhbhum""]",1,"[190,191]","[175,176]",https://www.ibm.gov.in/writereaddata/files/177426215469c1178a48453IMYB_2024_EBookFinal.pdf,7e4cf991426ac8299ec0a365af68a05a8276f3b81ae2433fb6debd4358550354,2026-03-11,2020-04-01 for the chapter's NMI resource tables; occurrence prose is undated within IMYB 2024,found_on_source_pages,all_found_on_source_pages,curated_page-referenced_transcription_with_machine_text_presence_checks,official_compiled_mineral_occurrence_context,official_compilation_not_independently_field_verified_by_khanan,excluded_context_only,"Broad compiled occurrence geography can overlap source evidence and is not an independent point, assay, reserve, mine or discovery label.",[],"The IBM State Reviews compile information from multiple sources and advise reader discretion. Place lists mix districts, historical names, named belts, fields and basins; occurrence does not establish grade, quantity, continuity, current legality, economics, access or a new discovery."
IBM-IMYB2024-STATE-OCC-0194,SRC_IBM_INDIAN_MINERALS_YEARBOOK_2024_STATE_REVIEWS,v1.0-alpha.22,Jharkhand,district_list,iron ore (magnetite),"[""element:iron"",""ore:iron-ore"",""mineral:magnetite""]","[""Iron"",""Iron ore"",""Magnetite""]","[""iron"",""magnetite""]","[""Fe"",""Fe2+Fe3+2O4""]","[""iron"",""magnetite""]","[""Gumla"",""Hazaribagh"",""Latehar"",""Palamu"",""East Singhbhum""]",5,"[190,191]","[175,176]",https://www.ibm.gov.in/writereaddata/files/177426215469c1178a48453IMYB_2024_EBookFinal.pdf,7e4cf991426ac8299ec0a365af68a05a8276f3b81ae2433fb6debd4358550354,2026-03-11,2020-04-01 for the chapter's NMI resource tables; occurrence prose is undated within IMYB 2024,found_on_source_pages,all_found_on_source_pages,curated_page-referenced_transcription_with_machine_text_presence_checks,official_compiled_mineral_occurrence_context,official_compilation_not_independently_field_verified_by_khanan,excluded_context_only,"Broad compiled occurrence geography can overlap source evidence and is not an independent point, assay, reserve, mine or discovery label.",[],"The IBM State Reviews compile information from multiple sources and advise reader discretion. Place lists mix districts, historical names, named belts, fields and basins; occurrence does not establish grade, quantity, continuity, current legality, economics, access or a new discovery."
IBM-IMYB2024-STATE-OCC-0195,SRC_IBM_INDIAN_MINERALS_YEARBOOK_2024_STATE_REVIEWS,v1.0-alpha.22,Jharkhand,district_list,kyanite,"[""mineral:kyanite""]","[""Kyanite""]","[""kyanite""]","[""Al2OSiO4""]","[""kyanite""]","[""Saraikela-Kharsawan"",""West Singhbhum""]",2,"[190,191]","[175,176]",https://www.ibm.gov.in/writereaddata/files/177426215469c1178a48453IMYB_2024_EBookFinal.pdf,7e4cf991426ac8299ec0a365af68a05a8276f3b81ae2433fb6debd4358550354,2026-03-11,2020-04-01 for the chapter's NMI resource tables; occurrence prose is undated within IMYB 2024,found_on_source_pages,all_found_on_source_pages,curated_page-referenced_transcription_with_machine_text_presence_checks,official_compiled_mineral_occurrence_context,official_compilation_not_independently_field_verified_by_khanan,excluded_context_only,"Broad compiled occurrence geography can overlap source evidence and is not an independent point, assay, reserve, mine or discovery label.",[],"The IBM State Reviews compile information from multiple sources and advise reader discretion. Place lists mix districts, historical names, named belts, fields and basins; occurrence does not establish grade, quantity, continuity, current legality, economics, access or a new discovery."
IBM-IMYB2024-STATE-OCC-0196,SRC_IBM_INDIAN_MINERALS_YEARBOOK_2024_STATE_REVIEWS,v1.0-alpha.22,Jharkhand,district_list,limestone,"[""group:calcium-and-limestone"",""rock:limestone""]","[""Calcium and limestone"",""Limestone""]","[""calcium"",""calcium carbonate""]",[],"[""calcium"",""calcium carbonate""]","[""Bokaro"",""Dhanbad"",""Garhwa"",""Giridih"",""Hazaribagh"",""Palamu"",""Ranchi"",""East Singhbhum"",""West Singhbhum""]",9,"[190,191]","[175,176]",https://www.ibm.gov.in/writereaddata/files/177426215469c1178a48453IMYB_2024_EBookFinal.pdf,7e4cf991426ac8299ec0a365af68a05a8276f3b81ae2433fb6debd4358550354,2026-03-11,2020-04-01 for the chapter's NMI resource tables; occurrence prose is undated within IMYB 2024,found_on_source_pages,all_found_on_source_pages,curated_page-referenced_transcription_with_machine_text_presence_checks,official_compiled_mineral_occurrence_context,official_compilation_not_independently_field_verified_by_khanan,excluded_context_only,"Broad compiled occurrence geography can overlap source evidence and is not an independent point, assay, reserve, mine or discovery label.",[],"The IBM State Reviews compile information from multiple sources and advise reader discretion. Place lists mix districts, historical names, named belts, fields and basins; occurrence does not establish grade, quantity, continuity, current legality, economics, access or a new discovery."
IBM-IMYB2024-STATE-OCC-0197,SRC_IBM_INDIAN_MINERALS_YEARBOOK_2024_STATE_REVIEWS,v1.0-alpha.22,Jharkhand,district_list,manganese ore,"[""element:manganese""]","[""Manganese""]","[""manganese""]","[""Mn""]","[""manganese""]","[""East Singhbhum"",""West Singhbhum""]",2,"[190,191]","[175,176]",https://www.ibm.gov.in/writereaddata/files/177426215469c1178a48453IMYB_2024_EBookFinal.pdf,7e4cf991426ac8299ec0a365af68a05a8276f3b81ae2433fb6debd4358550354,2026-03-11,2020-04-01 for the chapter's NMI resource tables; occurrence prose is undated within IMYB 2024,found_on_source_pages,all_found_on_source_pages,curated_page-referenced_transcription_with_machine_text_presence_checks,official_compiled_mineral_occurrence_context,official_compilation_not_independently_field_verified_by_khanan,excluded_context_only,"Broad compiled occurrence geography can overlap source evidence and is not an independent point, assay, reserve, mine or discovery label.",[],"The IBM State Reviews compile information from multiple sources and advise reader discretion. Place lists mix districts, historical names, named belts, fields and basins; occurrence does not establish grade, quantity, continuity, current legality, economics, access or a new discovery."
IBM-IMYB2024-STATE-OCC-0198,SRC_IBM_INDIAN_MINERALS_YEARBOOK_2024_STATE_REVIEWS,v1.0-alpha.22,Jharkhand,district_list,mica,"[""group:mica-group""]","[""Mica group""]",[],[],"[""Mica group""]","[""Giridih"",""Koderma""]",2,"[190,191]","[175,176]",https://www.ibm.gov.in/writereaddata/files/177426215469c1178a48453IMYB_2024_EBookFinal.pdf,7e4cf991426ac8299ec0a365af68a05a8276f3b81ae2433fb6debd4358550354,2026-03-11,2020-04-01 for the chapter's NMI resource tables; occurrence prose is undated within IMYB 2024,found_on_source_pages,all_found_on_source_pages,curated_page-referenced_transcription_with_machine_text_presence_checks,official_compiled_mineral_occurrence_context,official_compilation_not_independently_field_verified_by_khanan,excluded_context_only,"Broad compiled occurrence geography can overlap source evidence and is not an independent point, assay, reserve, mine or discovery label.",[],"The IBM State Reviews compile information from multiple sources and advise reader discretion. Place lists mix districts, historical names, named belts, fields and basins; occurrence does not establish grade, quantity, continuity, current legality, economics, access or a new discovery."
IBM-IMYB2024-STATE-OCC-0199,SRC_IBM_INDIAN_MINERALS_YEARBOOK_2024_STATE_REVIEWS,v1.0-alpha.22,Jharkhand,district_list,ochre,"[""material:ochre"",""material:iron-oxide-pigments""]","[""Ochre"",""Iron oxide pigments""]",[],[],"[""Ochre"",""Iron oxide pigments""]","[""West Singhbhum""]",1,"[190,191]","[175,176]",https://www.ibm.gov.in/writereaddata/files/177426215469c1178a48453IMYB_2024_EBookFinal.pdf,7e4cf991426ac8299ec0a365af68a05a8276f3b81ae2433fb6debd4358550354,2026-03-11,2020-04-01 for the chapter's NMI resource tables; occurrence prose is undated within IMYB 2024,found_on_source_pages,all_found_on_source_pages,curated_page-referenced_transcription_with_machine_text_presence_checks,official_compiled_mineral_occurrence_context,official_compilation_not_independently_field_verified_by_khanan,excluded_context_only,"Broad compiled occurrence geography can overlap source evidence and is not an independent point, assay, reserve, mine or discovery label.",[],"The IBM State Reviews compile information from multiple sources and advise reader discretion. Place lists mix districts, historical names, named belts, fields and basins; occurrence does not establish grade, quantity, continuity, current legality, economics, access or a new discovery."
IBM-IMYB2024-STATE-OCC-0200,SRC_IBM_INDIAN_MINERALS_YEARBOOK_2024_STATE_REVIEWS,v1.0-alpha.22,Jharkhand,district_list,dunite/pyroxenite,"[""group:olivine-group"",""group:pyroxene-group""]","[""Olivine group"",""Pyroxene group""]",[],[],"[""Olivine group"",""Pyroxene group""]","[""East Singhbhum""]",1,"[190,191]","[175,176]",https://www.ibm.gov.in/writereaddata/files/177426215469c1178a48453IMYB_2024_EBookFinal.pdf,7e4cf991426ac8299ec0a365af68a05a8276f3b81ae2433fb6debd4358550354,2026-03-11,2020-04-01 for the chapter's NMI resource tables; occurrence prose is undated within IMYB 2024,found_on_source_pages,all_found_on_source_pages,curated_page-referenced_transcription_with_machine_text_presence_checks,official_compiled_mineral_occurrence_context,official_compilation_not_independently_field_verified_by_khanan,excluded_context_only,"Broad compiled occurrence geography can overlap source evidence and is not an independent point, assay, reserve, mine or discovery label.",[],"The IBM State Reviews compile information from multiple sources and advise reader discretion. Place lists mix districts, historical names, named belts, fields and basins; occurrence does not establish grade, quantity, continuity, current legality, economics, access or a new discovery."
IBM-IMYB2024-STATE-OCC-0201,SRC_IBM_INDIAN_MINERALS_YEARBOOK_2024_STATE_REVIEWS,v1.0-alpha.22,Jharkhand,district_list,quartz/silica sand,"[""element:silicon"",""mineral:quartz"",""material:sand-and-gravel-industrial""]","[""Silicon"",""Quartz"",""Sand and gravel (industrial)""]","[""silicon"",""silicon dioxide"",""quartz""]","[""Si"",""SiO2""]","[""silicon"",""silicon dioxide"",""quartz""]","[""Deoghar"",""Dhanbad"",""Dumka"",""Giridih"",""Godda"",""Hazaribagh"",""Jamtara"",""Koderma"",""Latehar"",""Palamu"",""Ranchi"",""Sahebganj"",""Saraikela-Kharsawan"",""West Singhbhum""]",14,"[190,191]","[175,176]",https://www.ibm.gov.in/writereaddata/files/177426215469c1178a48453IMYB_2024_EBookFinal.pdf,7e4cf991426ac8299ec0a365af68a05a8276f3b81ae2433fb6debd4358550354,2026-03-11,2020-04-01 for the chapter's NMI resource tables; occurrence prose is undated within IMYB 2024,found_on_source_pages,all_found_on_source_pages,curated_page-referenced_transcription_with_machine_text_presence_checks,official_compiled_mineral_occurrence_context,official_compilation_not_independently_field_verified_by_khanan,excluded_context_only,"Broad compiled occurrence geography can overlap source evidence and is not an independent point, assay, reserve, mine or discovery label.",[],"The IBM State Reviews compile information from multiple sources and advise reader discretion. Place lists mix districts, historical names, named belts, fields and basins; occurrence does not establish grade, quantity, continuity, current legality, economics, access or a new discovery."
IBM-IMYB2024-STATE-OCC-0202,SRC_IBM_INDIAN_MINERALS_YEARBOOK_2024_STATE_REVIEWS,v1.0-alpha.22,Jharkhand,district_list,quartzite,"[""element:silicon"",""rock:quartzite""]","[""Silicon"",""Quartzite""]","[""silicon"",""silicon dioxide""]","[""Si""]","[""silicon"",""silicon dioxide""]","[""East Singhbhum"",""West Singhbhum""]",2,"[190,191]","[175,176]",https://www.ibm.gov.in/writereaddata/files/177426215469c1178a48453IMYB_2024_EBookFinal.pdf,7e4cf991426ac8299ec0a365af68a05a8276f3b81ae2433fb6debd4358550354,2026-03-11,2020-04-01 for the chapter's NMI resource tables; occurrence prose is undated within IMYB 2024,found_on_source_pages,all_found_on_source_pages,curated_page-referenced_transcription_with_machine_text_presence_checks,official_compiled_mineral_occurrence_context,official_compilation_not_independently_field_verified_by_khanan,excluded_context_only,"Broad compiled occurrence geography can overlap source evidence and is not an independent point, assay, reserve, mine or discovery label.",[],"The IBM State Reviews compile information from multiple sources and advise reader discretion. Place lists mix districts, historical names, named belts, fields and basins; occurrence does not establish grade, quantity, continuity, current legality, economics, access or a new discovery."
IBM-IMYB2024-STATE-OCC-0203,SRC_IBM_INDIAN_MINERALS_YEARBOOK_2024_STATE_REVIEWS,v1.0-alpha.22,Jharkhand,district_list,andalusite,"[""mineral:andalusite""]","[""Andalusite""]","[""andalusite""]","[""Al2SiO5""]","[""andalusite""]","[""Palamu""]",1,"[190,191]","[175,176]",https://www.ibm.gov.in/writereaddata/files/177426215469c1178a48453IMYB_2024_EBookFinal.pdf,7e4cf991426ac8299ec0a365af68a05a8276f3b81ae2433fb6debd4358550354,2026-03-11,2020-04-01 for the chapter's NMI resource tables; occurrence prose is undated within IMYB 2024,found_on_source_pages,all_found_on_source_pages,curated_page-referenced_transcription_with_machine_text_presence_checks,official_compiled_mineral_occurrence_context,official_compilation_not_independently_field_verified_by_khanan,excluded_context_only,"Broad compiled occurrence geography can overlap source evidence and is not an independent point, assay, reserve, mine or discovery label.",[],"The IBM State Reviews compile information from multiple sources and advise reader discretion. Place lists mix districts, historical names, named belts, fields and basins; occurrence does not establish grade, quantity, continuity, current legality, economics, access or a new discovery."
IBM-IMYB2024-STATE-OCC-0204,SRC_IBM_INDIAN_MINERALS_YEARBOOK_2024_STATE_REVIEWS,v1.0-alpha.22,Jharkhand,district_list,rock phosphate,"[""element:phosphorus"",""ore:phosphorite""]","[""Phosphorus"",""Phosphorite""]","[""phosphorus""]","[""P""]","[""phosphorus""]","[""Palamu""]",1,"[190,191]","[175,176]",https://www.ibm.gov.in/writereaddata/files/177426215469c1178a48453IMYB_2024_EBookFinal.pdf,7e4cf991426ac8299ec0a365af68a05a8276f3b81ae2433fb6debd4358550354,2026-03-11,2020-04-01 for the chapter's NMI resource tables; occurrence prose is undated within IMYB 2024,found_on_source_pages,all_found_on_source_pages,curated_page-referenced_transcription_with_machine_text_presence_checks,official_compiled_mineral_occurrence_context,official_compilation_not_independently_field_verified_by_khanan,excluded_context_only,"Broad compiled occurrence geography can overlap source evidence and is not an independent point, assay, reserve, mine or discovery label.",[],"The IBM State Reviews compile information from multiple sources and advise reader discretion. Place lists mix districts, historical names, named belts, fields and basins; occurrence does not establish grade, quantity, continuity, current legality, economics, access or a new discovery."
IBM-IMYB2024-STATE-OCC-0205,SRC_IBM_INDIAN_MINERALS_YEARBOOK_2024_STATE_REVIEWS,v1.0-alpha.22,Jharkhand,district_list,apatite,"[""group:apatite-group""]","[""Apatite group""]",[],[],"[""Apatite group""]","[""East Singhbhum""]",1,"[190,191]","[175,176]",https://www.ibm.gov.in/writereaddata/files/177426215469c1178a48453IMYB_2024_EBookFinal.pdf,7e4cf991426ac8299ec0a365af68a05a8276f3b81ae2433fb6debd4358550354,2026-03-11,2020-04-01 for the chapter's NMI resource tables; occurrence prose is undated within IMYB 2024,found_on_source_pages,all_found_on_source_pages,curated_page-referenced_transcription_with_machine_text_presence_checks,official_compiled_mineral_occurrence_context,official_compilation_not_independently_field_verified_by_khanan,excluded_context_only,"Broad compiled occurrence geography can overlap source evidence and is not an independent point, assay, reserve, mine or discovery label.",[],"The IBM State Reviews compile information from multiple sources and advise reader discretion. Place lists mix districts, historical names, named belts, fields and basins; occurrence does not establish grade, quantity, continuity, current legality, economics, access or a new discovery."
IBM-IMYB2024-STATE-OCC-0206,SRC_IBM_INDIAN_MINERALS_YEARBOOK_2024_STATE_REVIEWS,v1.0-alpha.22,Jharkhand,district_list,chromite,"[""element:chromium"",""mineral:chromite""]","[""Chromium"",""Chromite""]","[""chromium"",""chromite""]","[""Cr"",""Fe2+Cr2O4""]","[""chromium"",""chromite""]","[""East Singhbhum""]",1,"[190,191]","[175,176]",https://www.ibm.gov.in/writereaddata/files/177426215469c1178a48453IMYB_2024_EBookFinal.pdf,7e4cf991426ac8299ec0a365af68a05a8276f3b81ae2433fb6debd4358550354,2026-03-11,2020-04-01 for the chapter's NMI resource tables; occurrence prose is undated within IMYB 2024,found_on_source_pages,all_found_on_source_pages,curated_page-referenced_transcription_with_machine_text_presence_checks,official_compiled_mineral_occurrence_context,official_compilation_not_independently_field_verified_by_khanan,excluded_context_only,"Broad compiled occurrence geography can overlap source evidence and is not an independent point, assay, reserve, mine or discovery label.",[],"The IBM State Reviews compile information from multiple sources and advise reader discretion. Place lists mix districts, historical names, named belts, fields and basins; occurrence does not establish grade, quantity, continuity, current legality, economics, access or a new discovery."
IBM-IMYB2024-STATE-OCC-0207,SRC_IBM_INDIAN_MINERALS_YEARBOOK_2024_STATE_REVIEWS,v1.0-alpha.22,Jharkhand,district_list,cobalt,"[""element:cobalt""]","[""Cobalt""]","[""cobalt""]","[""Co""]","[""cobalt""]","[""East Singhbhum""]",1,"[190,191]","[175,176]",https://www.ibm.gov.in/writereaddata/files/177426215469c1178a48453IMYB_2024_EBookFinal.pdf,7e4cf991426ac8299ec0a365af68a05a8276f3b81ae2433fb6debd4358550354,2026-03-11,2020-04-01 for the chapter's NMI resource tables; occurrence prose is undated within IMYB 2024,found_on_source_pages,all_found_on_source_pages,curated_page-referenced_transcription_with_machine_text_presence_checks,official_compiled_mineral_occurrence_context,official_compilation_not_independently_field_verified_by_khanan,excluded_context_only,"Broad compiled occurrence geography can overlap source evidence and is not an independent point, assay, reserve, mine or discovery label.",[],"The IBM State Reviews compile information from multiple sources and advise reader discretion. Place lists mix districts, historical names, named belts, fields and basins; occurrence does not establish grade, quantity, continuity, current legality, economics, access or a new discovery."
IBM-IMYB2024-STATE-OCC-0208,SRC_IBM_INDIAN_MINERALS_YEARBOOK_2024_STATE_REVIEWS,v1.0-alpha.22,Jharkhand,district_list,nickel,"[""element:nickel""]","[""Nickel""]","[""nickel""]","[""Ni""]","[""nickel""]","[""East Singhbhum""]",1,"[190,191]","[175,176]",https://www.ibm.gov.in/writereaddata/files/177426215469c1178a48453IMYB_2024_EBookFinal.pdf,7e4cf991426ac8299ec0a365af68a05a8276f3b81ae2433fb6debd4358550354,2026-03-11,2020-04-01 for the chapter's NMI resource tables; occurrence prose is undated within IMYB 2024,found_on_source_pages,all_found_on_source_pages,curated_page-referenced_transcription_with_machine_text_presence_checks,official_compiled_mineral_occurrence_context,official_compilation_not_independently_field_verified_by_khanan,excluded_context_only,"Broad compiled occurrence geography can overlap source evidence and is not an independent point, assay, reserve, mine or discovery label.",[],"The IBM State Reviews compile information from multiple sources and advise reader discretion. Place lists mix districts, historical names, named belts, fields and basins; occurrence does not establish grade, quantity, continuity, current legality, economics, access or a new discovery."
IBM-IMYB2024-STATE-OCC-0209,SRC_IBM_INDIAN_MINERALS_YEARBOOK_2024_STATE_REVIEWS,v1.0-alpha.22,Jharkhand,district_list,gold,"[""element:gold""]","[""Gold""]","[""gold""]","[""Au""]","[""gold""]","[""East Singhbhum""]",1,"[190,191]","[175,176]",https://www.ibm.gov.in/writereaddata/files/177426215469c1178a48453IMYB_2024_EBookFinal.pdf,7e4cf991426ac8299ec0a365af68a05a8276f3b81ae2433fb6debd4358550354,2026-03-11,2020-04-01 for the chapter's NMI resource tables; occurrence prose is undated within IMYB 2024,found_on_source_pages,all_found_on_source_pages,curated_page-referenced_transcription_with_machine_text_presence_checks,official_compiled_mineral_occurrence_context,official_compilation_not_independently_field_verified_by_khanan,excluded_context_only,"Broad compiled occurrence geography can overlap source evidence and is not an independent point, assay, reserve, mine or discovery label.",[],"The IBM State Reviews compile information from multiple sources and advise reader discretion. Place lists mix districts, historical names, named belts, fields and basins; occurrence does not establish grade, quantity, continuity, current legality, economics, access or a new discovery."
IBM-IMYB2024-STATE-OCC-0210,SRC_IBM_INDIAN_MINERALS_YEARBOOK_2024_STATE_REVIEWS,v1.0-alpha.22,Jharkhand,district_list,silver,"[""element:silver""]","[""Silver""]","[""silver""]","[""Ag""]","[""silver""]","[""East Singhbhum""]",1,"[190,191]","[175,176]",https://www.ibm.gov.in/writereaddata/files/177426215469c1178a48453IMYB_2024_EBookFinal.pdf,7e4cf991426ac8299ec0a365af68a05a8276f3b81ae2433fb6debd4358550354,2026-03-11,2020-04-01 for the chapter's NMI resource tables; occurrence prose is undated within IMYB 2024,found_on_source_pages,all_found_on_source_pages,curated_page-referenced_transcription_with_machine_text_presence_checks,official_compiled_mineral_occurrence_context,official_compilation_not_independently_field_verified_by_khanan,excluded_context_only,"Broad compiled occurrence geography can overlap source evidence and is not an independent point, assay, reserve, mine or discovery label.",[],"The IBM State Reviews compile information from multiple sources and advise reader discretion. Place lists mix districts, historical names, named belts, fields and basins; occurrence does not establish grade, quantity, continuity, current legality, economics, access or a new discovery."
IBM-IMYB2024-STATE-OCC-0211,SRC_IBM_INDIAN_MINERALS_YEARBOOK_2024_STATE_REVIEWS,v1.0-alpha.22,Jharkhand,district_list,asbestos,"[""group:asbestos""]","[""Asbestos""]",[],[],"[""Asbestos""]","[""East Singhbhum"",""West Singhbhum""]",2,"[190,191]","[175,176]",https://www.ibm.gov.in/writereaddata/files/177426215469c1178a48453IMYB_2024_EBookFinal.pdf,7e4cf991426ac8299ec0a365af68a05a8276f3b81ae2433fb6debd4358550354,2026-03-11,2020-04-01 for the chapter's NMI resource tables; occurrence prose is undated within IMYB 2024,found_on_source_pages,all_found_on_source_pages,curated_page-referenced_transcription_with_machine_text_presence_checks,official_compiled_mineral_occurrence_context,official_compilation_not_independently_field_verified_by_khanan,excluded_context_only,"Broad compiled occurrence geography can overlap source evidence and is not an independent point, assay, reserve, mine or discovery label.",[],"The IBM State Reviews compile information from multiple sources and advise reader discretion. Place lists mix districts, historical names, named belts, fields and basins; occurrence does not establish grade, quantity, continuity, current legality, economics, access or a new discovery."
IBM-IMYB2024-STATE-OCC-0212,SRC_IBM_INDIAN_MINERALS_YEARBOOK_2024_STATE_REVIEWS,v1.0-alpha.22,Jharkhand,district_list,barytes,"[""mineral:baryte""]","[""Baryte""]","[""baryte""]","[""Ba(SO4)""]","[""baryte""]","[""Palamu"",""East Singhbhum""]",2,"[190,191]","[175,176]",https://www.ibm.gov.in/writereaddata/files/177426215469c1178a48453IMYB_2024_EBookFinal.pdf,7e4cf991426ac8299ec0a365af68a05a8276f3b81ae2433fb6debd4358550354,2026-03-11,2020-04-01 for the chapter's NMI resource tables; occurrence prose is undated within IMYB 2024,found_on_source_pages,all_found_on_source_pages,curated_page-referenced_transcription_with_machine_text_presence_checks,official_compiled_mineral_occurrence_context,official_compilation_not_independently_field_verified_by_khanan,excluded_context_only,"Broad compiled occurrence geography can overlap source evidence and is not an independent point, assay, reserve, mine or discovery label.",[],"The IBM State Reviews compile information from multiple sources and advise reader discretion. Place lists mix districts, historical names, named belts, fields and basins; occurrence does not establish grade, quantity, continuity, current legality, economics, access or a new discovery."
IBM-IMYB2024-STATE-OCC-0213,SRC_IBM_INDIAN_MINERALS_YEARBOOK_2024_STATE_REVIEWS,v1.0-alpha.22,Jharkhand,district_list,bentonite,"[""mineral:montmorillonite"",""group:clay""]","[""Montmorillonite"",""Clay""]","[""montmorillonite""]","[""(Na,Ca)0.3(Al,Mg)2Si4O10(OH)2·nH2O""]","[""montmorillonite""]","[""Pakur"",""Sahebganj""]",2,"[190,191]","[175,176]",https://www.ibm.gov.in/writereaddata/files/177426215469c1178a48453IMYB_2024_EBookFinal.pdf,7e4cf991426ac8299ec0a365af68a05a8276f3b81ae2433fb6debd4358550354,2026-03-11,2020-04-01 for the chapter's NMI resource tables; occurrence prose is undated within IMYB 2024,found_on_source_pages,all_found_on_source_pages,curated_page-referenced_transcription_with_machine_text_presence_checks,official_compiled_mineral_occurrence_context,official_compilation_not_independently_field_verified_by_khanan,excluded_context_only,"Broad compiled occurrence geography can overlap source evidence and is not an independent point, assay, reserve, mine or discovery label.",[],"The IBM State Reviews compile information from multiple sources and advise reader discretion. Place lists mix districts, historical names, named belts, fields and basins; occurrence does not establish grade, quantity, continuity, current legality, economics, access or a new discovery."
IBM-IMYB2024-STATE-OCC-0214,SRC_IBM_INDIAN_MINERALS_YEARBOOK_2024_STATE_REVIEWS,v1.0-alpha.22,Jharkhand,district_list,garnet,"[""group:garnet-group""]","[""Garnet group""]",[],[],"[""Garnet group""]","[""Hazaribagh""]",1,"[190,191]","[175,176]",https://www.ibm.gov.in/writereaddata/files/177426215469c1178a48453IMYB_2024_EBookFinal.pdf,7e4cf991426ac8299ec0a365af68a05a8276f3b81ae2433fb6debd4358550354,2026-03-11,2020-04-01 for the chapter's NMI resource tables; occurrence prose is undated within IMYB 2024,found_on_source_pages,all_found_on_source_pages,curated_page-referenced_transcription_with_machine_text_presence_checks,official_compiled_mineral_occurrence_context,official_compilation_not_independently_field_verified_by_khanan,excluded_context_only,"Broad compiled occurrence geography can overlap source evidence and is not an independent point, assay, reserve, mine or discovery label.",[],"The IBM State Reviews compile information from multiple sources and advise reader discretion. Place lists mix districts, historical names, named belts, fields and basins; occurrence does not establish grade, quantity, continuity, current legality, economics, access or a new discovery."
IBM-IMYB2024-STATE-OCC-0215,SRC_IBM_INDIAN_MINERALS_YEARBOOK_2024_STATE_REVIEWS,v1.0-alpha.22,Jharkhand,district_list,granite,"[""rock:granite""]","[""Granite""]",[],[],"[""Granite""]","[""Deogarh"",""Dhanbad"",""Dumka"",""Giridih"",""Godda"",""Gumla"",""Hazaribagh"",""Koderma"",""Lohardaga"",""Palamu"",""Ranchi"",""East Singhbhum""]",12,"[190,191]","[175,176]",https://www.ibm.gov.in/writereaddata/files/177426215469c1178a48453IMYB_2024_EBookFinal.pdf,7e4cf991426ac8299ec0a365af68a05a8276f3b81ae2433fb6debd4358550354,2026-03-11,2020-04-01 for the chapter's NMI resource tables; occurrence prose is undated within IMYB 2024,found_on_source_pages,all_found_on_source_pages,curated_page-referenced_transcription_with_machine_text_presence_checks,official_compiled_mineral_occurrence_context,official_compilation_not_independently_field_verified_by_khanan,excluded_context_only,"Broad compiled occurrence geography can overlap source evidence and is not an independent point, assay, reserve, mine or discovery label.",[],"The IBM State Reviews compile information from multiple sources and advise reader discretion. Place lists mix districts, historical names, named belts, fields and basins; occurrence does not establish grade, quantity, continuity, current legality, economics, access or a new discovery."
IBM-IMYB2024-STATE-OCC-0216,SRC_IBM_INDIAN_MINERALS_YEARBOOK_2024_STATE_REVIEWS,v1.0-alpha.22,Jharkhand,district_list,sillimanite,"[""mineral:sillimanite""]","[""Sillimanite""]","[""sillimanite""]","[""Al2SiO5""]","[""sillimanite""]","[""Hazaribagh""]",1,"[190,191]","[175,176]",https://www.ibm.gov.in/writereaddata/files/177426215469c1178a48453IMYB_2024_EBookFinal.pdf,7e4cf991426ac8299ec0a365af68a05a8276f3b81ae2433fb6debd4358550354,2026-03-11,2020-04-01 for the chapter's NMI resource tables; occurrence prose is undated within IMYB 2024,found_on_source_pages,all_found_on_source_pages,curated_page-referenced_transcription_with_machine_text_presence_checks,official_compiled_mineral_occurrence_context,official_compilation_not_independently_field_verified_by_khanan,excluded_context_only,"Broad compiled occurrence geography can overlap source evidence and is not an independent point, assay, reserve, mine or discovery label.",[],"The IBM State Reviews compile information from multiple sources and advise reader discretion. Place lists mix districts, historical names, named belts, fields and basins; occurrence does not establish grade, quantity, continuity, current legality, economics, access or a new discovery."
IBM-IMYB2024-STATE-OCC-0217,SRC_IBM_INDIAN_MINERALS_YEARBOOK_2024_STATE_REVIEWS,v1.0-alpha.22,Jharkhand,district_list,talc/steatite/soapstone,"[""mineral:talc""]","[""Talc""]","[""talc""]","[""Mg3Si4O10(OH)2""]","[""talc""]","[""Giridih"",""Koderma"",""Palamu"",""East Singhbhum"",""West Singhbhum""]",5,"[190,191]","[175,176]",https://www.ibm.gov.in/writereaddata/files/177426215469c1178a48453IMYB_2024_EBookFinal.pdf,7e4cf991426ac8299ec0a365af68a05a8276f3b81ae2433fb6debd4358550354,2026-03-11,2020-04-01 for the chapter's NMI resource tables; occurrence prose is undated within IMYB 2024,found_on_source_pages,all_found_on_source_pages,curated_page-referenced_transcription_with_machine_text_presence_checks,official_compiled_mineral_occurrence_context,official_compilation_not_independently_field_verified_by_khanan,excluded_context_only,"Broad compiled occurrence geography can overlap source evidence and is not an independent point, assay, reserve, mine or discovery label.",[],"The IBM State Reviews compile information from multiple sources and advise reader discretion. Place lists mix districts, historical names, named belts, fields and basins; occurrence does not establish grade, quantity, continuity, current legality, economics, access or a new discovery."
IBM-IMYB2024-STATE-OCC-0218,SRC_IBM_INDIAN_MINERALS_YEARBOOK_2024_STATE_REVIEWS,v1.0-alpha.22,Jharkhand,district_list,pyrophyllite,"[""mineral:pyrophyllite""]","[""Pyrophyllite""]","[""pyrophyllite""]","[""Al2Si4O10(OH)2""]","[""pyrophyllite""]","[""Saraikela-Kharaswan""]",1,"[190,191]","[175,176]",https://www.ibm.gov.in/writereaddata/files/177426215469c1178a48453IMYB_2024_EBookFinal.pdf,7e4cf991426ac8299ec0a365af68a05a8276f3b81ae2433fb6debd4358550354,2026-03-11,2020-04-01 for the chapter's NMI resource tables; occurrence prose is undated within IMYB 2024,found_on_source_pages,all_found_on_source_pages,curated_page-referenced_transcription_with_machine_text_presence_checks,official_compiled_mineral_occurrence_context,official_compilation_not_independently_field_verified_by_khanan,excluded_context_only,"Broad compiled occurrence geography can overlap source evidence and is not an independent point, assay, reserve, mine or discovery label.",[],"The IBM State Reviews compile information from multiple sources and advise reader discretion. Place lists mix districts, historical names, named belts, fields and basins; occurrence does not establish grade, quantity, continuity, current legality, economics, access or a new discovery."
IBM-IMYB2024-STATE-OCC-0219,SRC_IBM_INDIAN_MINERALS_YEARBOOK_2024_STATE_REVIEWS,v1.0-alpha.22,Jharkhand,district_list,titanium minerals,"[""element:titanium"",""ore:titanium-mineral-concentrates""]","[""Titanium"",""Titanium mineral concentrates""]","[""titanium"",""titanium dioxide""]","[""Ti""]","[""titanium"",""titanium dioxide""]","[""Ranchi"",""East Singhbhum""]",2,"[190,191]","[175,176]",https://www.ibm.gov.in/writereaddata/files/177426215469c1178a48453IMYB_2024_EBookFinal.pdf,7e4cf991426ac8299ec0a365af68a05a8276f3b81ae2433fb6debd4358550354,2026-03-11,2020-04-01 for the chapter's NMI resource tables; occurrence prose is undated within IMYB 2024,found_on_source_pages,all_found_on_source_pages,curated_page-referenced_transcription_with_machine_text_presence_checks,official_compiled_mineral_occurrence_context,official_compilation_not_independently_field_verified_by_khanan,excluded_context_only,"Broad compiled occurrence geography can overlap source evidence and is not an independent point, assay, reserve, mine or discovery label.",[],"The IBM State Reviews compile information from multiple sources and advise reader discretion. Place lists mix districts, historical names, named belts, fields and basins; occurrence does not establish grade, quantity, continuity, current legality, economics, access or a new discovery."
IBM-IMYB2024-STATE-OCC-0220,SRC_IBM_INDIAN_MINERALS_YEARBOOK_2024_STATE_REVIEWS,v1.0-alpha.22,Jharkhand,district_list,vermiculite,"[""mineral:vermiculite""]","[""Vermiculite""]","[""vermiculite""]","[""Mg0.7(Mg,Fe,Al)6(Si,Al)8O20(OH)4·8H2O""]","[""vermiculite""]","[""Giridih"",""Hazaribagh""]",2,"[190,191]","[175,176]",https://www.ibm.gov.in/writereaddata/files/177426215469c1178a48453IMYB_2024_EBookFinal.pdf,7e4cf991426ac8299ec0a365af68a05a8276f3b81ae2433fb6debd4358550354,2026-03-11,2020-04-01 for the chapter's NMI resource tables; occurrence prose is undated within IMYB 2024,found_on_source_pages,all_found_on_source_pages,curated_page-referenced_transcription_with_machine_text_presence_checks,official_compiled_mineral_occurrence_context,official_compilation_not_independently_field_verified_by_khanan,excluded_context_only,"Broad compiled occurrence geography can overlap source evidence and is not an independent point, assay, reserve, mine or discovery label.",[],"The IBM State Reviews compile information from multiple sources and advise reader discretion. Place lists mix districts, historical names, named belts, fields and basins; occurrence does not establish grade, quantity, continuity, current legality, economics, access or a new discovery."
IBM-IMYB2024-STATE-OCC-0221,SRC_IBM_INDIAN_MINERALS_YEARBOOK_2024_STATE_REVIEWS,v1.0-alpha.22,Karnataka,district_list,bauxite,"[""element:aluminium"",""ore:bauxite""]","[""Aluminium"",""Bauxite""]","[""aluminium""]","[""Al""]","[""aluminium""]","[""Belagavi"",""Chikkamagaluru"",""Uttara Kannada"",""Dakshina Kannada"",""Udupi""]",5,[193],[178],https://www.ibm.gov.in/writereaddata/files/177426215469c1178a48453IMYB_2024_EBookFinal.pdf,7e4cf991426ac8299ec0a365af68a05a8276f3b81ae2433fb6debd4358550354,2026-03-11,2020-04-01 for the chapter's NMI resource tables; occurrence prose is undated within IMYB 2024,found_on_source_pages,all_found_on_source_pages,curated_page-referenced_transcription_with_machine_text_presence_checks,official_compiled_mineral_occurrence_context,official_compilation_not_independently_field_verified_by_khanan,excluded_context_only,"Broad compiled occurrence geography can overlap source evidence and is not an independent point, assay, reserve, mine or discovery label.",[],"The IBM State Reviews compile information from multiple sources and advise reader discretion. Place lists mix districts, historical names, named belts, fields and basins; occurrence does not establish grade, quantity, continuity, current legality, economics, access or a new discovery."
IBM-IMYB2024-STATE-OCC-0222,SRC_IBM_INDIAN_MINERALS_YEARBOOK_2024_STATE_REVIEWS,v1.0-alpha.22,Karnataka,district_list,chromite,"[""element:chromium"",""mineral:chromite""]","[""Chromium"",""Chromite""]","[""chromium"",""chromite""]","[""Cr"",""Fe2+Cr2O4""]","[""chromium"",""chromite""]","[""Chikkamagaluru"",""Hassan"",""Mysuru""]",3,[193],[178],https://www.ibm.gov.in/writereaddata/files/177426215469c1178a48453IMYB_2024_EBookFinal.pdf,7e4cf991426ac8299ec0a365af68a05a8276f3b81ae2433fb6debd4358550354,2026-03-11,2020-04-01 for the chapter's NMI resource tables; occurrence prose is undated within IMYB 2024,found_on_source_pages,all_found_on_source_pages,curated_page-referenced_transcription_with_machine_text_presence_checks,official_compiled_mineral_occurrence_context,official_compilation_not_independently_field_verified_by_khanan,excluded_context_only,"Broad compiled occurrence geography can overlap source evidence and is not an independent point, assay, reserve, mine or discovery label.",[],"The IBM State Reviews compile information from multiple sources and advise reader discretion. Place lists mix districts, historical names, named belts, fields and basins; occurrence does not establish grade, quantity, continuity, current legality, economics, access or a new discovery."
IBM-IMYB2024-STATE-OCC-0223,SRC_IBM_INDIAN_MINERALS_YEARBOOK_2024_STATE_REVIEWS,v1.0-alpha.22,Karnataka,district_list,feldspar,"[""group:feldspar-group""]","[""Feldspar group""]",[],[],"[""Feldspar group""]","[""Bengaluru"",""Belagavi"",""Chitradurga"",""Hassan""]",4,[193],[178],https://www.ibm.gov.in/writereaddata/files/177426215469c1178a48453IMYB_2024_EBookFinal.pdf,7e4cf991426ac8299ec0a365af68a05a8276f3b81ae2433fb6debd4358550354,2026-03-11,2020-04-01 for the chapter's NMI resource tables; occurrence prose is undated within IMYB 2024,found_on_source_pages,all_found_on_source_pages,curated_page-referenced_transcription_with_machine_text_presence_checks,official_compiled_mineral_occurrence_context,official_compilation_not_independently_field_verified_by_khanan,excluded_context_only,"Broad compiled occurrence geography can overlap source evidence and is not an independent point, assay, reserve, mine or discovery label.",[],"The IBM State Reviews compile information from multiple sources and advise reader discretion. Place lists mix districts, historical names, named belts, fields and basins; occurrence does not establish grade, quantity, continuity, current legality, economics, access or a new discovery."
IBM-IMYB2024-STATE-OCC-0224,SRC_IBM_INDIAN_MINERALS_YEARBOOK_2024_STATE_REVIEWS,v1.0-alpha.22,Karnataka,district_list,gold,"[""element:gold""]","[""Gold""]","[""gold""]","[""Au""]","[""gold""]","[""Chitradurga"",""Dharwad"",""Gadag"",""Kalaburagi"",""Hassan"",""Haveri"",""Kolar"",""Raichur"",""Tumakuru""]",9,[193],[178],https://www.ibm.gov.in/writereaddata/files/177426215469c1178a48453IMYB_2024_EBookFinal.pdf,7e4cf991426ac8299ec0a365af68a05a8276f3b81ae2433fb6debd4358550354,2026-03-11,2020-04-01 for the chapter's NMI resource tables; occurrence prose is undated within IMYB 2024,found_on_source_pages,all_found_on_source_pages,curated_page-referenced_transcription_with_machine_text_presence_checks,official_compiled_mineral_occurrence_context,official_compilation_not_independently_field_verified_by_khanan,excluded_context_only,"Broad compiled occurrence geography can overlap source evidence and is not an independent point, assay, reserve, mine or discovery label.",[],"The IBM State Reviews compile information from multiple sources and advise reader discretion. Place lists mix districts, historical names, named belts, fields and basins; occurrence does not establish grade, quantity, continuity, current legality, economics, access or a new discovery."
IBM-IMYB2024-STATE-OCC-0225,SRC_IBM_INDIAN_MINERALS_YEARBOOK_2024_STATE_REVIEWS,v1.0-alpha.22,Karnataka,district_list,iron ore (haematite),"[""element:iron"",""ore:iron-ore"",""mineral:hematite""]","[""Iron"",""Iron ore"",""Hematite""]","[""iron"",""hematite""]","[""Fe"",""Fe2O3""]","[""iron"",""hematite""]","[""Bagalkot"",""Ballari"",""Vijayapura"",""Chikkamagaluru"",""Chitradurga"",""Dharwad"",""Gadag"",""Uttara Kannada"",""Shivamogga"",""Tumakuru""]",10,[193],[178],https://www.ibm.gov.in/writereaddata/files/177426215469c1178a48453IMYB_2024_EBookFinal.pdf,7e4cf991426ac8299ec0a365af68a05a8276f3b81ae2433fb6debd4358550354,2026-03-11,2020-04-01 for the chapter's NMI resource tables; occurrence prose is undated within IMYB 2024,found_on_source_pages,all_found_on_source_pages,curated_page-referenced_transcription_with_machine_text_presence_checks,official_compiled_mineral_occurrence_context,official_compilation_not_independently_field_verified_by_khanan,excluded_context_only,"Broad compiled occurrence geography can overlap source evidence and is not an independent point, assay, reserve, mine or discovery label.",[],"The IBM State Reviews compile information from multiple sources and advise reader discretion. Place lists mix districts, historical names, named belts, fields and basins; occurrence does not establish grade, quantity, continuity, current legality, economics, access or a new discovery."
IBM-IMYB2024-STATE-OCC-0226,SRC_IBM_INDIAN_MINERALS_YEARBOOK_2024_STATE_REVIEWS,v1.0-alpha.22,Karnataka,district_list,iron ore (magnetite),"[""element:iron"",""ore:iron-ore"",""mineral:magnetite""]","[""Iron"",""Iron ore"",""Magnetite""]","[""iron"",""magnetite""]","[""Fe"",""Fe2+Fe3+2O4""]","[""iron"",""magnetite""]","[""Chikkamagaluru"",""Hassan"",""Uttara Kannada"",""Dakshina Kannada"",""Shivamogga""]",5,[193],[178],https://www.ibm.gov.in/writereaddata/files/177426215469c1178a48453IMYB_2024_EBookFinal.pdf,7e4cf991426ac8299ec0a365af68a05a8276f3b81ae2433fb6debd4358550354,2026-03-11,2020-04-01 for the chapter's NMI resource tables; occurrence prose is undated within IMYB 2024,found_on_source_pages,all_found_on_source_pages,curated_page-referenced_transcription_with_machine_text_presence_checks,official_compiled_mineral_occurrence_context,official_compilation_not_independently_field_verified_by_khanan,excluded_context_only,"Broad compiled occurrence geography can overlap source evidence and is not an independent point, assay, reserve, mine or discovery label.",[],"The IBM State Reviews compile information from multiple sources and advise reader discretion. Place lists mix districts, historical names, named belts, fields and basins; occurrence does not establish grade, quantity, continuity, current legality, economics, access or a new discovery."
IBM-IMYB2024-STATE-OCC-0227,SRC_IBM_INDIAN_MINERALS_YEARBOOK_2024_STATE_REVIEWS,v1.0-alpha.22,Karnataka,district_list,kyanite,"[""mineral:kyanite""]","[""Kyanite""]","[""kyanite""]","[""Al2OSiO4""]","[""kyanite""]","[""Chikkamagaluru"",""Chitradurga"",""Coorg"",""Mandya"",""Mysuru"",""Shivamogga"",""Dakshina Kannada""]",7,[193],[178],https://www.ibm.gov.in/writereaddata/files/177426215469c1178a48453IMYB_2024_EBookFinal.pdf,7e4cf991426ac8299ec0a365af68a05a8276f3b81ae2433fb6debd4358550354,2026-03-11,2020-04-01 for the chapter's NMI resource tables; occurrence prose is undated within IMYB 2024,found_on_source_pages,all_found_on_source_pages,curated_page-referenced_transcription_with_machine_text_presence_checks,official_compiled_mineral_occurrence_context,official_compilation_not_independently_field_verified_by_khanan,excluded_context_only,"Broad compiled occurrence geography can overlap source evidence and is not an independent point, assay, reserve, mine or discovery label.",[],"The IBM State Reviews compile information from multiple sources and advise reader discretion. Place lists mix districts, historical names, named belts, fields and basins; occurrence does not establish grade, quantity, continuity, current legality, economics, access or a new discovery."
IBM-IMYB2024-STATE-OCC-0228,SRC_IBM_INDIAN_MINERALS_YEARBOOK_2024_STATE_REVIEWS,v1.0-alpha.22,Karnataka,district_list,limestone,"[""group:calcium-and-limestone"",""rock:limestone""]","[""Calcium and limestone"",""Limestone""]","[""calcium"",""calcium carbonate""]",[],"[""calcium"",""calcium carbonate""]","[""Bagalkot"",""Belagavi"",""Ballari"",""Vijayapura"",""Chikkamagaluru"",""Chitradurga"",""Davangere"",""Gadag"",""Kalaburagi"",""Hassan"",""Mysuru"",""Uttara Kannada"",""Dakshina Kannada"",""Shivamogga"",""Tumakuru"",""Udupi""]",16,[193],[178],https://www.ibm.gov.in/writereaddata/files/177426215469c1178a48453IMYB_2024_EBookFinal.pdf,7e4cf991426ac8299ec0a365af68a05a8276f3b81ae2433fb6debd4358550354,2026-03-11,2020-04-01 for the chapter's NMI resource tables; occurrence prose is undated within IMYB 2024,found_on_source_pages,all_found_on_source_pages,curated_page-referenced_transcription_with_machine_text_presence_checks,official_compiled_mineral_occurrence_context,official_compilation_not_independently_field_verified_by_khanan,excluded_context_only,"Broad compiled occurrence geography can overlap source evidence and is not an independent point, assay, reserve, mine or discovery label.",[],"The IBM State Reviews compile information from multiple sources and advise reader discretion. Place lists mix districts, historical names, named belts, fields and basins; occurrence does not establish grade, quantity, continuity, current legality, economics, access or a new discovery."
IBM-IMYB2024-STATE-OCC-0229,SRC_IBM_INDIAN_MINERALS_YEARBOOK_2024_STATE_REVIEWS,v1.0-alpha.22,Karnataka,district_list,magnesite,"[""element:magnesium"",""mineral:magnesite""]","[""Magnesium"",""Magnesite""]","[""magnesium"",""magnesium carbonate"",""magnesite""]","[""Mg"",""Mg(CO3)""]","[""magnesium"",""magnesium carbonate"",""magnesite""]","[""Coorg"",""Mandya"",""Mysuru""]",3,[193],[178],https://www.ibm.gov.in/writereaddata/files/177426215469c1178a48453IMYB_2024_EBookFinal.pdf,7e4cf991426ac8299ec0a365af68a05a8276f3b81ae2433fb6debd4358550354,2026-03-11,2020-04-01 for the chapter's NMI resource tables; occurrence prose is undated within IMYB 2024,found_on_source_pages,all_found_on_source_pages,curated_page-referenced_transcription_with_machine_text_presence_checks,official_compiled_mineral_occurrence_context,official_compilation_not_independently_field_verified_by_khanan,excluded_context_only,"Broad compiled occurrence geography can overlap source evidence and is not an independent point, assay, reserve, mine or discovery label.",[],"The IBM State Reviews compile information from multiple sources and advise reader discretion. Place lists mix districts, historical names, named belts, fields and basins; occurrence does not establish grade, quantity, continuity, current legality, economics, access or a new discovery."
IBM-IMYB2024-STATE-OCC-0230,SRC_IBM_INDIAN_MINERALS_YEARBOOK_2024_STATE_REVIEWS,v1.0-alpha.22,Karnataka,district_list,manganese ore,"[""element:manganese""]","[""Manganese""]","[""manganese""]","[""Mn""]","[""manganese""]","[""Belagavi"",""Ballari"",""Chikkamagaluru"",""Chitradurga"",""Davangere"",""Uttara Kannada"",""Shivamogga"",""Tumakuru""]",8,[193],[178],https://www.ibm.gov.in/writereaddata/files/177426215469c1178a48453IMYB_2024_EBookFinal.pdf,7e4cf991426ac8299ec0a365af68a05a8276f3b81ae2433fb6debd4358550354,2026-03-11,2020-04-01 for the chapter's NMI resource tables; occurrence prose is undated within IMYB 2024,found_on_source_pages,all_found_on_source_pages,curated_page-referenced_transcription_with_machine_text_presence_checks,official_compiled_mineral_occurrence_context,official_compilation_not_independently_field_verified_by_khanan,excluded_context_only,"Broad compiled occurrence geography can overlap source evidence and is not an independent point, assay, reserve, mine or discovery label.",[],"The IBM State Reviews compile information from multiple sources and advise reader discretion. Place lists mix districts, historical names, named belts, fields and basins; occurrence does not establish grade, quantity, continuity, current legality, economics, access or a new discovery."
IBM-IMYB2024-STATE-OCC-0231,SRC_IBM_INDIAN_MINERALS_YEARBOOK_2024_STATE_REVIEWS,v1.0-alpha.22,Karnataka,district_list,quartz/silica sand,"[""element:silicon"",""mineral:quartz"",""material:sand-and-gravel-industrial""]","[""Silicon"",""Quartz"",""Sand and gravel (industrial)""]","[""silicon"",""silicon dioxide"",""quartz""]","[""Si"",""SiO2""]","[""silicon"",""silicon dioxide"",""quartz""]","[""Bagalkot"",""Bengaluru"",""Belagavi"",""Ballari"",""Chikkamagaluru"",""Chitradurga"",""Davangere"",""Dharwad"",""Gadag"",""Kalaburagi"",""Hassan"",""Haveri"",""Kolar"",""Koppal"",""Mandya"",""Mysuru"",""Uttara Kannada"",""Dakshina Kannada"",""Raichur"",""Shivamogga"",""Tumakuru"",""Udupi""]",22,[193],[178],https://www.ibm.gov.in/writereaddata/files/177426215469c1178a48453IMYB_2024_EBookFinal.pdf,7e4cf991426ac8299ec0a365af68a05a8276f3b81ae2433fb6debd4358550354,2026-03-11,2020-04-01 for the chapter's NMI resource tables; occurrence prose is undated within IMYB 2024,found_on_source_pages,all_found_on_source_pages,curated_page-referenced_transcription_with_machine_text_presence_checks,official_compiled_mineral_occurrence_context,official_compilation_not_independently_field_verified_by_khanan,excluded_context_only,"Broad compiled occurrence geography can overlap source evidence and is not an independent point, assay, reserve, mine or discovery label.",[],"The IBM State Reviews compile information from multiple sources and advise reader discretion. Place lists mix districts, historical names, named belts, fields and basins; occurrence does not establish grade, quantity, continuity, current legality, economics, access or a new discovery."
IBM-IMYB2024-STATE-OCC-0232,SRC_IBM_INDIAN_MINERALS_YEARBOOK_2024_STATE_REVIEWS,v1.0-alpha.22,Karnataka,district_list,asbestos,"[""group:asbestos""]","[""Asbestos""]",[],[],"[""Asbestos""]","[""Chikkamagaluru"",""Hassan"",""Mandya"",""Mysuru"",""Shivamogga""]",5,[193],[178],https://www.ibm.gov.in/writereaddata/files/177426215469c1178a48453IMYB_2024_EBookFinal.pdf,7e4cf991426ac8299ec0a365af68a05a8276f3b81ae2433fb6debd4358550354,2026-03-11,2020-04-01 for the chapter's NMI resource tables; occurrence prose is undated within IMYB 2024,found_on_source_pages,all_found_on_source_pages,curated_page-referenced_transcription_with_machine_text_presence_checks,official_compiled_mineral_occurrence_context,official_compilation_not_independently_field_verified_by_khanan,excluded_context_only,"Broad compiled occurrence geography can overlap source evidence and is not an independent point, assay, reserve, mine or discovery label.",[],"The IBM State Reviews compile information from multiple sources and advise reader discretion. Place lists mix districts, historical names, named belts, fields and basins; occurrence does not establish grade, quantity, continuity, current legality, economics, access or a new discovery."
IBM-IMYB2024-STATE-OCC-0233,SRC_IBM_INDIAN_MINERALS_YEARBOOK_2024_STATE_REVIEWS,v1.0-alpha.22,Karnataka,district_list,barytes,"[""mineral:baryte""]","[""Baryte""]","[""baryte""]","[""Ba(SO4)""]","[""baryte""]","[""Chitradurga""]",1,[193],[178],https://www.ibm.gov.in/writereaddata/files/177426215469c1178a48453IMYB_2024_EBookFinal.pdf,7e4cf991426ac8299ec0a365af68a05a8276f3b81ae2433fb6debd4358550354,2026-03-11,2020-04-01 for the chapter's NMI resource tables; occurrence prose is undated within IMYB 2024,found_on_source_pages,all_found_on_source_pages,curated_page-referenced_transcription_with_machine_text_presence_checks,official_compiled_mineral_occurrence_context,official_compilation_not_independently_field_verified_by_khanan,excluded_context_only,"Broad compiled occurrence geography can overlap source evidence and is not an independent point, assay, reserve, mine or discovery label.",[],"The IBM State Reviews compile information from multiple sources and advise reader discretion. Place lists mix districts, historical names, named belts, fields and basins; occurrence does not establish grade, quantity, continuity, current legality, economics, access or a new discovery."
IBM-IMYB2024-STATE-OCC-0234,SRC_IBM_INDIAN_MINERALS_YEARBOOK_2024_STATE_REVIEWS,v1.0-alpha.22,Karnataka,district_list,pyrite,"[""mineral:pyrite""]","[""Pyrite""]","[""pyrite""]","[""FeS2""]","[""pyrite""]","[""Chitradurga""]",1,[193],[178],https://www.ibm.gov.in/writereaddata/files/177426215469c1178a48453IMYB_2024_EBookFinal.pdf,7e4cf991426ac8299ec0a365af68a05a8276f3b81ae2433fb6debd4358550354,2026-03-11,2020-04-01 for the chapter's NMI resource tables; occurrence prose is undated within IMYB 2024,found_on_source_pages,all_found_on_source_pages,curated_page-referenced_transcription_with_machine_text_presence_checks,official_compiled_mineral_occurrence_context,official_compilation_not_independently_field_verified_by_khanan,excluded_context_only,"Broad compiled occurrence geography can overlap source evidence and is not an independent point, assay, reserve, mine or discovery label.",[],"The IBM State Reviews compile information from multiple sources and advise reader discretion. Place lists mix districts, historical names, named belts, fields and basins; occurrence does not establish grade, quantity, continuity, current legality, economics, access or a new discovery."
IBM-IMYB2024-STATE-OCC-0235,SRC_IBM_INDIAN_MINERALS_YEARBOOK_2024_STATE_REVIEWS,v1.0-alpha.22,Karnataka,district_list,copper,"[""element:copper""]","[""Copper""]","[""copper""]","[""Cu""]","[""copper""]","[""Chikkamagaluru"",""Chitradurga"",""Kalaburagi"",""Hassan"",""Uttara Kannada"",""Raichur"",""Shivamogga""]",7,[193],[178],https://www.ibm.gov.in/writereaddata/files/177426215469c1178a48453IMYB_2024_EBookFinal.pdf,7e4cf991426ac8299ec0a365af68a05a8276f3b81ae2433fb6debd4358550354,2026-03-11,2020-04-01 for the chapter's NMI resource tables; occurrence prose is undated within IMYB 2024,found_on_source_pages,all_found_on_source_pages,curated_page-referenced_transcription_with_machine_text_presence_checks,official_compiled_mineral_occurrence_context,official_compilation_not_independently_field_verified_by_khanan,excluded_context_only,"Broad compiled occurrence geography can overlap source evidence and is not an independent point, assay, reserve, mine or discovery label.",[],"The IBM State Reviews compile information from multiple sources and advise reader discretion. Place lists mix districts, historical names, named belts, fields and basins; occurrence does not establish grade, quantity, continuity, current legality, economics, access or a new discovery."
IBM-IMYB2024-STATE-OCC-0236,SRC_IBM_INDIAN_MINERALS_YEARBOOK_2024_STATE_REVIEWS,v1.0-alpha.22,Karnataka,district_list,graphite,"[""mineral:graphite""]","[""Graphite""]","[""carbon""]","[""C""]","[""carbon""]","[""Kolar"",""Mysuru""]",2,[193],[178],https://www.ibm.gov.in/writereaddata/files/177426215469c1178a48453IMYB_2024_EBookFinal.pdf,7e4cf991426ac8299ec0a365af68a05a8276f3b81ae2433fb6debd4358550354,2026-03-11,2020-04-01 for the chapter's NMI resource tables; occurrence prose is undated within IMYB 2024,found_on_source_pages,all_found_on_source_pages,curated_page-referenced_transcription_with_machine_text_presence_checks,official_compiled_mineral_occurrence_context,official_compilation_not_independently_field_verified_by_khanan,excluded_context_only,"Broad compiled occurrence geography can overlap source evidence and is not an independent point, assay, reserve, mine or discovery label.",[],"The IBM State Reviews compile information from multiple sources and advise reader discretion. Place lists mix districts, historical names, named belts, fields and basins; occurrence does not establish grade, quantity, continuity, current legality, economics, access or a new discovery."
IBM-IMYB2024-STATE-OCC-0237,SRC_IBM_INDIAN_MINERALS_YEARBOOK_2024_STATE_REVIEWS,v1.0-alpha.22,Karnataka,district_list,molybdenum,"[""element:molybdenum""]","[""Molybdenum""]","[""molybdenum""]","[""Mo""]","[""molybdenum""]","[""Kolar"",""Raichur""]",2,[193],[178],https://www.ibm.gov.in/writereaddata/files/177426215469c1178a48453IMYB_2024_EBookFinal.pdf,7e4cf991426ac8299ec0a365af68a05a8276f3b81ae2433fb6debd4358550354,2026-03-11,2020-04-01 for the chapter's NMI resource tables; occurrence prose is undated within IMYB 2024,found_on_source_pages,all_found_on_source_pages,curated_page-referenced_transcription_with_machine_text_presence_checks,official_compiled_mineral_occurrence_context,official_compilation_not_independently_field_verified_by_khanan,excluded_context_only,"Broad compiled occurrence geography can overlap source evidence and is not an independent point, assay, reserve, mine or discovery label.",[],"The IBM State Reviews compile information from multiple sources and advise reader discretion. Place lists mix districts, historical names, named belts, fields and basins; occurrence does not establish grade, quantity, continuity, current legality, economics, access or a new discovery."
IBM-IMYB2024-STATE-OCC-0238,SRC_IBM_INDIAN_MINERALS_YEARBOOK_2024_STATE_REVIEWS,v1.0-alpha.22,Karnataka,district_list,nickel,"[""element:nickel""]","[""Nickel""]","[""nickel""]","[""Ni""]","[""nickel""]","[""Uttara Kannada""]",1,[193],[178],https://www.ibm.gov.in/writereaddata/files/177426215469c1178a48453IMYB_2024_EBookFinal.pdf,7e4cf991426ac8299ec0a365af68a05a8276f3b81ae2433fb6debd4358550354,2026-03-11,2020-04-01 for the chapter's NMI resource tables; occurrence prose is undated within IMYB 2024,found_on_source_pages,all_found_on_source_pages,curated_page-referenced_transcription_with_machine_text_presence_checks,official_compiled_mineral_occurrence_context,official_compilation_not_independently_field_verified_by_khanan,excluded_context_only,"Broad compiled occurrence geography can overlap source evidence and is not an independent point, assay, reserve, mine or discovery label.",[],"The IBM State Reviews compile information from multiple sources and advise reader discretion. Place lists mix districts, historical names, named belts, fields and basins; occurrence does not establish grade, quantity, continuity, current legality, economics, access or a new discovery."
IBM-IMYB2024-STATE-OCC-0239,SRC_IBM_INDIAN_MINERALS_YEARBOOK_2024_STATE_REVIEWS,v1.0-alpha.22,Karnataka,district_list,platinum group of metals,"[""group:platinum-group-elements""]","[""Platinum-group elements""]","[""platinum"",""palladium"",""rhodium"",""ruthenium"",""iridium"",""osmium""]",[],"[""platinum"",""palladium"",""rhodium"",""ruthenium"",""iridium"",""osmium""]","[""Davangere""]",1,[193],[178],https://www.ibm.gov.in/writereaddata/files/177426215469c1178a48453IMYB_2024_EBookFinal.pdf,7e4cf991426ac8299ec0a365af68a05a8276f3b81ae2433fb6debd4358550354,2026-03-11,2020-04-01 for the chapter's NMI resource tables; occurrence prose is undated within IMYB 2024,found_on_source_pages,all_found_on_source_pages,curated_page-referenced_transcription_with_machine_text_presence_checks,official_compiled_mineral_occurrence_context,official_compilation_not_independently_field_verified_by_khanan,excluded_context_only,"Broad compiled occurrence geography can overlap source evidence and is not an independent point, assay, reserve, mine or discovery label.",[],"The IBM State Reviews compile information from multiple sources and advise reader discretion. Place lists mix districts, historical names, named belts, fields and basins; occurrence does not establish grade, quantity, continuity, current legality, economics, access or a new discovery."
IBM-IMYB2024-STATE-OCC-0240,SRC_IBM_INDIAN_MINERALS_YEARBOOK_2024_STATE_REVIEWS,v1.0-alpha.22,Karnataka,district_list,sillimanite,"[""mineral:sillimanite""]","[""Sillimanite""]","[""sillimanite""]","[""Al2SiO5""]","[""sillimanite""]","[""Hassan"",""Mysuru"",""Dakshina Kannada""]",3,[193],[178],https://www.ibm.gov.in/writereaddata/files/177426215469c1178a48453IMYB_2024_EBookFinal.pdf,7e4cf991426ac8299ec0a365af68a05a8276f3b81ae2433fb6debd4358550354,2026-03-11,2020-04-01 for the chapter's NMI resource tables; occurrence prose is undated within IMYB 2024,found_on_source_pages,all_found_on_source_pages,curated_page-referenced_transcription_with_machine_text_presence_checks,official_compiled_mineral_occurrence_context,official_compilation_not_independently_field_verified_by_khanan,excluded_context_only,"Broad compiled occurrence geography can overlap source evidence and is not an independent point, assay, reserve, mine or discovery label.",[],"The IBM State Reviews compile information from multiple sources and advise reader discretion. Place lists mix districts, historical names, named belts, fields and basins; occurrence does not establish grade, quantity, continuity, current legality, economics, access or a new discovery."
IBM-IMYB2024-STATE-OCC-0241,SRC_IBM_INDIAN_MINERALS_YEARBOOK_2024_STATE_REVIEWS,v1.0-alpha.22,Karnataka,district_list,silver,"[""element:silver""]","[""Silver""]","[""silver""]","[""Ag""]","[""silver""]","[""Chitradurga"",""Raichur""]",2,[193],[178],https://www.ibm.gov.in/writereaddata/files/177426215469c1178a48453IMYB_2024_EBookFinal.pdf,7e4cf991426ac8299ec0a365af68a05a8276f3b81ae2433fb6debd4358550354,2026-03-11,2020-04-01 for the chapter's NMI resource tables; occurrence prose is undated within IMYB 2024,found_on_source_pages,all_found_on_source_pages,curated_page-referenced_transcription_with_machine_text_presence_checks,official_compiled_mineral_occurrence_context,official_compilation_not_independently_field_verified_by_khanan,excluded_context_only,"Broad compiled occurrence geography can overlap source evidence and is not an independent point, assay, reserve, mine or discovery label.",[],"The IBM State Reviews compile information from multiple sources and advise reader discretion. Place lists mix districts, historical names, named belts, fields and basins; occurrence does not establish grade, quantity, continuity, current legality, economics, access or a new discovery."
IBM-IMYB2024-STATE-OCC-0242,SRC_IBM_INDIAN_MINERALS_YEARBOOK_2024_STATE_REVIEWS,v1.0-alpha.22,Karnataka,district_list,titanium minerals,"[""element:titanium"",""ore:titanium-mineral-concentrates""]","[""Titanium"",""Titanium mineral concentrates""]","[""titanium"",""titanium dioxide""]","[""Ti""]","[""titanium"",""titanium dioxide""]","[""Hassan"",""Uttara Kannada"",""Shivamogga""]",3,[193],[178],https://www.ibm.gov.in/writereaddata/files/177426215469c1178a48453IMYB_2024_EBookFinal.pdf,7e4cf991426ac8299ec0a365af68a05a8276f3b81ae2433fb6debd4358550354,2026-03-11,2020-04-01 for the chapter's NMI resource tables; occurrence prose is undated within IMYB 2024,found_on_source_pages,all_found_on_source_pages,curated_page-referenced_transcription_with_machine_text_presence_checks,official_compiled_mineral_occurrence_context,official_compilation_not_independently_field_verified_by_khanan,excluded_context_only,"Broad compiled occurrence geography can overlap source evidence and is not an independent point, assay, reserve, mine or discovery label.",[],"The IBM State Reviews compile information from multiple sources and advise reader discretion. Place lists mix districts, historical names, named belts, fields and basins; occurrence does not establish grade, quantity, continuity, current legality, economics, access or a new discovery."
IBM-IMYB2024-STATE-OCC-0243,SRC_IBM_INDIAN_MINERALS_YEARBOOK_2024_STATE_REVIEWS,v1.0-alpha.22,Karnataka,district_list,tungsten,"[""element:tungsten""]","[""Tungsten""]","[""tungsten""]","[""W""]","[""tungsten""]","[""Gadag"",""Kolar"",""Raichur""]",3,[193],[178],https://www.ibm.gov.in/writereaddata/files/177426215469c1178a48453IMYB_2024_EBookFinal.pdf,7e4cf991426ac8299ec0a365af68a05a8276f3b81ae2433fb6debd4358550354,2026-03-11,2020-04-01 for the chapter's NMI resource tables; occurrence prose is undated within IMYB 2024,found_on_source_pages,all_found_on_source_pages,curated_page-referenced_transcription_with_machine_text_presence_checks,official_compiled_mineral_occurrence_context,official_compilation_not_independently_field_verified_by_khanan,excluded_context_only,"Broad compiled occurrence geography can overlap source evidence and is not an independent point, assay, reserve, mine or discovery label.",[],"The IBM State Reviews compile information from multiple sources and advise reader discretion. Place lists mix districts, historical names, named belts, fields and basins; occurrence does not establish grade, quantity, continuity, current legality, economics, access or a new discovery."
IBM-IMYB2024-STATE-OCC-0244,SRC_IBM_INDIAN_MINERALS_YEARBOOK_2024_STATE_REVIEWS,v1.0-alpha.22,Karnataka,district_list,vanadium,"[""element:vanadium""]","[""Vanadium""]","[""vanadium""]","[""V""]","[""vanadium""]","[""Hassan"",""Uttara Kannada"",""Shivamogga""]",3,[193],[178],https://www.ibm.gov.in/writereaddata/files/177426215469c1178a48453IMYB_2024_EBookFinal.pdf,7e4cf991426ac8299ec0a365af68a05a8276f3b81ae2433fb6debd4358550354,2026-03-11,2020-04-01 for the chapter's NMI resource tables; occurrence prose is undated within IMYB 2024,found_on_source_pages,all_found_on_source_pages,curated_page-referenced_transcription_with_machine_text_presence_checks,official_compiled_mineral_occurrence_context,official_compilation_not_independently_field_verified_by_khanan,excluded_context_only,"Broad compiled occurrence geography can overlap source evidence and is not an independent point, assay, reserve, mine or discovery label.",[],"The IBM State Reviews compile information from multiple sources and advise reader discretion. Place lists mix districts, historical names, named belts, fields and basins; occurrence does not establish grade, quantity, continuity, current legality, economics, access or a new discovery."
IBM-IMYB2024-STATE-OCC-0245,SRC_IBM_INDIAN_MINERALS_YEARBOOK_2024_STATE_REVIEWS,v1.0-alpha.22,Karnataka,district_list,vermiculite,"[""mineral:vermiculite""]","[""Vermiculite""]","[""vermiculite""]","[""Mg0.7(Mg,Fe,Al)6(Si,Al)8O20(OH)4·8H2O""]","[""vermiculite""]","[""Hassan"",""Mandya"",""Mysuru""]",3,[193],[178],https://www.ibm.gov.in/writereaddata/files/177426215469c1178a48453IMYB_2024_EBookFinal.pdf,7e4cf991426ac8299ec0a365af68a05a8276f3b81ae2433fb6debd4358550354,2026-03-11,2020-04-01 for the chapter's NMI resource tables; occurrence prose is undated within IMYB 2024,found_on_source_pages,all_found_on_source_pages,curated_page-referenced_transcription_with_machine_text_presence_checks,official_compiled_mineral_occurrence_context,official_compilation_not_independently_field_verified_by_khanan,excluded_context_only,"Broad compiled occurrence geography can overlap source evidence and is not an independent point, assay, reserve, mine or discovery label.",[],"The IBM State Reviews compile information from multiple sources and advise reader discretion. Place lists mix districts, historical names, named belts, fields and basins; occurrence does not establish grade, quantity, continuity, current legality, economics, access or a new discovery."
IBM-IMYB2024-STATE-OCC-0246,SRC_IBM_INDIAN_MINERALS_YEARBOOK_2024_STATE_REVIEWS,v1.0-alpha.22,Kerala,named_area_list,ilmenite,"[""element:titanium"",""mineral:ilmenite""]","[""Titanium"",""Ilmenite""]","[""titanium"",""titanium dioxide"",""ilmenite""]","[""Ti"",""Fe2+Ti4+O3""]","[""titanium"",""titanium dioxide"",""ilmenite""]","[""Chavara belt""]",1,[198],[183],https://www.ibm.gov.in/writereaddata/files/177426215469c1178a48453IMYB_2024_EBookFinal.pdf,7e4cf991426ac8299ec0a365af68a05a8276f3b81ae2433fb6debd4358550354,2026-03-11,2020-04-01 for the chapter's NMI resource tables; occurrence prose is undated within IMYB 2024,found_on_source_pages,all_found_on_source_pages,curated_page-referenced_transcription_with_machine_text_presence_checks,official_compiled_mineral_occurrence_context,official_compilation_not_independently_field_verified_by_khanan,excluded_context_only,"Broad compiled occurrence geography can overlap source evidence and is not an independent point, assay, reserve, mine or discovery label.",[],"The IBM State Reviews compile information from multiple sources and advise reader discretion. Place lists mix districts, historical names, named belts, fields and basins; occurrence does not establish grade, quantity, continuity, current legality, economics, access or a new discovery."
IBM-IMYB2024-STATE-OCC-0247,SRC_IBM_INDIAN_MINERALS_YEARBOOK_2024_STATE_REVIEWS,v1.0-alpha.22,Kerala,named_area_list,rutile,"[""element:titanium"",""mineral:rutile""]","[""Titanium"",""Rutile""]","[""titanium"",""titanium dioxide"",""rutile""]","[""Ti"",""TiO2""]","[""titanium"",""titanium dioxide"",""rutile""]","[""Chavara belt""]",1,[198],[183],https://www.ibm.gov.in/writereaddata/files/177426215469c1178a48453IMYB_2024_EBookFinal.pdf,7e4cf991426ac8299ec0a365af68a05a8276f3b81ae2433fb6debd4358550354,2026-03-11,2020-04-01 for the chapter's NMI resource tables; occurrence prose is undated within IMYB 2024,found_on_source_pages,all_found_on_source_pages,curated_page-referenced_transcription_with_machine_text_presence_checks,official_compiled_mineral_occurrence_context,official_compilation_not_independently_field_verified_by_khanan,excluded_context_only,"Broad compiled occurrence geography can overlap source evidence and is not an independent point, assay, reserve, mine or discovery label.",[],"The IBM State Reviews compile information from multiple sources and advise reader discretion. Place lists mix districts, historical names, named belts, fields and basins; occurrence does not establish grade, quantity, continuity, current legality, economics, access or a new discovery."
IBM-IMYB2024-STATE-OCC-0248,SRC_IBM_INDIAN_MINERALS_YEARBOOK_2024_STATE_REVIEWS,v1.0-alpha.22,Kerala,named_area_list,zircon,"[""element:zirconium"",""mineral:zircon""]","[""Zirconium"",""Zircon""]","[""zirconium"",""zircon""]","[""Zr"",""Zr(SiO4)""]","[""zirconium"",""zircon""]","[""Chavara belt""]",1,[198],[183],https://www.ibm.gov.in/writereaddata/files/177426215469c1178a48453IMYB_2024_EBookFinal.pdf,7e4cf991426ac8299ec0a365af68a05a8276f3b81ae2433fb6debd4358550354,2026-03-11,2020-04-01 for the chapter's NMI resource tables; occurrence prose is undated within IMYB 2024,found_on_source_pages,all_found_on_source_pages,curated_page-referenced_transcription_with_machine_text_presence_checks,official_compiled_mineral_occurrence_context,official_compilation_not_independently_field_verified_by_khanan,excluded_context_only,"Broad compiled occurrence geography can overlap source evidence and is not an independent point, assay, reserve, mine or discovery label.",[],"The IBM State Reviews compile information from multiple sources and advise reader discretion. Place lists mix districts, historical names, named belts, fields and basins; occurrence does not establish grade, quantity, continuity, current legality, economics, access or a new discovery."
IBM-IMYB2024-STATE-OCC-0249,SRC_IBM_INDIAN_MINERALS_YEARBOOK_2024_STATE_REVIEWS,v1.0-alpha.22,Kerala,statewide,china clay,"[""group:kaolin"",""mineral:kaolinite""]","[""Kaolin"",""Kaolinite""]","[""kaolinite"",""aluminium silicate hydroxide""]","[""Al2Si2O5(OH)4""]","[""kaolinite"",""aluminium silicate hydroxide""]","[""Kerala""]",1,[198],[183],https://www.ibm.gov.in/writereaddata/files/177426215469c1178a48453IMYB_2024_EBookFinal.pdf,7e4cf991426ac8299ec0a365af68a05a8276f3b81ae2433fb6debd4358550354,2026-03-11,2020-04-01 for the chapter's NMI resource tables; occurrence prose is undated within IMYB 2024,found_on_source_pages,all_found_on_source_pages,curated_page-referenced_transcription_with_machine_text_presence_checks,official_compiled_mineral_occurrence_context,official_compilation_not_independently_field_verified_by_khanan,excluded_context_only,"Broad compiled occurrence geography can overlap source evidence and is not an independent point, assay, reserve, mine or discovery label.",[],"The IBM State Reviews compile information from multiple sources and advise reader discretion. Place lists mix districts, historical names, named belts, fields and basins; occurrence does not establish grade, quantity, continuity, current legality, economics, access or a new discovery."
IBM-IMYB2024-STATE-OCC-0250,SRC_IBM_INDIAN_MINERALS_YEARBOOK_2024_STATE_REVIEWS,v1.0-alpha.22,Kerala,statewide,ilmenite,"[""element:titanium"",""mineral:ilmenite""]","[""Titanium"",""Ilmenite""]","[""titanium"",""titanium dioxide"",""ilmenite""]","[""Ti"",""Fe2+Ti4+O3""]","[""titanium"",""titanium dioxide"",""ilmenite""]","[""Kerala""]",1,[198],[183],https://www.ibm.gov.in/writereaddata/files/177426215469c1178a48453IMYB_2024_EBookFinal.pdf,7e4cf991426ac8299ec0a365af68a05a8276f3b81ae2433fb6debd4358550354,2026-03-11,2020-04-01 for the chapter's NMI resource tables; occurrence prose is undated within IMYB 2024,found_on_source_pages,all_found_on_source_pages,curated_page-referenced_transcription_with_machine_text_presence_checks,official_compiled_mineral_occurrence_context,official_compilation_not_independently_field_verified_by_khanan,excluded_context_only,"Broad compiled occurrence geography can overlap source evidence and is not an independent point, assay, reserve, mine or discovery label.",[],"The IBM State Reviews compile information from multiple sources and advise reader discretion. Place lists mix districts, historical names, named belts, fields and basins; occurrence does not establish grade, quantity, continuity, current legality, economics, access or a new discovery."
IBM-IMYB2024-STATE-OCC-0251,SRC_IBM_INDIAN_MINERALS_YEARBOOK_2024_STATE_REVIEWS,v1.0-alpha.22,Kerala,statewide,rutile,"[""element:titanium"",""mineral:rutile""]","[""Titanium"",""Rutile""]","[""titanium"",""titanium dioxide"",""rutile""]","[""Ti"",""TiO2""]","[""titanium"",""titanium dioxide"",""rutile""]","[""Kerala""]",1,[198],[183],https://www.ibm.gov.in/writereaddata/files/177426215469c1178a48453IMYB_2024_EBookFinal.pdf,7e4cf991426ac8299ec0a365af68a05a8276f3b81ae2433fb6debd4358550354,2026-03-11,2020-04-01 for the chapter's NMI resource tables; occurrence prose is undated within IMYB 2024,found_on_source_pages,all_found_on_source_pages,curated_page-referenced_transcription_with_machine_text_presence_checks,official_compiled_mineral_occurrence_context,official_compilation_not_independently_field_verified_by_khanan,excluded_context_only,"Broad compiled occurrence geography can overlap source evidence and is not an independent point, assay, reserve, mine or discovery label.",[],"The IBM State Reviews compile information from multiple sources and advise reader discretion. Place lists mix districts, historical names, named belts, fields and basins; occurrence does not establish grade, quantity, continuity, current legality, economics, access or a new discovery."
IBM-IMYB2024-STATE-OCC-0252,SRC_IBM_INDIAN_MINERALS_YEARBOOK_2024_STATE_REVIEWS,v1.0-alpha.22,Kerala,statewide,zircon,"[""element:zirconium"",""mineral:zircon""]","[""Zirconium"",""Zircon""]","[""zirconium"",""zircon""]","[""Zr"",""Zr(SiO4)""]","[""zirconium"",""zircon""]","[""Kerala""]",1,[198],[183],https://www.ibm.gov.in/writereaddata/files/177426215469c1178a48453IMYB_2024_EBookFinal.pdf,7e4cf991426ac8299ec0a365af68a05a8276f3b81ae2433fb6debd4358550354,2026-03-11,2020-04-01 for the chapter's NMI resource tables; occurrence prose is undated within IMYB 2024,found_on_source_pages,all_found_on_source_pages,curated_page-referenced_transcription_with_machine_text_presence_checks,official_compiled_mineral_occurrence_context,official_compilation_not_independently_field_verified_by_khanan,excluded_context_only,"Broad compiled occurrence geography can overlap source evidence and is not an independent point, assay, reserve, mine or discovery label.",[],"The IBM State Reviews compile information from multiple sources and advise reader discretion. Place lists mix districts, historical names, named belts, fields and basins; occurrence does not establish grade, quantity, continuity, current legality, economics, access or a new discovery."
IBM-IMYB2024-STATE-OCC-0253,SRC_IBM_INDIAN_MINERALS_YEARBOOK_2024_STATE_REVIEWS,v1.0-alpha.22,Kerala,statewide,sillimanite,"[""mineral:sillimanite""]","[""Sillimanite""]","[""sillimanite""]","[""Al2SiO5""]","[""sillimanite""]","[""Kerala""]",1,[198],[183],https://www.ibm.gov.in/writereaddata/files/177426215469c1178a48453IMYB_2024_EBookFinal.pdf,7e4cf991426ac8299ec0a365af68a05a8276f3b81ae2433fb6debd4358550354,2026-03-11,2020-04-01 for the chapter's NMI resource tables; occurrence prose is undated within IMYB 2024,found_on_source_pages,all_found_on_source_pages,curated_page-referenced_transcription_with_machine_text_presence_checks,official_compiled_mineral_occurrence_context,official_compilation_not_independently_field_verified_by_khanan,excluded_context_only,"Broad compiled occurrence geography can overlap source evidence and is not an independent point, assay, reserve, mine or discovery label.",[],"The IBM State Reviews compile information from multiple sources and advise reader discretion. Place lists mix districts, historical names, named belts, fields and basins; occurrence does not establish grade, quantity, continuity, current legality, economics, access or a new discovery."
IBM-IMYB2024-STATE-OCC-0254,SRC_IBM_INDIAN_MINERALS_YEARBOOK_2024_STATE_REVIEWS,v1.0-alpha.22,Kerala,statewide,garnet,"[""group:garnet-group""]","[""Garnet group""]",[],[],"[""Garnet group""]","[""Kerala""]",1,[198],[183],https://www.ibm.gov.in/writereaddata/files/177426215469c1178a48453IMYB_2024_EBookFinal.pdf,7e4cf991426ac8299ec0a365af68a05a8276f3b81ae2433fb6debd4358550354,2026-03-11,2020-04-01 for the chapter's NMI resource tables; occurrence prose is undated within IMYB 2024,found_on_source_pages,all_found_on_source_pages,curated_page-referenced_transcription_with_machine_text_presence_checks,official_compiled_mineral_occurrence_context,official_compilation_not_independently_field_verified_by_khanan,excluded_context_only,"Broad compiled occurrence geography can overlap source evidence and is not an independent point, assay, reserve, mine or discovery label.",[],"The IBM State Reviews compile information from multiple sources and advise reader discretion. Place lists mix districts, historical names, named belts, fields and basins; occurrence does not establish grade, quantity, continuity, current legality, economics, access or a new discovery."
IBM-IMYB2024-STATE-OCC-0255,SRC_IBM_INDIAN_MINERALS_YEARBOOK_2024_STATE_REVIEWS,v1.0-alpha.22,Kerala,statewide,leucoxene,[],[],[],[],"[""leucoxene""]","[""Kerala""]",1,[198],[183],https://www.ibm.gov.in/writereaddata/files/177426215469c1178a48453IMYB_2024_EBookFinal.pdf,7e4cf991426ac8299ec0a365af68a05a8276f3b81ae2433fb6debd4358550354,2026-03-11,2020-04-01 for the chapter's NMI resource tables; occurrence prose is undated within IMYB 2024,found_on_source_pages,all_found_on_source_pages,curated_page-referenced_transcription_with_machine_text_presence_checks,official_compiled_mineral_occurrence_context,official_compilation_not_independently_field_verified_by_khanan,excluded_context_only,"Broad compiled occurrence geography can overlap source evidence and is not an independent point, assay, reserve, mine or discovery label.","[""source_material_term_not_mapped_to_v1_ontology""]","The IBM State Reviews compile information from multiple sources and advise reader discretion. Place lists mix districts, historical names, named belts, fields and basins; occurrence does not establish grade, quantity, continuity, current legality, economics, access or a new discovery."
IBM-IMYB2024-STATE-OCC-0256,SRC_IBM_INDIAN_MINERALS_YEARBOOK_2024_STATE_REVIEWS,v1.0-alpha.22,Kerala,statewide,monazite,"[""group:monazite-group""]","[""Monazite group""]",[],[],"[""Monazite group""]","[""Kerala""]",1,[198],[183],https://www.ibm.gov.in/writereaddata/files/177426215469c1178a48453IMYB_2024_EBookFinal.pdf,7e4cf991426ac8299ec0a365af68a05a8276f3b81ae2433fb6debd4358550354,2026-03-11,2020-04-01 for the chapter's NMI resource tables; occurrence prose is undated within IMYB 2024,found_on_source_pages,all_found_on_source_pages,curated_page-referenced_transcription_with_machine_text_presence_checks,official_compiled_mineral_occurrence_context,official_compilation_not_independently_field_verified_by_khanan,excluded_context_only,"Broad compiled occurrence geography can overlap source evidence and is not an independent point, assay, reserve, mine or discovery label.",[],"The IBM State Reviews compile information from multiple sources and advise reader discretion. Place lists mix districts, historical names, named belts, fields and basins; occurrence does not establish grade, quantity, continuity, current legality, economics, access or a new discovery."
IBM-IMYB2024-STATE-OCC-0257,SRC_IBM_INDIAN_MINERALS_YEARBOOK_2024_STATE_REVIEWS,v1.0-alpha.22,Kerala,statewide,bauxite,"[""element:aluminium"",""ore:bauxite""]","[""Aluminium"",""Bauxite""]","[""aluminium""]","[""Al""]","[""aluminium""]","[""Kerala""]",1,[198],[183],https://www.ibm.gov.in/writereaddata/files/177426215469c1178a48453IMYB_2024_EBookFinal.pdf,7e4cf991426ac8299ec0a365af68a05a8276f3b81ae2433fb6debd4358550354,2026-03-11,2020-04-01 for the chapter's NMI resource tables; occurrence prose is undated within IMYB 2024,found_on_source_pages,all_found_on_source_pages,curated_page-referenced_transcription_with_machine_text_presence_checks,official_compiled_mineral_occurrence_context,official_compilation_not_independently_field_verified_by_khanan,excluded_context_only,"Broad compiled occurrence geography can overlap source evidence and is not an independent point, assay, reserve, mine or discovery label.",[],"The IBM State Reviews compile information from multiple sources and advise reader discretion. Place lists mix districts, historical names, named belts, fields and basins; occurrence does not establish grade, quantity, continuity, current legality, economics, access or a new discovery."
IBM-IMYB2024-STATE-OCC-0258,SRC_IBM_INDIAN_MINERALS_YEARBOOK_2024_STATE_REVIEWS,v1.0-alpha.22,Kerala,statewide,limestone,"[""group:calcium-and-limestone"",""rock:limestone""]","[""Calcium and limestone"",""Limestone""]","[""calcium"",""calcium carbonate""]",[],"[""calcium"",""calcium carbonate""]","[""Kerala""]",1,[198],[183],https://www.ibm.gov.in/writereaddata/files/177426215469c1178a48453IMYB_2024_EBookFinal.pdf,7e4cf991426ac8299ec0a365af68a05a8276f3b81ae2433fb6debd4358550354,2026-03-11,2020-04-01 for the chapter's NMI resource tables; occurrence prose is undated within IMYB 2024,found_on_source_pages,all_found_on_source_pages,curated_page-referenced_transcription_with_machine_text_presence_checks,official_compiled_mineral_occurrence_context,official_compilation_not_independently_field_verified_by_khanan,excluded_context_only,"Broad compiled occurrence geography can overlap source evidence and is not an independent point, assay, reserve, mine or discovery label.",[],"The IBM State Reviews compile information from multiple sources and advise reader discretion. Place lists mix districts, historical names, named belts, fields and basins; occurrence does not establish grade, quantity, continuity, current legality, economics, access or a new discovery."
IBM-IMYB2024-STATE-OCC-0259,SRC_IBM_INDIAN_MINERALS_YEARBOOK_2024_STATE_REVIEWS,v1.0-alpha.22,Kerala,statewide,silica sand,"[""element:silicon"",""mineral:quartz"",""material:sand-and-gravel-industrial""]","[""Silicon"",""Quartz"",""Sand and gravel (industrial)""]","[""silicon"",""silicon dioxide"",""quartz""]","[""Si"",""SiO2""]","[""silicon"",""silicon dioxide"",""quartz""]","[""Kerala""]",1,[198],[183],https://www.ibm.gov.in/writereaddata/files/177426215469c1178a48453IMYB_2024_EBookFinal.pdf,7e4cf991426ac8299ec0a365af68a05a8276f3b81ae2433fb6debd4358550354,2026-03-11,2020-04-01 for the chapter's NMI resource tables; occurrence prose is undated within IMYB 2024,found_on_source_pages,all_found_on_source_pages,curated_page-referenced_transcription_with_machine_text_presence_checks,official_compiled_mineral_occurrence_context,official_compilation_not_independently_field_verified_by_khanan,excluded_context_only,"Broad compiled occurrence geography can overlap source evidence and is not an independent point, assay, reserve, mine or discovery label.",[],"The IBM State Reviews compile information from multiple sources and advise reader discretion. Place lists mix districts, historical names, named belts, fields and basins; occurrence does not establish grade, quantity, continuity, current legality, economics, access or a new discovery."
IBM-IMYB2024-STATE-OCC-0260,SRC_IBM_INDIAN_MINERALS_YEARBOOK_2024_STATE_REVIEWS,v1.0-alpha.22,Kerala,statewide,graphite,"[""mineral:graphite""]","[""Graphite""]","[""carbon""]","[""C""]","[""carbon""]","[""Kerala""]",1,[198],[183],https://www.ibm.gov.in/writereaddata/files/177426215469c1178a48453IMYB_2024_EBookFinal.pdf,7e4cf991426ac8299ec0a365af68a05a8276f3b81ae2433fb6debd4358550354,2026-03-11,2020-04-01 for the chapter's NMI resource tables; occurrence prose is undated within IMYB 2024,found_on_source_pages,all_found_on_source_pages,curated_page-referenced_transcription_with_machine_text_presence_checks,official_compiled_mineral_occurrence_context,official_compilation_not_independently_field_verified_by_khanan,excluded_context_only,"Broad compiled occurrence geography can overlap source evidence and is not an independent point, assay, reserve, mine or discovery label.",[],"The IBM State Reviews compile information from multiple sources and advise reader discretion. Place lists mix districts, historical names, named belts, fields and basins; occurrence does not establish grade, quantity, continuity, current legality, economics, access or a new discovery."
IBM-IMYB2024-STATE-OCC-0261,SRC_IBM_INDIAN_MINERALS_YEARBOOK_2024_STATE_REVIEWS,v1.0-alpha.22,Kerala,statewide,iron ore (magnetite),"[""element:iron"",""ore:iron-ore"",""mineral:magnetite""]","[""Iron"",""Iron ore"",""Magnetite""]","[""iron"",""magnetite""]","[""Fe"",""Fe2+Fe3+2O4""]","[""iron"",""magnetite""]","[""Kerala""]",1,[198],[183],https://www.ibm.gov.in/writereaddata/files/177426215469c1178a48453IMYB_2024_EBookFinal.pdf,7e4cf991426ac8299ec0a365af68a05a8276f3b81ae2433fb6debd4358550354,2026-03-11,2020-04-01 for the chapter's NMI resource tables; occurrence prose is undated within IMYB 2024,found_on_source_pages,all_found_on_source_pages,curated_page-referenced_transcription_with_machine_text_presence_checks,official_compiled_mineral_occurrence_context,official_compilation_not_independently_field_verified_by_khanan,excluded_context_only,"Broad compiled occurrence geography can overlap source evidence and is not an independent point, assay, reserve, mine or discovery label.",[],"The IBM State Reviews compile information from multiple sources and advise reader discretion. Place lists mix districts, historical names, named belts, fields and basins; occurrence does not establish grade, quantity, continuity, current legality, economics, access or a new discovery."
IBM-IMYB2024-STATE-OCC-0262,SRC_IBM_INDIAN_MINERALS_YEARBOOK_2024_STATE_REVIEWS,v1.0-alpha.22,Kerala,statewide,gold,"[""element:gold""]","[""Gold""]","[""gold""]","[""Au""]","[""gold""]","[""Kerala""]",1,[198],[183],https://www.ibm.gov.in/writereaddata/files/177426215469c1178a48453IMYB_2024_EBookFinal.pdf,7e4cf991426ac8299ec0a365af68a05a8276f3b81ae2433fb6debd4358550354,2026-03-11,2020-04-01 for the chapter's NMI resource tables; occurrence prose is undated within IMYB 2024,found_on_source_pages,all_found_on_source_pages,curated_page-referenced_transcription_with_machine_text_presence_checks,official_compiled_mineral_occurrence_context,official_compilation_not_independently_field_verified_by_khanan,excluded_context_only,"Broad compiled occurrence geography can overlap source evidence and is not an independent point, assay, reserve, mine or discovery label.",[],"The IBM State Reviews compile information from multiple sources and advise reader discretion. Place lists mix districts, historical names, named belts, fields and basins; occurrence does not establish grade, quantity, continuity, current legality, economics, access or a new discovery."
IBM-IMYB2024-STATE-OCC-0263,SRC_IBM_INDIAN_MINERALS_YEARBOOK_2024_STATE_REVIEWS,v1.0-alpha.22,Kerala,statewide,fire clay,"[""material:fire-clay"",""group:clay""]","[""Fire clay"",""Clay""]",[],[],"[""Fire clay"",""Clay""]","[""Kerala""]",1,[198],[183],https://www.ibm.gov.in/writereaddata/files/177426215469c1178a48453IMYB_2024_EBookFinal.pdf,7e4cf991426ac8299ec0a365af68a05a8276f3b81ae2433fb6debd4358550354,2026-03-11,2020-04-01 for the chapter's NMI resource tables; occurrence prose is undated within IMYB 2024,found_on_source_pages,all_found_on_source_pages,curated_page-referenced_transcription_with_machine_text_presence_checks,official_compiled_mineral_occurrence_context,official_compilation_not_independently_field_verified_by_khanan,excluded_context_only,"Broad compiled occurrence geography can overlap source evidence and is not an independent point, assay, reserve, mine or discovery label.",[],"The IBM State Reviews compile information from multiple sources and advise reader discretion. Place lists mix districts, historical names, named belts, fields and basins; occurrence does not establish grade, quantity, continuity, current legality, economics, access or a new discovery."
IBM-IMYB2024-STATE-OCC-0264,SRC_IBM_INDIAN_MINERALS_YEARBOOK_2024_STATE_REVIEWS,v1.0-alpha.22,Kerala,statewide,kyanite,"[""mineral:kyanite""]","[""Kyanite""]","[""kyanite""]","[""Al2OSiO4""]","[""kyanite""]","[""Kerala""]",1,[198],[183],https://www.ibm.gov.in/writereaddata/files/177426215469c1178a48453IMYB_2024_EBookFinal.pdf,7e4cf991426ac8299ec0a365af68a05a8276f3b81ae2433fb6debd4358550354,2026-03-11,2020-04-01 for the chapter's NMI resource tables; occurrence prose is undated within IMYB 2024,found_on_source_pages,all_found_on_source_pages,curated_page-referenced_transcription_with_machine_text_presence_checks,official_compiled_mineral_occurrence_context,official_compilation_not_independently_field_verified_by_khanan,excluded_context_only,"Broad compiled occurrence geography can overlap source evidence and is not an independent point, assay, reserve, mine or discovery label.",[],"The IBM State Reviews compile information from multiple sources and advise reader discretion. Place lists mix districts, historical names, named belts, fields and basins; occurrence does not establish grade, quantity, continuity, current legality, economics, access or a new discovery."
IBM-IMYB2024-STATE-OCC-0265,SRC_IBM_INDIAN_MINERALS_YEARBOOK_2024_STATE_REVIEWS,v1.0-alpha.22,Kerala,statewide,lignite,"[""commodity:lignite""]","[""Lignite""]",[],[],"[""Lignite""]","[""Kerala""]",1,[198],[183],https://www.ibm.gov.in/writereaddata/files/177426215469c1178a48453IMYB_2024_EBookFinal.pdf,7e4cf991426ac8299ec0a365af68a05a8276f3b81ae2433fb6debd4358550354,2026-03-11,2020-04-01 for the chapter's NMI resource tables; occurrence prose is undated within IMYB 2024,found_on_source_pages,all_found_on_source_pages,curated_page-referenced_transcription_with_machine_text_presence_checks,official_compiled_mineral_occurrence_context,official_compilation_not_independently_field_verified_by_khanan,excluded_context_only,"Broad compiled occurrence geography can overlap source evidence and is not an independent point, assay, reserve, mine or discovery label.",[],"The IBM State Reviews compile information from multiple sources and advise reader discretion. Place lists mix districts, historical names, named belts, fields and basins; occurrence does not establish grade, quantity, continuity, current legality, economics, access or a new discovery."
IBM-IMYB2024-STATE-OCC-0266,SRC_IBM_INDIAN_MINERALS_YEARBOOK_2024_STATE_REVIEWS,v1.0-alpha.22,Kerala,statewide,magnesite,"[""element:magnesium"",""mineral:magnesite""]","[""Magnesium"",""Magnesite""]","[""magnesium"",""magnesium carbonate"",""magnesite""]","[""Mg"",""Mg(CO3)""]","[""magnesium"",""magnesium carbonate"",""magnesite""]","[""Kerala""]",1,[198],[183],https://www.ibm.gov.in/writereaddata/files/177426215469c1178a48453IMYB_2024_EBookFinal.pdf,7e4cf991426ac8299ec0a365af68a05a8276f3b81ae2433fb6debd4358550354,2026-03-11,2020-04-01 for the chapter's NMI resource tables; occurrence prose is undated within IMYB 2024,found_on_source_pages,all_found_on_source_pages,curated_page-referenced_transcription_with_machine_text_presence_checks,official_compiled_mineral_occurrence_context,official_compilation_not_independently_field_verified_by_khanan,excluded_context_only,"Broad compiled occurrence geography can overlap source evidence and is not an independent point, assay, reserve, mine or discovery label.",[],"The IBM State Reviews compile information from multiple sources and advise reader discretion. Place lists mix districts, historical names, named belts, fields and basins; occurrence does not establish grade, quantity, continuity, current legality, economics, access or a new discovery."
IBM-IMYB2024-STATE-OCC-0267,SRC_IBM_INDIAN_MINERALS_YEARBOOK_2024_STATE_REVIEWS,v1.0-alpha.22,Kerala,statewide,steatite,"[""mineral:talc""]","[""Talc""]","[""talc""]","[""Mg3Si4O10(OH)2""]","[""talc""]","[""Kerala""]",1,[198],[183],https://www.ibm.gov.in/writereaddata/files/177426215469c1178a48453IMYB_2024_EBookFinal.pdf,7e4cf991426ac8299ec0a365af68a05a8276f3b81ae2433fb6debd4358550354,2026-03-11,2020-04-01 for the chapter's NMI resource tables; occurrence prose is undated within IMYB 2024,found_on_source_pages,all_found_on_source_pages,curated_page-referenced_transcription_with_machine_text_presence_checks,official_compiled_mineral_occurrence_context,official_compilation_not_independently_field_verified_by_khanan,excluded_context_only,"Broad compiled occurrence geography can overlap source evidence and is not an independent point, assay, reserve, mine or discovery label.",[],"The IBM State Reviews compile information from multiple sources and advise reader discretion. Place lists mix districts, historical names, named belts, fields and basins; occurrence does not establish grade, quantity, continuity, current legality, economics, access or a new discovery."
IBM-IMYB2024-STATE-OCC-0268,SRC_IBM_INDIAN_MINERALS_YEARBOOK_2024_STATE_REVIEWS,v1.0-alpha.22,Kerala,statewide,granite,"[""rock:granite""]","[""Granite""]",[],[],"[""Granite""]","[""Kerala""]",1,[198],[183],https://www.ibm.gov.in/writereaddata/files/177426215469c1178a48453IMYB_2024_EBookFinal.pdf,7e4cf991426ac8299ec0a365af68a05a8276f3b81ae2433fb6debd4358550354,2026-03-11,2020-04-01 for the chapter's NMI resource tables; occurrence prose is undated within IMYB 2024,found_on_source_pages,all_found_on_source_pages,curated_page-referenced_transcription_with_machine_text_presence_checks,official_compiled_mineral_occurrence_context,official_compilation_not_independently_field_verified_by_khanan,excluded_context_only,"Broad compiled occurrence geography can overlap source evidence and is not an independent point, assay, reserve, mine or discovery label.",[],"The IBM State Reviews compile information from multiple sources and advise reader discretion. Place lists mix districts, historical names, named belts, fields and basins; occurrence does not establish grade, quantity, continuity, current legality, economics, access or a new discovery."
IBM-IMYB2024-STATE-OCC-0269,SRC_IBM_INDIAN_MINERALS_YEARBOOK_2024_STATE_REVIEWS,v1.0-alpha.22,Madhya Pradesh,district_list,bauxite,"[""element:aluminium"",""ore:bauxite""]","[""Aluminium"",""Bauxite""]","[""aluminium""]","[""Al""]","[""aluminium""]","[""Balaghat"",""Guna"",""Jabalpur"",""Katni"",""Mandla"",""Rewa"",""Satna"",""Shahdol"",""Shivpuri"",""Sidhi"",""Vidisha""]",11,[201],[186],https://www.ibm.gov.in/writereaddata/files/177426215469c1178a48453IMYB_2024_EBookFinal.pdf,7e4cf991426ac8299ec0a365af68a05a8276f3b81ae2433fb6debd4358550354,2026-03-11,2020-04-01 for the chapter's NMI resource tables; occurrence prose is undated within IMYB 2024,found_on_source_pages,all_found_on_source_pages,curated_page-referenced_transcription_with_machine_text_presence_checks,official_compiled_mineral_occurrence_context,official_compilation_not_independently_field_verified_by_khanan,excluded_context_only,"Broad compiled occurrence geography can overlap source evidence and is not an independent point, assay, reserve, mine or discovery label.",[],"The IBM State Reviews compile information from multiple sources and advise reader discretion. Place lists mix districts, historical names, named belts, fields and basins; occurrence does not establish grade, quantity, continuity, current legality, economics, access or a new discovery."
IBM-IMYB2024-STATE-OCC-0270,SRC_IBM_INDIAN_MINERALS_YEARBOOK_2024_STATE_REVIEWS,v1.0-alpha.22,Madhya Pradesh,district_list,calcite,"[""group:calcium-and-limestone"",""mineral:calcite""]","[""Calcium and limestone"",""Calcite""]","[""calcium"",""calcium carbonate"",""calcite""]","[""Ca(CO3)""]","[""calcium"",""calcium carbonate"",""calcite""]","[""Barwani"",""Jhabua"",""Khandwa"",""Khargone""]",4,[201],[186],https://www.ibm.gov.in/writereaddata/files/177426215469c1178a48453IMYB_2024_EBookFinal.pdf,7e4cf991426ac8299ec0a365af68a05a8276f3b81ae2433fb6debd4358550354,2026-03-11,2020-04-01 for the chapter's NMI resource tables; occurrence prose is undated within IMYB 2024,found_on_source_pages,all_found_on_source_pages,curated_page-referenced_transcription_with_machine_text_presence_checks,official_compiled_mineral_occurrence_context,official_compilation_not_independently_field_verified_by_khanan,excluded_context_only,"Broad compiled occurrence geography can overlap source evidence and is not an independent point, assay, reserve, mine or discovery label.",[],"The IBM State Reviews compile information from multiple sources and advise reader discretion. Place lists mix districts, historical names, named belts, fields and basins; occurrence does not establish grade, quantity, continuity, current legality, economics, access or a new discovery."
IBM-IMYB2024-STATE-OCC-0271,SRC_IBM_INDIAN_MINERALS_YEARBOOK_2024_STATE_REVIEWS,v1.0-alpha.22,Madhya Pradesh,district_list,china clay,"[""group:kaolin"",""mineral:kaolinite""]","[""Kaolin"",""Kaolinite""]","[""kaolinite"",""aluminium silicate hydroxide""]","[""Al2Si2O5(OH)4""]","[""kaolinite"",""aluminium silicate hydroxide""]","[""Betul"",""Chhatarpur"",""Chhindwara"",""Gwalior"",""Hoshangabad"",""Jabalpur"",""Khargone"",""Narsinghpur"",""Raisen"",""Satna"",""Shahdol"",""Sidhi""]",12,[201],[186],https://www.ibm.gov.in/writereaddata/files/177426215469c1178a48453IMYB_2024_EBookFinal.pdf,7e4cf991426ac8299ec0a365af68a05a8276f3b81ae2433fb6debd4358550354,2026-03-11,2020-04-01 for the chapter's NMI resource tables; occurrence prose is undated within IMYB 2024,found_on_source_pages,all_found_on_source_pages,curated_page-referenced_transcription_with_machine_text_presence_checks,official_compiled_mineral_occurrence_context,official_compilation_not_independently_field_verified_by_khanan,excluded_context_only,"Broad compiled occurrence geography can overlap source evidence and is not an independent point, assay, reserve, mine or discovery label.",[],"The IBM State Reviews compile information from multiple sources and advise reader discretion. Place lists mix districts, historical names, named belts, fields and basins; occurrence does not establish grade, quantity, continuity, current legality, economics, access or a new discovery."
IBM-IMYB2024-STATE-OCC-0272,SRC_IBM_INDIAN_MINERALS_YEARBOOK_2024_STATE_REVIEWS,v1.0-alpha.22,Madhya Pradesh,district_list,copper,"[""element:copper""]","[""Copper""]","[""copper""]","[""Cu""]","[""copper""]","[""Balaghat"",""Betul"",""Jabalpur""]",3,[201],[186],https://www.ibm.gov.in/writereaddata/files/177426215469c1178a48453IMYB_2024_EBookFinal.pdf,7e4cf991426ac8299ec0a365af68a05a8276f3b81ae2433fb6debd4358550354,2026-03-11,2020-04-01 for the chapter's NMI resource tables; occurrence prose is undated within IMYB 2024,found_on_source_pages,all_found_on_source_pages,curated_page-referenced_transcription_with_machine_text_presence_checks,official_compiled_mineral_occurrence_context,official_compilation_not_independently_field_verified_by_khanan,excluded_context_only,"Broad compiled occurrence geography can overlap source evidence and is not an independent point, assay, reserve, mine or discovery label.",[],"The IBM State Reviews compile information from multiple sources and advise reader discretion. Place lists mix districts, historical names, named belts, fields and basins; occurrence does not establish grade, quantity, continuity, current legality, economics, access or a new discovery."
IBM-IMYB2024-STATE-OCC-0273,SRC_IBM_INDIAN_MINERALS_YEARBOOK_2024_STATE_REVIEWS,v1.0-alpha.22,Madhya Pradesh,district_list,coal,"[""commodity:coal""]","[""Coal""]",[],[],"[""Coal""]","[""Betul"",""Shahdol"",""Sidhi""]",3,[201],[186],https://www.ibm.gov.in/writereaddata/files/177426215469c1178a48453IMYB_2024_EBookFinal.pdf,7e4cf991426ac8299ec0a365af68a05a8276f3b81ae2433fb6debd4358550354,2026-03-11,2020-04-01 for the chapter's NMI resource tables; occurrence prose is undated within IMYB 2024,found_on_source_pages,all_found_on_source_pages,curated_page-referenced_transcription_with_machine_text_presence_checks,official_compiled_mineral_occurrence_context,official_compilation_not_independently_field_verified_by_khanan,excluded_context_only,"Broad compiled occurrence geography can overlap source evidence and is not an independent point, assay, reserve, mine or discovery label.",[],"The IBM State Reviews compile information from multiple sources and advise reader discretion. Place lists mix districts, historical names, named belts, fields and basins; occurrence does not establish grade, quantity, continuity, current legality, economics, access or a new discovery."
IBM-IMYB2024-STATE-OCC-0274,SRC_IBM_INDIAN_MINERALS_YEARBOOK_2024_STATE_REVIEWS,v1.0-alpha.22,Madhya Pradesh,district_list,diamond,"[""mineral:diamond""]","[""Diamond""]","[""diamond""]","[""C""]","[""diamond""]","[""Panna""]",1,[201],[186],https://www.ibm.gov.in/writereaddata/files/177426215469c1178a48453IMYB_2024_EBookFinal.pdf,7e4cf991426ac8299ec0a365af68a05a8276f3b81ae2433fb6debd4358550354,2026-03-11,2020-04-01 for the chapter's NMI resource tables; occurrence prose is undated within IMYB 2024,found_on_source_pages,all_found_on_source_pages,curated_page-referenced_transcription_with_machine_text_presence_checks,official_compiled_mineral_occurrence_context,official_compilation_not_independently_field_verified_by_khanan,excluded_context_only,"Broad compiled occurrence geography can overlap source evidence and is not an independent point, assay, reserve, mine or discovery label.",[],"The IBM State Reviews compile information from multiple sources and advise reader discretion. Place lists mix districts, historical names, named belts, fields and basins; occurrence does not establish grade, quantity, continuity, current legality, economics, access or a new discovery."
IBM-IMYB2024-STATE-OCC-0275,SRC_IBM_INDIAN_MINERALS_YEARBOOK_2024_STATE_REVIEWS,v1.0-alpha.22,Madhya Pradesh,district_list,diaspore,"[""group:kyanite-and-related-minerals""]","[""Kyanite and related minerals""]","[""kyanite and related minerals""]","[""Al2SiO5""]","[""kyanite and related minerals""]","[""Chhatarpur"",""Shivpuri"",""Tikamgarh""]",3,[201],[186],https://www.ibm.gov.in/writereaddata/files/177426215469c1178a48453IMYB_2024_EBookFinal.pdf,7e4cf991426ac8299ec0a365af68a05a8276f3b81ae2433fb6debd4358550354,2026-03-11,2020-04-01 for the chapter's NMI resource tables; occurrence prose is undated within IMYB 2024,found_on_source_pages,all_found_on_source_pages,curated_page-referenced_transcription_with_machine_text_presence_checks,official_compiled_mineral_occurrence_context,official_compilation_not_independently_field_verified_by_khanan,excluded_context_only,"Broad compiled occurrence geography can overlap source evidence and is not an independent point, assay, reserve, mine or discovery label.",[],"The IBM State Reviews compile information from multiple sources and advise reader discretion. Place lists mix districts, historical names, named belts, fields and basins; occurrence does not establish grade, quantity, continuity, current legality, economics, access or a new discovery."
IBM-IMYB2024-STATE-OCC-0276,SRC_IBM_INDIAN_MINERALS_YEARBOOK_2024_STATE_REVIEWS,v1.0-alpha.22,Madhya Pradesh,district_list,pyrophyllite,"[""mineral:pyrophyllite""]","[""Pyrophyllite""]","[""pyrophyllite""]","[""Al2Si4O10(OH)2""]","[""pyrophyllite""]","[""Chhatarpur"",""Shivpuri"",""Tikamgarh""]",3,[201],[186],https://www.ibm.gov.in/writereaddata/files/177426215469c1178a48453IMYB_2024_EBookFinal.pdf,7e4cf991426ac8299ec0a365af68a05a8276f3b81ae2433fb6debd4358550354,2026-03-11,2020-04-01 for the chapter's NMI resource tables; occurrence prose is undated within IMYB 2024,found_on_source_pages,all_found_on_source_pages,curated_page-referenced_transcription_with_machine_text_presence_checks,official_compiled_mineral_occurrence_context,official_compilation_not_independently_field_verified_by_khanan,excluded_context_only,"Broad compiled occurrence geography can overlap source evidence and is not an independent point, assay, reserve, mine or discovery label.",[],"The IBM State Reviews compile information from multiple sources and advise reader discretion. Place lists mix districts, historical names, named belts, fields and basins; occurrence does not establish grade, quantity, continuity, current legality, economics, access or a new discovery."
IBM-IMYB2024-STATE-OCC-0277,SRC_IBM_INDIAN_MINERALS_YEARBOOK_2024_STATE_REVIEWS,v1.0-alpha.22,Madhya Pradesh,district_list,dolomite,"[""mineral:dolomite""]","[""Dolomite""]","[""dolomite""]","[""CaMg(CO3)2""]","[""dolomite""]","[""Balaghat"",""Chhindwara"",""Damoh"",""Dewas"",""Harda"",""Hoshangabad"",""Jabalpur"",""Jhabua"",""Katni"",""Mandla"",""Narsinghpur"",""Sagar"",""Seoni""]",13,[201],[186],https://www.ibm.gov.in/writereaddata/files/177426215469c1178a48453IMYB_2024_EBookFinal.pdf,7e4cf991426ac8299ec0a365af68a05a8276f3b81ae2433fb6debd4358550354,2026-03-11,2020-04-01 for the chapter's NMI resource tables; occurrence prose is undated within IMYB 2024,found_on_source_pages,all_found_on_source_pages,curated_page-referenced_transcription_with_machine_text_presence_checks,official_compiled_mineral_occurrence_context,official_compilation_not_independently_field_verified_by_khanan,excluded_context_only,"Broad compiled occurrence geography can overlap source evidence and is not an independent point, assay, reserve, mine or discovery label.",[],"The IBM State Reviews compile information from multiple sources and advise reader discretion. Place lists mix districts, historical names, named belts, fields and basins; occurrence does not establish grade, quantity, continuity, current legality, economics, access or a new discovery."
IBM-IMYB2024-STATE-OCC-0278,SRC_IBM_INDIAN_MINERALS_YEARBOOK_2024_STATE_REVIEWS,v1.0-alpha.22,Madhya Pradesh,district_list,fireclay,"[""material:fire-clay"",""group:clay""]","[""Fire clay"",""Clay""]",[],[],"[""Fire clay"",""Clay""]","[""Betul"",""Chhindwara"",""Jabalpur"",""Katni"",""Narsinghpur"",""Panna"",""Sagar"",""Shahdol"",""Sidhi""]",9,[201],[186],https://www.ibm.gov.in/writereaddata/files/177426215469c1178a48453IMYB_2024_EBookFinal.pdf,7e4cf991426ac8299ec0a365af68a05a8276f3b81ae2433fb6debd4358550354,2026-03-11,2020-04-01 for the chapter's NMI resource tables; occurrence prose is undated within IMYB 2024,found_on_source_pages,all_found_on_source_pages,curated_page-referenced_transcription_with_machine_text_presence_checks,official_compiled_mineral_occurrence_context,official_compilation_not_independently_field_verified_by_khanan,excluded_context_only,"Broad compiled occurrence geography can overlap source evidence and is not an independent point, assay, reserve, mine or discovery label.",[],"The IBM State Reviews compile information from multiple sources and advise reader discretion. Place lists mix districts, historical names, named belts, fields and basins; occurrence does not establish grade, quantity, continuity, current legality, economics, access or a new discovery."
IBM-IMYB2024-STATE-OCC-0279,SRC_IBM_INDIAN_MINERALS_YEARBOOK_2024_STATE_REVIEWS,v1.0-alpha.22,Madhya Pradesh,district_list,iron ore (haematite),"[""element:iron"",""ore:iron-ore"",""mineral:hematite""]","[""Iron"",""Iron ore"",""Hematite""]","[""iron"",""hematite""]","[""Fe"",""Fe2O3""]","[""iron"",""hematite""]","[""Betul"",""Gwalior"",""Jabalpur"",""Katni""]",4,[201],[186],https://www.ibm.gov.in/writereaddata/files/177426215469c1178a48453IMYB_2024_EBookFinal.pdf,7e4cf991426ac8299ec0a365af68a05a8276f3b81ae2433fb6debd4358550354,2026-03-11,2020-04-01 for the chapter's NMI resource tables; occurrence prose is undated within IMYB 2024,found_on_source_pages,all_found_on_source_pages,curated_page-referenced_transcription_with_machine_text_presence_checks,official_compiled_mineral_occurrence_context,official_compilation_not_independently_field_verified_by_khanan,excluded_context_only,"Broad compiled occurrence geography can overlap source evidence and is not an independent point, assay, reserve, mine or discovery label.",[],"The IBM State Reviews compile information from multiple sources and advise reader discretion. Place lists mix districts, historical names, named belts, fields and basins; occurrence does not establish grade, quantity, continuity, current legality, economics, access or a new discovery."
IBM-IMYB2024-STATE-OCC-0280,SRC_IBM_INDIAN_MINERALS_YEARBOOK_2024_STATE_REVIEWS,v1.0-alpha.22,Madhya Pradesh,district_list,limestone,"[""group:calcium-and-limestone"",""rock:limestone""]","[""Calcium and limestone"",""Limestone""]","[""calcium"",""calcium carbonate""]",[],"[""calcium"",""calcium carbonate""]","[""Balaghat"",""Chhindwara"",""Damoh"",""Dhar"",""Hoshangabad"",""Jabalpur"",""Jhabua"",""Khargone"",""Katni"",""Mandsaur"",""Morena"",""Narsinghpur"",""Neemach"",""Rewa"",""Sagar"",""Satna"",""Sehore"",""Shahdol"",""Sidhi""]",19,[201],[186],https://www.ibm.gov.in/writereaddata/files/177426215469c1178a48453IMYB_2024_EBookFinal.pdf,7e4cf991426ac8299ec0a365af68a05a8276f3b81ae2433fb6debd4358550354,2026-03-11,2020-04-01 for the chapter's NMI resource tables; occurrence prose is undated within IMYB 2024,found_on_source_pages,all_found_on_source_pages,curated_page-referenced_transcription_with_machine_text_presence_checks,official_compiled_mineral_occurrence_context,official_compilation_not_independently_field_verified_by_khanan,excluded_context_only,"Broad compiled occurrence geography can overlap source evidence and is not an independent point, assay, reserve, mine or discovery label.",[],"The IBM State Reviews compile information from multiple sources and advise reader discretion. Place lists mix districts, historical names, named belts, fields and basins; occurrence does not establish grade, quantity, continuity, current legality, economics, access or a new discovery."
IBM-IMYB2024-STATE-OCC-0281,SRC_IBM_INDIAN_MINERALS_YEARBOOK_2024_STATE_REVIEWS,v1.0-alpha.22,Madhya Pradesh,district_list,manganese ore,"[""element:manganese""]","[""Manganese""]","[""manganese""]","[""Mn""]","[""manganese""]","[""Balaghat"",""Jhabua""]",2,[201],[186],https://www.ibm.gov.in/writereaddata/files/177426215469c1178a48453IMYB_2024_EBookFinal.pdf,7e4cf991426ac8299ec0a365af68a05a8276f3b81ae2433fb6debd4358550354,2026-03-11,2020-04-01 for the chapter's NMI resource tables; occurrence prose is undated within IMYB 2024,found_on_source_pages,all_found_on_source_pages,curated_page-referenced_transcription_with_machine_text_presence_checks,official_compiled_mineral_occurrence_context,official_compilation_not_independently_field_verified_by_khanan,excluded_context_only,"Broad compiled occurrence geography can overlap source evidence and is not an independent point, assay, reserve, mine or discovery label.",[],"The IBM State Reviews compile information from multiple sources and advise reader discretion. Place lists mix districts, historical names, named belts, fields and basins; occurrence does not establish grade, quantity, continuity, current legality, economics, access or a new discovery."
IBM-IMYB2024-STATE-OCC-0282,SRC_IBM_INDIAN_MINERALS_YEARBOOK_2024_STATE_REVIEWS,v1.0-alpha.22,Madhya Pradesh,district_list,ochre,"[""material:ochre"",""material:iron-oxide-pigments""]","[""Ochre"",""Iron oxide pigments""]",[],[],"[""Ochre"",""Iron oxide pigments""]","[""Dhar"",""Gwalior"",""Jabalpur"",""Katni"",""Mandla"",""Rewa"",""Satna"",""Shahdol"",""Umaria""]",9,[201],[186],https://www.ibm.gov.in/writereaddata/files/177426215469c1178a48453IMYB_2024_EBookFinal.pdf,7e4cf991426ac8299ec0a365af68a05a8276f3b81ae2433fb6debd4358550354,2026-03-11,2020-04-01 for the chapter's NMI resource tables; occurrence prose is undated within IMYB 2024,found_on_source_pages,all_found_on_source_pages,curated_page-referenced_transcription_with_machine_text_presence_checks,official_compiled_mineral_occurrence_context,official_compilation_not_independently_field_verified_by_khanan,excluded_context_only,"Broad compiled occurrence geography can overlap source evidence and is not an independent point, assay, reserve, mine or discovery label.",[],"The IBM State Reviews compile information from multiple sources and advise reader discretion. Place lists mix districts, historical names, named belts, fields and basins; occurrence does not establish grade, quantity, continuity, current legality, economics, access or a new discovery."
IBM-IMYB2024-STATE-OCC-0283,SRC_IBM_INDIAN_MINERALS_YEARBOOK_2024_STATE_REVIEWS,v1.0-alpha.22,Madhya Pradesh,district_list,pyrophyllite,"[""mineral:pyrophyllite""]","[""Pyrophyllite""]","[""pyrophyllite""]","[""Al2Si4O10(OH)2""]","[""pyrophyllite""]","[""Chhatarpur"",""Sagar"",""Shivpuri"",""Tikamgarh""]",4,[201],[186],https://www.ibm.gov.in/writereaddata/files/177426215469c1178a48453IMYB_2024_EBookFinal.pdf,7e4cf991426ac8299ec0a365af68a05a8276f3b81ae2433fb6debd4358550354,2026-03-11,2020-04-01 for the chapter's NMI resource tables; occurrence prose is undated within IMYB 2024,found_on_source_pages,all_found_on_source_pages,curated_page-referenced_transcription_with_machine_text_presence_checks,official_compiled_mineral_occurrence_context,official_compilation_not_independently_field_verified_by_khanan,excluded_context_only,"Broad compiled occurrence geography can overlap source evidence and is not an independent point, assay, reserve, mine or discovery label.",[],"The IBM State Reviews compile information from multiple sources and advise reader discretion. Place lists mix districts, historical names, named belts, fields and basins; occurrence does not establish grade, quantity, continuity, current legality, economics, access or a new discovery."
IBM-IMYB2024-STATE-OCC-0284,SRC_IBM_INDIAN_MINERALS_YEARBOOK_2024_STATE_REVIEWS,v1.0-alpha.22,Madhya Pradesh,district_list,quartz/silica sand,"[""element:silicon"",""mineral:quartz"",""material:sand-and-gravel-industrial""]","[""Silicon"",""Quartz"",""Sand and gravel (industrial)""]","[""silicon"",""silicon dioxide"",""quartz""]","[""Si"",""SiO2""]","[""silicon"",""silicon dioxide"",""quartz""]","[""Balaghat"",""Dewas"",""Dhar"",""Jabalpur"",""Khandwa"",""Khargone"",""Morena"",""Rewa"",""Shahdol""]",9,[201],[186],https://www.ibm.gov.in/writereaddata/files/177426215469c1178a48453IMYB_2024_EBookFinal.pdf,7e4cf991426ac8299ec0a365af68a05a8276f3b81ae2433fb6debd4358550354,2026-03-11,2020-04-01 for the chapter's NMI resource tables; occurrence prose is undated within IMYB 2024,found_on_source_pages,all_found_on_source_pages,curated_page-referenced_transcription_with_machine_text_presence_checks,official_compiled_mineral_occurrence_context,official_compilation_not_independently_field_verified_by_khanan,excluded_context_only,"Broad compiled occurrence geography can overlap source evidence and is not an independent point, assay, reserve, mine or discovery label.",[],"The IBM State Reviews compile information from multiple sources and advise reader discretion. Place lists mix districts, historical names, named belts, fields and basins; occurrence does not establish grade, quantity, continuity, current legality, economics, access or a new discovery."
IBM-IMYB2024-STATE-OCC-0285,SRC_IBM_INDIAN_MINERALS_YEARBOOK_2024_STATE_REVIEWS,v1.0-alpha.22,Madhya Pradesh,district_list,talc/steatite/soapstone,"[""mineral:talc""]","[""Talc""]","[""talc""]","[""Mg3Si4O10(OH)2""]","[""talc""]","[""Dhar"",""Jabalpur"",""Jhabua"",""Katni"",""Narsinghpur"",""Sagar""]",6,[201],[186],https://www.ibm.gov.in/writereaddata/files/177426215469c1178a48453IMYB_2024_EBookFinal.pdf,7e4cf991426ac8299ec0a365af68a05a8276f3b81ae2433fb6debd4358550354,2026-03-11,2020-04-01 for the chapter's NMI resource tables; occurrence prose is undated within IMYB 2024,found_on_source_pages,all_found_on_source_pages,curated_page-referenced_transcription_with_machine_text_presence_checks,official_compiled_mineral_occurrence_context,official_compilation_not_independently_field_verified_by_khanan,excluded_context_only,"Broad compiled occurrence geography can overlap source evidence and is not an independent point, assay, reserve, mine or discovery label.",[],"The IBM State Reviews compile information from multiple sources and advise reader discretion. Place lists mix districts, historical names, named belts, fields and basins; occurrence does not establish grade, quantity, continuity, current legality, economics, access or a new discovery."
IBM-IMYB2024-STATE-OCC-0286,SRC_IBM_INDIAN_MINERALS_YEARBOOK_2024_STATE_REVIEWS,v1.0-alpha.22,Madhya Pradesh,district_list,vermiculite,"[""mineral:vermiculite""]","[""Vermiculite""]","[""vermiculite""]","[""Mg0.7(Mg,Fe,Al)6(Si,Al)8O20(OH)4·8H2O""]","[""vermiculite""]","[""Jhabua""]",1,[201],[186],https://www.ibm.gov.in/writereaddata/files/177426215469c1178a48453IMYB_2024_EBookFinal.pdf,7e4cf991426ac8299ec0a365af68a05a8276f3b81ae2433fb6debd4358550354,2026-03-11,2020-04-01 for the chapter's NMI resource tables; occurrence prose is undated within IMYB 2024,found_on_source_pages,all_found_on_source_pages,curated_page-referenced_transcription_with_machine_text_presence_checks,official_compiled_mineral_occurrence_context,official_compilation_not_independently_field_verified_by_khanan,excluded_context_only,"Broad compiled occurrence geography can overlap source evidence and is not an independent point, assay, reserve, mine or discovery label.",[],"The IBM State Reviews compile information from multiple sources and advise reader discretion. Place lists mix districts, historical names, named belts, fields and basins; occurrence does not establish grade, quantity, continuity, current legality, economics, access or a new discovery."
IBM-IMYB2024-STATE-OCC-0287,SRC_IBM_INDIAN_MINERALS_YEARBOOK_2024_STATE_REVIEWS,v1.0-alpha.22,Madhya Pradesh,district_list,barytes,"[""mineral:baryte""]","[""Baryte""]","[""baryte""]","[""Ba(SO4)""]","[""baryte""]","[""Dewas"",""Dhar"",""Shivpuri"",""Sidhi"",""Tikamgarh""]",5,[201],[186],https://www.ibm.gov.in/writereaddata/files/177426215469c1178a48453IMYB_2024_EBookFinal.pdf,7e4cf991426ac8299ec0a365af68a05a8276f3b81ae2433fb6debd4358550354,2026-03-11,2020-04-01 for the chapter's NMI resource tables; occurrence prose is undated within IMYB 2024,found_on_source_pages,all_found_on_source_pages,curated_page-referenced_transcription_with_machine_text_presence_checks,official_compiled_mineral_occurrence_context,official_compilation_not_independently_field_verified_by_khanan,excluded_context_only,"Broad compiled occurrence geography can overlap source evidence and is not an independent point, assay, reserve, mine or discovery label.",[],"The IBM State Reviews compile information from multiple sources and advise reader discretion. Place lists mix districts, historical names, named belts, fields and basins; occurrence does not establish grade, quantity, continuity, current legality, economics, access or a new discovery."
IBM-IMYB2024-STATE-OCC-0288,SRC_IBM_INDIAN_MINERALS_YEARBOOK_2024_STATE_REVIEWS,v1.0-alpha.22,Madhya Pradesh,district_list,calcareous shale,[],[],[],[],"[""calcareous shale""]","[""Mandsaur""]",1,[201],[186],https://www.ibm.gov.in/writereaddata/files/177426215469c1178a48453IMYB_2024_EBookFinal.pdf,7e4cf991426ac8299ec0a365af68a05a8276f3b81ae2433fb6debd4358550354,2026-03-11,2020-04-01 for the chapter's NMI resource tables; occurrence prose is undated within IMYB 2024,found_on_source_pages,all_found_on_source_pages,curated_page-referenced_transcription_with_machine_text_presence_checks,official_compiled_mineral_occurrence_context,official_compilation_not_independently_field_verified_by_khanan,excluded_context_only,"Broad compiled occurrence geography can overlap source evidence and is not an independent point, assay, reserve, mine or discovery label.","[""source_material_term_not_mapped_to_v1_ontology""]","The IBM State Reviews compile information from multiple sources and advise reader discretion. Place lists mix districts, historical names, named belts, fields and basins; occurrence does not establish grade, quantity, continuity, current legality, economics, access or a new discovery."
IBM-IMYB2024-STATE-OCC-0289,SRC_IBM_INDIAN_MINERALS_YEARBOOK_2024_STATE_REVIEWS,v1.0-alpha.22,Madhya Pradesh,district_list,felspar,"[""group:feldspar-group""]","[""Feldspar group""]",[],[],"[""Feldspar group""]","[""Jabalpur"",""Shahdol""]",2,[201],[186],https://www.ibm.gov.in/writereaddata/files/177426215469c1178a48453IMYB_2024_EBookFinal.pdf,7e4cf991426ac8299ec0a365af68a05a8276f3b81ae2433fb6debd4358550354,2026-03-11,2020-04-01 for the chapter's NMI resource tables; occurrence prose is undated within IMYB 2024,found_on_source_pages,all_found_on_source_pages,curated_page-referenced_transcription_with_machine_text_presence_checks,official_compiled_mineral_occurrence_context,official_compilation_not_independently_field_verified_by_khanan,excluded_context_only,"Broad compiled occurrence geography can overlap source evidence and is not an independent point, assay, reserve, mine or discovery label.",[],"The IBM State Reviews compile information from multiple sources and advise reader discretion. Place lists mix districts, historical names, named belts, fields and basins; occurrence does not establish grade, quantity, continuity, current legality, economics, access or a new discovery."
IBM-IMYB2024-STATE-OCC-0290,SRC_IBM_INDIAN_MINERALS_YEARBOOK_2024_STATE_REVIEWS,v1.0-alpha.22,Madhya Pradesh,district_list,fuller's earth,"[""group:clay""]","[""Clay""]",[],[],"[""Clay""]","[""Mandla""]",1,[201],[186],https://www.ibm.gov.in/writereaddata/files/177426215469c1178a48453IMYB_2024_EBookFinal.pdf,7e4cf991426ac8299ec0a365af68a05a8276f3b81ae2433fb6debd4358550354,2026-03-11,2020-04-01 for the chapter's NMI resource tables; occurrence prose is undated within IMYB 2024,found_on_source_pages,all_found_on_source_pages,curated_page-referenced_transcription_with_machine_text_presence_checks,official_compiled_mineral_occurrence_context,official_compilation_not_independently_field_verified_by_khanan,excluded_context_only,"Broad compiled occurrence geography can overlap source evidence and is not an independent point, assay, reserve, mine or discovery label.",[],"The IBM State Reviews compile information from multiple sources and advise reader discretion. Place lists mix districts, historical names, named belts, fields and basins; occurrence does not establish grade, quantity, continuity, current legality, economics, access or a new discovery."
IBM-IMYB2024-STATE-OCC-0291,SRC_IBM_INDIAN_MINERALS_YEARBOOK_2024_STATE_REVIEWS,v1.0-alpha.22,Madhya Pradesh,district_list,gold,"[""element:gold""]","[""Gold""]","[""gold""]","[""Au""]","[""gold""]","[""Jabalpur"",""Sidhi""]",2,[201],[186],https://www.ibm.gov.in/writereaddata/files/177426215469c1178a48453IMYB_2024_EBookFinal.pdf,7e4cf991426ac8299ec0a365af68a05a8276f3b81ae2433fb6debd4358550354,2026-03-11,2020-04-01 for the chapter's NMI resource tables; occurrence prose is undated within IMYB 2024,found_on_source_pages,all_found_on_source_pages,curated_page-referenced_transcription_with_machine_text_presence_checks,official_compiled_mineral_occurrence_context,official_compilation_not_independently_field_verified_by_khanan,excluded_context_only,"Broad compiled occurrence geography can overlap source evidence and is not an independent point, assay, reserve, mine or discovery label.",[],"The IBM State Reviews compile information from multiple sources and advise reader discretion. Place lists mix districts, historical names, named belts, fields and basins; occurrence does not establish grade, quantity, continuity, current legality, economics, access or a new discovery."
IBM-IMYB2024-STATE-OCC-0292,SRC_IBM_INDIAN_MINERALS_YEARBOOK_2024_STATE_REVIEWS,v1.0-alpha.22,Madhya Pradesh,district_list,granite,"[""rock:granite""]","[""Granite""]",[],[],"[""Granite""]","[""Betul"",""Chhatarpur"",""Chhindwara"",""Datia"",""Jhabua"",""Panna"",""Seoni"",""Shivpuri""]",8,[201],[186],https://www.ibm.gov.in/writereaddata/files/177426215469c1178a48453IMYB_2024_EBookFinal.pdf,7e4cf991426ac8299ec0a365af68a05a8276f3b81ae2433fb6debd4358550354,2026-03-11,2020-04-01 for the chapter's NMI resource tables; occurrence prose is undated within IMYB 2024,found_on_source_pages,all_found_on_source_pages,curated_page-referenced_transcription_with_machine_text_presence_checks,official_compiled_mineral_occurrence_context,official_compilation_not_independently_field_verified_by_khanan,excluded_context_only,"Broad compiled occurrence geography can overlap source evidence and is not an independent point, assay, reserve, mine or discovery label.",[],"The IBM State Reviews compile information from multiple sources and advise reader discretion. Place lists mix districts, historical names, named belts, fields and basins; occurrence does not establish grade, quantity, continuity, current legality, economics, access or a new discovery."
IBM-IMYB2024-STATE-OCC-0293,SRC_IBM_INDIAN_MINERALS_YEARBOOK_2024_STATE_REVIEWS,v1.0-alpha.22,Madhya Pradesh,district_list,graphite,"[""mineral:graphite""]","[""Graphite""]","[""carbon""]","[""C""]","[""carbon""]","[""Betul"",""Sidhi""]",2,[201],[186],https://www.ibm.gov.in/writereaddata/files/177426215469c1178a48453IMYB_2024_EBookFinal.pdf,7e4cf991426ac8299ec0a365af68a05a8276f3b81ae2433fb6debd4358550354,2026-03-11,2020-04-01 for the chapter's NMI resource tables; occurrence prose is undated within IMYB 2024,found_on_source_pages,all_found_on_source_pages,curated_page-referenced_transcription_with_machine_text_presence_checks,official_compiled_mineral_occurrence_context,official_compilation_not_independently_field_verified_by_khanan,excluded_context_only,"Broad compiled occurrence geography can overlap source evidence and is not an independent point, assay, reserve, mine or discovery label.",[],"The IBM State Reviews compile information from multiple sources and advise reader discretion. Place lists mix districts, historical names, named belts, fields and basins; occurrence does not establish grade, quantity, continuity, current legality, economics, access or a new discovery."
IBM-IMYB2024-STATE-OCC-0294,SRC_IBM_INDIAN_MINERALS_YEARBOOK_2024_STATE_REVIEWS,v1.0-alpha.22,Madhya Pradesh,district_list,gypsum,"[""mineral:gypsum""]","[""Gypsum""]","[""gypsum""]","[""Ca(SO4)(H2O)2""]","[""gypsum""]","[""Shahdol""]",1,[201],[186],https://www.ibm.gov.in/writereaddata/files/177426215469c1178a48453IMYB_2024_EBookFinal.pdf,7e4cf991426ac8299ec0a365af68a05a8276f3b81ae2433fb6debd4358550354,2026-03-11,2020-04-01 for the chapter's NMI resource tables; occurrence prose is undated within IMYB 2024,found_on_source_pages,all_found_on_source_pages,curated_page-referenced_transcription_with_machine_text_presence_checks,official_compiled_mineral_occurrence_context,official_compilation_not_independently_field_verified_by_khanan,excluded_context_only,"Broad compiled occurrence geography can overlap source evidence and is not an independent point, assay, reserve, mine or discovery label.",[],"The IBM State Reviews compile information from multiple sources and advise reader discretion. Place lists mix districts, historical names, named belts, fields and basins; occurrence does not establish grade, quantity, continuity, current legality, economics, access or a new discovery."
IBM-IMYB2024-STATE-OCC-0295,SRC_IBM_INDIAN_MINERALS_YEARBOOK_2024_STATE_REVIEWS,v1.0-alpha.22,Madhya Pradesh,district_list,lead-zinc,"[""element:lead"",""element:zinc""]","[""Lead"",""Zinc""]","[""lead"",""zinc""]","[""Pb"",""Zn""]","[""lead"",""zinc""]","[""Betul""]",1,[201],[186],https://www.ibm.gov.in/writereaddata/files/177426215469c1178a48453IMYB_2024_EBookFinal.pdf,7e4cf991426ac8299ec0a365af68a05a8276f3b81ae2433fb6debd4358550354,2026-03-11,2020-04-01 for the chapter's NMI resource tables; occurrence prose is undated within IMYB 2024,found_on_source_pages,all_found_on_source_pages,curated_page-referenced_transcription_with_machine_text_presence_checks,official_compiled_mineral_occurrence_context,official_compilation_not_independently_field_verified_by_khanan,excluded_context_only,"Broad compiled occurrence geography can overlap source evidence and is not an independent point, assay, reserve, mine or discovery label.",[],"The IBM State Reviews compile information from multiple sources and advise reader discretion. Place lists mix districts, historical names, named belts, fields and basins; occurrence does not establish grade, quantity, continuity, current legality, economics, access or a new discovery."
IBM-IMYB2024-STATE-OCC-0296,SRC_IBM_INDIAN_MINERALS_YEARBOOK_2024_STATE_REVIEWS,v1.0-alpha.22,Madhya Pradesh,district_list,molybdenum,"[""element:molybdenum""]","[""Molybdenum""]","[""molybdenum""]","[""Mo""]","[""molybdenum""]","[""Balaghat""]",1,[201],[186],https://www.ibm.gov.in/writereaddata/files/177426215469c1178a48453IMYB_2024_EBookFinal.pdf,7e4cf991426ac8299ec0a365af68a05a8276f3b81ae2433fb6debd4358550354,2026-03-11,2020-04-01 for the chapter's NMI resource tables; occurrence prose is undated within IMYB 2024,found_on_source_pages,all_found_on_source_pages,curated_page-referenced_transcription_with_machine_text_presence_checks,official_compiled_mineral_occurrence_context,official_compilation_not_independently_field_verified_by_khanan,excluded_context_only,"Broad compiled occurrence geography can overlap source evidence and is not an independent point, assay, reserve, mine or discovery label.",[],"The IBM State Reviews compile information from multiple sources and advise reader discretion. Place lists mix districts, historical names, named belts, fields and basins; occurrence does not establish grade, quantity, continuity, current legality, economics, access or a new discovery."
IBM-IMYB2024-STATE-OCC-0297,SRC_IBM_INDIAN_MINERALS_YEARBOOK_2024_STATE_REVIEWS,v1.0-alpha.22,Madhya Pradesh,district_list,potash,"[""group:potash""]","[""Potash""]","[""potassium chloride"",""potassium sulfate""]",[],"[""potassium chloride"",""potassium sulfate""]","[""Panna""]",1,[201],[186],https://www.ibm.gov.in/writereaddata/files/177426215469c1178a48453IMYB_2024_EBookFinal.pdf,7e4cf991426ac8299ec0a365af68a05a8276f3b81ae2433fb6debd4358550354,2026-03-11,2020-04-01 for the chapter's NMI resource tables; occurrence prose is undated within IMYB 2024,found_on_source_pages,all_found_on_source_pages,curated_page-referenced_transcription_with_machine_text_presence_checks,official_compiled_mineral_occurrence_context,official_compilation_not_independently_field_verified_by_khanan,excluded_context_only,"Broad compiled occurrence geography can overlap source evidence and is not an independent point, assay, reserve, mine or discovery label.",[],"The IBM State Reviews compile information from multiple sources and advise reader discretion. Place lists mix districts, historical names, named belts, fields and basins; occurrence does not establish grade, quantity, continuity, current legality, economics, access or a new discovery."
IBM-IMYB2024-STATE-OCC-0298,SRC_IBM_INDIAN_MINERALS_YEARBOOK_2024_STATE_REVIEWS,v1.0-alpha.22,Madhya Pradesh,district_list,quartzite,"[""element:silicon"",""rock:quartzite""]","[""Silicon"",""Quartzite""]","[""silicon"",""silicon dioxide""]","[""Si""]","[""silicon"",""silicon dioxide""]","[""Sehore""]",1,[201],[186],https://www.ibm.gov.in/writereaddata/files/177426215469c1178a48453IMYB_2024_EBookFinal.pdf,7e4cf991426ac8299ec0a365af68a05a8276f3b81ae2433fb6debd4358550354,2026-03-11,2020-04-01 for the chapter's NMI resource tables; occurrence prose is undated within IMYB 2024,found_on_source_pages,all_found_on_source_pages,curated_page-referenced_transcription_with_machine_text_presence_checks,official_compiled_mineral_occurrence_context,official_compilation_not_independently_field_verified_by_khanan,excluded_context_only,"Broad compiled occurrence geography can overlap source evidence and is not an independent point, assay, reserve, mine or discovery label.",[],"The IBM State Reviews compile information from multiple sources and advise reader discretion. Place lists mix districts, historical names, named belts, fields and basins; occurrence does not establish grade, quantity, continuity, current legality, economics, access or a new discovery."
IBM-IMYB2024-STATE-OCC-0299,SRC_IBM_INDIAN_MINERALS_YEARBOOK_2024_STATE_REVIEWS,v1.0-alpha.22,Madhya Pradesh,district_list,rock phosphate,"[""element:phosphorus"",""ore:phosphorite""]","[""Phosphorus"",""Phosphorite""]","[""phosphorus""]","[""P""]","[""phosphorus""]","[""Chhatarpur"",""Jhabua"",""Sagar""]",3,[201],[186],https://www.ibm.gov.in/writereaddata/files/177426215469c1178a48453IMYB_2024_EBookFinal.pdf,7e4cf991426ac8299ec0a365af68a05a8276f3b81ae2433fb6debd4358550354,2026-03-11,2020-04-01 for the chapter's NMI resource tables; occurrence prose is undated within IMYB 2024,found_on_source_pages,all_found_on_source_pages,curated_page-referenced_transcription_with_machine_text_presence_checks,official_compiled_mineral_occurrence_context,official_compilation_not_independently_field_verified_by_khanan,excluded_context_only,"Broad compiled occurrence geography can overlap source evidence and is not an independent point, assay, reserve, mine or discovery label.",[],"The IBM State Reviews compile information from multiple sources and advise reader discretion. Place lists mix districts, historical names, named belts, fields and basins; occurrence does not establish grade, quantity, continuity, current legality, economics, access or a new discovery."
IBM-IMYB2024-STATE-OCC-0300,SRC_IBM_INDIAN_MINERALS_YEARBOOK_2024_STATE_REVIEWS,v1.0-alpha.22,Madhya Pradesh,district_list,sillimanite,"[""mineral:sillimanite""]","[""Sillimanite""]","[""sillimanite""]","[""Al2SiO5""]","[""sillimanite""]","[""Sidhi""]",1,[201],[186],https://www.ibm.gov.in/writereaddata/files/177426215469c1178a48453IMYB_2024_EBookFinal.pdf,7e4cf991426ac8299ec0a365af68a05a8276f3b81ae2433fb6debd4358550354,2026-03-11,2020-04-01 for the chapter's NMI resource tables; occurrence prose is undated within IMYB 2024,found_on_source_pages,all_found_on_source_pages,curated_page-referenced_transcription_with_machine_text_presence_checks,official_compiled_mineral_occurrence_context,official_compilation_not_independently_field_verified_by_khanan,excluded_context_only,"Broad compiled occurrence geography can overlap source evidence and is not an independent point, assay, reserve, mine or discovery label.",[],"The IBM State Reviews compile information from multiple sources and advise reader discretion. Place lists mix districts, historical names, named belts, fields and basins; occurrence does not establish grade, quantity, continuity, current legality, economics, access or a new discovery."
IBM-IMYB2024-STATE-OCC-0301,SRC_IBM_INDIAN_MINERALS_YEARBOOK_2024_STATE_REVIEWS,v1.0-alpha.22,Maharashtra,district_list,bauxite,"[""element:aluminium"",""ore:bauxite""]","[""Aluminium"",""Bauxite""]","[""aluminium""]","[""Al""]","[""aluminium""]","[""Kolhapur"",""Raigad"",""Ratnagiri"",""Satara"",""Sindhudurg"",""Thane""]",6,[205],[190],https://www.ibm.gov.in/writereaddata/files/177426215469c1178a48453IMYB_2024_EBookFinal.pdf,7e4cf991426ac8299ec0a365af68a05a8276f3b81ae2433fb6debd4358550354,2026-03-11,2020-04-01 for the chapter's NMI resource tables; occurrence prose is undated within IMYB 2024,found_on_source_pages,all_found_on_source_pages,curated_page-referenced_transcription_with_machine_text_presence_checks,official_compiled_mineral_occurrence_context,official_compilation_not_independently_field_verified_by_khanan,excluded_context_only,"Broad compiled occurrence geography can overlap source evidence and is not an independent point, assay, reserve, mine or discovery label.",[],"The IBM State Reviews compile information from multiple sources and advise reader discretion. Place lists mix districts, historical names, named belts, fields and basins; occurrence does not establish grade, quantity, continuity, current legality, economics, access or a new discovery."
IBM-IMYB2024-STATE-OCC-0302,SRC_IBM_INDIAN_MINERALS_YEARBOOK_2024_STATE_REVIEWS,v1.0-alpha.22,Maharashtra,district_list,china clay,"[""group:kaolin"",""mineral:kaolinite""]","[""Kaolin"",""Kaolinite""]","[""kaolinite"",""aluminium silicate hydroxide""]","[""Al2Si2O5(OH)4""]","[""kaolinite"",""aluminium silicate hydroxide""]","[""Amravati"",""Bhandara"",""Chandrapur"",""Nagpur"",""Sindhudurg"",""Thane""]",6,[205],[190],https://www.ibm.gov.in/writereaddata/files/177426215469c1178a48453IMYB_2024_EBookFinal.pdf,7e4cf991426ac8299ec0a365af68a05a8276f3b81ae2433fb6debd4358550354,2026-03-11,2020-04-01 for the chapter's NMI resource tables; occurrence prose is undated within IMYB 2024,found_on_source_pages,all_found_on_source_pages,curated_page-referenced_transcription_with_machine_text_presence_checks,official_compiled_mineral_occurrence_context,official_compilation_not_independently_field_verified_by_khanan,excluded_context_only,"Broad compiled occurrence geography can overlap source evidence and is not an independent point, assay, reserve, mine or discovery label.",[],"The IBM State Reviews compile information from multiple sources and advise reader discretion. Place lists mix districts, historical names, named belts, fields and basins; occurrence does not establish grade, quantity, continuity, current legality, economics, access or a new discovery."
IBM-IMYB2024-STATE-OCC-0303,SRC_IBM_INDIAN_MINERALS_YEARBOOK_2024_STATE_REVIEWS,v1.0-alpha.22,Maharashtra,district_list,chromite,"[""element:chromium"",""mineral:chromite""]","[""Chromium"",""Chromite""]","[""chromium"",""chromite""]","[""Cr"",""Fe2+Cr2O4""]","[""chromium"",""chromite""]","[""Bhandara"",""Chandrapur"",""Nagpur"",""Sindhudurg""]",4,[205],[190],https://www.ibm.gov.in/writereaddata/files/177426215469c1178a48453IMYB_2024_EBookFinal.pdf,7e4cf991426ac8299ec0a365af68a05a8276f3b81ae2433fb6debd4358550354,2026-03-11,2020-04-01 for the chapter's NMI resource tables; occurrence prose is undated within IMYB 2024,found_on_source_pages,all_found_on_source_pages,curated_page-referenced_transcription_with_machine_text_presence_checks,official_compiled_mineral_occurrence_context,official_compilation_not_independently_field_verified_by_khanan,excluded_context_only,"Broad compiled occurrence geography can overlap source evidence and is not an independent point, assay, reserve, mine or discovery label.",[],"The IBM State Reviews compile information from multiple sources and advise reader discretion. Place lists mix districts, historical names, named belts, fields and basins; occurrence does not establish grade, quantity, continuity, current legality, economics, access or a new discovery."
IBM-IMYB2024-STATE-OCC-0304,SRC_IBM_INDIAN_MINERALS_YEARBOOK_2024_STATE_REVIEWS,v1.0-alpha.22,Maharashtra,district_list,coal,"[""commodity:coal""]","[""Coal""]",[],[],"[""Coal""]","[""Nagpur"",""Chandrapur"",""Yavatmal""]",3,[205],[190],https://www.ibm.gov.in/writereaddata/files/177426215469c1178a48453IMYB_2024_EBookFinal.pdf,7e4cf991426ac8299ec0a365af68a05a8276f3b81ae2433fb6debd4358550354,2026-03-11,2020-04-01 for the chapter's NMI resource tables; occurrence prose is undated within IMYB 2024,found_on_source_pages,all_found_on_source_pages,curated_page-referenced_transcription_with_machine_text_presence_checks,official_compiled_mineral_occurrence_context,official_compilation_not_independently_field_verified_by_khanan,excluded_context_only,"Broad compiled occurrence geography can overlap source evidence and is not an independent point, assay, reserve, mine or discovery label.",[],"The IBM State Reviews compile information from multiple sources and advise reader discretion. Place lists mix districts, historical names, named belts, fields and basins; occurrence does not establish grade, quantity, continuity, current legality, economics, access or a new discovery."
IBM-IMYB2024-STATE-OCC-0305,SRC_IBM_INDIAN_MINERALS_YEARBOOK_2024_STATE_REVIEWS,v1.0-alpha.22,Maharashtra,district_list,dolomite,"[""mineral:dolomite""]","[""Dolomite""]","[""dolomite""]","[""CaMg(CO3)2""]","[""dolomite""]","[""Chandrapur"",""Nagpur"",""Yavatmal""]",3,[205],[190],https://www.ibm.gov.in/writereaddata/files/177426215469c1178a48453IMYB_2024_EBookFinal.pdf,7e4cf991426ac8299ec0a365af68a05a8276f3b81ae2433fb6debd4358550354,2026-03-11,2020-04-01 for the chapter's NMI resource tables; occurrence prose is undated within IMYB 2024,found_on_source_pages,all_found_on_source_pages,curated_page-referenced_transcription_with_machine_text_presence_checks,official_compiled_mineral_occurrence_context,official_compilation_not_independently_field_verified_by_khanan,excluded_context_only,"Broad compiled occurrence geography can overlap source evidence and is not an independent point, assay, reserve, mine or discovery label.",[],"The IBM State Reviews compile information from multiple sources and advise reader discretion. Place lists mix districts, historical names, named belts, fields and basins; occurrence does not establish grade, quantity, continuity, current legality, economics, access or a new discovery."
IBM-IMYB2024-STATE-OCC-0306,SRC_IBM_INDIAN_MINERALS_YEARBOOK_2024_STATE_REVIEWS,v1.0-alpha.22,Maharashtra,district_list,fireclay,"[""material:fire-clay"",""group:clay""]","[""Fire clay"",""Clay""]",[],[],"[""Fire clay"",""Clay""]","[""Amravati"",""Chandrapur"",""Nagpur"",""Ratnagiri""]",4,[205],[190],https://www.ibm.gov.in/writereaddata/files/177426215469c1178a48453IMYB_2024_EBookFinal.pdf,7e4cf991426ac8299ec0a365af68a05a8276f3b81ae2433fb6debd4358550354,2026-03-11,2020-04-01 for the chapter's NMI resource tables; occurrence prose is undated within IMYB 2024,found_on_source_pages,all_found_on_source_pages,curated_page-referenced_transcription_with_machine_text_presence_checks,official_compiled_mineral_occurrence_context,official_compilation_not_independently_field_verified_by_khanan,excluded_context_only,"Broad compiled occurrence geography can overlap source evidence and is not an independent point, assay, reserve, mine or discovery label.",[],"The IBM State Reviews compile information from multiple sources and advise reader discretion. Place lists mix districts, historical names, named belts, fields and basins; occurrence does not establish grade, quantity, continuity, current legality, economics, access or a new discovery."
IBM-IMYB2024-STATE-OCC-0307,SRC_IBM_INDIAN_MINERALS_YEARBOOK_2024_STATE_REVIEWS,v1.0-alpha.22,Maharashtra,district_list,fluorite,"[""element:fluorine"",""mineral:fluorite""]","[""Fluorine"",""Fluorite""]","[""fluorine"",""calcium fluoride"",""fluorite""]","[""F"",""CaF2""]","[""fluorine"",""calcium fluoride"",""fluorite""]","[""Chandrapur""]",1,[205],[190],https://www.ibm.gov.in/writereaddata/files/177426215469c1178a48453IMYB_2024_EBookFinal.pdf,7e4cf991426ac8299ec0a365af68a05a8276f3b81ae2433fb6debd4358550354,2026-03-11,2020-04-01 for the chapter's NMI resource tables; occurrence prose is undated within IMYB 2024,found_on_source_pages,all_found_on_source_pages,curated_page-referenced_transcription_with_machine_text_presence_checks,official_compiled_mineral_occurrence_context,official_compilation_not_independently_field_verified_by_khanan,excluded_context_only,"Broad compiled occurrence geography can overlap source evidence and is not an independent point, assay, reserve, mine or discovery label.",[],"The IBM State Reviews compile information from multiple sources and advise reader discretion. Place lists mix districts, historical names, named belts, fields and basins; occurrence does not establish grade, quantity, continuity, current legality, economics, access or a new discovery."
IBM-IMYB2024-STATE-OCC-0308,SRC_IBM_INDIAN_MINERALS_YEARBOOK_2024_STATE_REVIEWS,v1.0-alpha.22,Maharashtra,district_list,shale,[],[],[],[],"[""shale""]","[""Chandrapur""]",1,[205],[190],https://www.ibm.gov.in/writereaddata/files/177426215469c1178a48453IMYB_2024_EBookFinal.pdf,7e4cf991426ac8299ec0a365af68a05a8276f3b81ae2433fb6debd4358550354,2026-03-11,2020-04-01 for the chapter's NMI resource tables; occurrence prose is undated within IMYB 2024,found_on_source_pages,all_found_on_source_pages,curated_page-referenced_transcription_with_machine_text_presence_checks,official_compiled_mineral_occurrence_context,official_compilation_not_independently_field_verified_by_khanan,excluded_context_only,"Broad compiled occurrence geography can overlap source evidence and is not an independent point, assay, reserve, mine or discovery label.","[""source_material_term_not_mapped_to_v1_ontology""]","The IBM State Reviews compile information from multiple sources and advise reader discretion. Place lists mix districts, historical names, named belts, fields and basins; occurrence does not establish grade, quantity, continuity, current legality, economics, access or a new discovery."
IBM-IMYB2024-STATE-OCC-0309,SRC_IBM_INDIAN_MINERALS_YEARBOOK_2024_STATE_REVIEWS,v1.0-alpha.22,Maharashtra,district_list,iron ore (haematite),"[""element:iron"",""ore:iron-ore"",""mineral:hematite""]","[""Iron"",""Iron ore"",""Hematite""]","[""iron"",""hematite""]","[""Fe"",""Fe2O3""]","[""iron"",""hematite""]","[""Chandrapur"",""Gadchiroli"",""Sindhudurg""]",3,[205],[190],https://www.ibm.gov.in/writereaddata/files/177426215469c1178a48453IMYB_2024_EBookFinal.pdf,7e4cf991426ac8299ec0a365af68a05a8276f3b81ae2433fb6debd4358550354,2026-03-11,2020-04-01 for the chapter's NMI resource tables; occurrence prose is undated within IMYB 2024,found_on_source_pages,all_found_on_source_pages,curated_page-referenced_transcription_with_machine_text_presence_checks,official_compiled_mineral_occurrence_context,official_compilation_not_independently_field_verified_by_khanan,excluded_context_only,"Broad compiled occurrence geography can overlap source evidence and is not an independent point, assay, reserve, mine or discovery label.",[],"The IBM State Reviews compile information from multiple sources and advise reader discretion. Place lists mix districts, historical names, named belts, fields and basins; occurrence does not establish grade, quantity, continuity, current legality, economics, access or a new discovery."
IBM-IMYB2024-STATE-OCC-0310,SRC_IBM_INDIAN_MINERALS_YEARBOOK_2024_STATE_REVIEWS,v1.0-alpha.22,Maharashtra,district_list,iron ore (magnetite),"[""element:iron"",""ore:iron-ore"",""mineral:magnetite""]","[""Iron"",""Iron ore"",""Magnetite""]","[""iron"",""magnetite""]","[""Fe"",""Fe2+Fe3+2O4""]","[""iron"",""magnetite""]","[""Gondia""]",1,[205],[190],https://www.ibm.gov.in/writereaddata/files/177426215469c1178a48453IMYB_2024_EBookFinal.pdf,7e4cf991426ac8299ec0a365af68a05a8276f3b81ae2433fb6debd4358550354,2026-03-11,2020-04-01 for the chapter's NMI resource tables; occurrence prose is undated within IMYB 2024,found_on_source_pages,all_found_on_source_pages,curated_page-referenced_transcription_with_machine_text_presence_checks,official_compiled_mineral_occurrence_context,official_compilation_not_independently_field_verified_by_khanan,excluded_context_only,"Broad compiled occurrence geography can overlap source evidence and is not an independent point, assay, reserve, mine or discovery label.",[],"The IBM State Reviews compile information from multiple sources and advise reader discretion. Place lists mix districts, historical names, named belts, fields and basins; occurrence does not establish grade, quantity, continuity, current legality, economics, access or a new discovery."
IBM-IMYB2024-STATE-OCC-0311,SRC_IBM_INDIAN_MINERALS_YEARBOOK_2024_STATE_REVIEWS,v1.0-alpha.22,Maharashtra,district_list,kyanite,"[""mineral:kyanite""]","[""Kyanite""]","[""kyanite""]","[""Al2OSiO4""]","[""kyanite""]","[""Bhandara"",""Nagpur""]",2,[205],[190],https://www.ibm.gov.in/writereaddata/files/177426215469c1178a48453IMYB_2024_EBookFinal.pdf,7e4cf991426ac8299ec0a365af68a05a8276f3b81ae2433fb6debd4358550354,2026-03-11,2020-04-01 for the chapter's NMI resource tables; occurrence prose is undated within IMYB 2024,found_on_source_pages,all_found_on_source_pages,curated_page-referenced_transcription_with_machine_text_presence_checks,official_compiled_mineral_occurrence_context,official_compilation_not_independently_field_verified_by_khanan,excluded_context_only,"Broad compiled occurrence geography can overlap source evidence and is not an independent point, assay, reserve, mine or discovery label.",[],"The IBM State Reviews compile information from multiple sources and advise reader discretion. Place lists mix districts, historical names, named belts, fields and basins; occurrence does not establish grade, quantity, continuity, current legality, economics, access or a new discovery."
IBM-IMYB2024-STATE-OCC-0312,SRC_IBM_INDIAN_MINERALS_YEARBOOK_2024_STATE_REVIEWS,v1.0-alpha.22,Maharashtra,district_list,laterite,"[""rock:laterite""]","[""Laterite""]",[],[],"[""Laterite""]","[""Kolhapur""]",1,[205],[190],https://www.ibm.gov.in/writereaddata/files/177426215469c1178a48453IMYB_2024_EBookFinal.pdf,7e4cf991426ac8299ec0a365af68a05a8276f3b81ae2433fb6debd4358550354,2026-03-11,2020-04-01 for the chapter's NMI resource tables; occurrence prose is undated within IMYB 2024,found_on_source_pages,all_found_on_source_pages,curated_page-referenced_transcription_with_machine_text_presence_checks,official_compiled_mineral_occurrence_context,official_compilation_not_independently_field_verified_by_khanan,excluded_context_only,"Broad compiled occurrence geography can overlap source evidence and is not an independent point, assay, reserve, mine or discovery label.",[],"The IBM State Reviews compile information from multiple sources and advise reader discretion. Place lists mix districts, historical names, named belts, fields and basins; occurrence does not establish grade, quantity, continuity, current legality, economics, access or a new discovery."
IBM-IMYB2024-STATE-OCC-0313,SRC_IBM_INDIAN_MINERALS_YEARBOOK_2024_STATE_REVIEWS,v1.0-alpha.22,Maharashtra,district_list,limestone,"[""group:calcium-and-limestone"",""rock:limestone""]","[""Calcium and limestone"",""Limestone""]","[""calcium"",""calcium carbonate""]",[],"[""calcium"",""calcium carbonate""]","[""Ahmednagar"",""Chandrapur"",""Dhule"",""Gadchiroli"",""Nagpur"",""Nanded"",""Pune"",""Sangli"",""Yavatmal""]",9,[205],[190],https://www.ibm.gov.in/writereaddata/files/177426215469c1178a48453IMYB_2024_EBookFinal.pdf,7e4cf991426ac8299ec0a365af68a05a8276f3b81ae2433fb6debd4358550354,2026-03-11,2020-04-01 for the chapter's NMI resource tables; occurrence prose is undated within IMYB 2024,found_on_source_pages,all_found_on_source_pages,curated_page-referenced_transcription_with_machine_text_presence_checks,official_compiled_mineral_occurrence_context,official_compilation_not_independently_field_verified_by_khanan,excluded_context_only,"Broad compiled occurrence geography can overlap source evidence and is not an independent point, assay, reserve, mine or discovery label.",[],"The IBM State Reviews compile information from multiple sources and advise reader discretion. Place lists mix districts, historical names, named belts, fields and basins; occurrence does not establish grade, quantity, continuity, current legality, economics, access or a new discovery."
IBM-IMYB2024-STATE-OCC-0314,SRC_IBM_INDIAN_MINERALS_YEARBOOK_2024_STATE_REVIEWS,v1.0-alpha.22,Maharashtra,district_list,manganese ore,"[""element:manganese""]","[""Manganese""]","[""manganese""]","[""Mn""]","[""manganese""]","[""Bhandara"",""Nagpur"",""Ratnagiri""]",3,[205],[190],https://www.ibm.gov.in/writereaddata/files/177426215469c1178a48453IMYB_2024_EBookFinal.pdf,7e4cf991426ac8299ec0a365af68a05a8276f3b81ae2433fb6debd4358550354,2026-03-11,2020-04-01 for the chapter's NMI resource tables; occurrence prose is undated within IMYB 2024,found_on_source_pages,all_found_on_source_pages,curated_page-referenced_transcription_with_machine_text_presence_checks,official_compiled_mineral_occurrence_context,official_compilation_not_independently_field_verified_by_khanan,excluded_context_only,"Broad compiled occurrence geography can overlap source evidence and is not an independent point, assay, reserve, mine or discovery label.",[],"The IBM State Reviews compile information from multiple sources and advise reader discretion. Place lists mix districts, historical names, named belts, fields and basins; occurrence does not establish grade, quantity, continuity, current legality, economics, access or a new discovery."
IBM-IMYB2024-STATE-OCC-0315,SRC_IBM_INDIAN_MINERALS_YEARBOOK_2024_STATE_REVIEWS,v1.0-alpha.22,Maharashtra,district_list,corundum,"[""mineral:corundum""]","[""Corundum""]","[""corundum""]","[""Al2O3""]","[""corundum""]","[""Bhandara""]",1,[205],[190],https://www.ibm.gov.in/writereaddata/files/177426215469c1178a48453IMYB_2024_EBookFinal.pdf,7e4cf991426ac8299ec0a365af68a05a8276f3b81ae2433fb6debd4358550354,2026-03-11,2020-04-01 for the chapter's NMI resource tables; occurrence prose is undated within IMYB 2024,found_on_source_pages,all_found_on_source_pages,curated_page-referenced_transcription_with_machine_text_presence_checks,official_compiled_mineral_occurrence_context,official_compilation_not_independently_field_verified_by_khanan,excluded_context_only,"Broad compiled occurrence geography can overlap source evidence and is not an independent point, assay, reserve, mine or discovery label.",[],"The IBM State Reviews compile information from multiple sources and advise reader discretion. Place lists mix districts, historical names, named belts, fields and basins; occurrence does not establish grade, quantity, continuity, current legality, economics, access or a new discovery."
IBM-IMYB2024-STATE-OCC-0316,SRC_IBM_INDIAN_MINERALS_YEARBOOK_2024_STATE_REVIEWS,v1.0-alpha.22,Maharashtra,district_list,pyrophyllite,"[""mineral:pyrophyllite""]","[""Pyrophyllite""]","[""pyrophyllite""]","[""Al2Si4O10(OH)2""]","[""pyrophyllite""]","[""Bhandara""]",1,[205],[190],https://www.ibm.gov.in/writereaddata/files/177426215469c1178a48453IMYB_2024_EBookFinal.pdf,7e4cf991426ac8299ec0a365af68a05a8276f3b81ae2433fb6debd4358550354,2026-03-11,2020-04-01 for the chapter's NMI resource tables; occurrence prose is undated within IMYB 2024,found_on_source_pages,all_found_on_source_pages,curated_page-referenced_transcription_with_machine_text_presence_checks,official_compiled_mineral_occurrence_context,official_compilation_not_independently_field_verified_by_khanan,excluded_context_only,"Broad compiled occurrence geography can overlap source evidence and is not an independent point, assay, reserve, mine or discovery label.",[],"The IBM State Reviews compile information from multiple sources and advise reader discretion. Place lists mix districts, historical names, named belts, fields and basins; occurrence does not establish grade, quantity, continuity, current legality, economics, access or a new discovery."
IBM-IMYB2024-STATE-OCC-0317,SRC_IBM_INDIAN_MINERALS_YEARBOOK_2024_STATE_REVIEWS,v1.0-alpha.22,Maharashtra,district_list,quartz,"[""element:silicon"",""mineral:quartz""]","[""Silicon"",""Quartz""]","[""silicon"",""silicon dioxide"",""quartz""]","[""Si"",""SiO2""]","[""silicon"",""silicon dioxide"",""quartz""]","[""Bhandara"",""Chandrapur"",""Gadchiroli"",""Gondia"",""Kolhapur"",""Nagpur"",""Ratnagiri"",""Sindhudurg""]",8,[205],[190],https://www.ibm.gov.in/writereaddata/files/177426215469c1178a48453IMYB_2024_EBookFinal.pdf,7e4cf991426ac8299ec0a365af68a05a8276f3b81ae2433fb6debd4358550354,2026-03-11,2020-04-01 for the chapter's NMI resource tables; occurrence prose is undated within IMYB 2024,found_on_source_pages,all_found_on_source_pages,curated_page-referenced_transcription_with_machine_text_presence_checks,official_compiled_mineral_occurrence_context,official_compilation_not_independently_field_verified_by_khanan,excluded_context_only,"Broad compiled occurrence geography can overlap source evidence and is not an independent point, assay, reserve, mine or discovery label.",[],"The IBM State Reviews compile information from multiple sources and advise reader discretion. Place lists mix districts, historical names, named belts, fields and basins; occurrence does not establish grade, quantity, continuity, current legality, economics, access or a new discovery."
IBM-IMYB2024-STATE-OCC-0318,SRC_IBM_INDIAN_MINERALS_YEARBOOK_2024_STATE_REVIEWS,v1.0-alpha.22,Maharashtra,district_list,silica sand,"[""element:silicon"",""mineral:quartz"",""material:sand-and-gravel-industrial""]","[""Silicon"",""Quartz"",""Sand and gravel (industrial)""]","[""silicon"",""silicon dioxide"",""quartz""]","[""Si"",""SiO2""]","[""silicon"",""silicon dioxide"",""quartz""]","[""Bhandara"",""Chandrapur"",""Gadchiroli"",""Gondia"",""Kolhapur"",""Nagpur"",""Ratnagiri"",""Sindhudurg""]",8,[205],[190],https://www.ibm.gov.in/writereaddata/files/177426215469c1178a48453IMYB_2024_EBookFinal.pdf,7e4cf991426ac8299ec0a365af68a05a8276f3b81ae2433fb6debd4358550354,2026-03-11,2020-04-01 for the chapter's NMI resource tables; occurrence prose is undated within IMYB 2024,found_on_source_pages,all_found_on_source_pages,curated_page-referenced_transcription_with_machine_text_presence_checks,official_compiled_mineral_occurrence_context,official_compilation_not_independently_field_verified_by_khanan,excluded_context_only,"Broad compiled occurrence geography can overlap source evidence and is not an independent point, assay, reserve, mine or discovery label.",[],"The IBM State Reviews compile information from multiple sources and advise reader discretion. Place lists mix districts, historical names, named belts, fields and basins; occurrence does not establish grade, quantity, continuity, current legality, economics, access or a new discovery."
IBM-IMYB2024-STATE-OCC-0319,SRC_IBM_INDIAN_MINERALS_YEARBOOK_2024_STATE_REVIEWS,v1.0-alpha.22,Maharashtra,district_list,quartzite,"[""element:silicon"",""rock:quartzite""]","[""Silicon"",""Quartzite""]","[""silicon"",""silicon dioxide""]","[""Si""]","[""silicon"",""silicon dioxide""]","[""Gondia"",""Nagpur""]",2,[205],[190],https://www.ibm.gov.in/writereaddata/files/177426215469c1178a48453IMYB_2024_EBookFinal.pdf,7e4cf991426ac8299ec0a365af68a05a8276f3b81ae2433fb6debd4358550354,2026-03-11,2020-04-01 for the chapter's NMI resource tables; occurrence prose is undated within IMYB 2024,found_on_source_pages,all_found_on_source_pages,curated_page-referenced_transcription_with_machine_text_presence_checks,official_compiled_mineral_occurrence_context,official_compilation_not_independently_field_verified_by_khanan,excluded_context_only,"Broad compiled occurrence geography can overlap source evidence and is not an independent point, assay, reserve, mine or discovery label.",[],"The IBM State Reviews compile information from multiple sources and advise reader discretion. Place lists mix districts, historical names, named belts, fields and basins; occurrence does not establish grade, quantity, continuity, current legality, economics, access or a new discovery."
IBM-IMYB2024-STATE-OCC-0320,SRC_IBM_INDIAN_MINERALS_YEARBOOK_2024_STATE_REVIEWS,v1.0-alpha.22,Maharashtra,district_list,sillimanite,"[""mineral:sillimanite""]","[""Sillimanite""]","[""sillimanite""]","[""Al2SiO5""]","[""sillimanite""]","[""Chandrapur""]",1,[205],[190],https://www.ibm.gov.in/writereaddata/files/177426215469c1178a48453IMYB_2024_EBookFinal.pdf,7e4cf991426ac8299ec0a365af68a05a8276f3b81ae2433fb6debd4358550354,2026-03-11,2020-04-01 for the chapter's NMI resource tables; occurrence prose is undated within IMYB 2024,found_on_source_pages,all_found_on_source_pages,curated_page-referenced_transcription_with_machine_text_presence_checks,official_compiled_mineral_occurrence_context,official_compilation_not_independently_field_verified_by_khanan,excluded_context_only,"Broad compiled occurrence geography can overlap source evidence and is not an independent point, assay, reserve, mine or discovery label.",[],"The IBM State Reviews compile information from multiple sources and advise reader discretion. Place lists mix districts, historical names, named belts, fields and basins; occurrence does not establish grade, quantity, continuity, current legality, economics, access or a new discovery."
IBM-IMYB2024-STATE-OCC-0321,SRC_IBM_INDIAN_MINERALS_YEARBOOK_2024_STATE_REVIEWS,v1.0-alpha.22,Maharashtra,district_list,barytes,"[""mineral:baryte""]","[""Baryte""]","[""baryte""]","[""Ba(SO4)""]","[""baryte""]","[""Chandrapur"",""Gadchiroli""]",2,[205],[190],https://www.ibm.gov.in/writereaddata/files/177426215469c1178a48453IMYB_2024_EBookFinal.pdf,7e4cf991426ac8299ec0a365af68a05a8276f3b81ae2433fb6debd4358550354,2026-03-11,2020-04-01 for the chapter's NMI resource tables; occurrence prose is undated within IMYB 2024,found_on_source_pages,all_found_on_source_pages,curated_page-referenced_transcription_with_machine_text_presence_checks,official_compiled_mineral_occurrence_context,official_compilation_not_independently_field_verified_by_khanan,excluded_context_only,"Broad compiled occurrence geography can overlap source evidence and is not an independent point, assay, reserve, mine or discovery label.",[],"The IBM State Reviews compile information from multiple sources and advise reader discretion. Place lists mix districts, historical names, named belts, fields and basins; occurrence does not establish grade, quantity, continuity, current legality, economics, access or a new discovery."
IBM-IMYB2024-STATE-OCC-0322,SRC_IBM_INDIAN_MINERALS_YEARBOOK_2024_STATE_REVIEWS,v1.0-alpha.22,Maharashtra,district_list,copper,"[""element:copper""]","[""Copper""]","[""copper""]","[""Cu""]","[""copper""]","[""Bhandara"",""Chandrapur"",""Gadchiroli"",""Nagpur""]",4,[205],[190],https://www.ibm.gov.in/writereaddata/files/177426215469c1178a48453IMYB_2024_EBookFinal.pdf,7e4cf991426ac8299ec0a365af68a05a8276f3b81ae2433fb6debd4358550354,2026-03-11,2020-04-01 for the chapter's NMI resource tables; occurrence prose is undated within IMYB 2024,found_on_source_pages,all_found_on_source_pages,curated_page-referenced_transcription_with_machine_text_presence_checks,official_compiled_mineral_occurrence_context,official_compilation_not_independently_field_verified_by_khanan,excluded_context_only,"Broad compiled occurrence geography can overlap source evidence and is not an independent point, assay, reserve, mine or discovery label.",[],"The IBM State Reviews compile information from multiple sources and advise reader discretion. Place lists mix districts, historical names, named belts, fields and basins; occurrence does not establish grade, quantity, continuity, current legality, economics, access or a new discovery."
IBM-IMYB2024-STATE-OCC-0323,SRC_IBM_INDIAN_MINERALS_YEARBOOK_2024_STATE_REVIEWS,v1.0-alpha.22,Maharashtra,district_list,feldspar,"[""group:feldspar-group""]","[""Feldspar group""]",[],[],"[""Feldspar group""]","[""Sindhudurg""]",1,[205],[190],https://www.ibm.gov.in/writereaddata/files/177426215469c1178a48453IMYB_2024_EBookFinal.pdf,7e4cf991426ac8299ec0a365af68a05a8276f3b81ae2433fb6debd4358550354,2026-03-11,2020-04-01 for the chapter's NMI resource tables; occurrence prose is undated within IMYB 2024,found_on_source_pages,all_found_on_source_pages,curated_page-referenced_transcription_with_machine_text_presence_checks,official_compiled_mineral_occurrence_context,official_compilation_not_independently_field_verified_by_khanan,excluded_context_only,"Broad compiled occurrence geography can overlap source evidence and is not an independent point, assay, reserve, mine or discovery label.",[],"The IBM State Reviews compile information from multiple sources and advise reader discretion. Place lists mix districts, historical names, named belts, fields and basins; occurrence does not establish grade, quantity, continuity, current legality, economics, access or a new discovery."
IBM-IMYB2024-STATE-OCC-0324,SRC_IBM_INDIAN_MINERALS_YEARBOOK_2024_STATE_REVIEWS,v1.0-alpha.22,Maharashtra,district_list,gold,"[""element:gold""]","[""Gold""]","[""gold""]","[""Au""]","[""gold""]","[""Bhandara"",""Nagpur""]",2,[205],[190],https://www.ibm.gov.in/writereaddata/files/177426215469c1178a48453IMYB_2024_EBookFinal.pdf,7e4cf991426ac8299ec0a365af68a05a8276f3b81ae2433fb6debd4358550354,2026-03-11,2020-04-01 for the chapter's NMI resource tables; occurrence prose is undated within IMYB 2024,found_on_source_pages,all_found_on_source_pages,curated_page-referenced_transcription_with_machine_text_presence_checks,official_compiled_mineral_occurrence_context,official_compilation_not_independently_field_verified_by_khanan,excluded_context_only,"Broad compiled occurrence geography can overlap source evidence and is not an independent point, assay, reserve, mine or discovery label.",[],"The IBM State Reviews compile information from multiple sources and advise reader discretion. Place lists mix districts, historical names, named belts, fields and basins; occurrence does not establish grade, quantity, continuity, current legality, economics, access or a new discovery."
IBM-IMYB2024-STATE-OCC-0325,SRC_IBM_INDIAN_MINERALS_YEARBOOK_2024_STATE_REVIEWS,v1.0-alpha.22,Maharashtra,district_list,granite,"[""rock:granite""]","[""Granite""]",[],[],"[""Granite""]","[""Bhandara"",""Chandrapur"",""Dhule"",""Gadchiroli"",""Nagpur"",""Nanded"",""Nashik"",""Sindhudurg"",""Thane""]",9,[205],[190],https://www.ibm.gov.in/writereaddata/files/177426215469c1178a48453IMYB_2024_EBookFinal.pdf,7e4cf991426ac8299ec0a365af68a05a8276f3b81ae2433fb6debd4358550354,2026-03-11,2020-04-01 for the chapter's NMI resource tables; occurrence prose is undated within IMYB 2024,found_on_source_pages,all_found_on_source_pages,curated_page-referenced_transcription_with_machine_text_presence_checks,official_compiled_mineral_occurrence_context,official_compilation_not_independently_field_verified_by_khanan,excluded_context_only,"Broad compiled occurrence geography can overlap source evidence and is not an independent point, assay, reserve, mine or discovery label.",[],"The IBM State Reviews compile information from multiple sources and advise reader discretion. Place lists mix districts, historical names, named belts, fields and basins; occurrence does not establish grade, quantity, continuity, current legality, economics, access or a new discovery."
IBM-IMYB2024-STATE-OCC-0326,SRC_IBM_INDIAN_MINERALS_YEARBOOK_2024_STATE_REVIEWS,v1.0-alpha.22,Maharashtra,district_list,graphite,"[""mineral:graphite""]","[""Graphite""]","[""carbon""]","[""C""]","[""carbon""]","[""Sindhudurg""]",1,[205],[190],https://www.ibm.gov.in/writereaddata/files/177426215469c1178a48453IMYB_2024_EBookFinal.pdf,7e4cf991426ac8299ec0a365af68a05a8276f3b81ae2433fb6debd4358550354,2026-03-11,2020-04-01 for the chapter's NMI resource tables; occurrence prose is undated within IMYB 2024,found_on_source_pages,all_found_on_source_pages,curated_page-referenced_transcription_with_machine_text_presence_checks,official_compiled_mineral_occurrence_context,official_compilation_not_independently_field_verified_by_khanan,excluded_context_only,"Broad compiled occurrence geography can overlap source evidence and is not an independent point, assay, reserve, mine or discovery label.",[],"The IBM State Reviews compile information from multiple sources and advise reader discretion. Place lists mix districts, historical names, named belts, fields and basins; occurrence does not establish grade, quantity, continuity, current legality, economics, access or a new discovery."
IBM-IMYB2024-STATE-OCC-0327,SRC_IBM_INDIAN_MINERALS_YEARBOOK_2024_STATE_REVIEWS,v1.0-alpha.22,Maharashtra,district_list,mica,"[""group:mica-group""]","[""Mica group""]",[],[],"[""Mica group""]","[""Sindhudurg""]",1,[205],[190],https://www.ibm.gov.in/writereaddata/files/177426215469c1178a48453IMYB_2024_EBookFinal.pdf,7e4cf991426ac8299ec0a365af68a05a8276f3b81ae2433fb6debd4358550354,2026-03-11,2020-04-01 for the chapter's NMI resource tables; occurrence prose is undated within IMYB 2024,found_on_source_pages,all_found_on_source_pages,curated_page-referenced_transcription_with_machine_text_presence_checks,official_compiled_mineral_occurrence_context,official_compilation_not_independently_field_verified_by_khanan,excluded_context_only,"Broad compiled occurrence geography can overlap source evidence and is not an independent point, assay, reserve, mine or discovery label.",[],"The IBM State Reviews compile information from multiple sources and advise reader discretion. Place lists mix districts, historical names, named belts, fields and basins; occurrence does not establish grade, quantity, continuity, current legality, economics, access or a new discovery."
IBM-IMYB2024-STATE-OCC-0328,SRC_IBM_INDIAN_MINERALS_YEARBOOK_2024_STATE_REVIEWS,v1.0-alpha.22,Maharashtra,district_list,lead-zinc,"[""element:lead"",""element:zinc""]","[""Lead"",""Zinc""]","[""lead"",""zinc""]","[""Pb"",""Zn""]","[""lead"",""zinc""]","[""Nagpur""]",1,[205],[190],https://www.ibm.gov.in/writereaddata/files/177426215469c1178a48453IMYB_2024_EBookFinal.pdf,7e4cf991426ac8299ec0a365af68a05a8276f3b81ae2433fb6debd4358550354,2026-03-11,2020-04-01 for the chapter's NMI resource tables; occurrence prose is undated within IMYB 2024,found_on_source_pages,all_found_on_source_pages,curated_page-referenced_transcription_with_machine_text_presence_checks,official_compiled_mineral_occurrence_context,official_compilation_not_independently_field_verified_by_khanan,excluded_context_only,"Broad compiled occurrence geography can overlap source evidence and is not an independent point, assay, reserve, mine or discovery label.",[],"The IBM State Reviews compile information from multiple sources and advise reader discretion. Place lists mix districts, historical names, named belts, fields and basins; occurrence does not establish grade, quantity, continuity, current legality, economics, access or a new discovery."
IBM-IMYB2024-STATE-OCC-0329,SRC_IBM_INDIAN_MINERALS_YEARBOOK_2024_STATE_REVIEWS,v1.0-alpha.22,Maharashtra,district_list,tungsten,"[""element:tungsten""]","[""Tungsten""]","[""tungsten""]","[""W""]","[""tungsten""]","[""Nagpur""]",1,[205],[190],https://www.ibm.gov.in/writereaddata/files/177426215469c1178a48453IMYB_2024_EBookFinal.pdf,7e4cf991426ac8299ec0a365af68a05a8276f3b81ae2433fb6debd4358550354,2026-03-11,2020-04-01 for the chapter's NMI resource tables; occurrence prose is undated within IMYB 2024,found_on_source_pages,all_found_on_source_pages,curated_page-referenced_transcription_with_machine_text_presence_checks,official_compiled_mineral_occurrence_context,official_compilation_not_independently_field_verified_by_khanan,excluded_context_only,"Broad compiled occurrence geography can overlap source evidence and is not an independent point, assay, reserve, mine or discovery label.",[],"The IBM State Reviews compile information from multiple sources and advise reader discretion. Place lists mix districts, historical names, named belts, fields and basins; occurrence does not establish grade, quantity, continuity, current legality, economics, access or a new discovery."
IBM-IMYB2024-STATE-OCC-0330,SRC_IBM_INDIAN_MINERALS_YEARBOOK_2024_STATE_REVIEWS,v1.0-alpha.22,Maharashtra,district_list,marble,"[""group:calcium-and-limestone""]","[""Calcium and limestone""]","[""calcium"",""calcium carbonate""]",[],"[""calcium"",""calcium carbonate""]","[""Bhandara"",""Nagpur""]",2,[205],[190],https://www.ibm.gov.in/writereaddata/files/177426215469c1178a48453IMYB_2024_EBookFinal.pdf,7e4cf991426ac8299ec0a365af68a05a8276f3b81ae2433fb6debd4358550354,2026-03-11,2020-04-01 for the chapter's NMI resource tables; occurrence prose is undated within IMYB 2024,found_on_source_pages,all_found_on_source_pages,curated_page-referenced_transcription_with_machine_text_presence_checks,official_compiled_mineral_occurrence_context,official_compilation_not_independently_field_verified_by_khanan,excluded_context_only,"Broad compiled occurrence geography can overlap source evidence and is not an independent point, assay, reserve, mine or discovery label.",[],"The IBM State Reviews compile information from multiple sources and advise reader discretion. Place lists mix districts, historical names, named belts, fields and basins; occurrence does not establish grade, quantity, continuity, current legality, economics, access or a new discovery."
IBM-IMYB2024-STATE-OCC-0331,SRC_IBM_INDIAN_MINERALS_YEARBOOK_2024_STATE_REVIEWS,v1.0-alpha.22,Maharashtra,district_list,ochre,"[""material:ochre"",""material:iron-oxide-pigments""]","[""Ochre"",""Iron oxide pigments""]",[],[],"[""Ochre"",""Iron oxide pigments""]","[""Chandrapur"",""Nagpur""]",2,[205],[190],https://www.ibm.gov.in/writereaddata/files/177426215469c1178a48453IMYB_2024_EBookFinal.pdf,7e4cf991426ac8299ec0a365af68a05a8276f3b81ae2433fb6debd4358550354,2026-03-11,2020-04-01 for the chapter's NMI resource tables; occurrence prose is undated within IMYB 2024,found_on_source_pages,all_found_on_source_pages,curated_page-referenced_transcription_with_machine_text_presence_checks,official_compiled_mineral_occurrence_context,official_compilation_not_independently_field_verified_by_khanan,excluded_context_only,"Broad compiled occurrence geography can overlap source evidence and is not an independent point, assay, reserve, mine or discovery label.",[],"The IBM State Reviews compile information from multiple sources and advise reader discretion. Place lists mix districts, historical names, named belts, fields and basins; occurrence does not establish grade, quantity, continuity, current legality, economics, access or a new discovery."
IBM-IMYB2024-STATE-OCC-0332,SRC_IBM_INDIAN_MINERALS_YEARBOOK_2024_STATE_REVIEWS,v1.0-alpha.22,Maharashtra,district_list,silver,"[""element:silver""]","[""Silver""]","[""silver""]","[""Ag""]","[""silver""]","[""Bhandara""]",1,[205],[190],https://www.ibm.gov.in/writereaddata/files/177426215469c1178a48453IMYB_2024_EBookFinal.pdf,7e4cf991426ac8299ec0a365af68a05a8276f3b81ae2433fb6debd4358550354,2026-03-11,2020-04-01 for the chapter's NMI resource tables; occurrence prose is undated within IMYB 2024,found_on_source_pages,all_found_on_source_pages,curated_page-referenced_transcription_with_machine_text_presence_checks,official_compiled_mineral_occurrence_context,official_compilation_not_independently_field_verified_by_khanan,excluded_context_only,"Broad compiled occurrence geography can overlap source evidence and is not an independent point, assay, reserve, mine or discovery label.",[],"The IBM State Reviews compile information from multiple sources and advise reader discretion. Place lists mix districts, historical names, named belts, fields and basins; occurrence does not establish grade, quantity, continuity, current legality, economics, access or a new discovery."
IBM-IMYB2024-STATE-OCC-0333,SRC_IBM_INDIAN_MINERALS_YEARBOOK_2024_STATE_REVIEWS,v1.0-alpha.22,Maharashtra,district_list,vanadium,"[""element:vanadium""]","[""Vanadium""]","[""vanadium""]","[""V""]","[""vanadium""]","[""Bhandara""]",1,[205],[190],https://www.ibm.gov.in/writereaddata/files/177426215469c1178a48453IMYB_2024_EBookFinal.pdf,7e4cf991426ac8299ec0a365af68a05a8276f3b81ae2433fb6debd4358550354,2026-03-11,2020-04-01 for the chapter's NMI resource tables; occurrence prose is undated within IMYB 2024,found_on_source_pages,all_found_on_source_pages,curated_page-referenced_transcription_with_machine_text_presence_checks,official_compiled_mineral_occurrence_context,official_compilation_not_independently_field_verified_by_khanan,excluded_context_only,"Broad compiled occurrence geography can overlap source evidence and is not an independent point, assay, reserve, mine or discovery label.",[],"The IBM State Reviews compile information from multiple sources and advise reader discretion. Place lists mix districts, historical names, named belts, fields and basins; occurrence does not establish grade, quantity, continuity, current legality, economics, access or a new discovery."
IBM-IMYB2024-STATE-OCC-0334,SRC_IBM_INDIAN_MINERALS_YEARBOOK_2024_STATE_REVIEWS,v1.0-alpha.22,Maharashtra,district_list,steatite,"[""mineral:talc""]","[""Talc""]","[""talc""]","[""Mg3Si4O10(OH)2""]","[""talc""]","[""Bhandara"",""Ratnagiri"",""Sindhudurg""]",3,[205],[190],https://www.ibm.gov.in/writereaddata/files/177426215469c1178a48453IMYB_2024_EBookFinal.pdf,7e4cf991426ac8299ec0a365af68a05a8276f3b81ae2433fb6debd4358550354,2026-03-11,2020-04-01 for the chapter's NMI resource tables; occurrence prose is undated within IMYB 2024,found_on_source_pages,all_found_on_source_pages,curated_page-referenced_transcription_with_machine_text_presence_checks,official_compiled_mineral_occurrence_context,official_compilation_not_independently_field_verified_by_khanan,excluded_context_only,"Broad compiled occurrence geography can overlap source evidence and is not an independent point, assay, reserve, mine or discovery label.",[],"The IBM State Reviews compile information from multiple sources and advise reader discretion. Place lists mix districts, historical names, named belts, fields and basins; occurrence does not establish grade, quantity, continuity, current legality, economics, access or a new discovery."
IBM-IMYB2024-STATE-OCC-0335,SRC_IBM_INDIAN_MINERALS_YEARBOOK_2024_STATE_REVIEWS,v1.0-alpha.22,Maharashtra,district_list,titanium minerals,"[""element:titanium"",""ore:titanium-mineral-concentrates""]","[""Titanium"",""Titanium mineral concentrates""]","[""titanium"",""titanium dioxide""]","[""Ti""]","[""titanium"",""titanium dioxide""]","[""Gondia"",""Ratnagiri""]",2,[205],[190],https://www.ibm.gov.in/writereaddata/files/177426215469c1178a48453IMYB_2024_EBookFinal.pdf,7e4cf991426ac8299ec0a365af68a05a8276f3b81ae2433fb6debd4358550354,2026-03-11,2020-04-01 for the chapter's NMI resource tables; occurrence prose is undated within IMYB 2024,found_on_source_pages,all_found_on_source_pages,curated_page-referenced_transcription_with_machine_text_presence_checks,official_compiled_mineral_occurrence_context,official_compilation_not_independently_field_verified_by_khanan,excluded_context_only,"Broad compiled occurrence geography can overlap source evidence and is not an independent point, assay, reserve, mine or discovery label.",[],"The IBM State Reviews compile information from multiple sources and advise reader discretion. Place lists mix districts, historical names, named belts, fields and basins; occurrence does not establish grade, quantity, continuity, current legality, economics, access or a new discovery."
IBM-IMYB2024-STATE-OCC-0336,SRC_IBM_INDIAN_MINERALS_YEARBOOK_2024_STATE_REVIEWS,v1.0-alpha.22,Manipur,statewide,chromite,"[""element:chromium"",""mineral:chromite""]","[""Chromium"",""Chromite""]","[""chromium"",""chromite""]","[""Cr"",""Fe2+Cr2O4""]","[""chromium"",""chromite""]","[""Manipur""]",1,[211],[196],https://www.ibm.gov.in/writereaddata/files/177426215469c1178a48453IMYB_2024_EBookFinal.pdf,7e4cf991426ac8299ec0a365af68a05a8276f3b81ae2433fb6debd4358550354,2026-03-11,2020-04-01 for the chapter's NMI resource tables; occurrence prose is undated within IMYB 2024,found_on_source_pages,all_found_on_source_pages,curated_page-referenced_transcription_with_machine_text_presence_checks,official_compiled_mineral_occurrence_context,official_compilation_not_independently_field_verified_by_khanan,excluded_context_only,"Broad compiled occurrence geography can overlap source evidence and is not an independent point, assay, reserve, mine or discovery label.",[],"The IBM State Reviews compile information from multiple sources and advise reader discretion. Place lists mix districts, historical names, named belts, fields and basins; occurrence does not establish grade, quantity, continuity, current legality, economics, access or a new discovery."
IBM-IMYB2024-STATE-OCC-0337,SRC_IBM_INDIAN_MINERALS_YEARBOOK_2024_STATE_REVIEWS,v1.0-alpha.22,Manipur,statewide,limestone,"[""group:calcium-and-limestone"",""rock:limestone""]","[""Calcium and limestone"",""Limestone""]","[""calcium"",""calcium carbonate""]",[],"[""calcium"",""calcium carbonate""]","[""Manipur""]",1,[211],[196],https://www.ibm.gov.in/writereaddata/files/177426215469c1178a48453IMYB_2024_EBookFinal.pdf,7e4cf991426ac8299ec0a365af68a05a8276f3b81ae2433fb6debd4358550354,2026-03-11,2020-04-01 for the chapter's NMI resource tables; occurrence prose is undated within IMYB 2024,found_on_source_pages,all_found_on_source_pages,curated_page-referenced_transcription_with_machine_text_presence_checks,official_compiled_mineral_occurrence_context,official_compilation_not_independently_field_verified_by_khanan,excluded_context_only,"Broad compiled occurrence geography can overlap source evidence and is not an independent point, assay, reserve, mine or discovery label.",[],"The IBM State Reviews compile information from multiple sources and advise reader discretion. Place lists mix districts, historical names, named belts, fields and basins; occurrence does not establish grade, quantity, continuity, current legality, economics, access or a new discovery."
IBM-IMYB2024-STATE-OCC-0338,SRC_IBM_INDIAN_MINERALS_YEARBOOK_2024_STATE_REVIEWS,v1.0-alpha.22,Meghalaya,district_list,limestone,"[""group:calcium-and-limestone"",""rock:limestone""]","[""Calcium and limestone"",""Limestone""]","[""calcium"",""calcium carbonate""]",[],"[""calcium"",""calcium carbonate""]","[""West Garo Hills"",""East Khasi Hills"",""West Khasi Hills"",""Jaintia Hills""]",4,[212],[197],https://www.ibm.gov.in/writereaddata/files/177426215469c1178a48453IMYB_2024_EBookFinal.pdf,7e4cf991426ac8299ec0a365af68a05a8276f3b81ae2433fb6debd4358550354,2026-03-11,2020-04-01 for the chapter's NMI resource tables; occurrence prose is undated within IMYB 2024,found_on_source_pages,all_found_on_source_pages,curated_page-referenced_transcription_with_machine_text_presence_checks,official_compiled_mineral_occurrence_context,official_compilation_not_independently_field_verified_by_khanan,excluded_context_only,"Broad compiled occurrence geography can overlap source evidence and is not an independent point, assay, reserve, mine or discovery label.",[],"The IBM State Reviews compile information from multiple sources and advise reader discretion. Place lists mix districts, historical names, named belts, fields and basins; occurrence does not establish grade, quantity, continuity, current legality, economics, access or a new discovery."
IBM-IMYB2024-STATE-OCC-0339,SRC_IBM_INDIAN_MINERALS_YEARBOOK_2024_STATE_REVIEWS,v1.0-alpha.22,Meghalaya,district_list,apatite,"[""group:apatite-group""]","[""Apatite group""]",[],[],"[""Apatite group""]","[""Jaintia Hills""]",1,[212],[197],https://www.ibm.gov.in/writereaddata/files/177426215469c1178a48453IMYB_2024_EBookFinal.pdf,7e4cf991426ac8299ec0a365af68a05a8276f3b81ae2433fb6debd4358550354,2026-03-11,2020-04-01 for the chapter's NMI resource tables; occurrence prose is undated within IMYB 2024,found_on_source_pages,all_found_on_source_pages,curated_page-referenced_transcription_with_machine_text_presence_checks,official_compiled_mineral_occurrence_context,official_compilation_not_independently_field_verified_by_khanan,excluded_context_only,"Broad compiled occurrence geography can overlap source evidence and is not an independent point, assay, reserve, mine or discovery label.",[],"The IBM State Reviews compile information from multiple sources and advise reader discretion. Place lists mix districts, historical names, named belts, fields and basins; occurrence does not establish grade, quantity, continuity, current legality, economics, access or a new discovery."
IBM-IMYB2024-STATE-OCC-0340,SRC_IBM_INDIAN_MINERALS_YEARBOOK_2024_STATE_REVIEWS,v1.0-alpha.22,Meghalaya,district_list,china clay,"[""group:kaolin"",""mineral:kaolinite""]","[""Kaolin"",""Kaolinite""]","[""kaolinite"",""aluminium silicate hydroxide""]","[""Al2Si2O5(OH)4""]","[""kaolinite"",""aluminium silicate hydroxide""]","[""East Garo Hills"",""West Garo Hills"",""Jaintia Hills"",""East Khasi Hills""]",4,[212],[197],https://www.ibm.gov.in/writereaddata/files/177426215469c1178a48453IMYB_2024_EBookFinal.pdf,7e4cf991426ac8299ec0a365af68a05a8276f3b81ae2433fb6debd4358550354,2026-03-11,2020-04-01 for the chapter's NMI resource tables; occurrence prose is undated within IMYB 2024,found_on_source_pages,all_found_on_source_pages,curated_page-referenced_transcription_with_machine_text_presence_checks,official_compiled_mineral_occurrence_context,official_compilation_not_independently_field_verified_by_khanan,excluded_context_only,"Broad compiled occurrence geography can overlap source evidence and is not an independent point, assay, reserve, mine or discovery label.",[],"The IBM State Reviews compile information from multiple sources and advise reader discretion. Place lists mix districts, historical names, named belts, fields and basins; occurrence does not establish grade, quantity, continuity, current legality, economics, access or a new discovery."
IBM-IMYB2024-STATE-OCC-0341,SRC_IBM_INDIAN_MINERALS_YEARBOOK_2024_STATE_REVIEWS,v1.0-alpha.22,Meghalaya,district_list,copper,"[""element:copper""]","[""Copper""]","[""copper""]","[""Cu""]","[""copper""]","[""East Khasi Hills""]",1,[212],[197],https://www.ibm.gov.in/writereaddata/files/177426215469c1178a48453IMYB_2024_EBookFinal.pdf,7e4cf991426ac8299ec0a365af68a05a8276f3b81ae2433fb6debd4358550354,2026-03-11,2020-04-01 for the chapter's NMI resource tables; occurrence prose is undated within IMYB 2024,found_on_source_pages,all_found_on_source_pages,curated_page-referenced_transcription_with_machine_text_presence_checks,official_compiled_mineral_occurrence_context,official_compilation_not_independently_field_verified_by_khanan,excluded_context_only,"Broad compiled occurrence geography can overlap source evidence and is not an independent point, assay, reserve, mine or discovery label.",[],"The IBM State Reviews compile information from multiple sources and advise reader discretion. Place lists mix districts, historical names, named belts, fields and basins; occurrence does not establish grade, quantity, continuity, current legality, economics, access or a new discovery."
IBM-IMYB2024-STATE-OCC-0342,SRC_IBM_INDIAN_MINERALS_YEARBOOK_2024_STATE_REVIEWS,v1.0-alpha.22,Meghalaya,district_list,lead-zinc,"[""element:lead"",""element:zinc""]","[""Lead"",""Zinc""]","[""lead"",""zinc""]","[""Pb"",""Zn""]","[""lead"",""zinc""]","[""East Khasi Hills""]",1,[212],[197],https://www.ibm.gov.in/writereaddata/files/177426215469c1178a48453IMYB_2024_EBookFinal.pdf,7e4cf991426ac8299ec0a365af68a05a8276f3b81ae2433fb6debd4358550354,2026-03-11,2020-04-01 for the chapter's NMI resource tables; occurrence prose is undated within IMYB 2024,found_on_source_pages,all_found_on_source_pages,curated_page-referenced_transcription_with_machine_text_presence_checks,official_compiled_mineral_occurrence_context,official_compilation_not_independently_field_verified_by_khanan,excluded_context_only,"Broad compiled occurrence geography can overlap source evidence and is not an independent point, assay, reserve, mine or discovery label.",[],"The IBM State Reviews compile information from multiple sources and advise reader discretion. Place lists mix districts, historical names, named belts, fields and basins; occurrence does not establish grade, quantity, continuity, current legality, economics, access or a new discovery."
IBM-IMYB2024-STATE-OCC-0343,SRC_IBM_INDIAN_MINERALS_YEARBOOK_2024_STATE_REVIEWS,v1.0-alpha.22,Meghalaya,district_list,silver,"[""element:silver""]","[""Silver""]","[""silver""]","[""Ag""]","[""silver""]","[""East Khasi Hills""]",1,[212],[197],https://www.ibm.gov.in/writereaddata/files/177426215469c1178a48453IMYB_2024_EBookFinal.pdf,7e4cf991426ac8299ec0a365af68a05a8276f3b81ae2433fb6debd4358550354,2026-03-11,2020-04-01 for the chapter's NMI resource tables; occurrence prose is undated within IMYB 2024,found_on_source_pages,all_found_on_source_pages,curated_page-referenced_transcription_with_machine_text_presence_checks,official_compiled_mineral_occurrence_context,official_compilation_not_independently_field_verified_by_khanan,excluded_context_only,"Broad compiled occurrence geography can overlap source evidence and is not an independent point, assay, reserve, mine or discovery label.",[],"The IBM State Reviews compile information from multiple sources and advise reader discretion. Place lists mix districts, historical names, named belts, fields and basins; occurrence does not establish grade, quantity, continuity, current legality, economics, access or a new discovery."
IBM-IMYB2024-STATE-OCC-0344,SRC_IBM_INDIAN_MINERALS_YEARBOOK_2024_STATE_REVIEWS,v1.0-alpha.22,Meghalaya,district_list,titanium,"[""element:titanium""]","[""Titanium""]","[""titanium"",""titanium dioxide""]","[""Ti""]","[""titanium"",""titanium dioxide""]","[""East Khasi Hills""]",1,[212],[197],https://www.ibm.gov.in/writereaddata/files/177426215469c1178a48453IMYB_2024_EBookFinal.pdf,7e4cf991426ac8299ec0a365af68a05a8276f3b81ae2433fb6debd4358550354,2026-03-11,2020-04-01 for the chapter's NMI resource tables; occurrence prose is undated within IMYB 2024,found_on_source_pages,all_found_on_source_pages,curated_page-referenced_transcription_with_machine_text_presence_checks,official_compiled_mineral_occurrence_context,official_compilation_not_independently_field_verified_by_khanan,excluded_context_only,"Broad compiled occurrence geography can overlap source evidence and is not an independent point, assay, reserve, mine or discovery label.",[],"The IBM State Reviews compile information from multiple sources and advise reader discretion. Place lists mix districts, historical names, named belts, fields and basins; occurrence does not establish grade, quantity, continuity, current legality, economics, access or a new discovery."
IBM-IMYB2024-STATE-OCC-0345,SRC_IBM_INDIAN_MINERALS_YEARBOOK_2024_STATE_REVIEWS,v1.0-alpha.22,Meghalaya,district_list,feldspar,"[""group:feldspar-group""]","[""Feldspar group""]",[],[],"[""Feldspar group""]","[""East Garo Hills"",""Jaintia Hills""]",2,[212],[197],https://www.ibm.gov.in/writereaddata/files/177426215469c1178a48453IMYB_2024_EBookFinal.pdf,7e4cf991426ac8299ec0a365af68a05a8276f3b81ae2433fb6debd4358550354,2026-03-11,2020-04-01 for the chapter's NMI resource tables; occurrence prose is undated within IMYB 2024,found_on_source_pages,all_found_on_source_pages,curated_page-referenced_transcription_with_machine_text_presence_checks,official_compiled_mineral_occurrence_context,official_compilation_not_independently_field_verified_by_khanan,excluded_context_only,"Broad compiled occurrence geography can overlap source evidence and is not an independent point, assay, reserve, mine or discovery label.",[],"The IBM State Reviews compile information from multiple sources and advise reader discretion. Place lists mix districts, historical names, named belts, fields and basins; occurrence does not establish grade, quantity, continuity, current legality, economics, access or a new discovery."
IBM-IMYB2024-STATE-OCC-0346,SRC_IBM_INDIAN_MINERALS_YEARBOOK_2024_STATE_REVIEWS,v1.0-alpha.22,Meghalaya,district_list,rock phosphate,"[""element:phosphorus"",""ore:phosphorite""]","[""Phosphorus"",""Phosphorite""]","[""phosphorus""]","[""P""]","[""phosphorus""]","[""East Garo Hills"",""Jaintia Hills""]",2,[212],[197],https://www.ibm.gov.in/writereaddata/files/177426215469c1178a48453IMYB_2024_EBookFinal.pdf,7e4cf991426ac8299ec0a365af68a05a8276f3b81ae2433fb6debd4358550354,2026-03-11,2020-04-01 for the chapter's NMI resource tables; occurrence prose is undated within IMYB 2024,found_on_source_pages,all_found_on_source_pages,curated_page-referenced_transcription_with_machine_text_presence_checks,official_compiled_mineral_occurrence_context,official_compilation_not_independently_field_verified_by_khanan,excluded_context_only,"Broad compiled occurrence geography can overlap source evidence and is not an independent point, assay, reserve, mine or discovery label.",[],"The IBM State Reviews compile information from multiple sources and advise reader discretion. Place lists mix districts, historical names, named belts, fields and basins; occurrence does not establish grade, quantity, continuity, current legality, economics, access or a new discovery."
IBM-IMYB2024-STATE-OCC-0347,SRC_IBM_INDIAN_MINERALS_YEARBOOK_2024_STATE_REVIEWS,v1.0-alpha.22,Meghalaya,district_list,fireclay,"[""material:fire-clay"",""group:clay""]","[""Fire clay"",""Clay""]",[],[],"[""Fire clay"",""Clay""]","[""East Khasi Hills"",""West Garo Hills""]",2,[212],[197],https://www.ibm.gov.in/writereaddata/files/177426215469c1178a48453IMYB_2024_EBookFinal.pdf,7e4cf991426ac8299ec0a365af68a05a8276f3b81ae2433fb6debd4358550354,2026-03-11,2020-04-01 for the chapter's NMI resource tables; occurrence prose is undated within IMYB 2024,found_on_source_pages,all_found_on_source_pages,curated_page-referenced_transcription_with_machine_text_presence_checks,official_compiled_mineral_occurrence_context,official_compilation_not_independently_field_verified_by_khanan,excluded_context_only,"Broad compiled occurrence geography can overlap source evidence and is not an independent point, assay, reserve, mine or discovery label.",[],"The IBM State Reviews compile information from multiple sources and advise reader discretion. Place lists mix districts, historical names, named belts, fields and basins; occurrence does not establish grade, quantity, continuity, current legality, economics, access or a new discovery."
IBM-IMYB2024-STATE-OCC-0348,SRC_IBM_INDIAN_MINERALS_YEARBOOK_2024_STATE_REVIEWS,v1.0-alpha.22,Meghalaya,district_list,granite,"[""rock:granite""]","[""Granite""]",[],[],"[""Granite""]","[""West Khasi Hills""]",1,[212],[197],https://www.ibm.gov.in/writereaddata/files/177426215469c1178a48453IMYB_2024_EBookFinal.pdf,7e4cf991426ac8299ec0a365af68a05a8276f3b81ae2433fb6debd4358550354,2026-03-11,2020-04-01 for the chapter's NMI resource tables; occurrence prose is undated within IMYB 2024,found_on_source_pages,all_found_on_source_pages,curated_page-referenced_transcription_with_machine_text_presence_checks,official_compiled_mineral_occurrence_context,official_compilation_not_independently_field_verified_by_khanan,excluded_context_only,"Broad compiled occurrence geography can overlap source evidence and is not an independent point, assay, reserve, mine or discovery label.",[],"The IBM State Reviews compile information from multiple sources and advise reader discretion. Place lists mix districts, historical names, named belts, fields and basins; occurrence does not establish grade, quantity, continuity, current legality, economics, access or a new discovery."
IBM-IMYB2024-STATE-OCC-0349,SRC_IBM_INDIAN_MINERALS_YEARBOOK_2024_STATE_REVIEWS,v1.0-alpha.22,Meghalaya,district_list,iron ore (magnetite),"[""element:iron"",""ore:iron-ore"",""mineral:magnetite""]","[""Iron"",""Iron ore"",""Magnetite""]","[""iron"",""magnetite""]","[""Fe"",""Fe2+Fe3+2O4""]","[""iron"",""magnetite""]","[""East Garo Hills""]",1,[212],[197],https://www.ibm.gov.in/writereaddata/files/177426215469c1178a48453IMYB_2024_EBookFinal.pdf,7e4cf991426ac8299ec0a365af68a05a8276f3b81ae2433fb6debd4358550354,2026-03-11,2020-04-01 for the chapter's NMI resource tables; occurrence prose is undated within IMYB 2024,found_on_source_pages,all_found_on_source_pages,curated_page-referenced_transcription_with_machine_text_presence_checks,official_compiled_mineral_occurrence_context,official_compilation_not_independently_field_verified_by_khanan,excluded_context_only,"Broad compiled occurrence geography can overlap source evidence and is not an independent point, assay, reserve, mine or discovery label.",[],"The IBM State Reviews compile information from multiple sources and advise reader discretion. Place lists mix districts, historical names, named belts, fields and basins; occurrence does not establish grade, quantity, continuity, current legality, economics, access or a new discovery."
IBM-IMYB2024-STATE-OCC-0350,SRC_IBM_INDIAN_MINERALS_YEARBOOK_2024_STATE_REVIEWS,v1.0-alpha.22,Meghalaya,district_list,quartz,"[""element:silicon"",""mineral:quartz""]","[""Silicon"",""Quartz""]","[""silicon"",""silicon dioxide"",""quartz""]","[""Si"",""SiO2""]","[""silicon"",""silicon dioxide"",""quartz""]","[""East Garo Hills"",""West Garo Hills"",""East Khasi Hills""]",3,[212],[197],https://www.ibm.gov.in/writereaddata/files/177426215469c1178a48453IMYB_2024_EBookFinal.pdf,7e4cf991426ac8299ec0a365af68a05a8276f3b81ae2433fb6debd4358550354,2026-03-11,2020-04-01 for the chapter's NMI resource tables; occurrence prose is undated within IMYB 2024,found_on_source_pages,all_found_on_source_pages,curated_page-referenced_transcription_with_machine_text_presence_checks,official_compiled_mineral_occurrence_context,official_compilation_not_independently_field_verified_by_khanan,excluded_context_only,"Broad compiled occurrence geography can overlap source evidence and is not an independent point, assay, reserve, mine or discovery label.",[],"The IBM State Reviews compile information from multiple sources and advise reader discretion. Place lists mix districts, historical names, named belts, fields and basins; occurrence does not establish grade, quantity, continuity, current legality, economics, access or a new discovery."
IBM-IMYB2024-STATE-OCC-0351,SRC_IBM_INDIAN_MINERALS_YEARBOOK_2024_STATE_REVIEWS,v1.0-alpha.22,Meghalaya,district_list,silica sand,"[""element:silicon"",""mineral:quartz"",""material:sand-and-gravel-industrial""]","[""Silicon"",""Quartz"",""Sand and gravel (industrial)""]","[""silicon"",""silicon dioxide"",""quartz""]","[""Si"",""SiO2""]","[""silicon"",""silicon dioxide"",""quartz""]","[""East Garo Hills"",""West Garo Hills"",""East Khasi Hills""]",3,[212],[197],https://www.ibm.gov.in/writereaddata/files/177426215469c1178a48453IMYB_2024_EBookFinal.pdf,7e4cf991426ac8299ec0a365af68a05a8276f3b81ae2433fb6debd4358550354,2026-03-11,2020-04-01 for the chapter's NMI resource tables; occurrence prose is undated within IMYB 2024,found_on_source_pages,all_found_on_source_pages,curated_page-referenced_transcription_with_machine_text_presence_checks,official_compiled_mineral_occurrence_context,official_compilation_not_independently_field_verified_by_khanan,excluded_context_only,"Broad compiled occurrence geography can overlap source evidence and is not an independent point, assay, reserve, mine or discovery label.",[],"The IBM State Reviews compile information from multiple sources and advise reader discretion. Place lists mix districts, historical names, named belts, fields and basins; occurrence does not establish grade, quantity, continuity, current legality, economics, access or a new discovery."
IBM-IMYB2024-STATE-OCC-0352,SRC_IBM_INDIAN_MINERALS_YEARBOOK_2024_STATE_REVIEWS,v1.0-alpha.22,Meghalaya,district_list,sillimanite,"[""mineral:sillimanite""]","[""Sillimanite""]","[""sillimanite""]","[""Al2SiO5""]","[""sillimanite""]","[""West Khasi Hills""]",1,[212],[197],https://www.ibm.gov.in/writereaddata/files/177426215469c1178a48453IMYB_2024_EBookFinal.pdf,7e4cf991426ac8299ec0a365af68a05a8276f3b81ae2433fb6debd4358550354,2026-03-11,2020-04-01 for the chapter's NMI resource tables; occurrence prose is undated within IMYB 2024,found_on_source_pages,all_found_on_source_pages,curated_page-referenced_transcription_with_machine_text_presence_checks,official_compiled_mineral_occurrence_context,official_compilation_not_independently_field_verified_by_khanan,excluded_context_only,"Broad compiled occurrence geography can overlap source evidence and is not an independent point, assay, reserve, mine or discovery label.",[],"The IBM State Reviews compile information from multiple sources and advise reader discretion. Place lists mix districts, historical names, named belts, fields and basins; occurrence does not establish grade, quantity, continuity, current legality, economics, access or a new discovery."
IBM-IMYB2024-STATE-OCC-0353,SRC_IBM_INDIAN_MINERALS_YEARBOOK_2024_STATE_REVIEWS,v1.0-alpha.22,Meghalaya,named_area_list,coal,"[""commodity:coal""]","[""Coal""]",[],[],"[""Coal""]","[""Mikir Hills"",""Khasi Hills"",""Jaintia Hills"",""Garo Hills""]",4,[212],[197],https://www.ibm.gov.in/writereaddata/files/177426215469c1178a48453IMYB_2024_EBookFinal.pdf,7e4cf991426ac8299ec0a365af68a05a8276f3b81ae2433fb6debd4358550354,2026-03-11,2020-04-01 for the chapter's NMI resource tables; occurrence prose is undated within IMYB 2024,found_on_source_pages,all_found_on_source_pages,curated_page-referenced_transcription_with_machine_text_presence_checks,official_compiled_mineral_occurrence_context,official_compilation_not_independently_field_verified_by_khanan,excluded_context_only,"Broad compiled occurrence geography can overlap source evidence and is not an independent point, assay, reserve, mine or discovery label.",[],"The IBM State Reviews compile information from multiple sources and advise reader discretion. Place lists mix districts, historical names, named belts, fields and basins; occurrence does not establish grade, quantity, continuity, current legality, economics, access or a new discovery."
IBM-IMYB2024-STATE-OCC-0354,SRC_IBM_INDIAN_MINERALS_YEARBOOK_2024_STATE_REVIEWS,v1.0-alpha.22,Mizoram,statewide,lignite,"[""commodity:lignite""]","[""Lignite""]",[],[],"[""Lignite""]","[""Mizoram""]",1,[215],[200],https://www.ibm.gov.in/writereaddata/files/177426215469c1178a48453IMYB_2024_EBookFinal.pdf,7e4cf991426ac8299ec0a365af68a05a8276f3b81ae2433fb6debd4358550354,2026-03-11,2020-04-01 for the chapter's NMI resource tables; occurrence prose is undated within IMYB 2024,found_on_source_pages,all_found_on_source_pages,curated_page-referenced_transcription_with_machine_text_presence_checks,official_compiled_mineral_occurrence_context,official_compilation_not_independently_field_verified_by_khanan,excluded_context_only,"Broad compiled occurrence geography can overlap source evidence and is not an independent point, assay, reserve, mine or discovery label.",[],"The IBM State Reviews compile information from multiple sources and advise reader discretion. Place lists mix districts, historical names, named belts, fields and basins; occurrence does not establish grade, quantity, continuity, current legality, economics, access or a new discovery."
IBM-IMYB2024-STATE-OCC-0355,SRC_IBM_INDIAN_MINERALS_YEARBOOK_2024_STATE_REVIEWS,v1.0-alpha.22,Mizoram,statewide,sandstone,[],[],[],[],"[""sandstone""]","[""Mizoram""]",1,[215],[200],https://www.ibm.gov.in/writereaddata/files/177426215469c1178a48453IMYB_2024_EBookFinal.pdf,7e4cf991426ac8299ec0a365af68a05a8276f3b81ae2433fb6debd4358550354,2026-03-11,2020-04-01 for the chapter's NMI resource tables; occurrence prose is undated within IMYB 2024,found_on_source_pages,all_found_on_source_pages,curated_page-referenced_transcription_with_machine_text_presence_checks,official_compiled_mineral_occurrence_context,official_compilation_not_independently_field_verified_by_khanan,excluded_context_only,"Broad compiled occurrence geography can overlap source evidence and is not an independent point, assay, reserve, mine or discovery label.","[""source_material_term_not_mapped_to_v1_ontology""]","The IBM State Reviews compile information from multiple sources and advise reader discretion. Place lists mix districts, historical names, named belts, fields and basins; occurrence does not establish grade, quantity, continuity, current legality, economics, access or a new discovery."
IBM-IMYB2024-STATE-OCC-0356,SRC_IBM_INDIAN_MINERALS_YEARBOOK_2024_STATE_REVIEWS,v1.0-alpha.22,Mizoram,statewide,pyrites,"[""mineral:pyrite""]","[""Pyrite""]","[""pyrite""]","[""FeS2""]","[""pyrite""]","[""Mizoram""]",1,[215],[200],https://www.ibm.gov.in/writereaddata/files/177426215469c1178a48453IMYB_2024_EBookFinal.pdf,7e4cf991426ac8299ec0a365af68a05a8276f3b81ae2433fb6debd4358550354,2026-03-11,2020-04-01 for the chapter's NMI resource tables; occurrence prose is undated within IMYB 2024,found_on_source_pages,all_found_on_source_pages,curated_page-referenced_transcription_with_machine_text_presence_checks,official_compiled_mineral_occurrence_context,official_compilation_not_independently_field_verified_by_khanan,excluded_context_only,"Broad compiled occurrence geography can overlap source evidence and is not an independent point, assay, reserve, mine or discovery label.",[],"The IBM State Reviews compile information from multiple sources and advise reader discretion. Place lists mix districts, historical names, named belts, fields and basins; occurrence does not establish grade, quantity, continuity, current legality, economics, access or a new discovery."
IBM-IMYB2024-STATE-OCC-0357,SRC_IBM_INDIAN_MINERALS_YEARBOOK_2024_STATE_REVIEWS,v1.0-alpha.22,Nagaland,district_list,iron ore (magnetite),"[""element:iron"",""ore:iron-ore"",""mineral:magnetite""]","[""Iron"",""Iron ore"",""Magnetite""]","[""iron"",""magnetite""]","[""Fe"",""Fe2+Fe3+2O4""]","[""iron"",""magnetite""]","[""Tuensang""]",1,[215],[200],https://www.ibm.gov.in/writereaddata/files/177426215469c1178a48453IMYB_2024_EBookFinal.pdf,7e4cf991426ac8299ec0a365af68a05a8276f3b81ae2433fb6debd4358550354,2026-03-11,2020-04-01 for the chapter's NMI resource tables; occurrence prose is undated within IMYB 2024,found_on_source_pages,all_found_on_source_pages,curated_page-referenced_transcription_with_machine_text_presence_checks,official_compiled_mineral_occurrence_context,official_compilation_not_independently_field_verified_by_khanan,excluded_context_only,"Broad compiled occurrence geography can overlap source evidence and is not an independent point, assay, reserve, mine or discovery label.",[],"The IBM State Reviews compile information from multiple sources and advise reader discretion. Place lists mix districts, historical names, named belts, fields and basins; occurrence does not establish grade, quantity, continuity, current legality, economics, access or a new discovery."
IBM-IMYB2024-STATE-OCC-0358,SRC_IBM_INDIAN_MINERALS_YEARBOOK_2024_STATE_REVIEWS,v1.0-alpha.22,Nagaland,district_list,cobalt,"[""element:cobalt""]","[""Cobalt""]","[""cobalt""]","[""Co""]","[""cobalt""]","[""Tuensang""]",1,[215],[200],https://www.ibm.gov.in/writereaddata/files/177426215469c1178a48453IMYB_2024_EBookFinal.pdf,7e4cf991426ac8299ec0a365af68a05a8276f3b81ae2433fb6debd4358550354,2026-03-11,2020-04-01 for the chapter's NMI resource tables; occurrence prose is undated within IMYB 2024,found_on_source_pages,all_found_on_source_pages,curated_page-referenced_transcription_with_machine_text_presence_checks,official_compiled_mineral_occurrence_context,official_compilation_not_independently_field_verified_by_khanan,excluded_context_only,"Broad compiled occurrence geography can overlap source evidence and is not an independent point, assay, reserve, mine or discovery label.",[],"The IBM State Reviews compile information from multiple sources and advise reader discretion. Place lists mix districts, historical names, named belts, fields and basins; occurrence does not establish grade, quantity, continuity, current legality, economics, access or a new discovery."
IBM-IMYB2024-STATE-OCC-0359,SRC_IBM_INDIAN_MINERALS_YEARBOOK_2024_STATE_REVIEWS,v1.0-alpha.22,Nagaland,district_list,dunite,"[""group:olivine-group""]","[""Olivine group""]",[],[],"[""Olivine group""]","[""Tuensang""]",1,[215],[200],https://www.ibm.gov.in/writereaddata/files/177426215469c1178a48453IMYB_2024_EBookFinal.pdf,7e4cf991426ac8299ec0a365af68a05a8276f3b81ae2433fb6debd4358550354,2026-03-11,2020-04-01 for the chapter's NMI resource tables; occurrence prose is undated within IMYB 2024,found_on_source_pages,all_found_on_source_pages,curated_page-referenced_transcription_with_machine_text_presence_checks,official_compiled_mineral_occurrence_context,official_compilation_not_independently_field_verified_by_khanan,excluded_context_only,"Broad compiled occurrence geography can overlap source evidence and is not an independent point, assay, reserve, mine or discovery label.",[],"The IBM State Reviews compile information from multiple sources and advise reader discretion. Place lists mix districts, historical names, named belts, fields and basins; occurrence does not establish grade, quantity, continuity, current legality, economics, access or a new discovery."
IBM-IMYB2024-STATE-OCC-0360,SRC_IBM_INDIAN_MINERALS_YEARBOOK_2024_STATE_REVIEWS,v1.0-alpha.22,Nagaland,district_list,nickeliferous chromite,"[""element:nickel"",""element:chromium"",""mineral:chromite""]","[""Nickel"",""Chromium"",""Chromite""]","[""nickel"",""chromium"",""chromite""]","[""Ni"",""Cr"",""Fe2+Cr2O4""]","[""nickel"",""chromium"",""chromite""]","[""Tuensang""]",1,[215],[200],https://www.ibm.gov.in/writereaddata/files/177426215469c1178a48453IMYB_2024_EBookFinal.pdf,7e4cf991426ac8299ec0a365af68a05a8276f3b81ae2433fb6debd4358550354,2026-03-11,2020-04-01 for the chapter's NMI resource tables; occurrence prose is undated within IMYB 2024,found_on_source_pages,all_found_on_source_pages,curated_page-referenced_transcription_with_machine_text_presence_checks,official_compiled_mineral_occurrence_context,official_compilation_not_independently_field_verified_by_khanan,excluded_context_only,"Broad compiled occurrence geography can overlap source evidence and is not an independent point, assay, reserve, mine or discovery label.",[],"The IBM State Reviews compile information from multiple sources and advise reader discretion. Place lists mix districts, historical names, named belts, fields and basins; occurrence does not establish grade, quantity, continuity, current legality, economics, access or a new discovery."
IBM-IMYB2024-STATE-OCC-0361,SRC_IBM_INDIAN_MINERALS_YEARBOOK_2024_STATE_REVIEWS,v1.0-alpha.22,Nagaland,district_list,limestone,"[""group:calcium-and-limestone"",""rock:limestone""]","[""Calcium and limestone"",""Limestone""]","[""calcium"",""calcium carbonate""]",[],"[""calcium"",""calcium carbonate""]","[""Phek"",""Tuensang""]",2,[215],[200],https://www.ibm.gov.in/writereaddata/files/177426215469c1178a48453IMYB_2024_EBookFinal.pdf,7e4cf991426ac8299ec0a365af68a05a8276f3b81ae2433fb6debd4358550354,2026-03-11,2020-04-01 for the chapter's NMI resource tables; occurrence prose is undated within IMYB 2024,found_on_source_pages,all_found_on_source_pages,curated_page-referenced_transcription_with_machine_text_presence_checks,official_compiled_mineral_occurrence_context,official_compilation_not_independently_field_verified_by_khanan,excluded_context_only,"Broad compiled occurrence geography can overlap source evidence and is not an independent point, assay, reserve, mine or discovery label.",[],"The IBM State Reviews compile information from multiple sources and advise reader discretion. Place lists mix districts, historical names, named belts, fields and basins; occurrence does not establish grade, quantity, continuity, current legality, economics, access or a new discovery."
IBM-IMYB2024-STATE-OCC-0362,SRC_IBM_INDIAN_MINERALS_YEARBOOK_2024_STATE_REVIEWS,v1.0-alpha.22,Nagaland,named_area_list,coal,"[""commodity:coal""]","[""Coal""]",[],[],"[""Coal""]","[""Borjan Coalfield"",""Jhanzi-Disai Coalfield"",""Tiesang Coalfield"",""Tiru Valley Coalfield"",""Changki Coalfield"",""DGM Coalfield""]",6,[215],[200],https://www.ibm.gov.in/writereaddata/files/177426215469c1178a48453IMYB_2024_EBookFinal.pdf,7e4cf991426ac8299ec0a365af68a05a8276f3b81ae2433fb6debd4358550354,2026-03-11,2020-04-01 for the chapter's NMI resource tables; occurrence prose is undated within IMYB 2024,found_on_source_pages,all_found_on_source_pages,curated_page-referenced_transcription_with_machine_text_presence_checks,official_compiled_mineral_occurrence_context,official_compilation_not_independently_field_verified_by_khanan,excluded_context_only,"Broad compiled occurrence geography can overlap source evidence and is not an independent point, assay, reserve, mine or discovery label.",[],"The IBM State Reviews compile information from multiple sources and advise reader discretion. Place lists mix districts, historical names, named belts, fields and basins; occurrence does not establish grade, quantity, continuity, current legality, economics, access or a new discovery."
IBM-IMYB2024-STATE-OCC-0363,SRC_IBM_INDIAN_MINERALS_YEARBOOK_2024_STATE_REVIEWS,v1.0-alpha.22,Odisha,district_list,bauxite,"[""element:aluminium"",""ore:bauxite""]","[""Aluminium"",""Bauxite""]","[""aluminium""]","[""Al""]","[""aluminium""]","[""Balangir"",""Kalahandi"",""Kandhamal"",""Kendujhar"",""Koraput"",""Malkangiri"",""Rayagada"",""Sundargarh""]",8,"[217,218]","[202,203]",https://www.ibm.gov.in/writereaddata/files/177426215469c1178a48453IMYB_2024_EBookFinal.pdf,7e4cf991426ac8299ec0a365af68a05a8276f3b81ae2433fb6debd4358550354,2026-03-11,2020-04-01 for the chapter's NMI resource tables; occurrence prose is undated within IMYB 2024,found_on_source_pages,all_found_on_source_pages,curated_page-referenced_transcription_with_machine_text_presence_checks,official_compiled_mineral_occurrence_context,official_compilation_not_independently_field_verified_by_khanan,excluded_context_only,"Broad compiled occurrence geography can overlap source evidence and is not an independent point, assay, reserve, mine or discovery label.",[],"The IBM State Reviews compile information from multiple sources and advise reader discretion. Place lists mix districts, historical names, named belts, fields and basins; occurrence does not establish grade, quantity, continuity, current legality, economics, access or a new discovery."
IBM-IMYB2024-STATE-OCC-0364,SRC_IBM_INDIAN_MINERALS_YEARBOOK_2024_STATE_REVIEWS,v1.0-alpha.22,Odisha,district_list,china clay,"[""group:kaolin"",""mineral:kaolinite""]","[""Kaolin"",""Kaolinite""]","[""kaolinite"",""aluminium silicate hydroxide""]","[""Al2Si2O5(OH)4""]","[""kaolinite"",""aluminium silicate hydroxide""]","[""Bargarh"",""Boudh"",""Balangir"",""Kendujhar"",""Koraput"",""Mayurbhanj"",""Sambalpur"",""Sundargarh""]",8,"[217,218]","[202,203]",https://www.ibm.gov.in/writereaddata/files/177426215469c1178a48453IMYB_2024_EBookFinal.pdf,7e4cf991426ac8299ec0a365af68a05a8276f3b81ae2433fb6debd4358550354,2026-03-11,2020-04-01 for the chapter's NMI resource tables; occurrence prose is undated within IMYB 2024,found_on_source_pages,all_found_on_source_pages,curated_page-referenced_transcription_with_machine_text_presence_checks,official_compiled_mineral_occurrence_context,official_compilation_not_independently_field_verified_by_khanan,excluded_context_only,"Broad compiled occurrence geography can overlap source evidence and is not an independent point, assay, reserve, mine or discovery label.",[],"The IBM State Reviews compile information from multiple sources and advise reader discretion. Place lists mix districts, historical names, named belts, fields and basins; occurrence does not establish grade, quantity, continuity, current legality, economics, access or a new discovery."
IBM-IMYB2024-STATE-OCC-0365,SRC_IBM_INDIAN_MINERALS_YEARBOOK_2024_STATE_REVIEWS,v1.0-alpha.22,Odisha,district_list,chromite,"[""element:chromium"",""mineral:chromite""]","[""Chromium"",""Chromite""]","[""chromium"",""chromite""]","[""Cr"",""Fe2+Cr2O4""]","[""chromium"",""chromite""]","[""Balasore"",""Cuttack"",""Dhenkanal"",""Jajpur"",""Kendujhar""]",5,"[217,218]","[202,203]",https://www.ibm.gov.in/writereaddata/files/177426215469c1178a48453IMYB_2024_EBookFinal.pdf,7e4cf991426ac8299ec0a365af68a05a8276f3b81ae2433fb6debd4358550354,2026-03-11,2020-04-01 for the chapter's NMI resource tables; occurrence prose is undated within IMYB 2024,found_on_source_pages,all_found_on_source_pages,curated_page-referenced_transcription_with_machine_text_presence_checks,official_compiled_mineral_occurrence_context,official_compilation_not_independently_field_verified_by_khanan,excluded_context_only,"Broad compiled occurrence geography can overlap source evidence and is not an independent point, assay, reserve, mine or discovery label.",[],"The IBM State Reviews compile information from multiple sources and advise reader discretion. Place lists mix districts, historical names, named belts, fields and basins; occurrence does not establish grade, quantity, continuity, current legality, economics, access or a new discovery."
IBM-IMYB2024-STATE-OCC-0366,SRC_IBM_INDIAN_MINERALS_YEARBOOK_2024_STATE_REVIEWS,v1.0-alpha.22,Odisha,district_list,coal,"[""commodity:coal""]","[""Coal""]",[],[],"[""Coal""]","[""Dhenkanal""]",1,"[217,218]","[202,203]",https://www.ibm.gov.in/writereaddata/files/177426215469c1178a48453IMYB_2024_EBookFinal.pdf,7e4cf991426ac8299ec0a365af68a05a8276f3b81ae2433fb6debd4358550354,2026-03-11,2020-04-01 for the chapter's NMI resource tables; occurrence prose is undated within IMYB 2024,found_on_source_pages,all_found_on_source_pages,curated_page-referenced_transcription_with_machine_text_presence_checks,official_compiled_mineral_occurrence_context,official_compilation_not_independently_field_verified_by_khanan,excluded_context_only,"Broad compiled occurrence geography can overlap source evidence and is not an independent point, assay, reserve, mine or discovery label.",[],"The IBM State Reviews compile information from multiple sources and advise reader discretion. Place lists mix districts, historical names, named belts, fields and basins; occurrence does not establish grade, quantity, continuity, current legality, economics, access or a new discovery."
IBM-IMYB2024-STATE-OCC-0367,SRC_IBM_INDIAN_MINERALS_YEARBOOK_2024_STATE_REVIEWS,v1.0-alpha.22,Odisha,district_list,dolomite,"[""mineral:dolomite""]","[""Dolomite""]","[""dolomite""]","[""CaMg(CO3)2""]","[""dolomite""]","[""Bargarh"",""Kendujhar"",""Koraput"",""Sambalpur"",""Sundargarh""]",5,"[217,218]","[202,203]",https://www.ibm.gov.in/writereaddata/files/177426215469c1178a48453IMYB_2024_EBookFinal.pdf,7e4cf991426ac8299ec0a365af68a05a8276f3b81ae2433fb6debd4358550354,2026-03-11,2020-04-01 for the chapter's NMI resource tables; occurrence prose is undated within IMYB 2024,found_on_source_pages,all_found_on_source_pages,curated_page-referenced_transcription_with_machine_text_presence_checks,official_compiled_mineral_occurrence_context,official_compilation_not_independently_field_verified_by_khanan,excluded_context_only,"Broad compiled occurrence geography can overlap source evidence and is not an independent point, assay, reserve, mine or discovery label.",[],"The IBM State Reviews compile information from multiple sources and advise reader discretion. Place lists mix districts, historical names, named belts, fields and basins; occurrence does not establish grade, quantity, continuity, current legality, economics, access or a new discovery."
IBM-IMYB2024-STATE-OCC-0368,SRC_IBM_INDIAN_MINERALS_YEARBOOK_2024_STATE_REVIEWS,v1.0-alpha.22,Odisha,district_list,dunite/pyroxenite,"[""group:olivine-group"",""group:pyroxene-group""]","[""Olivine group"",""Pyroxene group""]",[],[],"[""Olivine group"",""Pyroxene group""]","[""Kendujhar"",""Sundargarh""]",2,"[217,218]","[202,203]",https://www.ibm.gov.in/writereaddata/files/177426215469c1178a48453IMYB_2024_EBookFinal.pdf,7e4cf991426ac8299ec0a365af68a05a8276f3b81ae2433fb6debd4358550354,2026-03-11,2020-04-01 for the chapter's NMI resource tables; occurrence prose is undated within IMYB 2024,found_on_source_pages,all_found_on_source_pages,curated_page-referenced_transcription_with_machine_text_presence_checks,official_compiled_mineral_occurrence_context,official_compilation_not_independently_field_verified_by_khanan,excluded_context_only,"Broad compiled occurrence geography can overlap source evidence and is not an independent point, assay, reserve, mine or discovery label.",[],"The IBM State Reviews compile information from multiple sources and advise reader discretion. Place lists mix districts, historical names, named belts, fields and basins; occurrence does not establish grade, quantity, continuity, current legality, economics, access or a new discovery."
IBM-IMYB2024-STATE-OCC-0369,SRC_IBM_INDIAN_MINERALS_YEARBOOK_2024_STATE_REVIEWS,v1.0-alpha.22,Odisha,district_list,fireclay,"[""material:fire-clay"",""group:clay""]","[""Fire clay"",""Clay""]",[],[],"[""Fire clay"",""Clay""]","[""Angul"",""Cuttack"",""Dhenkanal"",""Jharsuguda"",""Khurda"",""Puri"",""Sambalpur"",""Sundargarh""]",8,"[217,218]","[202,203]",https://www.ibm.gov.in/writereaddata/files/177426215469c1178a48453IMYB_2024_EBookFinal.pdf,7e4cf991426ac8299ec0a365af68a05a8276f3b81ae2433fb6debd4358550354,2026-03-11,2020-04-01 for the chapter's NMI resource tables; occurrence prose is undated within IMYB 2024,found_on_source_pages,all_found_on_source_pages,curated_page-referenced_transcription_with_machine_text_presence_checks,official_compiled_mineral_occurrence_context,official_compilation_not_independently_field_verified_by_khanan,excluded_context_only,"Broad compiled occurrence geography can overlap source evidence and is not an independent point, assay, reserve, mine or discovery label.",[],"The IBM State Reviews compile information from multiple sources and advise reader discretion. Place lists mix districts, historical names, named belts, fields and basins; occurrence does not establish grade, quantity, continuity, current legality, economics, access or a new discovery."
IBM-IMYB2024-STATE-OCC-0370,SRC_IBM_INDIAN_MINERALS_YEARBOOK_2024_STATE_REVIEWS,v1.0-alpha.22,Odisha,district_list,garnet,"[""group:garnet-group""]","[""Garnet group""]",[],[],"[""Garnet group""]","[""Ganjam"",""Kalahandi"",""Sambalpur""]",3,"[217,218]","[202,203]",https://www.ibm.gov.in/writereaddata/files/177426215469c1178a48453IMYB_2024_EBookFinal.pdf,7e4cf991426ac8299ec0a365af68a05a8276f3b81ae2433fb6debd4358550354,2026-03-11,2020-04-01 for the chapter's NMI resource tables; occurrence prose is undated within IMYB 2024,found_on_source_pages,all_found_on_source_pages,curated_page-referenced_transcription_with_machine_text_presence_checks,official_compiled_mineral_occurrence_context,official_compilation_not_independently_field_verified_by_khanan,excluded_context_only,"Broad compiled occurrence geography can overlap source evidence and is not an independent point, assay, reserve, mine or discovery label.",[],"The IBM State Reviews compile information from multiple sources and advise reader discretion. Place lists mix districts, historical names, named belts, fields and basins; occurrence does not establish grade, quantity, continuity, current legality, economics, access or a new discovery."
IBM-IMYB2024-STATE-OCC-0371,SRC_IBM_INDIAN_MINERALS_YEARBOOK_2024_STATE_REVIEWS,v1.0-alpha.22,Odisha,district_list,graphite,"[""mineral:graphite""]","[""Graphite""]","[""carbon""]","[""C""]","[""carbon""]","[""Bargarh"",""Boudh"",""Balangir"",""Kalahandi"",""Koraput"",""Nuapada"",""Rayagada""]",7,"[217,218]","[202,203]",https://www.ibm.gov.in/writereaddata/files/177426215469c1178a48453IMYB_2024_EBookFinal.pdf,7e4cf991426ac8299ec0a365af68a05a8276f3b81ae2433fb6debd4358550354,2026-03-11,2020-04-01 for the chapter's NMI resource tables; occurrence prose is undated within IMYB 2024,found_on_source_pages,all_found_on_source_pages,curated_page-referenced_transcription_with_machine_text_presence_checks,official_compiled_mineral_occurrence_context,official_compilation_not_independently_field_verified_by_khanan,excluded_context_only,"Broad compiled occurrence geography can overlap source evidence and is not an independent point, assay, reserve, mine or discovery label.",[],"The IBM State Reviews compile information from multiple sources and advise reader discretion. Place lists mix districts, historical names, named belts, fields and basins; occurrence does not establish grade, quantity, continuity, current legality, economics, access or a new discovery."
IBM-IMYB2024-STATE-OCC-0372,SRC_IBM_INDIAN_MINERALS_YEARBOOK_2024_STATE_REVIEWS,v1.0-alpha.22,Odisha,district_list,iron ore (haematite),"[""element:iron"",""ore:iron-ore"",""mineral:hematite""]","[""Iron"",""Iron ore"",""Hematite""]","[""iron"",""hematite""]","[""Fe"",""Fe2O3""]","[""iron"",""hematite""]","[""Dhenkanal"",""Jajpur"",""Kendujhar"",""Koraput"",""Mayurbhanj"",""Sambalpur"",""Sundargarh""]",7,"[217,218]","[202,203]",https://www.ibm.gov.in/writereaddata/files/177426215469c1178a48453IMYB_2024_EBookFinal.pdf,7e4cf991426ac8299ec0a365af68a05a8276f3b81ae2433fb6debd4358550354,2026-03-11,2020-04-01 for the chapter's NMI resource tables; occurrence prose is undated within IMYB 2024,found_on_source_pages,all_found_on_source_pages,curated_page-referenced_transcription_with_machine_text_presence_checks,official_compiled_mineral_occurrence_context,official_compilation_not_independently_field_verified_by_khanan,excluded_context_only,"Broad compiled occurrence geography can overlap source evidence and is not an independent point, assay, reserve, mine or discovery label.",[],"The IBM State Reviews compile information from multiple sources and advise reader discretion. Place lists mix districts, historical names, named belts, fields and basins; occurrence does not establish grade, quantity, continuity, current legality, economics, access or a new discovery."
IBM-IMYB2024-STATE-OCC-0373,SRC_IBM_INDIAN_MINERALS_YEARBOOK_2024_STATE_REVIEWS,v1.0-alpha.22,Odisha,district_list,iron ore (magnetite),"[""element:iron"",""ore:iron-ore"",""mineral:magnetite""]","[""Iron"",""Iron ore"",""Magnetite""]","[""iron"",""magnetite""]","[""Fe"",""Fe2+Fe3+2O4""]","[""iron"",""magnetite""]","[""Mayurbhanj""]",1,"[217,218]","[202,203]",https://www.ibm.gov.in/writereaddata/files/177426215469c1178a48453IMYB_2024_EBookFinal.pdf,7e4cf991426ac8299ec0a365af68a05a8276f3b81ae2433fb6debd4358550354,2026-03-11,2020-04-01 for the chapter's NMI resource tables; occurrence prose is undated within IMYB 2024,found_on_source_pages,all_found_on_source_pages,curated_page-referenced_transcription_with_machine_text_presence_checks,official_compiled_mineral_occurrence_context,official_compilation_not_independently_field_verified_by_khanan,excluded_context_only,"Broad compiled occurrence geography can overlap source evidence and is not an independent point, assay, reserve, mine or discovery label.",[],"The IBM State Reviews compile information from multiple sources and advise reader discretion. Place lists mix districts, historical names, named belts, fields and basins; occurrence does not establish grade, quantity, continuity, current legality, economics, access or a new discovery."
IBM-IMYB2024-STATE-OCC-0374,SRC_IBM_INDIAN_MINERALS_YEARBOOK_2024_STATE_REVIEWS,v1.0-alpha.22,Odisha,district_list,limestone,"[""group:calcium-and-limestone"",""rock:limestone""]","[""Calcium and limestone"",""Limestone""]","[""calcium"",""calcium carbonate""]",[],"[""calcium"",""calcium carbonate""]","[""Bargarh"",""Koraput"",""Malkangiri"",""Nuapada"",""Sambalpur"",""Sundargarh""]",6,"[217,218]","[202,203]",https://www.ibm.gov.in/writereaddata/files/177426215469c1178a48453IMYB_2024_EBookFinal.pdf,7e4cf991426ac8299ec0a365af68a05a8276f3b81ae2433fb6debd4358550354,2026-03-11,2020-04-01 for the chapter's NMI resource tables; occurrence prose is undated within IMYB 2024,found_on_source_pages,all_found_on_source_pages,curated_page-referenced_transcription_with_machine_text_presence_checks,official_compiled_mineral_occurrence_context,official_compilation_not_independently_field_verified_by_khanan,excluded_context_only,"Broad compiled occurrence geography can overlap source evidence and is not an independent point, assay, reserve, mine or discovery label.",[],"The IBM State Reviews compile information from multiple sources and advise reader discretion. Place lists mix districts, historical names, named belts, fields and basins; occurrence does not establish grade, quantity, continuity, current legality, economics, access or a new discovery."
IBM-IMYB2024-STATE-OCC-0375,SRC_IBM_INDIAN_MINERALS_YEARBOOK_2024_STATE_REVIEWS,v1.0-alpha.22,Odisha,district_list,manganese ore,"[""element:manganese""]","[""Manganese""]","[""manganese""]","[""Mn""]","[""manganese""]","[""Balangir"",""Kendujhar"",""Koraput"",""Rayagada"",""Sambalpur"",""Sundargarh""]",6,"[217,218]","[202,203]",https://www.ibm.gov.in/writereaddata/files/177426215469c1178a48453IMYB_2024_EBookFinal.pdf,7e4cf991426ac8299ec0a365af68a05a8276f3b81ae2433fb6debd4358550354,2026-03-11,2020-04-01 for the chapter's NMI resource tables; occurrence prose is undated within IMYB 2024,found_on_source_pages,all_found_on_source_pages,curated_page-referenced_transcription_with_machine_text_presence_checks,official_compiled_mineral_occurrence_context,official_compilation_not_independently_field_verified_by_khanan,excluded_context_only,"Broad compiled occurrence geography can overlap source evidence and is not an independent point, assay, reserve, mine or discovery label.",[],"The IBM State Reviews compile information from multiple sources and advise reader discretion. Place lists mix districts, historical names, named belts, fields and basins; occurrence does not establish grade, quantity, continuity, current legality, economics, access or a new discovery."
IBM-IMYB2024-STATE-OCC-0376,SRC_IBM_INDIAN_MINERALS_YEARBOOK_2024_STATE_REVIEWS,v1.0-alpha.22,Odisha,district_list,pyrophyllite,"[""mineral:pyrophyllite""]","[""Pyrophyllite""]","[""pyrophyllite""]","[""Al2Si4O10(OH)2""]","[""pyrophyllite""]","[""Kendujhar""]",1,"[217,218]","[202,203]",https://www.ibm.gov.in/writereaddata/files/177426215469c1178a48453IMYB_2024_EBookFinal.pdf,7e4cf991426ac8299ec0a365af68a05a8276f3b81ae2433fb6debd4358550354,2026-03-11,2020-04-01 for the chapter's NMI resource tables; occurrence prose is undated within IMYB 2024,found_on_source_pages,all_found_on_source_pages,curated_page-referenced_transcription_with_machine_text_presence_checks,official_compiled_mineral_occurrence_context,official_compilation_not_independently_field_verified_by_khanan,excluded_context_only,"Broad compiled occurrence geography can overlap source evidence and is not an independent point, assay, reserve, mine or discovery label.",[],"The IBM State Reviews compile information from multiple sources and advise reader discretion. Place lists mix districts, historical names, named belts, fields and basins; occurrence does not establish grade, quantity, continuity, current legality, economics, access or a new discovery."
IBM-IMYB2024-STATE-OCC-0377,SRC_IBM_INDIAN_MINERALS_YEARBOOK_2024_STATE_REVIEWS,v1.0-alpha.22,Odisha,district_list,quartz/silica sand,"[""element:silicon"",""mineral:quartz"",""material:sand-and-gravel-industrial""]","[""Silicon"",""Quartz"",""Sand and gravel (industrial)""]","[""silicon"",""silicon dioxide"",""quartz""]","[""Si"",""SiO2""]","[""silicon"",""silicon dioxide"",""quartz""]","[""Boudh"",""Balangir"",""Kalahandi"",""Sambalpur"",""Sundargarh""]",5,"[217,218]","[202,203]",https://www.ibm.gov.in/writereaddata/files/177426215469c1178a48453IMYB_2024_EBookFinal.pdf,7e4cf991426ac8299ec0a365af68a05a8276f3b81ae2433fb6debd4358550354,2026-03-11,2020-04-01 for the chapter's NMI resource tables; occurrence prose is undated within IMYB 2024,found_on_source_pages,all_found_on_source_pages,curated_page-referenced_transcription_with_machine_text_presence_checks,official_compiled_mineral_occurrence_context,official_compilation_not_independently_field_verified_by_khanan,excluded_context_only,"Broad compiled occurrence geography can overlap source evidence and is not an independent point, assay, reserve, mine or discovery label.",[],"The IBM State Reviews compile information from multiple sources and advise reader discretion. Place lists mix districts, historical names, named belts, fields and basins; occurrence does not establish grade, quantity, continuity, current legality, economics, access or a new discovery."
IBM-IMYB2024-STATE-OCC-0378,SRC_IBM_INDIAN_MINERALS_YEARBOOK_2024_STATE_REVIEWS,v1.0-alpha.22,Odisha,district_list,quartzite,"[""element:silicon"",""rock:quartzite""]","[""Silicon"",""Quartzite""]","[""silicon"",""silicon dioxide""]","[""Si""]","[""silicon"",""silicon dioxide""]","[""Balangir"",""Dhenkanal"",""Jajpur"",""Jharsuguda"",""Kendujhar"",""Mayurbhanj"",""Sambalpur"",""Sundargarh""]",8,"[217,218]","[202,203]",https://www.ibm.gov.in/writereaddata/files/177426215469c1178a48453IMYB_2024_EBookFinal.pdf,7e4cf991426ac8299ec0a365af68a05a8276f3b81ae2433fb6debd4358550354,2026-03-11,2020-04-01 for the chapter's NMI resource tables; occurrence prose is undated within IMYB 2024,found_on_source_pages,all_found_on_source_pages,curated_page-referenced_transcription_with_machine_text_presence_checks,official_compiled_mineral_occurrence_context,official_compilation_not_independently_field_verified_by_khanan,excluded_context_only,"Broad compiled occurrence geography can overlap source evidence and is not an independent point, assay, reserve, mine or discovery label.",[],"The IBM State Reviews compile information from multiple sources and advise reader discretion. Place lists mix districts, historical names, named belts, fields and basins; occurrence does not establish grade, quantity, continuity, current legality, economics, access or a new discovery."
IBM-IMYB2024-STATE-OCC-0379,SRC_IBM_INDIAN_MINERALS_YEARBOOK_2024_STATE_REVIEWS,v1.0-alpha.22,Odisha,district_list,sillimanite,"[""mineral:sillimanite""]","[""Sillimanite""]","[""sillimanite""]","[""Al2SiO5""]","[""sillimanite""]","[""Ganjam"",""Sambalpur""]",2,"[217,218]","[202,203]",https://www.ibm.gov.in/writereaddata/files/177426215469c1178a48453IMYB_2024_EBookFinal.pdf,7e4cf991426ac8299ec0a365af68a05a8276f3b81ae2433fb6debd4358550354,2026-03-11,2020-04-01 for the chapter's NMI resource tables; occurrence prose is undated within IMYB 2024,found_on_source_pages,all_found_on_source_pages,curated_page-referenced_transcription_with_machine_text_presence_checks,official_compiled_mineral_occurrence_context,official_compilation_not_independently_field_verified_by_khanan,excluded_context_only,"Broad compiled occurrence geography can overlap source evidence and is not an independent point, assay, reserve, mine or discovery label.",[],"The IBM State Reviews compile information from multiple sources and advise reader discretion. Place lists mix districts, historical names, named belts, fields and basins; occurrence does not establish grade, quantity, continuity, current legality, economics, access or a new discovery."
IBM-IMYB2024-STATE-OCC-0380,SRC_IBM_INDIAN_MINERALS_YEARBOOK_2024_STATE_REVIEWS,v1.0-alpha.22,Odisha,district_list,talc/steatite/soapstone,"[""mineral:talc""]","[""Talc""]","[""talc""]","[""Mg3Si4O10(OH)2""]","[""talc""]","[""Mayurbhanj"",""Sundargarh"",""Sambalpur""]",3,"[217,218]","[202,203]",https://www.ibm.gov.in/writereaddata/files/177426215469c1178a48453IMYB_2024_EBookFinal.pdf,7e4cf991426ac8299ec0a365af68a05a8276f3b81ae2433fb6debd4358550354,2026-03-11,2020-04-01 for the chapter's NMI resource tables; occurrence prose is undated within IMYB 2024,found_on_source_pages,all_found_on_source_pages,curated_page-referenced_transcription_with_machine_text_presence_checks,official_compiled_mineral_occurrence_context,official_compilation_not_independently_field_verified_by_khanan,excluded_context_only,"Broad compiled occurrence geography can overlap source evidence and is not an independent point, assay, reserve, mine or discovery label.",[],"The IBM State Reviews compile information from multiple sources and advise reader discretion. Place lists mix districts, historical names, named belts, fields and basins; occurrence does not establish grade, quantity, continuity, current legality, economics, access or a new discovery."
IBM-IMYB2024-STATE-OCC-0381,SRC_IBM_INDIAN_MINERALS_YEARBOOK_2024_STATE_REVIEWS,v1.0-alpha.22,Odisha,district_list,titanium minerals,"[""element:titanium"",""ore:titanium-mineral-concentrates""]","[""Titanium"",""Titanium mineral concentrates""]","[""titanium"",""titanium dioxide""]","[""Ti""]","[""titanium"",""titanium dioxide""]","[""Dhenkanal"",""Ganjam"",""Jajpur"",""Mayurbhanj""]",4,"[217,218]","[202,203]",https://www.ibm.gov.in/writereaddata/files/177426215469c1178a48453IMYB_2024_EBookFinal.pdf,7e4cf991426ac8299ec0a365af68a05a8276f3b81ae2433fb6debd4358550354,2026-03-11,2020-04-01 for the chapter's NMI resource tables; occurrence prose is undated within IMYB 2024,found_on_source_pages,all_found_on_source_pages,curated_page-referenced_transcription_with_machine_text_presence_checks,official_compiled_mineral_occurrence_context,official_compilation_not_independently_field_verified_by_khanan,excluded_context_only,"Broad compiled occurrence geography can overlap source evidence and is not an independent point, assay, reserve, mine or discovery label.",[],"The IBM State Reviews compile information from multiple sources and advise reader discretion. Place lists mix districts, historical names, named belts, fields and basins; occurrence does not establish grade, quantity, continuity, current legality, economics, access or a new discovery."
IBM-IMYB2024-STATE-OCC-0382,SRC_IBM_INDIAN_MINERALS_YEARBOOK_2024_STATE_REVIEWS,v1.0-alpha.22,Odisha,district_list,zircon,"[""element:zirconium"",""mineral:zircon""]","[""Zirconium"",""Zircon""]","[""zirconium"",""zircon""]","[""Zr"",""Zr(SiO4)""]","[""zirconium"",""zircon""]","[""Ganjam""]",1,"[217,218]","[202,203]",https://www.ibm.gov.in/writereaddata/files/177426215469c1178a48453IMYB_2024_EBookFinal.pdf,7e4cf991426ac8299ec0a365af68a05a8276f3b81ae2433fb6debd4358550354,2026-03-11,2020-04-01 for the chapter's NMI resource tables; occurrence prose is undated within IMYB 2024,found_on_source_pages,all_found_on_source_pages,curated_page-referenced_transcription_with_machine_text_presence_checks,official_compiled_mineral_occurrence_context,official_compilation_not_independently_field_verified_by_khanan,excluded_context_only,"Broad compiled occurrence geography can overlap source evidence and is not an independent point, assay, reserve, mine or discovery label.",[],"The IBM State Reviews compile information from multiple sources and advise reader discretion. Place lists mix districts, historical names, named belts, fields and basins; occurrence does not establish grade, quantity, continuity, current legality, economics, access or a new discovery."
IBM-IMYB2024-STATE-OCC-0383,SRC_IBM_INDIAN_MINERALS_YEARBOOK_2024_STATE_REVIEWS,v1.0-alpha.22,Odisha,district_list,asbestos,"[""group:asbestos""]","[""Asbestos""]",[],[],"[""Asbestos""]","[""Kendujhar""]",1,"[217,218]","[202,203]",https://www.ibm.gov.in/writereaddata/files/177426215469c1178a48453IMYB_2024_EBookFinal.pdf,7e4cf991426ac8299ec0a365af68a05a8276f3b81ae2433fb6debd4358550354,2026-03-11,2020-04-01 for the chapter's NMI resource tables; occurrence prose is undated within IMYB 2024,found_on_source_pages,all_found_on_source_pages,curated_page-referenced_transcription_with_machine_text_presence_checks,official_compiled_mineral_occurrence_context,official_compilation_not_independently_field_verified_by_khanan,excluded_context_only,"Broad compiled occurrence geography can overlap source evidence and is not an independent point, assay, reserve, mine or discovery label.",[],"The IBM State Reviews compile information from multiple sources and advise reader discretion. Place lists mix districts, historical names, named belts, fields and basins; occurrence does not establish grade, quantity, continuity, current legality, economics, access or a new discovery."
IBM-IMYB2024-STATE-OCC-0384,SRC_IBM_INDIAN_MINERALS_YEARBOOK_2024_STATE_REVIEWS,v1.0-alpha.22,Odisha,district_list,cobalt,"[""element:cobalt""]","[""Cobalt""]","[""cobalt""]","[""Co""]","[""cobalt""]","[""Cuttack"",""Jajpur""]",2,"[217,218]","[202,203]",https://www.ibm.gov.in/writereaddata/files/177426215469c1178a48453IMYB_2024_EBookFinal.pdf,7e4cf991426ac8299ec0a365af68a05a8276f3b81ae2433fb6debd4358550354,2026-03-11,2020-04-01 for the chapter's NMI resource tables; occurrence prose is undated within IMYB 2024,found_on_source_pages,all_found_on_source_pages,curated_page-referenced_transcription_with_machine_text_presence_checks,official_compiled_mineral_occurrence_context,official_compilation_not_independently_field_verified_by_khanan,excluded_context_only,"Broad compiled occurrence geography can overlap source evidence and is not an independent point, assay, reserve, mine or discovery label.",[],"The IBM State Reviews compile information from multiple sources and advise reader discretion. Place lists mix districts, historical names, named belts, fields and basins; occurrence does not establish grade, quantity, continuity, current legality, economics, access or a new discovery."
IBM-IMYB2024-STATE-OCC-0385,SRC_IBM_INDIAN_MINERALS_YEARBOOK_2024_STATE_REVIEWS,v1.0-alpha.22,Odisha,district_list,copper,"[""element:copper""]","[""Copper""]","[""copper""]","[""Cu""]","[""copper""]","[""Mayurbhanj"",""Sambalpur""]",2,"[217,218]","[202,203]",https://www.ibm.gov.in/writereaddata/files/177426215469c1178a48453IMYB_2024_EBookFinal.pdf,7e4cf991426ac8299ec0a365af68a05a8276f3b81ae2433fb6debd4358550354,2026-03-11,2020-04-01 for the chapter's NMI resource tables; occurrence prose is undated within IMYB 2024,found_on_source_pages,all_found_on_source_pages,curated_page-referenced_transcription_with_machine_text_presence_checks,official_compiled_mineral_occurrence_context,official_compilation_not_independently_field_verified_by_khanan,excluded_context_only,"Broad compiled occurrence geography can overlap source evidence and is not an independent point, assay, reserve, mine or discovery label.",[],"The IBM State Reviews compile information from multiple sources and advise reader discretion. Place lists mix districts, historical names, named belts, fields and basins; occurrence does not establish grade, quantity, continuity, current legality, economics, access or a new discovery."
IBM-IMYB2024-STATE-OCC-0386,SRC_IBM_INDIAN_MINERALS_YEARBOOK_2024_STATE_REVIEWS,v1.0-alpha.22,Odisha,district_list,granite,"[""rock:granite""]","[""Granite""]",[],[],"[""Granite""]","[""Angul"",""Boudh"",""Balangir"",""Cuttack"",""Deogarh"",""Dhenkanal"",""Ganjam"",""Kendujhar"",""Khurda"",""Koraput"",""Mayurbhanj"",""Nuapada"",""Rayagada"",""Sambalpur""]",14,"[217,218]","[202,203]",https://www.ibm.gov.in/writereaddata/files/177426215469c1178a48453IMYB_2024_EBookFinal.pdf,7e4cf991426ac8299ec0a365af68a05a8276f3b81ae2433fb6debd4358550354,2026-03-11,2020-04-01 for the chapter's NMI resource tables; occurrence prose is undated within IMYB 2024,found_on_source_pages,all_found_on_source_pages,curated_page-referenced_transcription_with_machine_text_presence_checks,official_compiled_mineral_occurrence_context,official_compilation_not_independently_field_verified_by_khanan,excluded_context_only,"Broad compiled occurrence geography can overlap source evidence and is not an independent point, assay, reserve, mine or discovery label.",[],"The IBM State Reviews compile information from multiple sources and advise reader discretion. Place lists mix districts, historical names, named belts, fields and basins; occurrence does not establish grade, quantity, continuity, current legality, economics, access or a new discovery."
IBM-IMYB2024-STATE-OCC-0387,SRC_IBM_INDIAN_MINERALS_YEARBOOK_2024_STATE_REVIEWS,v1.0-alpha.22,Odisha,district_list,lead,"[""element:lead""]","[""Lead""]","[""lead""]","[""Pb""]","[""lead""]","[""Sundargarh""]",1,"[217,218]","[202,203]",https://www.ibm.gov.in/writereaddata/files/177426215469c1178a48453IMYB_2024_EBookFinal.pdf,7e4cf991426ac8299ec0a365af68a05a8276f3b81ae2433fb6debd4358550354,2026-03-11,2020-04-01 for the chapter's NMI resource tables; occurrence prose is undated within IMYB 2024,found_on_source_pages,all_found_on_source_pages,curated_page-referenced_transcription_with_machine_text_presence_checks,official_compiled_mineral_occurrence_context,official_compilation_not_independently_field_verified_by_khanan,excluded_context_only,"Broad compiled occurrence geography can overlap source evidence and is not an independent point, assay, reserve, mine or discovery label.",[],"The IBM State Reviews compile information from multiple sources and advise reader discretion. Place lists mix districts, historical names, named belts, fields and basins; occurrence does not establish grade, quantity, continuity, current legality, economics, access or a new discovery."
IBM-IMYB2024-STATE-OCC-0388,SRC_IBM_INDIAN_MINERALS_YEARBOOK_2024_STATE_REVIEWS,v1.0-alpha.22,Odisha,district_list,mica,"[""group:mica-group""]","[""Mica group""]",[],[],"[""Mica group""]","[""Sonepur""]",1,"[217,218]","[202,203]",https://www.ibm.gov.in/writereaddata/files/177426215469c1178a48453IMYB_2024_EBookFinal.pdf,7e4cf991426ac8299ec0a365af68a05a8276f3b81ae2433fb6debd4358550354,2026-03-11,2020-04-01 for the chapter's NMI resource tables; occurrence prose is undated within IMYB 2024,found_on_source_pages,all_found_on_source_pages,curated_page-referenced_transcription_with_machine_text_presence_checks,official_compiled_mineral_occurrence_context,official_compilation_not_independently_field_verified_by_khanan,excluded_context_only,"Broad compiled occurrence geography can overlap source evidence and is not an independent point, assay, reserve, mine or discovery label.",[],"The IBM State Reviews compile information from multiple sources and advise reader discretion. Place lists mix districts, historical names, named belts, fields and basins; occurrence does not establish grade, quantity, continuity, current legality, economics, access or a new discovery."
IBM-IMYB2024-STATE-OCC-0389,SRC_IBM_INDIAN_MINERALS_YEARBOOK_2024_STATE_REVIEWS,v1.0-alpha.22,Odisha,district_list,nickel,"[""element:nickel""]","[""Nickel""]","[""nickel""]","[""Ni""]","[""nickel""]","[""Cuttack"",""Kendujhar"",""Mayurbhanj""]",3,"[217,218]","[202,203]",https://www.ibm.gov.in/writereaddata/files/177426215469c1178a48453IMYB_2024_EBookFinal.pdf,7e4cf991426ac8299ec0a365af68a05a8276f3b81ae2433fb6debd4358550354,2026-03-11,2020-04-01 for the chapter's NMI resource tables; occurrence prose is undated within IMYB 2024,found_on_source_pages,all_found_on_source_pages,curated_page-referenced_transcription_with_machine_text_presence_checks,official_compiled_mineral_occurrence_context,official_compilation_not_independently_field_verified_by_khanan,excluded_context_only,"Broad compiled occurrence geography can overlap source evidence and is not an independent point, assay, reserve, mine or discovery label.",[],"The IBM State Reviews compile information from multiple sources and advise reader discretion. Place lists mix districts, historical names, named belts, fields and basins; occurrence does not establish grade, quantity, continuity, current legality, economics, access or a new discovery."
IBM-IMYB2024-STATE-OCC-0390,SRC_IBM_INDIAN_MINERALS_YEARBOOK_2024_STATE_REVIEWS,v1.0-alpha.22,Odisha,district_list,ruby,"[""variety:ruby""]","[""Ruby""]","[""ruby""]","[""Al2O3""]","[""ruby""]","[""Balangir""]",1,"[217,218]","[202,203]",https://www.ibm.gov.in/writereaddata/files/177426215469c1178a48453IMYB_2024_EBookFinal.pdf,7e4cf991426ac8299ec0a365af68a05a8276f3b81ae2433fb6debd4358550354,2026-03-11,2020-04-01 for the chapter's NMI resource tables; occurrence prose is undated within IMYB 2024,found_on_source_pages,all_found_on_source_pages,curated_page-referenced_transcription_with_machine_text_presence_checks,official_compiled_mineral_occurrence_context,official_compilation_not_independently_field_verified_by_khanan,excluded_context_only,"Broad compiled occurrence geography can overlap source evidence and is not an independent point, assay, reserve, mine or discovery label.",[],"The IBM State Reviews compile information from multiple sources and advise reader discretion. Place lists mix districts, historical names, named belts, fields and basins; occurrence does not establish grade, quantity, continuity, current legality, economics, access or a new discovery."
IBM-IMYB2024-STATE-OCC-0391,SRC_IBM_INDIAN_MINERALS_YEARBOOK_2024_STATE_REVIEWS,v1.0-alpha.22,Odisha,district_list,emerald,"[""variety:emerald""]","[""Emerald""]","[""emerald""]","[""Be3Al2Si6O18""]","[""emerald""]","[""Kalahandi""]",1,"[217,218]","[202,203]",https://www.ibm.gov.in/writereaddata/files/177426215469c1178a48453IMYB_2024_EBookFinal.pdf,7e4cf991426ac8299ec0a365af68a05a8276f3b81ae2433fb6debd4358550354,2026-03-11,2020-04-01 for the chapter's NMI resource tables; occurrence prose is undated within IMYB 2024,found_on_source_pages,all_found_on_source_pages,curated_page-referenced_transcription_with_machine_text_presence_checks,official_compiled_mineral_occurrence_context,official_compilation_not_independently_field_verified_by_khanan,excluded_context_only,"Broad compiled occurrence geography can overlap source evidence and is not an independent point, assay, reserve, mine or discovery label.",[],"The IBM State Reviews compile information from multiple sources and advise reader discretion. Place lists mix districts, historical names, named belts, fields and basins; occurrence does not establish grade, quantity, continuity, current legality, economics, access or a new discovery."
IBM-IMYB2024-STATE-OCC-0392,SRC_IBM_INDIAN_MINERALS_YEARBOOK_2024_STATE_REVIEWS,v1.0-alpha.22,Odisha,district_list,platinum group of metals,"[""group:platinum-group-elements""]","[""Platinum-group elements""]","[""platinum"",""palladium"",""rhodium"",""ruthenium"",""iridium"",""osmium""]",[],"[""platinum"",""palladium"",""rhodium"",""ruthenium"",""iridium"",""osmium""]","[""Kendujhar""]",1,"[217,218]","[202,203]",https://www.ibm.gov.in/writereaddata/files/177426215469c1178a48453IMYB_2024_EBookFinal.pdf,7e4cf991426ac8299ec0a365af68a05a8276f3b81ae2433fb6debd4358550354,2026-03-11,2020-04-01 for the chapter's NMI resource tables; occurrence prose is undated within IMYB 2024,found_on_source_pages,all_found_on_source_pages,curated_page-referenced_transcription_with_machine_text_presence_checks,official_compiled_mineral_occurrence_context,official_compilation_not_independently_field_verified_by_khanan,excluded_context_only,"Broad compiled occurrence geography can overlap source evidence and is not an independent point, assay, reserve, mine or discovery label.",[],"The IBM State Reviews compile information from multiple sources and advise reader discretion. Place lists mix districts, historical names, named belts, fields and basins; occurrence does not establish grade, quantity, continuity, current legality, economics, access or a new discovery."
IBM-IMYB2024-STATE-OCC-0393,SRC_IBM_INDIAN_MINERALS_YEARBOOK_2024_STATE_REVIEWS,v1.0-alpha.22,Odisha,district_list,silver,"[""element:silver""]","[""Silver""]","[""silver""]","[""Ag""]","[""silver""]","[""Sundargarh""]",1,"[217,218]","[202,203]",https://www.ibm.gov.in/writereaddata/files/177426215469c1178a48453IMYB_2024_EBookFinal.pdf,7e4cf991426ac8299ec0a365af68a05a8276f3b81ae2433fb6debd4358550354,2026-03-11,2020-04-01 for the chapter's NMI resource tables; occurrence prose is undated within IMYB 2024,found_on_source_pages,all_found_on_source_pages,curated_page-referenced_transcription_with_machine_text_presence_checks,official_compiled_mineral_occurrence_context,official_compilation_not_independently_field_verified_by_khanan,excluded_context_only,"Broad compiled occurrence geography can overlap source evidence and is not an independent point, assay, reserve, mine or discovery label.",[],"The IBM State Reviews compile information from multiple sources and advise reader discretion. Place lists mix districts, historical names, named belts, fields and basins; occurrence does not establish grade, quantity, continuity, current legality, economics, access or a new discovery."
IBM-IMYB2024-STATE-OCC-0394,SRC_IBM_INDIAN_MINERALS_YEARBOOK_2024_STATE_REVIEWS,v1.0-alpha.22,Odisha,district_list,tin,"[""element:tin""]","[""Tin""]","[""tin""]","[""Sn""]","[""tin""]","[""Koraput"",""Malkangiri""]",2,"[217,218]","[202,203]",https://www.ibm.gov.in/writereaddata/files/177426215469c1178a48453IMYB_2024_EBookFinal.pdf,7e4cf991426ac8299ec0a365af68a05a8276f3b81ae2433fb6debd4358550354,2026-03-11,2020-04-01 for the chapter's NMI resource tables; occurrence prose is undated within IMYB 2024,found_on_source_pages,all_found_on_source_pages,curated_page-referenced_transcription_with_machine_text_presence_checks,official_compiled_mineral_occurrence_context,official_compilation_not_independently_field_verified_by_khanan,excluded_context_only,"Broad compiled occurrence geography can overlap source evidence and is not an independent point, assay, reserve, mine or discovery label.",[],"The IBM State Reviews compile information from multiple sources and advise reader discretion. Place lists mix districts, historical names, named belts, fields and basins; occurrence does not establish grade, quantity, continuity, current legality, economics, access or a new discovery."
IBM-IMYB2024-STATE-OCC-0395,SRC_IBM_INDIAN_MINERALS_YEARBOOK_2024_STATE_REVIEWS,v1.0-alpha.22,Odisha,district_list,vanadiferous magnetite,"[""element:vanadium"",""element:iron"",""mineral:magnetite""]","[""Vanadium"",""Iron"",""Magnetite""]","[""vanadium"",""iron"",""magnetite""]","[""V"",""Fe"",""Fe2+Fe3+2O4""]","[""vanadium"",""iron"",""magnetite""]","[""Balasore"",""Mayurbhanj""]",2,"[217,218]","[202,203]",https://www.ibm.gov.in/writereaddata/files/177426215469c1178a48453IMYB_2024_EBookFinal.pdf,7e4cf991426ac8299ec0a365af68a05a8276f3b81ae2433fb6debd4358550354,2026-03-11,2020-04-01 for the chapter's NMI resource tables; occurrence prose is undated within IMYB 2024,found_on_source_pages,all_found_on_source_pages,curated_page-referenced_transcription_with_machine_text_presence_checks,official_compiled_mineral_occurrence_context,official_compilation_not_independently_field_verified_by_khanan,excluded_context_only,"Broad compiled occurrence geography can overlap source evidence and is not an independent point, assay, reserve, mine or discovery label.",[],"The IBM State Reviews compile information from multiple sources and advise reader discretion. Place lists mix districts, historical names, named belts, fields and basins; occurrence does not establish grade, quantity, continuity, current legality, economics, access or a new discovery."
IBM-IMYB2024-STATE-OCC-0396,SRC_IBM_INDIAN_MINERALS_YEARBOOK_2024_STATE_REVIEWS,v1.0-alpha.22,Odisha,named_area_list,chromite,"[""element:chromium"",""mineral:chromite""]","[""Chromium"",""Chromite""]","[""chromium"",""chromite""]","[""Cr"",""Fe2+Cr2O4""]","[""chromium"",""chromite""]","[""Sukinda ultramafic belt"",""Nuasahi ultramafic belt""]",2,"[217,218]","[202,203]",https://www.ibm.gov.in/writereaddata/files/177426215469c1178a48453IMYB_2024_EBookFinal.pdf,7e4cf991426ac8299ec0a365af68a05a8276f3b81ae2433fb6debd4358550354,2026-03-11,2020-04-01 for the chapter's NMI resource tables; occurrence prose is undated within IMYB 2024,found_on_source_pages,all_found_on_source_pages,curated_page-referenced_transcription_with_machine_text_presence_checks,official_compiled_mineral_occurrence_context,official_compilation_not_independently_field_verified_by_khanan,excluded_context_only,"Broad compiled occurrence geography can overlap source evidence and is not an independent point, assay, reserve, mine or discovery label.",[],"The IBM State Reviews compile information from multiple sources and advise reader discretion. Place lists mix districts, historical names, named belts, fields and basins; occurrence does not establish grade, quantity, continuity, current legality, economics, access or a new discovery."
IBM-IMYB2024-STATE-OCC-0397,SRC_IBM_INDIAN_MINERALS_YEARBOOK_2024_STATE_REVIEWS,v1.0-alpha.22,Odisha,named_area_list,coal,"[""commodity:coal""]","[""Coal""]",[],[],"[""Coal""]","[""Ib River Valley"",""Talcher coalfield""]",2,"[217,218]","[202,203]",https://www.ibm.gov.in/writereaddata/files/177426215469c1178a48453IMYB_2024_EBookFinal.pdf,7e4cf991426ac8299ec0a365af68a05a8276f3b81ae2433fb6debd4358550354,2026-03-11,2020-04-01 for the chapter's NMI resource tables; occurrence prose is undated within IMYB 2024,found_on_source_pages,all_found_on_source_pages,curated_page-referenced_transcription_with_machine_text_presence_checks,official_compiled_mineral_occurrence_context,official_compilation_not_independently_field_verified_by_khanan,excluded_context_only,"Broad compiled occurrence geography can overlap source evidence and is not an independent point, assay, reserve, mine or discovery label.",[],"The IBM State Reviews compile information from multiple sources and advise reader discretion. Place lists mix districts, historical names, named belts, fields and basins; occurrence does not establish grade, quantity, continuity, current legality, economics, access or a new discovery."
IBM-IMYB2024-STATE-OCC-0398,SRC_IBM_INDIAN_MINERALS_YEARBOOK_2024_STATE_REVIEWS,v1.0-alpha.22,Odisha,named_area_list,lead,"[""element:lead""]","[""Lead""]","[""lead""]","[""Pb""]","[""lead""]","[""Sargipalli area""]",1,"[217,218]","[202,203]",https://www.ibm.gov.in/writereaddata/files/177426215469c1178a48453IMYB_2024_EBookFinal.pdf,7e4cf991426ac8299ec0a365af68a05a8276f3b81ae2433fb6debd4358550354,2026-03-11,2020-04-01 for the chapter's NMI resource tables; occurrence prose is undated within IMYB 2024,found_on_source_pages,all_found_on_source_pages,curated_page-referenced_transcription_with_machine_text_presence_checks,official_compiled_mineral_occurrence_context,official_compilation_not_independently_field_verified_by_khanan,excluded_context_only,"Broad compiled occurrence geography can overlap source evidence and is not an independent point, assay, reserve, mine or discovery label.",[],"The IBM State Reviews compile information from multiple sources and advise reader discretion. Place lists mix districts, historical names, named belts, fields and basins; occurrence does not establish grade, quantity, continuity, current legality, economics, access or a new discovery."
IBM-IMYB2024-STATE-OCC-0399,SRC_IBM_INDIAN_MINERALS_YEARBOOK_2024_STATE_REVIEWS,v1.0-alpha.22,Punjab,district_list,quartz,"[""element:silicon"",""mineral:quartz""]","[""Silicon"",""Quartz""]","[""silicon"",""silicon dioxide"",""quartz""]","[""Si"",""SiO2""]","[""silicon"",""silicon dioxide"",""quartz""]","[""Hoshiarpur""]",1,[220],[205],https://www.ibm.gov.in/writereaddata/files/177426215469c1178a48453IMYB_2024_EBookFinal.pdf,7e4cf991426ac8299ec0a365af68a05a8276f3b81ae2433fb6debd4358550354,2026-03-11,2020-04-01 for the chapter's NMI resource tables; occurrence prose is undated within IMYB 2024,found_on_source_pages,all_found_on_source_pages,curated_page-referenced_transcription_with_machine_text_presence_checks,official_compiled_mineral_occurrence_context,official_compilation_not_independently_field_verified_by_khanan,excluded_context_only,"Broad compiled occurrence geography can overlap source evidence and is not an independent point, assay, reserve, mine or discovery label.",[],"The IBM State Reviews compile information from multiple sources and advise reader discretion. Place lists mix districts, historical names, named belts, fields and basins; occurrence does not establish grade, quantity, continuity, current legality, economics, access or a new discovery."
IBM-IMYB2024-STATE-OCC-0400,SRC_IBM_INDIAN_MINERALS_YEARBOOK_2024_STATE_REVIEWS,v1.0-alpha.22,Punjab,district_list,silica sand,"[""element:silicon"",""mineral:quartz"",""material:sand-and-gravel-industrial""]","[""Silicon"",""Quartz"",""Sand and gravel (industrial)""]","[""silicon"",""silicon dioxide"",""quartz""]","[""Si"",""SiO2""]","[""silicon"",""silicon dioxide"",""quartz""]","[""Hoshiarpur""]",1,[220],[205],https://www.ibm.gov.in/writereaddata/files/177426215469c1178a48453IMYB_2024_EBookFinal.pdf,7e4cf991426ac8299ec0a365af68a05a8276f3b81ae2433fb6debd4358550354,2026-03-11,2020-04-01 for the chapter's NMI resource tables; occurrence prose is undated within IMYB 2024,found_on_source_pages,all_found_on_source_pages,curated_page-referenced_transcription_with_machine_text_presence_checks,official_compiled_mineral_occurrence_context,official_compilation_not_independently_field_verified_by_khanan,excluded_context_only,"Broad compiled occurrence geography can overlap source evidence and is not an independent point, assay, reserve, mine or discovery label.",[],"The IBM State Reviews compile information from multiple sources and advise reader discretion. Place lists mix districts, historical names, named belts, fields and basins; occurrence does not establish grade, quantity, continuity, current legality, economics, access or a new discovery."
IBM-IMYB2024-STATE-OCC-0401,SRC_IBM_INDIAN_MINERALS_YEARBOOK_2024_STATE_REVIEWS,v1.0-alpha.22,Punjab,district_list,quartzite,"[""element:silicon"",""rock:quartzite""]","[""Silicon"",""Quartzite""]","[""silicon"",""silicon dioxide""]","[""Si""]","[""silicon"",""silicon dioxide""]","[""Hoshiarpur"",""Ropar (Rupnagar)""]",2,[220],[205],https://www.ibm.gov.in/writereaddata/files/177426215469c1178a48453IMYB_2024_EBookFinal.pdf,7e4cf991426ac8299ec0a365af68a05a8276f3b81ae2433fb6debd4358550354,2026-03-11,2020-04-01 for the chapter's NMI resource tables; occurrence prose is undated within IMYB 2024,found_on_source_pages,all_found_on_source_pages,curated_page-referenced_transcription_with_machine_text_presence_checks,official_compiled_mineral_occurrence_context,official_compilation_not_independently_field_verified_by_khanan,excluded_context_only,"Broad compiled occurrence geography can overlap source evidence and is not an independent point, assay, reserve, mine or discovery label.",[],"The IBM State Reviews compile information from multiple sources and advise reader discretion. Place lists mix districts, historical names, named belts, fields and basins; occurrence does not establish grade, quantity, continuity, current legality, economics, access or a new discovery."
IBM-IMYB2024-STATE-OCC-0402,SRC_IBM_INDIAN_MINERALS_YEARBOOK_2024_STATE_REVIEWS,v1.0-alpha.22,Rajasthan,district_list,asbestos (amphibole),"[""group:asbestos""]","[""Asbestos""]",[],[],"[""Asbestos""]","[""Ajmer"",""Bhilwara"",""Dungarpur"",""Pali"",""Rajsamand"",""Udaipur""]",6,"[222,223]","[207,208]",https://www.ibm.gov.in/writereaddata/files/177426215469c1178a48453IMYB_2024_EBookFinal.pdf,7e4cf991426ac8299ec0a365af68a05a8276f3b81ae2433fb6debd4358550354,2026-03-11,2020-04-01 for the chapter's NMI resource tables; occurrence prose is undated within IMYB 2024,found_on_source_pages,all_found_on_source_pages,curated_page-referenced_transcription_with_machine_text_presence_checks,official_compiled_mineral_occurrence_context,official_compilation_not_independently_field_verified_by_khanan,excluded_context_only,"Broad compiled occurrence geography can overlap source evidence and is not an independent point, assay, reserve, mine or discovery label.",[],"The IBM State Reviews compile information from multiple sources and advise reader discretion. Place lists mix districts, historical names, named belts, fields and basins; occurrence does not establish grade, quantity, continuity, current legality, economics, access or a new discovery."
IBM-IMYB2024-STATE-OCC-0403,SRC_IBM_INDIAN_MINERALS_YEARBOOK_2024_STATE_REVIEWS,v1.0-alpha.22,Rajasthan,district_list,ball clay,"[""group:clay""]","[""Clay""]",[],[],"[""Clay""]","[""Bikaner"",""Nagaur"",""Pali""]",3,"[222,223]","[207,208]",https://www.ibm.gov.in/writereaddata/files/177426215469c1178a48453IMYB_2024_EBookFinal.pdf,7e4cf991426ac8299ec0a365af68a05a8276f3b81ae2433fb6debd4358550354,2026-03-11,2020-04-01 for the chapter's NMI resource tables; occurrence prose is undated within IMYB 2024,found_on_source_pages,all_found_on_source_pages,curated_page-referenced_transcription_with_machine_text_presence_checks,official_compiled_mineral_occurrence_context,official_compilation_not_independently_field_verified_by_khanan,excluded_context_only,"Broad compiled occurrence geography can overlap source evidence and is not an independent point, assay, reserve, mine or discovery label.",[],"The IBM State Reviews compile information from multiple sources and advise reader discretion. Place lists mix districts, historical names, named belts, fields and basins; occurrence does not establish grade, quantity, continuity, current legality, economics, access or a new discovery."
IBM-IMYB2024-STATE-OCC-0404,SRC_IBM_INDIAN_MINERALS_YEARBOOK_2024_STATE_REVIEWS,v1.0-alpha.22,Rajasthan,district_list,barytes,"[""mineral:baryte""]","[""Baryte""]","[""baryte""]","[""Ba(SO4)""]","[""baryte""]","[""Alwar"",""Bharatpur"",""Bhilwara"",""Bundi"",""Chittorgarh"",""Jalore"",""Pali"",""Rajsamand"",""Sikar"",""Udaipur""]",10,"[222,223]","[207,208]",https://www.ibm.gov.in/writereaddata/files/177426215469c1178a48453IMYB_2024_EBookFinal.pdf,7e4cf991426ac8299ec0a365af68a05a8276f3b81ae2433fb6debd4358550354,2026-03-11,2020-04-01 for the chapter's NMI resource tables; occurrence prose is undated within IMYB 2024,found_on_source_pages,all_found_on_source_pages,curated_page-referenced_transcription_with_machine_text_presence_checks,official_compiled_mineral_occurrence_context,official_compilation_not_independently_field_verified_by_khanan,excluded_context_only,"Broad compiled occurrence geography can overlap source evidence and is not an independent point, assay, reserve, mine or discovery label.",[],"The IBM State Reviews compile information from multiple sources and advise reader discretion. Place lists mix districts, historical names, named belts, fields and basins; occurrence does not establish grade, quantity, continuity, current legality, economics, access or a new discovery."
IBM-IMYB2024-STATE-OCC-0405,SRC_IBM_INDIAN_MINERALS_YEARBOOK_2024_STATE_REVIEWS,v1.0-alpha.22,Rajasthan,district_list,calcite,"[""group:calcium-and-limestone"",""mineral:calcite""]","[""Calcium and limestone"",""Calcite""]","[""calcium"",""calcium carbonate"",""calcite""]","[""Ca(CO3)""]","[""calcium"",""calcium carbonate"",""calcite""]","[""Ajmer"",""Alwar"",""Bhilwara"",""Jaipur"",""Jhunjhunu"",""Pali"",""Sikar"",""Sirohi"",""Udaipur""]",9,"[222,223]","[207,208]",https://www.ibm.gov.in/writereaddata/files/177426215469c1178a48453IMYB_2024_EBookFinal.pdf,7e4cf991426ac8299ec0a365af68a05a8276f3b81ae2433fb6debd4358550354,2026-03-11,2020-04-01 for the chapter's NMI resource tables; occurrence prose is undated within IMYB 2024,found_on_source_pages,all_found_on_source_pages,curated_page-referenced_transcription_with_machine_text_presence_checks,official_compiled_mineral_occurrence_context,official_compilation_not_independently_field_verified_by_khanan,excluded_context_only,"Broad compiled occurrence geography can overlap source evidence and is not an independent point, assay, reserve, mine or discovery label.",[],"The IBM State Reviews compile information from multiple sources and advise reader discretion. Place lists mix districts, historical names, named belts, fields and basins; occurrence does not establish grade, quantity, continuity, current legality, economics, access or a new discovery."
IBM-IMYB2024-STATE-OCC-0406,SRC_IBM_INDIAN_MINERALS_YEARBOOK_2024_STATE_REVIEWS,v1.0-alpha.22,Rajasthan,district_list,china clay,"[""group:kaolin"",""mineral:kaolinite""]","[""Kaolin"",""Kaolinite""]","[""kaolinite"",""aluminium silicate hydroxide""]","[""Al2Si2O5(OH)4""]","[""kaolinite"",""aluminium silicate hydroxide""]","[""Ajmer"",""Barmer"",""Bharatpur"",""Bhilwara"",""Bikaner"",""Bundi"",""Chittorgarh"",""Dausa"",""Jaipur"",""Jaisalmer"",""Jhunjhunu"",""Kota"",""Nagaur"",""Pali"",""Sawai Madhopur"",""Udaipur""]",16,"[222,223]","[207,208]",https://www.ibm.gov.in/writereaddata/files/177426215469c1178a48453IMYB_2024_EBookFinal.pdf,7e4cf991426ac8299ec0a365af68a05a8276f3b81ae2433fb6debd4358550354,2026-03-11,2020-04-01 for the chapter's NMI resource tables; occurrence prose is undated within IMYB 2024,found_on_source_pages,all_found_on_source_pages,curated_page-referenced_transcription_with_machine_text_presence_checks,official_compiled_mineral_occurrence_context,official_compilation_not_independently_field_verified_by_khanan,excluded_context_only,"Broad compiled occurrence geography can overlap source evidence and is not an independent point, assay, reserve, mine or discovery label.",[],"The IBM State Reviews compile information from multiple sources and advise reader discretion. Place lists mix districts, historical names, named belts, fields and basins; occurrence does not establish grade, quantity, continuity, current legality, economics, access or a new discovery."
IBM-IMYB2024-STATE-OCC-0407,SRC_IBM_INDIAN_MINERALS_YEARBOOK_2024_STATE_REVIEWS,v1.0-alpha.22,Rajasthan,district_list,copper,"[""element:copper""]","[""Copper""]","[""copper""]","[""Cu""]","[""copper""]","[""Ajmer"",""Alwar"",""Bharatpur"",""Bhilwara"",""Bundi"",""Chittorgarh"",""Dausa"",""Dungarpur"",""Jaipur"",""Jhunjhunu"",""Pali"",""Rajsamand"",""Sikar"",""Sirohi"",""Udaipur""]",15,"[222,223]","[207,208]",https://www.ibm.gov.in/writereaddata/files/177426215469c1178a48453IMYB_2024_EBookFinal.pdf,7e4cf991426ac8299ec0a365af68a05a8276f3b81ae2433fb6debd4358550354,2026-03-11,2020-04-01 for the chapter's NMI resource tables; occurrence prose is undated within IMYB 2024,found_on_source_pages,all_found_on_source_pages,curated_page-referenced_transcription_with_machine_text_presence_checks,official_compiled_mineral_occurrence_context,official_compilation_not_independently_field_verified_by_khanan,excluded_context_only,"Broad compiled occurrence geography can overlap source evidence and is not an independent point, assay, reserve, mine or discovery label.",[],"The IBM State Reviews compile information from multiple sources and advise reader discretion. Place lists mix districts, historical names, named belts, fields and basins; occurrence does not establish grade, quantity, continuity, current legality, economics, access or a new discovery."
IBM-IMYB2024-STATE-OCC-0408,SRC_IBM_INDIAN_MINERALS_YEARBOOK_2024_STATE_REVIEWS,v1.0-alpha.22,Rajasthan,district_list,dolomite,"[""mineral:dolomite""]","[""Dolomite""]","[""dolomite""]","[""CaMg(CO3)2""]","[""dolomite""]","[""Ajmer"",""Alwar"",""Bhilwara"",""Chittorgarh"",""Dausa"",""Jaipur"",""Jaisalmer"",""Jhunjhunu"",""Jodhpur"",""Sikar"",""Udaipur""]",11,"[222,223]","[207,208]",https://www.ibm.gov.in/writereaddata/files/177426215469c1178a48453IMYB_2024_EBookFinal.pdf,7e4cf991426ac8299ec0a365af68a05a8276f3b81ae2433fb6debd4358550354,2026-03-11,2020-04-01 for the chapter's NMI resource tables; occurrence prose is undated within IMYB 2024,found_on_source_pages,all_found_on_source_pages,curated_page-referenced_transcription_with_machine_text_presence_checks,official_compiled_mineral_occurrence_context,official_compilation_not_independently_field_verified_by_khanan,excluded_context_only,"Broad compiled occurrence geography can overlap source evidence and is not an independent point, assay, reserve, mine or discovery label.",[],"The IBM State Reviews compile information from multiple sources and advise reader discretion. Place lists mix districts, historical names, named belts, fields and basins; occurrence does not establish grade, quantity, continuity, current legality, economics, access or a new discovery."
IBM-IMYB2024-STATE-OCC-0409,SRC_IBM_INDIAN_MINERALS_YEARBOOK_2024_STATE_REVIEWS,v1.0-alpha.22,Rajasthan,district_list,felspar,"[""group:feldspar-group""]","[""Feldspar group""]",[],[],"[""Feldspar group""]","[""Ajmer"",""Alwar"",""Bhilwara"",""Jaipur"",""Pali"",""Rajsamand"",""Sikar"",""Tonk"",""Udaipur""]",9,"[222,223]","[207,208]",https://www.ibm.gov.in/writereaddata/files/177426215469c1178a48453IMYB_2024_EBookFinal.pdf,7e4cf991426ac8299ec0a365af68a05a8276f3b81ae2433fb6debd4358550354,2026-03-11,2020-04-01 for the chapter's NMI resource tables; occurrence prose is undated within IMYB 2024,found_on_source_pages,all_found_on_source_pages,curated_page-referenced_transcription_with_machine_text_presence_checks,official_compiled_mineral_occurrence_context,official_compilation_not_independently_field_verified_by_khanan,excluded_context_only,"Broad compiled occurrence geography can overlap source evidence and is not an independent point, assay, reserve, mine or discovery label.",[],"The IBM State Reviews compile information from multiple sources and advise reader discretion. Place lists mix districts, historical names, named belts, fields and basins; occurrence does not establish grade, quantity, continuity, current legality, economics, access or a new discovery."
IBM-IMYB2024-STATE-OCC-0410,SRC_IBM_INDIAN_MINERALS_YEARBOOK_2024_STATE_REVIEWS,v1.0-alpha.22,Rajasthan,district_list,fireclay,"[""material:fire-clay"",""group:clay""]","[""Fire clay"",""Clay""]",[],[],"[""Fire clay"",""Clay""]","[""Alwar"",""Barmer"",""Bharatpur"",""Bhilwara"",""Bikaner"",""Dausa"",""Jaisalmer"",""Jhunjhunu"",""Sawai Madhopur""]",9,"[222,223]","[207,208]",https://www.ibm.gov.in/writereaddata/files/177426215469c1178a48453IMYB_2024_EBookFinal.pdf,7e4cf991426ac8299ec0a365af68a05a8276f3b81ae2433fb6debd4358550354,2026-03-11,2020-04-01 for the chapter's NMI resource tables; occurrence prose is undated within IMYB 2024,found_on_source_pages,all_found_on_source_pages,curated_page-referenced_transcription_with_machine_text_presence_checks,official_compiled_mineral_occurrence_context,official_compilation_not_independently_field_verified_by_khanan,excluded_context_only,"Broad compiled occurrence geography can overlap source evidence and is not an independent point, assay, reserve, mine or discovery label.",[],"The IBM State Reviews compile information from multiple sources and advise reader discretion. Place lists mix districts, historical names, named belts, fields and basins; occurrence does not establish grade, quantity, continuity, current legality, economics, access or a new discovery."
IBM-IMYB2024-STATE-OCC-0411,SRC_IBM_INDIAN_MINERALS_YEARBOOK_2024_STATE_REVIEWS,v1.0-alpha.22,Rajasthan,district_list,fluorspar,"[""element:fluorine"",""mineral:fluorite""]","[""Fluorine"",""Fluorite""]","[""fluorine"",""calcium fluoride"",""fluorite""]","[""F"",""CaF2""]","[""fluorine"",""calcium fluoride"",""fluorite""]","[""Ajmer"",""Dungarpur"",""Jalore"",""Jhunjhunu"",""Sikar"",""Sirohi"",""Udaipur""]",7,"[222,223]","[207,208]",https://www.ibm.gov.in/writereaddata/files/177426215469c1178a48453IMYB_2024_EBookFinal.pdf,7e4cf991426ac8299ec0a365af68a05a8276f3b81ae2433fb6debd4358550354,2026-03-11,2020-04-01 for the chapter's NMI resource tables; occurrence prose is undated within IMYB 2024,found_on_source_pages,all_found_on_source_pages,curated_page-referenced_transcription_with_machine_text_presence_checks,official_compiled_mineral_occurrence_context,official_compilation_not_independently_field_verified_by_khanan,excluded_context_only,"Broad compiled occurrence geography can overlap source evidence and is not an independent point, assay, reserve, mine or discovery label.",[],"The IBM State Reviews compile information from multiple sources and advise reader discretion. Place lists mix districts, historical names, named belts, fields and basins; occurrence does not establish grade, quantity, continuity, current legality, economics, access or a new discovery."
IBM-IMYB2024-STATE-OCC-0412,SRC_IBM_INDIAN_MINERALS_YEARBOOK_2024_STATE_REVIEWS,v1.0-alpha.22,Rajasthan,district_list,garnet,"[""group:garnet-group""]","[""Garnet group""]",[],[],"[""Garnet group""]","[""Ajmer"",""Bhilwara"",""Jhunjhunu"",""Sikar"",""Tonk""]",5,"[222,223]","[207,208]",https://www.ibm.gov.in/writereaddata/files/177426215469c1178a48453IMYB_2024_EBookFinal.pdf,7e4cf991426ac8299ec0a365af68a05a8276f3b81ae2433fb6debd4358550354,2026-03-11,2020-04-01 for the chapter's NMI resource tables; occurrence prose is undated within IMYB 2024,found_on_source_pages,all_found_on_source_pages,curated_page-referenced_transcription_with_machine_text_presence_checks,official_compiled_mineral_occurrence_context,official_compilation_not_independently_field_verified_by_khanan,excluded_context_only,"Broad compiled occurrence geography can overlap source evidence and is not an independent point, assay, reserve, mine or discovery label.",[],"The IBM State Reviews compile information from multiple sources and advise reader discretion. Place lists mix districts, historical names, named belts, fields and basins; occurrence does not establish grade, quantity, continuity, current legality, economics, access or a new discovery."
IBM-IMYB2024-STATE-OCC-0413,SRC_IBM_INDIAN_MINERALS_YEARBOOK_2024_STATE_REVIEWS,v1.0-alpha.22,Rajasthan,district_list,gypsum,"[""mineral:gypsum""]","[""Gypsum""]","[""gypsum""]","[""Ca(SO4)(H2O)2""]","[""gypsum""]","[""Barmer"",""Bikaner"",""Churu"",""Sri Ganganagar"",""Hanumangarh"",""Jaisalmer"",""Jalore"",""Nagaur"",""Pali""]",9,"[222,223]","[207,208]",https://www.ibm.gov.in/writereaddata/files/177426215469c1178a48453IMYB_2024_EBookFinal.pdf,7e4cf991426ac8299ec0a365af68a05a8276f3b81ae2433fb6debd4358550354,2026-03-11,2020-04-01 for the chapter's NMI resource tables; occurrence prose is undated within IMYB 2024,found_on_source_pages,all_found_on_source_pages,curated_page-referenced_transcription_with_machine_text_presence_checks,official_compiled_mineral_occurrence_context,official_compilation_not_independently_field_verified_by_khanan,excluded_context_only,"Broad compiled occurrence geography can overlap source evidence and is not an independent point, assay, reserve, mine or discovery label.",[],"The IBM State Reviews compile information from multiple sources and advise reader discretion. Place lists mix districts, historical names, named belts, fields and basins; occurrence does not establish grade, quantity, continuity, current legality, economics, access or a new discovery."
IBM-IMYB2024-STATE-OCC-0414,SRC_IBM_INDIAN_MINERALS_YEARBOOK_2024_STATE_REVIEWS,v1.0-alpha.22,Rajasthan,district_list,iron ore (haematite),"[""element:iron"",""ore:iron-ore"",""mineral:hematite""]","[""Iron"",""Iron ore"",""Hematite""]","[""iron"",""hematite""]","[""Fe"",""Fe2O3""]","[""iron"",""hematite""]","[""Alwar"",""Dausa"",""Jaipur"",""Jhunjhunu"",""Sikar"",""Udaipur""]",6,"[222,223]","[207,208]",https://www.ibm.gov.in/writereaddata/files/177426215469c1178a48453IMYB_2024_EBookFinal.pdf,7e4cf991426ac8299ec0a365af68a05a8276f3b81ae2433fb6debd4358550354,2026-03-11,2020-04-01 for the chapter's NMI resource tables; occurrence prose is undated within IMYB 2024,found_on_source_pages,all_found_on_source_pages,curated_page-referenced_transcription_with_machine_text_presence_checks,official_compiled_mineral_occurrence_context,official_compilation_not_independently_field_verified_by_khanan,excluded_context_only,"Broad compiled occurrence geography can overlap source evidence and is not an independent point, assay, reserve, mine or discovery label.",[],"The IBM State Reviews compile information from multiple sources and advise reader discretion. Place lists mix districts, historical names, named belts, fields and basins; occurrence does not establish grade, quantity, continuity, current legality, economics, access or a new discovery."
IBM-IMYB2024-STATE-OCC-0415,SRC_IBM_INDIAN_MINERALS_YEARBOOK_2024_STATE_REVIEWS,v1.0-alpha.22,Rajasthan,district_list,iron ore (magnetite),"[""element:iron"",""ore:iron-ore"",""mineral:magnetite""]","[""Iron"",""Iron ore"",""Magnetite""]","[""iron"",""magnetite""]","[""Fe"",""Fe2+Fe3+2O4""]","[""iron"",""magnetite""]","[""Bhilwara"",""Jhunjhunu"",""Sikar""]",3,"[222,223]","[207,208]",https://www.ibm.gov.in/writereaddata/files/177426215469c1178a48453IMYB_2024_EBookFinal.pdf,7e4cf991426ac8299ec0a365af68a05a8276f3b81ae2433fb6debd4358550354,2026-03-11,2020-04-01 for the chapter's NMI resource tables; occurrence prose is undated within IMYB 2024,found_on_source_pages,all_found_on_source_pages,curated_page-referenced_transcription_with_machine_text_presence_checks,official_compiled_mineral_occurrence_context,official_compilation_not_independently_field_verified_by_khanan,excluded_context_only,"Broad compiled occurrence geography can overlap source evidence and is not an independent point, assay, reserve, mine or discovery label.",[],"The IBM State Reviews compile information from multiple sources and advise reader discretion. Place lists mix districts, historical names, named belts, fields and basins; occurrence does not establish grade, quantity, continuity, current legality, economics, access or a new discovery."
IBM-IMYB2024-STATE-OCC-0416,SRC_IBM_INDIAN_MINERALS_YEARBOOK_2024_STATE_REVIEWS,v1.0-alpha.22,Rajasthan,district_list,lead-zinc,"[""element:lead"",""element:zinc""]","[""Lead"",""Zinc""]","[""lead"",""zinc""]","[""Pb"",""Zn""]","[""lead"",""zinc""]","[""Ajmer"",""Bhilwara"",""Chittorgarh"",""Pali"",""Rajsamand"",""Sirohi"",""Udaipur""]",7,"[222,223]","[207,208]",https://www.ibm.gov.in/writereaddata/files/177426215469c1178a48453IMYB_2024_EBookFinal.pdf,7e4cf991426ac8299ec0a365af68a05a8276f3b81ae2433fb6debd4358550354,2026-03-11,2020-04-01 for the chapter's NMI resource tables; occurrence prose is undated within IMYB 2024,found_on_source_pages,all_found_on_source_pages,curated_page-referenced_transcription_with_machine_text_presence_checks,official_compiled_mineral_occurrence_context,official_compilation_not_independently_field_verified_by_khanan,excluded_context_only,"Broad compiled occurrence geography can overlap source evidence and is not an independent point, assay, reserve, mine or discovery label.",[],"The IBM State Reviews compile information from multiple sources and advise reader discretion. Place lists mix districts, historical names, named belts, fields and basins; occurrence does not establish grade, quantity, continuity, current legality, economics, access or a new discovery."
IBM-IMYB2024-STATE-OCC-0417,SRC_IBM_INDIAN_MINERALS_YEARBOOK_2024_STATE_REVIEWS,v1.0-alpha.22,Rajasthan,district_list,lignite,"[""commodity:lignite""]","[""Lignite""]",[],[],"[""Lignite""]","[""Barmer"",""Bikaner"",""Jaisalmer"",""Jalore"",""Nagaur"",""Pali""]",6,"[222,223]","[207,208]",https://www.ibm.gov.in/writereaddata/files/177426215469c1178a48453IMYB_2024_EBookFinal.pdf,7e4cf991426ac8299ec0a365af68a05a8276f3b81ae2433fb6debd4358550354,2026-03-11,2020-04-01 for the chapter's NMI resource tables; occurrence prose is undated within IMYB 2024,found_on_source_pages,all_found_on_source_pages,curated_page-referenced_transcription_with_machine_text_presence_checks,official_compiled_mineral_occurrence_context,official_compilation_not_independently_field_verified_by_khanan,excluded_context_only,"Broad compiled occurrence geography can overlap source evidence and is not an independent point, assay, reserve, mine or discovery label.",[],"The IBM State Reviews compile information from multiple sources and advise reader discretion. Place lists mix districts, historical names, named belts, fields and basins; occurrence does not establish grade, quantity, continuity, current legality, economics, access or a new discovery."
IBM-IMYB2024-STATE-OCC-0418,SRC_IBM_INDIAN_MINERALS_YEARBOOK_2024_STATE_REVIEWS,v1.0-alpha.22,Rajasthan,district_list,limestone,"[""group:calcium-and-limestone"",""rock:limestone""]","[""Calcium and limestone"",""Limestone""]","[""calcium"",""calcium carbonate""]",[],"[""calcium"",""calcium carbonate""]","[""Ajmer"",""Alwar"",""Banswara"",""Bhilwara"",""Bikaner"",""Bundi"",""Chittorgarh"",""Churu"",""Dungarpur"",""Jaipur"",""Jaisalmer"",""Jodhpur"",""Jhunjhunu"",""Kota"",""Nagaur"",""Pali"",""Sawai Madhopur"",""Sikar"",""Sirohi"",""Udaipur""]",20,"[222,223]","[207,208]",https://www.ibm.gov.in/writereaddata/files/177426215469c1178a48453IMYB_2024_EBookFinal.pdf,7e4cf991426ac8299ec0a365af68a05a8276f3b81ae2433fb6debd4358550354,2026-03-11,2020-04-01 for the chapter's NMI resource tables; occurrence prose is undated within IMYB 2024,found_on_source_pages,all_found_on_source_pages,curated_page-referenced_transcription_with_machine_text_presence_checks,official_compiled_mineral_occurrence_context,official_compilation_not_independently_field_verified_by_khanan,excluded_context_only,"Broad compiled occurrence geography can overlap source evidence and is not an independent point, assay, reserve, mine or discovery label.",[],"The IBM State Reviews compile information from multiple sources and advise reader discretion. Place lists mix districts, historical names, named belts, fields and basins; occurrence does not establish grade, quantity, continuity, current legality, economics, access or a new discovery."
IBM-IMYB2024-STATE-OCC-0419,SRC_IBM_INDIAN_MINERALS_YEARBOOK_2024_STATE_REVIEWS,v1.0-alpha.22,Rajasthan,district_list,magnesite,"[""element:magnesium"",""mineral:magnesite""]","[""Magnesium"",""Magnesite""]","[""magnesium"",""magnesium carbonate"",""magnesite""]","[""Mg"",""Mg(CO3)""]","[""magnesium"",""magnesium carbonate"",""magnesite""]","[""Ajmer"",""Dungarpur"",""Pali"",""Udaipur""]",4,"[222,223]","[207,208]",https://www.ibm.gov.in/writereaddata/files/177426215469c1178a48453IMYB_2024_EBookFinal.pdf,7e4cf991426ac8299ec0a365af68a05a8276f3b81ae2433fb6debd4358550354,2026-03-11,2020-04-01 for the chapter's NMI resource tables; occurrence prose is undated within IMYB 2024,found_on_source_pages,all_found_on_source_pages,curated_page-referenced_transcription_with_machine_text_presence_checks,official_compiled_mineral_occurrence_context,official_compilation_not_independently_field_verified_by_khanan,excluded_context_only,"Broad compiled occurrence geography can overlap source evidence and is not an independent point, assay, reserve, mine or discovery label.",[],"The IBM State Reviews compile information from multiple sources and advise reader discretion. Place lists mix districts, historical names, named belts, fields and basins; occurrence does not establish grade, quantity, continuity, current legality, economics, access or a new discovery."
IBM-IMYB2024-STATE-OCC-0420,SRC_IBM_INDIAN_MINERALS_YEARBOOK_2024_STATE_REVIEWS,v1.0-alpha.22,Rajasthan,district_list,marble,"[""group:calcium-and-limestone""]","[""Calcium and limestone""]","[""calcium"",""calcium carbonate""]",[],"[""calcium"",""calcium carbonate""]","[""Ajmer"",""Alwar"",""Banswara"",""Bhilwara"",""Bundi"",""Chittorgarh"",""Dungarpur"",""Jaipur"",""Nagaur"",""Sikar"",""Sirohi"",""Udaipur""]",12,"[222,223]","[207,208]",https://www.ibm.gov.in/writereaddata/files/177426215469c1178a48453IMYB_2024_EBookFinal.pdf,7e4cf991426ac8299ec0a365af68a05a8276f3b81ae2433fb6debd4358550354,2026-03-11,2020-04-01 for the chapter's NMI resource tables; occurrence prose is undated within IMYB 2024,found_on_source_pages,all_found_on_source_pages,curated_page-referenced_transcription_with_machine_text_presence_checks,official_compiled_mineral_occurrence_context,official_compilation_not_independently_field_verified_by_khanan,excluded_context_only,"Broad compiled occurrence geography can overlap source evidence and is not an independent point, assay, reserve, mine or discovery label.",[],"The IBM State Reviews compile information from multiple sources and advise reader discretion. Place lists mix districts, historical names, named belts, fields and basins; occurrence does not establish grade, quantity, continuity, current legality, economics, access or a new discovery."
IBM-IMYB2024-STATE-OCC-0421,SRC_IBM_INDIAN_MINERALS_YEARBOOK_2024_STATE_REVIEWS,v1.0-alpha.22,Rajasthan,district_list,mica,"[""group:mica-group""]","[""Mica group""]",[],[],"[""Mica group""]","[""Ajmer"",""Bhilwara""]",2,"[222,223]","[207,208]",https://www.ibm.gov.in/writereaddata/files/177426215469c1178a48453IMYB_2024_EBookFinal.pdf,7e4cf991426ac8299ec0a365af68a05a8276f3b81ae2433fb6debd4358550354,2026-03-11,2020-04-01 for the chapter's NMI resource tables; occurrence prose is undated within IMYB 2024,found_on_source_pages,all_found_on_source_pages,curated_page-referenced_transcription_with_machine_text_presence_checks,official_compiled_mineral_occurrence_context,official_compilation_not_independently_field_verified_by_khanan,excluded_context_only,"Broad compiled occurrence geography can overlap source evidence and is not an independent point, assay, reserve, mine or discovery label.",[],"The IBM State Reviews compile information from multiple sources and advise reader discretion. Place lists mix districts, historical names, named belts, fields and basins; occurrence does not establish grade, quantity, continuity, current legality, economics, access or a new discovery."
IBM-IMYB2024-STATE-OCC-0422,SRC_IBM_INDIAN_MINERALS_YEARBOOK_2024_STATE_REVIEWS,v1.0-alpha.22,Rajasthan,district_list,ochre,"[""material:ochre"",""material:iron-oxide-pigments""]","[""Ochre"",""Iron oxide pigments""]",[],[],"[""Ochre"",""Iron oxide pigments""]","[""Baran"",""Bharatpur"",""Bhilwara"",""Bikaner"",""Chittorgarh"",""Jaipur"",""Sawai Madhopur"",""Udaipur""]",8,"[222,223]","[207,208]",https://www.ibm.gov.in/writereaddata/files/177426215469c1178a48453IMYB_2024_EBookFinal.pdf,7e4cf991426ac8299ec0a365af68a05a8276f3b81ae2433fb6debd4358550354,2026-03-11,2020-04-01 for the chapter's NMI resource tables; occurrence prose is undated within IMYB 2024,found_on_source_pages,all_found_on_source_pages,curated_page-referenced_transcription_with_machine_text_presence_checks,official_compiled_mineral_occurrence_context,official_compilation_not_independently_field_verified_by_khanan,excluded_context_only,"Broad compiled occurrence geography can overlap source evidence and is not an independent point, assay, reserve, mine or discovery label.",[],"The IBM State Reviews compile information from multiple sources and advise reader discretion. Place lists mix districts, historical names, named belts, fields and basins; occurrence does not establish grade, quantity, continuity, current legality, economics, access or a new discovery."
IBM-IMYB2024-STATE-OCC-0423,SRC_IBM_INDIAN_MINERALS_YEARBOOK_2024_STATE_REVIEWS,v1.0-alpha.22,Rajasthan,district_list,pyrite,"[""mineral:pyrite""]","[""Pyrite""]","[""pyrite""]","[""FeS2""]","[""pyrite""]","[""Sikar""]",1,"[222,223]","[207,208]",https://www.ibm.gov.in/writereaddata/files/177426215469c1178a48453IMYB_2024_EBookFinal.pdf,7e4cf991426ac8299ec0a365af68a05a8276f3b81ae2433fb6debd4358550354,2026-03-11,2020-04-01 for the chapter's NMI resource tables; occurrence prose is undated within IMYB 2024,found_on_source_pages,all_found_on_source_pages,curated_page-referenced_transcription_with_machine_text_presence_checks,official_compiled_mineral_occurrence_context,official_compilation_not_independently_field_verified_by_khanan,excluded_context_only,"Broad compiled occurrence geography can overlap source evidence and is not an independent point, assay, reserve, mine or discovery label.",[],"The IBM State Reviews compile information from multiple sources and advise reader discretion. Place lists mix districts, historical names, named belts, fields and basins; occurrence does not establish grade, quantity, continuity, current legality, economics, access or a new discovery."
IBM-IMYB2024-STATE-OCC-0424,SRC_IBM_INDIAN_MINERALS_YEARBOOK_2024_STATE_REVIEWS,v1.0-alpha.22,Rajasthan,district_list,pyrophyllite,"[""mineral:pyrophyllite""]","[""Pyrophyllite""]","[""pyrophyllite""]","[""Al2Si4O10(OH)2""]","[""pyrophyllite""]","[""Alwar"",""Bhilwara"",""Jhunjhunu"",""Rajsamand"",""Udaipur""]",5,"[222,223]","[207,208]",https://www.ibm.gov.in/writereaddata/files/177426215469c1178a48453IMYB_2024_EBookFinal.pdf,7e4cf991426ac8299ec0a365af68a05a8276f3b81ae2433fb6debd4358550354,2026-03-11,2020-04-01 for the chapter's NMI resource tables; occurrence prose is undated within IMYB 2024,found_on_source_pages,all_found_on_source_pages,curated_page-referenced_transcription_with_machine_text_presence_checks,official_compiled_mineral_occurrence_context,official_compilation_not_independently_field_verified_by_khanan,excluded_context_only,"Broad compiled occurrence geography can overlap source evidence and is not an independent point, assay, reserve, mine or discovery label.",[],"The IBM State Reviews compile information from multiple sources and advise reader discretion. Place lists mix districts, historical names, named belts, fields and basins; occurrence does not establish grade, quantity, continuity, current legality, economics, access or a new discovery."
IBM-IMYB2024-STATE-OCC-0425,SRC_IBM_INDIAN_MINERALS_YEARBOOK_2024_STATE_REVIEWS,v1.0-alpha.22,Rajasthan,district_list,quartz/silica sand,"[""element:silicon"",""mineral:quartz"",""material:sand-and-gravel-industrial""]","[""Silicon"",""Quartz"",""Sand and gravel (industrial)""]","[""silicon"",""silicon dioxide"",""quartz""]","[""Si"",""SiO2""]","[""silicon"",""silicon dioxide"",""quartz""]","[""Ajmer"",""Alwar"",""Bharatpur"",""Bhilwara"",""Bikaner"",""Bundi"",""Chittorgarh"",""Dausa"",""Jaipur"",""Jaisalmer"",""Jhunjhunu"",""Jodhpur"",""Kota"",""Pali"",""Rajsamand"",""Sawai Madhopur"",""Sikar"",""Sirohi"",""Tonk"",""Udaipur""]",20,"[222,223]","[207,208]",https://www.ibm.gov.in/writereaddata/files/177426215469c1178a48453IMYB_2024_EBookFinal.pdf,7e4cf991426ac8299ec0a365af68a05a8276f3b81ae2433fb6debd4358550354,2026-03-11,2020-04-01 for the chapter's NMI resource tables; occurrence prose is undated within IMYB 2024,found_on_source_pages,all_found_on_source_pages,curated_page-referenced_transcription_with_machine_text_presence_checks,official_compiled_mineral_occurrence_context,official_compilation_not_independently_field_verified_by_khanan,excluded_context_only,"Broad compiled occurrence geography can overlap source evidence and is not an independent point, assay, reserve, mine or discovery label.",[],"The IBM State Reviews compile information from multiple sources and advise reader discretion. Place lists mix districts, historical names, named belts, fields and basins; occurrence does not establish grade, quantity, continuity, current legality, economics, access or a new discovery."
IBM-IMYB2024-STATE-OCC-0426,SRC_IBM_INDIAN_MINERALS_YEARBOOK_2024_STATE_REVIEWS,v1.0-alpha.22,Rajasthan,district_list,quartzite,"[""element:silicon"",""rock:quartzite""]","[""Silicon"",""Quartzite""]","[""silicon"",""silicon dioxide""]","[""Si""]","[""silicon"",""silicon dioxide""]","[""Ajmer"",""Alwar"",""Jhunjhunu"",""Sawai Madhopur""]",4,"[222,223]","[207,208]",https://www.ibm.gov.in/writereaddata/files/177426215469c1178a48453IMYB_2024_EBookFinal.pdf,7e4cf991426ac8299ec0a365af68a05a8276f3b81ae2433fb6debd4358550354,2026-03-11,2020-04-01 for the chapter's NMI resource tables; occurrence prose is undated within IMYB 2024,found_on_source_pages,all_found_on_source_pages,curated_page-referenced_transcription_with_machine_text_presence_checks,official_compiled_mineral_occurrence_context,official_compilation_not_independently_field_verified_by_khanan,excluded_context_only,"Broad compiled occurrence geography can overlap source evidence and is not an independent point, assay, reserve, mine or discovery label.",[],"The IBM State Reviews compile information from multiple sources and advise reader discretion. Place lists mix districts, historical names, named belts, fields and basins; occurrence does not establish grade, quantity, continuity, current legality, economics, access or a new discovery."
IBM-IMYB2024-STATE-OCC-0427,SRC_IBM_INDIAN_MINERALS_YEARBOOK_2024_STATE_REVIEWS,v1.0-alpha.22,Rajasthan,district_list,rock phosphate,"[""element:phosphorus"",""ore:phosphorite""]","[""Phosphorus"",""Phosphorite""]","[""phosphorus""]","[""P""]","[""phosphorus""]","[""Alwar"",""Banswara"",""Jaipur"",""Jaisalmer"",""Udaipur""]",5,"[222,223]","[207,208]",https://www.ibm.gov.in/writereaddata/files/177426215469c1178a48453IMYB_2024_EBookFinal.pdf,7e4cf991426ac8299ec0a365af68a05a8276f3b81ae2433fb6debd4358550354,2026-03-11,2020-04-01 for the chapter's NMI resource tables; occurrence prose is undated within IMYB 2024,found_on_source_pages,all_found_on_source_pages,curated_page-referenced_transcription_with_machine_text_presence_checks,official_compiled_mineral_occurrence_context,official_compilation_not_independently_field_verified_by_khanan,excluded_context_only,"Broad compiled occurrence geography can overlap source evidence and is not an independent point, assay, reserve, mine or discovery label.",[],"The IBM State Reviews compile information from multiple sources and advise reader discretion. Place lists mix districts, historical names, named belts, fields and basins; occurrence does not establish grade, quantity, continuity, current legality, economics, access or a new discovery."
IBM-IMYB2024-STATE-OCC-0428,SRC_IBM_INDIAN_MINERALS_YEARBOOK_2024_STATE_REVIEWS,v1.0-alpha.22,Rajasthan,district_list,talc/steatite/soapstone,"[""mineral:talc""]","[""Talc""]","[""talc""]","[""Mg3Si4O10(OH)2""]","[""talc""]","[""Ajmer"",""Alwar"",""Banswara"",""Bharatpur"",""Bhilwara"",""Chittorgarh"",""Dausa"",""Dungarpur"",""Jaipur"",""Jhunjhunu"",""Karauli"",""Pali"",""Rajsamand"",""Sawai Madhopur"",""Sirohi"",""Tonk"",""Udaipur""]",17,"[222,223]","[207,208]",https://www.ibm.gov.in/writereaddata/files/177426215469c1178a48453IMYB_2024_EBookFinal.pdf,7e4cf991426ac8299ec0a365af68a05a8276f3b81ae2433fb6debd4358550354,2026-03-11,2020-04-01 for the chapter's NMI resource tables; occurrence prose is undated within IMYB 2024,found_on_source_pages,all_found_on_source_pages,curated_page-referenced_transcription_with_machine_text_presence_checks,official_compiled_mineral_occurrence_context,official_compilation_not_independently_field_verified_by_khanan,excluded_context_only,"Broad compiled occurrence geography can overlap source evidence and is not an independent point, assay, reserve, mine or discovery label.",[],"The IBM State Reviews compile information from multiple sources and advise reader discretion. Place lists mix districts, historical names, named belts, fields and basins; occurrence does not establish grade, quantity, continuity, current legality, economics, access or a new discovery."
IBM-IMYB2024-STATE-OCC-0429,SRC_IBM_INDIAN_MINERALS_YEARBOOK_2024_STATE_REVIEWS,v1.0-alpha.22,Rajasthan,district_list,vermiculite,"[""mineral:vermiculite""]","[""Vermiculite""]","[""vermiculite""]","[""Mg0.7(Mg,Fe,Al)6(Si,Al)8O20(OH)4·8H2O""]","[""vermiculite""]","[""Ajmer"",""Barmer""]",2,"[222,223]","[207,208]",https://www.ibm.gov.in/writereaddata/files/177426215469c1178a48453IMYB_2024_EBookFinal.pdf,7e4cf991426ac8299ec0a365af68a05a8276f3b81ae2433fb6debd4358550354,2026-03-11,2020-04-01 for the chapter's NMI resource tables; occurrence prose is undated within IMYB 2024,found_on_source_pages,all_found_on_source_pages,curated_page-referenced_transcription_with_machine_text_presence_checks,official_compiled_mineral_occurrence_context,official_compilation_not_independently_field_verified_by_khanan,excluded_context_only,"Broad compiled occurrence geography can overlap source evidence and is not an independent point, assay, reserve, mine or discovery label.",[],"The IBM State Reviews compile information from multiple sources and advise reader discretion. Place lists mix districts, historical names, named belts, fields and basins; occurrence does not establish grade, quantity, continuity, current legality, economics, access or a new discovery."
IBM-IMYB2024-STATE-OCC-0430,SRC_IBM_INDIAN_MINERALS_YEARBOOK_2024_STATE_REVIEWS,v1.0-alpha.22,Rajasthan,district_list,wollastonite,"[""mineral:wollastonite""]","[""Wollastonite""]","[""wollastonite""]","[""CaSiO3""]","[""wollastonite""]","[""Ajmer"",""Dungarpur"",""Pali"",""Sirohi"",""Udaipur""]",5,"[222,223]","[207,208]",https://www.ibm.gov.in/writereaddata/files/177426215469c1178a48453IMYB_2024_EBookFinal.pdf,7e4cf991426ac8299ec0a365af68a05a8276f3b81ae2433fb6debd4358550354,2026-03-11,2020-04-01 for the chapter's NMI resource tables; occurrence prose is undated within IMYB 2024,found_on_source_pages,all_found_on_source_pages,curated_page-referenced_transcription_with_machine_text_presence_checks,official_compiled_mineral_occurrence_context,official_compilation_not_independently_field_verified_by_khanan,excluded_context_only,"Broad compiled occurrence geography can overlap source evidence and is not an independent point, assay, reserve, mine or discovery label.",[],"The IBM State Reviews compile information from multiple sources and advise reader discretion. Place lists mix districts, historical names, named belts, fields and basins; occurrence does not establish grade, quantity, continuity, current legality, economics, access or a new discovery."
IBM-IMYB2024-STATE-OCC-0431,SRC_IBM_INDIAN_MINERALS_YEARBOOK_2024_STATE_REVIEWS,v1.0-alpha.22,Rajasthan,district_list,apatite,"[""group:apatite-group""]","[""Apatite group""]",[],[],"[""Apatite group""]","[""Udaipur"",""Sikar""]",2,"[222,223]","[207,208]",https://www.ibm.gov.in/writereaddata/files/177426215469c1178a48453IMYB_2024_EBookFinal.pdf,7e4cf991426ac8299ec0a365af68a05a8276f3b81ae2433fb6debd4358550354,2026-03-11,2020-04-01 for the chapter's NMI resource tables; occurrence prose is undated within IMYB 2024,found_on_source_pages,all_found_on_source_pages,curated_page-referenced_transcription_with_machine_text_presence_checks,official_compiled_mineral_occurrence_context,official_compilation_not_independently_field_verified_by_khanan,excluded_context_only,"Broad compiled occurrence geography can overlap source evidence and is not an independent point, assay, reserve, mine or discovery label.",[],"The IBM State Reviews compile information from multiple sources and advise reader discretion. Place lists mix districts, historical names, named belts, fields and basins; occurrence does not establish grade, quantity, continuity, current legality, economics, access or a new discovery."
IBM-IMYB2024-STATE-OCC-0432,SRC_IBM_INDIAN_MINERALS_YEARBOOK_2024_STATE_REVIEWS,v1.0-alpha.22,Rajasthan,district_list,bauxite,"[""element:aluminium"",""ore:bauxite""]","[""Aluminium"",""Bauxite""]","[""aluminium""]","[""Al""]","[""aluminium""]","[""Kota""]",1,"[222,223]","[207,208]",https://www.ibm.gov.in/writereaddata/files/177426215469c1178a48453IMYB_2024_EBookFinal.pdf,7e4cf991426ac8299ec0a365af68a05a8276f3b81ae2433fb6debd4358550354,2026-03-11,2020-04-01 for the chapter's NMI resource tables; occurrence prose is undated within IMYB 2024,found_on_source_pages,all_found_on_source_pages,curated_page-referenced_transcription_with_machine_text_presence_checks,official_compiled_mineral_occurrence_context,official_compilation_not_independently_field_verified_by_khanan,excluded_context_only,"Broad compiled occurrence geography can overlap source evidence and is not an independent point, assay, reserve, mine or discovery label.",[],"The IBM State Reviews compile information from multiple sources and advise reader discretion. Place lists mix districts, historical names, named belts, fields and basins; occurrence does not establish grade, quantity, continuity, current legality, economics, access or a new discovery."
IBM-IMYB2024-STATE-OCC-0433,SRC_IBM_INDIAN_MINERALS_YEARBOOK_2024_STATE_REVIEWS,v1.0-alpha.22,Rajasthan,district_list,bentonite,"[""mineral:montmorillonite"",""group:clay""]","[""Montmorillonite"",""Clay""]","[""montmorillonite""]","[""(Na,Ca)0.3(Al,Mg)2Si4O10(OH)2·nH2O""]","[""montmorillonite""]","[""Barmer"",""Jaisalmer"",""Jhalawar""]",3,"[222,223]","[207,208]",https://www.ibm.gov.in/writereaddata/files/177426215469c1178a48453IMYB_2024_EBookFinal.pdf,7e4cf991426ac8299ec0a365af68a05a8276f3b81ae2433fb6debd4358550354,2026-03-11,2020-04-01 for the chapter's NMI resource tables; occurrence prose is undated within IMYB 2024,found_on_source_pages,all_found_on_source_pages,curated_page-referenced_transcription_with_machine_text_presence_checks,official_compiled_mineral_occurrence_context,official_compilation_not_independently_field_verified_by_khanan,excluded_context_only,"Broad compiled occurrence geography can overlap source evidence and is not an independent point, assay, reserve, mine or discovery label.",[],"The IBM State Reviews compile information from multiple sources and advise reader discretion. Place lists mix districts, historical names, named belts, fields and basins; occurrence does not establish grade, quantity, continuity, current legality, economics, access or a new discovery."
IBM-IMYB2024-STATE-OCC-0434,SRC_IBM_INDIAN_MINERALS_YEARBOOK_2024_STATE_REVIEWS,v1.0-alpha.22,Rajasthan,district_list,corundum,"[""mineral:corundum""]","[""Corundum""]","[""corundum""]","[""Al2O3""]","[""corundum""]","[""Tonk""]",1,"[222,223]","[207,208]",https://www.ibm.gov.in/writereaddata/files/177426215469c1178a48453IMYB_2024_EBookFinal.pdf,7e4cf991426ac8299ec0a365af68a05a8276f3b81ae2433fb6debd4358550354,2026-03-11,2020-04-01 for the chapter's NMI resource tables; occurrence prose is undated within IMYB 2024,found_on_source_pages,all_found_on_source_pages,curated_page-referenced_transcription_with_machine_text_presence_checks,official_compiled_mineral_occurrence_context,official_compilation_not_independently_field_verified_by_khanan,excluded_context_only,"Broad compiled occurrence geography can overlap source evidence and is not an independent point, assay, reserve, mine or discovery label.",[],"The IBM State Reviews compile information from multiple sources and advise reader discretion. Place lists mix districts, historical names, named belts, fields and basins; occurrence does not establish grade, quantity, continuity, current legality, economics, access or a new discovery."
IBM-IMYB2024-STATE-OCC-0435,SRC_IBM_INDIAN_MINERALS_YEARBOOK_2024_STATE_REVIEWS,v1.0-alpha.22,Rajasthan,district_list,diatomite,"[""rock:diatomite""]","[""Diatomite""]",[],[],"[""Diatomite""]","[""Barmer"",""Jaisalmer""]",2,"[222,223]","[207,208]",https://www.ibm.gov.in/writereaddata/files/177426215469c1178a48453IMYB_2024_EBookFinal.pdf,7e4cf991426ac8299ec0a365af68a05a8276f3b81ae2433fb6debd4358550354,2026-03-11,2020-04-01 for the chapter's NMI resource tables; occurrence prose is undated within IMYB 2024,found_on_source_pages,all_found_on_source_pages,curated_page-referenced_transcription_with_machine_text_presence_checks,official_compiled_mineral_occurrence_context,official_compilation_not_independently_field_verified_by_khanan,excluded_context_only,"Broad compiled occurrence geography can overlap source evidence and is not an independent point, assay, reserve, mine or discovery label.",[],"The IBM State Reviews compile information from multiple sources and advise reader discretion. Place lists mix districts, historical names, named belts, fields and basins; occurrence does not establish grade, quantity, continuity, current legality, economics, access or a new discovery."
IBM-IMYB2024-STATE-OCC-0436,SRC_IBM_INDIAN_MINERALS_YEARBOOK_2024_STATE_REVIEWS,v1.0-alpha.22,Rajasthan,district_list,emerald,"[""variety:emerald""]","[""Emerald""]","[""emerald""]","[""Be3Al2Si6O18""]","[""emerald""]","[""Ajmer"",""Rajsamand""]",2,"[222,223]","[207,208]",https://www.ibm.gov.in/writereaddata/files/177426215469c1178a48453IMYB_2024_EBookFinal.pdf,7e4cf991426ac8299ec0a365af68a05a8276f3b81ae2433fb6debd4358550354,2026-03-11,2020-04-01 for the chapter's NMI resource tables; occurrence prose is undated within IMYB 2024,found_on_source_pages,all_found_on_source_pages,curated_page-referenced_transcription_with_machine_text_presence_checks,official_compiled_mineral_occurrence_context,official_compilation_not_independently_field_verified_by_khanan,excluded_context_only,"Broad compiled occurrence geography can overlap source evidence and is not an independent point, assay, reserve, mine or discovery label.",[],"The IBM State Reviews compile information from multiple sources and advise reader discretion. Place lists mix districts, historical names, named belts, fields and basins; occurrence does not establish grade, quantity, continuity, current legality, economics, access or a new discovery."
IBM-IMYB2024-STATE-OCC-0437,SRC_IBM_INDIAN_MINERALS_YEARBOOK_2024_STATE_REVIEWS,v1.0-alpha.22,Rajasthan,district_list,fuller's earth,"[""group:clay""]","[""Clay""]",[],[],"[""Clay""]","[""Barmer"",""Bikaner"",""Jodhpur""]",3,"[222,223]","[207,208]",https://www.ibm.gov.in/writereaddata/files/177426215469c1178a48453IMYB_2024_EBookFinal.pdf,7e4cf991426ac8299ec0a365af68a05a8276f3b81ae2433fb6debd4358550354,2026-03-11,2020-04-01 for the chapter's NMI resource tables; occurrence prose is undated within IMYB 2024,found_on_source_pages,all_found_on_source_pages,curated_page-referenced_transcription_with_machine_text_presence_checks,official_compiled_mineral_occurrence_context,official_compilation_not_independently_field_verified_by_khanan,excluded_context_only,"Broad compiled occurrence geography can overlap source evidence and is not an independent point, assay, reserve, mine or discovery label.",[],"The IBM State Reviews compile information from multiple sources and advise reader discretion. Place lists mix districts, historical names, named belts, fields and basins; occurrence does not establish grade, quantity, continuity, current legality, economics, access or a new discovery."
IBM-IMYB2024-STATE-OCC-0438,SRC_IBM_INDIAN_MINERALS_YEARBOOK_2024_STATE_REVIEWS,v1.0-alpha.22,Rajasthan,district_list,gold,"[""element:gold""]","[""Gold""]","[""gold""]","[""Au""]","[""gold""]","[""Banswara"",""Bhilwara"",""Dausa"",""Sirohi"",""Udaipur""]",5,"[222,223]","[207,208]",https://www.ibm.gov.in/writereaddata/files/177426215469c1178a48453IMYB_2024_EBookFinal.pdf,7e4cf991426ac8299ec0a365af68a05a8276f3b81ae2433fb6debd4358550354,2026-03-11,2020-04-01 for the chapter's NMI resource tables; occurrence prose is undated within IMYB 2024,found_on_source_pages,all_found_on_source_pages,curated_page-referenced_transcription_with_machine_text_presence_checks,official_compiled_mineral_occurrence_context,official_compilation_not_independently_field_verified_by_khanan,excluded_context_only,"Broad compiled occurrence geography can overlap source evidence and is not an independent point, assay, reserve, mine or discovery label.",[],"The IBM State Reviews compile information from multiple sources and advise reader discretion. Place lists mix districts, historical names, named belts, fields and basins; occurrence does not establish grade, quantity, continuity, current legality, economics, access or a new discovery."
IBM-IMYB2024-STATE-OCC-0439,SRC_IBM_INDIAN_MINERALS_YEARBOOK_2024_STATE_REVIEWS,v1.0-alpha.22,Rajasthan,district_list,granite,"[""rock:granite""]","[""Granite""]",[],[],"[""Granite""]","[""Ajmer"",""Alwar"",""Banswara"",""Barmer"",""Bhilwara"",""Chittorgarh"",""Jaipur"",""Jaisalmer"",""Jalore"",""Jhunjhunu"",""Jodhpur"",""Pali"",""Rajsamand"",""Sawai Madhopur"",""Sikar"",""Sirohi"",""Tonk"",""Udaipur""]",18,"[222,223]","[207,208]",https://www.ibm.gov.in/writereaddata/files/177426215469c1178a48453IMYB_2024_EBookFinal.pdf,7e4cf991426ac8299ec0a365af68a05a8276f3b81ae2433fb6debd4358550354,2026-03-11,2020-04-01 for the chapter's NMI resource tables; occurrence prose is undated within IMYB 2024,found_on_source_pages,all_found_on_source_pages,curated_page-referenced_transcription_with_machine_text_presence_checks,official_compiled_mineral_occurrence_context,official_compilation_not_independently_field_verified_by_khanan,excluded_context_only,"Broad compiled occurrence geography can overlap source evidence and is not an independent point, assay, reserve, mine or discovery label.",[],"The IBM State Reviews compile information from multiple sources and advise reader discretion. Place lists mix districts, historical names, named belts, fields and basins; occurrence does not establish grade, quantity, continuity, current legality, economics, access or a new discovery."
IBM-IMYB2024-STATE-OCC-0440,SRC_IBM_INDIAN_MINERALS_YEARBOOK_2024_STATE_REVIEWS,v1.0-alpha.22,Rajasthan,district_list,graphite,"[""mineral:graphite""]","[""Graphite""]","[""carbon""]","[""C""]","[""carbon""]","[""Ajmer"",""Alwar"",""Banswara""]",3,"[222,223]","[207,208]",https://www.ibm.gov.in/writereaddata/files/177426215469c1178a48453IMYB_2024_EBookFinal.pdf,7e4cf991426ac8299ec0a365af68a05a8276f3b81ae2433fb6debd4358550354,2026-03-11,2020-04-01 for the chapter's NMI resource tables; occurrence prose is undated within IMYB 2024,found_on_source_pages,all_found_on_source_pages,curated_page-referenced_transcription_with_machine_text_presence_checks,official_compiled_mineral_occurrence_context,official_compilation_not_independently_field_verified_by_khanan,excluded_context_only,"Broad compiled occurrence geography can overlap source evidence and is not an independent point, assay, reserve, mine or discovery label.",[],"The IBM State Reviews compile information from multiple sources and advise reader discretion. Place lists mix districts, historical names, named belts, fields and basins; occurrence does not establish grade, quantity, continuity, current legality, economics, access or a new discovery."
IBM-IMYB2024-STATE-OCC-0441,SRC_IBM_INDIAN_MINERALS_YEARBOOK_2024_STATE_REVIEWS,v1.0-alpha.22,Rajasthan,district_list,kyanite,"[""mineral:kyanite""]","[""Kyanite""]","[""kyanite""]","[""Al2OSiO4""]","[""kyanite""]","[""Udaipur""]",1,"[222,223]","[207,208]",https://www.ibm.gov.in/writereaddata/files/177426215469c1178a48453IMYB_2024_EBookFinal.pdf,7e4cf991426ac8299ec0a365af68a05a8276f3b81ae2433fb6debd4358550354,2026-03-11,2020-04-01 for the chapter's NMI resource tables; occurrence prose is undated within IMYB 2024,found_on_source_pages,all_found_on_source_pages,curated_page-referenced_transcription_with_machine_text_presence_checks,official_compiled_mineral_occurrence_context,official_compilation_not_independently_field_verified_by_khanan,excluded_context_only,"Broad compiled occurrence geography can overlap source evidence and is not an independent point, assay, reserve, mine or discovery label.",[],"The IBM State Reviews compile information from multiple sources and advise reader discretion. Place lists mix districts, historical names, named belts, fields and basins; occurrence does not establish grade, quantity, continuity, current legality, economics, access or a new discovery."
IBM-IMYB2024-STATE-OCC-0442,SRC_IBM_INDIAN_MINERALS_YEARBOOK_2024_STATE_REVIEWS,v1.0-alpha.22,Rajasthan,district_list,sillimanite,"[""mineral:sillimanite""]","[""Sillimanite""]","[""sillimanite""]","[""Al2SiO5""]","[""sillimanite""]","[""Udaipur""]",1,"[222,223]","[207,208]",https://www.ibm.gov.in/writereaddata/files/177426215469c1178a48453IMYB_2024_EBookFinal.pdf,7e4cf991426ac8299ec0a365af68a05a8276f3b81ae2433fb6debd4358550354,2026-03-11,2020-04-01 for the chapter's NMI resource tables; occurrence prose is undated within IMYB 2024,found_on_source_pages,all_found_on_source_pages,curated_page-referenced_transcription_with_machine_text_presence_checks,official_compiled_mineral_occurrence_context,official_compilation_not_independently_field_verified_by_khanan,excluded_context_only,"Broad compiled occurrence geography can overlap source evidence and is not an independent point, assay, reserve, mine or discovery label.",[],"The IBM State Reviews compile information from multiple sources and advise reader discretion. Place lists mix districts, historical names, named belts, fields and basins; occurrence does not establish grade, quantity, continuity, current legality, economics, access or a new discovery."
IBM-IMYB2024-STATE-OCC-0443,SRC_IBM_INDIAN_MINERALS_YEARBOOK_2024_STATE_REVIEWS,v1.0-alpha.22,Rajasthan,district_list,manganese ore,"[""element:manganese""]","[""Manganese""]","[""manganese""]","[""Mn""]","[""manganese""]","[""Banswara"",""Jaipur"",""Pali""]",3,"[222,223]","[207,208]",https://www.ibm.gov.in/writereaddata/files/177426215469c1178a48453IMYB_2024_EBookFinal.pdf,7e4cf991426ac8299ec0a365af68a05a8276f3b81ae2433fb6debd4358550354,2026-03-11,2020-04-01 for the chapter's NMI resource tables; occurrence prose is undated within IMYB 2024,found_on_source_pages,all_found_on_source_pages,curated_page-referenced_transcription_with_machine_text_presence_checks,official_compiled_mineral_occurrence_context,official_compilation_not_independently_field_verified_by_khanan,excluded_context_only,"Broad compiled occurrence geography can overlap source evidence and is not an independent point, assay, reserve, mine or discovery label.",[],"The IBM State Reviews compile information from multiple sources and advise reader discretion. Place lists mix districts, historical names, named belts, fields and basins; occurrence does not establish grade, quantity, continuity, current legality, economics, access or a new discovery."
IBM-IMYB2024-STATE-OCC-0444,SRC_IBM_INDIAN_MINERALS_YEARBOOK_2024_STATE_REVIEWS,v1.0-alpha.22,Rajasthan,district_list,potash,"[""group:potash""]","[""Potash""]","[""potassium chloride"",""potassium sulfate""]",[],"[""potassium chloride"",""potassium sulfate""]","[""Jaisalmer"",""Nagaur""]",2,"[222,223]","[207,208]",https://www.ibm.gov.in/writereaddata/files/177426215469c1178a48453IMYB_2024_EBookFinal.pdf,7e4cf991426ac8299ec0a365af68a05a8276f3b81ae2433fb6debd4358550354,2026-03-11,2020-04-01 for the chapter's NMI resource tables; occurrence prose is undated within IMYB 2024,found_on_source_pages,all_found_on_source_pages,curated_page-referenced_transcription_with_machine_text_presence_checks,official_compiled_mineral_occurrence_context,official_compilation_not_independently_field_verified_by_khanan,excluded_context_only,"Broad compiled occurrence geography can overlap source evidence and is not an independent point, assay, reserve, mine or discovery label.",[],"The IBM State Reviews compile information from multiple sources and advise reader discretion. Place lists mix districts, historical names, named belts, fields and basins; occurrence does not establish grade, quantity, continuity, current legality, economics, access or a new discovery."
IBM-IMYB2024-STATE-OCC-0445,SRC_IBM_INDIAN_MINERALS_YEARBOOK_2024_STATE_REVIEWS,v1.0-alpha.22,Rajasthan,district_list,silver,"[""element:silver""]","[""Silver""]","[""silver""]","[""Ag""]","[""silver""]","[""Ajmer"",""Bhilwara"",""Jhunjhunu"",""Rajsamand"",""Sikar"",""Udaipur""]",6,"[222,223]","[207,208]",https://www.ibm.gov.in/writereaddata/files/177426215469c1178a48453IMYB_2024_EBookFinal.pdf,7e4cf991426ac8299ec0a365af68a05a8276f3b81ae2433fb6debd4358550354,2026-03-11,2020-04-01 for the chapter's NMI resource tables; occurrence prose is undated within IMYB 2024,found_on_source_pages,all_found_on_source_pages,curated_page-referenced_transcription_with_machine_text_presence_checks,official_compiled_mineral_occurrence_context,official_compilation_not_independently_field_verified_by_khanan,excluded_context_only,"Broad compiled occurrence geography can overlap source evidence and is not an independent point, assay, reserve, mine or discovery label.",[],"The IBM State Reviews compile information from multiple sources and advise reader discretion. Place lists mix districts, historical names, named belts, fields and basins; occurrence does not establish grade, quantity, continuity, current legality, economics, access or a new discovery."
IBM-IMYB2024-STATE-OCC-0446,SRC_IBM_INDIAN_MINERALS_YEARBOOK_2024_STATE_REVIEWS,v1.0-alpha.22,Rajasthan,district_list,tungsten,"[""element:tungsten""]","[""Tungsten""]","[""tungsten""]","[""W""]","[""tungsten""]","[""Nagaur"",""Sirohi""]",2,"[222,223]","[207,208]",https://www.ibm.gov.in/writereaddata/files/177426215469c1178a48453IMYB_2024_EBookFinal.pdf,7e4cf991426ac8299ec0a365af68a05a8276f3b81ae2433fb6debd4358550354,2026-03-11,2020-04-01 for the chapter's NMI resource tables; occurrence prose is undated within IMYB 2024,found_on_source_pages,all_found_on_source_pages,curated_page-referenced_transcription_with_machine_text_presence_checks,official_compiled_mineral_occurrence_context,official_compilation_not_independently_field_verified_by_khanan,excluded_context_only,"Broad compiled occurrence geography can overlap source evidence and is not an independent point, assay, reserve, mine or discovery label.",[],"The IBM State Reviews compile information from multiple sources and advise reader discretion. Place lists mix districts, historical names, named belts, fields and basins; occurrence does not establish grade, quantity, continuity, current legality, economics, access or a new discovery."
IBM-IMYB2024-STATE-OCC-0447,SRC_IBM_INDIAN_MINERALS_YEARBOOK_2024_STATE_REVIEWS,v1.0-alpha.22,Rajasthan,named_area_list,copper,"[""element:copper""]","[""Copper""]","[""copper""]","[""Cu""]","[""copper""]","[""Khetri belt"",""Dariba""]",2,"[222,223]","[207,208]",https://www.ibm.gov.in/writereaddata/files/177426215469c1178a48453IMYB_2024_EBookFinal.pdf,7e4cf991426ac8299ec0a365af68a05a8276f3b81ae2433fb6debd4358550354,2026-03-11,2020-04-01 for the chapter's NMI resource tables; occurrence prose is undated within IMYB 2024,found_on_source_pages,all_found_on_source_pages,curated_page-referenced_transcription_with_machine_text_presence_checks,official_compiled_mineral_occurrence_context,official_compilation_not_independently_field_verified_by_khanan,excluded_context_only,"Broad compiled occurrence geography can overlap source evidence and is not an independent point, assay, reserve, mine or discovery label.",[],"The IBM State Reviews compile information from multiple sources and advise reader discretion. Place lists mix districts, historical names, named belts, fields and basins; occurrence does not establish grade, quantity, continuity, current legality, economics, access or a new discovery."
IBM-IMYB2024-STATE-OCC-0448,SRC_IBM_INDIAN_MINERALS_YEARBOOK_2024_STATE_REVIEWS,v1.0-alpha.22,Rajasthan,named_area_list,lead-zinc,"[""element:lead"",""element:zinc""]","[""Lead"",""Zinc""]","[""lead"",""zinc""]","[""Pb"",""Zn""]","[""lead"",""zinc""]","[""Zawar"",""Bamnia Kalan"",""Rajpura-Dariba"",""Rampura-Agucha""]",4,"[222,223]","[207,208]",https://www.ibm.gov.in/writereaddata/files/177426215469c1178a48453IMYB_2024_EBookFinal.pdf,7e4cf991426ac8299ec0a365af68a05a8276f3b81ae2433fb6debd4358550354,2026-03-11,2020-04-01 for the chapter's NMI resource tables; occurrence prose is undated within IMYB 2024,found_on_source_pages,all_found_on_source_pages,curated_page-referenced_transcription_with_machine_text_presence_checks,official_compiled_mineral_occurrence_context,official_compilation_not_independently_field_verified_by_khanan,excluded_context_only,"Broad compiled occurrence geography can overlap source evidence and is not an independent point, assay, reserve, mine or discovery label.",[],"The IBM State Reviews compile information from multiple sources and advise reader discretion. Place lists mix districts, historical names, named belts, fields and basins; occurrence does not establish grade, quantity, continuity, current legality, economics, access or a new discovery."
IBM-IMYB2024-STATE-OCC-0449,SRC_IBM_INDIAN_MINERALS_YEARBOOK_2024_STATE_REVIEWS,v1.0-alpha.22,Rajasthan,named_area_list,limestone,"[""group:calcium-and-limestone"",""rock:limestone""]","[""Calcium and limestone"",""Limestone""]","[""calcium"",""calcium carbonate""]",[],"[""calcium"",""calcium carbonate""]","[""flux-grade districts"",""chemical-grade districts"",""cement-grade districts""]",3,"[222,223]","[207,208]",https://www.ibm.gov.in/writereaddata/files/177426215469c1178a48453IMYB_2024_EBookFinal.pdf,7e4cf991426ac8299ec0a365af68a05a8276f3b81ae2433fb6debd4358550354,2026-03-11,2020-04-01 for the chapter's NMI resource tables; occurrence prose is undated within IMYB 2024,found_on_source_pages,all_found_on_source_pages,curated_page-referenced_transcription_with_machine_text_presence_checks,official_compiled_mineral_occurrence_context,official_compilation_not_independently_field_verified_by_khanan,excluded_context_only,"Broad compiled occurrence geography can overlap source evidence and is not an independent point, assay, reserve, mine or discovery label.",[],"The IBM State Reviews compile information from multiple sources and advise reader discretion. Place lists mix districts, historical names, named belts, fields and basins; occurrence does not establish grade, quantity, continuity, current legality, economics, access or a new discovery."
IBM-IMYB2024-STATE-OCC-0450,SRC_IBM_INDIAN_MINERALS_YEARBOOK_2024_STATE_REVIEWS,v1.0-alpha.22,Rajasthan,named_area_list,petroleum,"[""commodity:petroleum""]","[""Petroleum""]",[],[],"[""Petroleum""]","[""Bikaner-Nagaur basin"",""Barmer-Sanchore basin""]",2,"[222,223]","[207,208]",https://www.ibm.gov.in/writereaddata/files/177426215469c1178a48453IMYB_2024_EBookFinal.pdf,7e4cf991426ac8299ec0a365af68a05a8276f3b81ae2433fb6debd4358550354,2026-03-11,2020-04-01 for the chapter's NMI resource tables; occurrence prose is undated within IMYB 2024,found_on_source_pages,all_found_on_source_pages,curated_page-referenced_transcription_with_machine_text_presence_checks,official_compiled_mineral_occurrence_context,official_compilation_not_independently_field_verified_by_khanan,excluded_context_only,"Broad compiled occurrence geography can overlap source evidence and is not an independent point, assay, reserve, mine or discovery label.",[],"The IBM State Reviews compile information from multiple sources and advise reader discretion. Place lists mix districts, historical names, named belts, fields and basins; occurrence does not establish grade, quantity, continuity, current legality, economics, access or a new discovery."
IBM-IMYB2024-STATE-OCC-0451,SRC_IBM_INDIAN_MINERALS_YEARBOOK_2024_STATE_REVIEWS,v1.0-alpha.22,Rajasthan,named_area_list,natural gas,"[""commodity:natural-gas""]","[""Natural gas""]","[""methane""]",[],"[""methane""]","[""Jodhpur basin"",""Jaisalmer basin""]",2,"[222,223]","[207,208]",https://www.ibm.gov.in/writereaddata/files/177426215469c1178a48453IMYB_2024_EBookFinal.pdf,7e4cf991426ac8299ec0a365af68a05a8276f3b81ae2433fb6debd4358550354,2026-03-11,2020-04-01 for the chapter's NMI resource tables; occurrence prose is undated within IMYB 2024,found_on_source_pages,all_found_on_source_pages,curated_page-referenced_transcription_with_machine_text_presence_checks,official_compiled_mineral_occurrence_context,official_compilation_not_independently_field_verified_by_khanan,excluded_context_only,"Broad compiled occurrence geography can overlap source evidence and is not an independent point, assay, reserve, mine or discovery label.",[],"The IBM State Reviews compile information from multiple sources and advise reader discretion. Place lists mix districts, historical names, named belts, fields and basins; occurrence does not establish grade, quantity, continuity, current legality, economics, access or a new discovery."
IBM-IMYB2024-STATE-OCC-0452,SRC_IBM_INDIAN_MINERALS_YEARBOOK_2024_STATE_REVIEWS,v1.0-alpha.22,Sikkim,district_list,copper,"[""element:copper""]","[""Copper""]","[""copper""]","[""Cu""]","[""copper""]","[""East Sikkim""]",1,[228],[213],https://www.ibm.gov.in/writereaddata/files/177426215469c1178a48453IMYB_2024_EBookFinal.pdf,7e4cf991426ac8299ec0a365af68a05a8276f3b81ae2433fb6debd4358550354,2026-03-11,2020-04-01 for the chapter's NMI resource tables; occurrence prose is undated within IMYB 2024,found_on_source_pages,all_found_on_source_pages,curated_page-referenced_transcription_with_machine_text_presence_checks,official_compiled_mineral_occurrence_context,official_compilation_not_independently_field_verified_by_khanan,excluded_context_only,"Broad compiled occurrence geography can overlap source evidence and is not an independent point, assay, reserve, mine or discovery label.",[],"The IBM State Reviews compile information from multiple sources and advise reader discretion. Place lists mix districts, historical names, named belts, fields and basins; occurrence does not establish grade, quantity, continuity, current legality, economics, access or a new discovery."
IBM-IMYB2024-STATE-OCC-0453,SRC_IBM_INDIAN_MINERALS_YEARBOOK_2024_STATE_REVIEWS,v1.0-alpha.22,Sikkim,district_list,lead-zinc,"[""element:lead"",""element:zinc""]","[""Lead"",""Zinc""]","[""lead"",""zinc""]","[""Pb"",""Zn""]","[""lead"",""zinc""]","[""East Sikkim""]",1,[228],[213],https://www.ibm.gov.in/writereaddata/files/177426215469c1178a48453IMYB_2024_EBookFinal.pdf,7e4cf991426ac8299ec0a365af68a05a8276f3b81ae2433fb6debd4358550354,2026-03-11,2020-04-01 for the chapter's NMI resource tables; occurrence prose is undated within IMYB 2024,found_on_source_pages,all_found_on_source_pages,curated_page-referenced_transcription_with_machine_text_presence_checks,official_compiled_mineral_occurrence_context,official_compilation_not_independently_field_verified_by_khanan,excluded_context_only,"Broad compiled occurrence geography can overlap source evidence and is not an independent point, assay, reserve, mine or discovery label.",[],"The IBM State Reviews compile information from multiple sources and advise reader discretion. Place lists mix districts, historical names, named belts, fields and basins; occurrence does not establish grade, quantity, continuity, current legality, economics, access or a new discovery."
IBM-IMYB2024-STATE-OCC-0454,SRC_IBM_INDIAN_MINERALS_YEARBOOK_2024_STATE_REVIEWS,v1.0-alpha.22,Sikkim,district_list,silver,"[""element:silver""]","[""Silver""]","[""silver""]","[""Ag""]","[""silver""]","[""East Sikkim""]",1,[228],[213],https://www.ibm.gov.in/writereaddata/files/177426215469c1178a48453IMYB_2024_EBookFinal.pdf,7e4cf991426ac8299ec0a365af68a05a8276f3b81ae2433fb6debd4358550354,2026-03-11,2020-04-01 for the chapter's NMI resource tables; occurrence prose is undated within IMYB 2024,found_on_source_pages,all_found_on_source_pages,curated_page-referenced_transcription_with_machine_text_presence_checks,official_compiled_mineral_occurrence_context,official_compilation_not_independently_field_verified_by_khanan,excluded_context_only,"Broad compiled occurrence geography can overlap source evidence and is not an independent point, assay, reserve, mine or discovery label.",[],"The IBM State Reviews compile information from multiple sources and advise reader discretion. Place lists mix districts, historical names, named belts, fields and basins; occurrence does not establish grade, quantity, continuity, current legality, economics, access or a new discovery."
IBM-IMYB2024-STATE-OCC-0455,SRC_IBM_INDIAN_MINERALS_YEARBOOK_2024_STATE_REVIEWS,v1.0-alpha.22,Sikkim,district_list,dolomite,"[""mineral:dolomite""]","[""Dolomite""]","[""dolomite""]","[""CaMg(CO3)2""]","[""dolomite""]","[""West Sikkim""]",1,[228],[213],https://www.ibm.gov.in/writereaddata/files/177426215469c1178a48453IMYB_2024_EBookFinal.pdf,7e4cf991426ac8299ec0a365af68a05a8276f3b81ae2433fb6debd4358550354,2026-03-11,2020-04-01 for the chapter's NMI resource tables; occurrence prose is undated within IMYB 2024,found_on_source_pages,all_found_on_source_pages,curated_page-referenced_transcription_with_machine_text_presence_checks,official_compiled_mineral_occurrence_context,official_compilation_not_independently_field_verified_by_khanan,excluded_context_only,"Broad compiled occurrence geography can overlap source evidence and is not an independent point, assay, reserve, mine or discovery label.",[],"The IBM State Reviews compile information from multiple sources and advise reader discretion. Place lists mix districts, historical names, named belts, fields and basins; occurrence does not establish grade, quantity, continuity, current legality, economics, access or a new discovery."
IBM-IMYB2024-STATE-OCC-0456,SRC_IBM_INDIAN_MINERALS_YEARBOOK_2024_STATE_REVIEWS,v1.0-alpha.22,Sikkim,district_list,quartzite,"[""element:silicon"",""rock:quartzite""]","[""Silicon"",""Quartzite""]","[""silicon"",""silicon dioxide""]","[""Si""]","[""silicon"",""silicon dioxide""]","[""West Sikkim""]",1,[228],[213],https://www.ibm.gov.in/writereaddata/files/177426215469c1178a48453IMYB_2024_EBookFinal.pdf,7e4cf991426ac8299ec0a365af68a05a8276f3b81ae2433fb6debd4358550354,2026-03-11,2020-04-01 for the chapter's NMI resource tables; occurrence prose is undated within IMYB 2024,found_on_source_pages,all_found_on_source_pages,curated_page-referenced_transcription_with_machine_text_presence_checks,official_compiled_mineral_occurrence_context,official_compilation_not_independently_field_verified_by_khanan,excluded_context_only,"Broad compiled occurrence geography can overlap source evidence and is not an independent point, assay, reserve, mine or discovery label.",[],"The IBM State Reviews compile information from multiple sources and advise reader discretion. Place lists mix districts, historical names, named belts, fields and basins; occurrence does not establish grade, quantity, continuity, current legality, economics, access or a new discovery."
IBM-IMYB2024-STATE-OCC-0457,SRC_IBM_INDIAN_MINERALS_YEARBOOK_2024_STATE_REVIEWS,v1.0-alpha.22,Sikkim,district_list,talc/steatite/soapstone,"[""mineral:talc""]","[""Talc""]","[""talc""]","[""Mg3Si4O10(OH)2""]","[""talc""]","[""West Sikkim""]",1,[228],[213],https://www.ibm.gov.in/writereaddata/files/177426215469c1178a48453IMYB_2024_EBookFinal.pdf,7e4cf991426ac8299ec0a365af68a05a8276f3b81ae2433fb6debd4358550354,2026-03-11,2020-04-01 for the chapter's NMI resource tables; occurrence prose is undated within IMYB 2024,found_on_source_pages,all_found_on_source_pages,curated_page-referenced_transcription_with_machine_text_presence_checks,official_compiled_mineral_occurrence_context,official_compilation_not_independently_field_verified_by_khanan,excluded_context_only,"Broad compiled occurrence geography can overlap source evidence and is not an independent point, assay, reserve, mine or discovery label.",[],"The IBM State Reviews compile information from multiple sources and advise reader discretion. Place lists mix districts, historical names, named belts, fields and basins; occurrence does not establish grade, quantity, continuity, current legality, economics, access or a new discovery."
IBM-IMYB2024-STATE-OCC-0458,SRC_IBM_INDIAN_MINERALS_YEARBOOK_2024_STATE_REVIEWS,v1.0-alpha.22,Sikkim,district_list,limestone,"[""group:calcium-and-limestone"",""rock:limestone""]","[""Calcium and limestone"",""Limestone""]","[""calcium"",""calcium carbonate""]",[],"[""calcium"",""calcium carbonate""]","[""North Sikkim""]",1,[228],[213],https://www.ibm.gov.in/writereaddata/files/177426215469c1178a48453IMYB_2024_EBookFinal.pdf,7e4cf991426ac8299ec0a365af68a05a8276f3b81ae2433fb6debd4358550354,2026-03-11,2020-04-01 for the chapter's NMI resource tables; occurrence prose is undated within IMYB 2024,found_on_source_pages,all_found_on_source_pages,curated_page-referenced_transcription_with_machine_text_presence_checks,official_compiled_mineral_occurrence_context,official_compilation_not_independently_field_verified_by_khanan,excluded_context_only,"Broad compiled occurrence geography can overlap source evidence and is not an independent point, assay, reserve, mine or discovery label.",[],"The IBM State Reviews compile information from multiple sources and advise reader discretion. Place lists mix districts, historical names, named belts, fields and basins; occurrence does not establish grade, quantity, continuity, current legality, economics, access or a new discovery."
IBM-IMYB2024-STATE-OCC-0459,SRC_IBM_INDIAN_MINERALS_YEARBOOK_2024_STATE_REVIEWS,v1.0-alpha.22,Sikkim,district_list,marble,"[""group:calcium-and-limestone""]","[""Calcium and limestone""]","[""calcium"",""calcium carbonate""]",[],"[""calcium"",""calcium carbonate""]","[""East Sikkim"",""North Sikkim""]",2,[228],[213],https://www.ibm.gov.in/writereaddata/files/177426215469c1178a48453IMYB_2024_EBookFinal.pdf,7e4cf991426ac8299ec0a365af68a05a8276f3b81ae2433fb6debd4358550354,2026-03-11,2020-04-01 for the chapter's NMI resource tables; occurrence prose is undated within IMYB 2024,found_on_source_pages,all_found_on_source_pages,curated_page-referenced_transcription_with_machine_text_presence_checks,official_compiled_mineral_occurrence_context,official_compilation_not_independently_field_verified_by_khanan,excluded_context_only,"Broad compiled occurrence geography can overlap source evidence and is not an independent point, assay, reserve, mine or discovery label.",[],"The IBM State Reviews compile information from multiple sources and advise reader discretion. Place lists mix districts, historical names, named belts, fields and basins; occurrence does not establish grade, quantity, continuity, current legality, economics, access or a new discovery."
IBM-IMYB2024-STATE-OCC-0460,SRC_IBM_INDIAN_MINERALS_YEARBOOK_2024_STATE_REVIEWS,v1.0-alpha.22,Sikkim,named_area_list,copper,"[""element:copper""]","[""Copper""]","[""copper""]","[""Cu""]","[""copper""]","[""Bhotang"",""Rangpo"",""Dikchu""]",3,[228],[213],https://www.ibm.gov.in/writereaddata/files/177426215469c1178a48453IMYB_2024_EBookFinal.pdf,7e4cf991426ac8299ec0a365af68a05a8276f3b81ae2433fb6debd4358550354,2026-03-11,2020-04-01 for the chapter's NMI resource tables; occurrence prose is undated within IMYB 2024,found_on_source_pages,all_found_on_source_pages,curated_page-referenced_transcription_with_machine_text_presence_checks,official_compiled_mineral_occurrence_context,official_compilation_not_independently_field_verified_by_khanan,excluded_context_only,"Broad compiled occurrence geography can overlap source evidence and is not an independent point, assay, reserve, mine or discovery label.",[],"The IBM State Reviews compile information from multiple sources and advise reader discretion. Place lists mix districts, historical names, named belts, fields and basins; occurrence does not establish grade, quantity, continuity, current legality, economics, access or a new discovery."
IBM-IMYB2024-STATE-OCC-0461,SRC_IBM_INDIAN_MINERALS_YEARBOOK_2024_STATE_REVIEWS,v1.0-alpha.22,Sikkim,named_area_list,lead-zinc,"[""element:lead"",""element:zinc""]","[""Lead"",""Zinc""]","[""lead"",""zinc""]","[""Pb"",""Zn""]","[""lead"",""zinc""]","[""Bhotang"",""Rangpo"",""Dikchu""]",3,[228],[213],https://www.ibm.gov.in/writereaddata/files/177426215469c1178a48453IMYB_2024_EBookFinal.pdf,7e4cf991426ac8299ec0a365af68a05a8276f3b81ae2433fb6debd4358550354,2026-03-11,2020-04-01 for the chapter's NMI resource tables; occurrence prose is undated within IMYB 2024,found_on_source_pages,all_found_on_source_pages,curated_page-referenced_transcription_with_machine_text_presence_checks,official_compiled_mineral_occurrence_context,official_compilation_not_independently_field_verified_by_khanan,excluded_context_only,"Broad compiled occurrence geography can overlap source evidence and is not an independent point, assay, reserve, mine or discovery label.",[],"The IBM State Reviews compile information from multiple sources and advise reader discretion. Place lists mix districts, historical names, named belts, fields and basins; occurrence does not establish grade, quantity, continuity, current legality, economics, access or a new discovery."
IBM-IMYB2024-STATE-OCC-0462,SRC_IBM_INDIAN_MINERALS_YEARBOOK_2024_STATE_REVIEWS,v1.0-alpha.22,Sikkim,named_area_list,silver,"[""element:silver""]","[""Silver""]","[""silver""]","[""Ag""]","[""silver""]","[""Bhotang"",""Rangpo"",""Dikchu""]",3,[228],[213],https://www.ibm.gov.in/writereaddata/files/177426215469c1178a48453IMYB_2024_EBookFinal.pdf,7e4cf991426ac8299ec0a365af68a05a8276f3b81ae2433fb6debd4358550354,2026-03-11,2020-04-01 for the chapter's NMI resource tables; occurrence prose is undated within IMYB 2024,found_on_source_pages,all_found_on_source_pages,curated_page-referenced_transcription_with_machine_text_presence_checks,official_compiled_mineral_occurrence_context,official_compilation_not_independently_field_verified_by_khanan,excluded_context_only,"Broad compiled occurrence geography can overlap source evidence and is not an independent point, assay, reserve, mine or discovery label.",[],"The IBM State Reviews compile information from multiple sources and advise reader discretion. Place lists mix districts, historical names, named belts, fields and basins; occurrence does not establish grade, quantity, continuity, current legality, economics, access or a new discovery."
IBM-IMYB2024-STATE-OCC-0463,SRC_IBM_INDIAN_MINERALS_YEARBOOK_2024_STATE_REVIEWS,v1.0-alpha.22,Tamil Nadu,district_list,bauxite,"[""element:aluminium"",""ore:bauxite""]","[""Aluminium"",""Bauxite""]","[""aluminium""]","[""Al""]","[""aluminium""]","[""Dindigul"",""Namakkal"",""Nilgiris"",""Salem""]",4,"[230,231]","[215,216]",https://www.ibm.gov.in/writereaddata/files/177426215469c1178a48453IMYB_2024_EBookFinal.pdf,7e4cf991426ac8299ec0a365af68a05a8276f3b81ae2433fb6debd4358550354,2026-03-11,2020-04-01 for the chapter's NMI resource tables; occurrence prose is undated within IMYB 2024,found_on_source_pages,all_found_on_source_pages,curated_page-referenced_transcription_with_machine_text_presence_checks,official_compiled_mineral_occurrence_context,official_compilation_not_independently_field_verified_by_khanan,excluded_context_only,"Broad compiled occurrence geography can overlap source evidence and is not an independent point, assay, reserve, mine or discovery label.",[],"The IBM State Reviews compile information from multiple sources and advise reader discretion. Place lists mix districts, historical names, named belts, fields and basins; occurrence does not establish grade, quantity, continuity, current legality, economics, access or a new discovery."
IBM-IMYB2024-STATE-OCC-0464,SRC_IBM_INDIAN_MINERALS_YEARBOOK_2024_STATE_REVIEWS,v1.0-alpha.22,Tamil Nadu,district_list,dunite/pyroxenite,"[""group:olivine-group"",""group:pyroxene-group""]","[""Olivine group"",""Pyroxene group""]",[],[],"[""Olivine group"",""Pyroxene group""]","[""Salem""]",1,"[230,231]","[215,216]",https://www.ibm.gov.in/writereaddata/files/177426215469c1178a48453IMYB_2024_EBookFinal.pdf,7e4cf991426ac8299ec0a365af68a05a8276f3b81ae2433fb6debd4358550354,2026-03-11,2020-04-01 for the chapter's NMI resource tables; occurrence prose is undated within IMYB 2024,found_on_source_pages,all_found_on_source_pages,curated_page-referenced_transcription_with_machine_text_presence_checks,official_compiled_mineral_occurrence_context,official_compilation_not_independently_field_verified_by_khanan,excluded_context_only,"Broad compiled occurrence geography can overlap source evidence and is not an independent point, assay, reserve, mine or discovery label.",[],"The IBM State Reviews compile information from multiple sources and advise reader discretion. Place lists mix districts, historical names, named belts, fields and basins; occurrence does not establish grade, quantity, continuity, current legality, economics, access or a new discovery."
IBM-IMYB2024-STATE-OCC-0465,SRC_IBM_INDIAN_MINERALS_YEARBOOK_2024_STATE_REVIEWS,v1.0-alpha.22,Tamil Nadu,district_list,feldspar,"[""group:feldspar-group""]","[""Feldspar group""]",[],[],"[""Feldspar group""]","[""Coimbatore"",""Dindigul"",""Erode"",""Kanchipuram"",""Karur"",""Namakkal"",""Salem"",""Tiruchirapalli""]",8,"[230,231]","[215,216]",https://www.ibm.gov.in/writereaddata/files/177426215469c1178a48453IMYB_2024_EBookFinal.pdf,7e4cf991426ac8299ec0a365af68a05a8276f3b81ae2433fb6debd4358550354,2026-03-11,2020-04-01 for the chapter's NMI resource tables; occurrence prose is undated within IMYB 2024,found_on_source_pages,all_found_on_source_pages,curated_page-referenced_transcription_with_machine_text_presence_checks,official_compiled_mineral_occurrence_context,official_compilation_not_independently_field_verified_by_khanan,excluded_context_only,"Broad compiled occurrence geography can overlap source evidence and is not an independent point, assay, reserve, mine or discovery label.",[],"The IBM State Reviews compile information from multiple sources and advise reader discretion. Place lists mix districts, historical names, named belts, fields and basins; occurrence does not establish grade, quantity, continuity, current legality, economics, access or a new discovery."
IBM-IMYB2024-STATE-OCC-0466,SRC_IBM_INDIAN_MINERALS_YEARBOOK_2024_STATE_REVIEWS,v1.0-alpha.22,Tamil Nadu,district_list,fireclay,"[""material:fire-clay"",""group:clay""]","[""Fire clay"",""Clay""]",[],[],"[""Fire clay"",""Clay""]","[""Cuddalore"",""Kanchipuram"",""Perambalur"",""Pudukottai"",""Sivaganga"",""Tiruvallur"",""Tiruchirapalli"",""Vellore"",""Villupuram""]",9,"[230,231]","[215,216]",https://www.ibm.gov.in/writereaddata/files/177426215469c1178a48453IMYB_2024_EBookFinal.pdf,7e4cf991426ac8299ec0a365af68a05a8276f3b81ae2433fb6debd4358550354,2026-03-11,2020-04-01 for the chapter's NMI resource tables; occurrence prose is undated within IMYB 2024,found_on_source_pages,all_found_on_source_pages,curated_page-referenced_transcription_with_machine_text_presence_checks,official_compiled_mineral_occurrence_context,official_compilation_not_independently_field_verified_by_khanan,excluded_context_only,"Broad compiled occurrence geography can overlap source evidence and is not an independent point, assay, reserve, mine or discovery label.",[],"The IBM State Reviews compile information from multiple sources and advise reader discretion. Place lists mix districts, historical names, named belts, fields and basins; occurrence does not establish grade, quantity, continuity, current legality, economics, access or a new discovery."
IBM-IMYB2024-STATE-OCC-0467,SRC_IBM_INDIAN_MINERALS_YEARBOOK_2024_STATE_REVIEWS,v1.0-alpha.22,Tamil Nadu,district_list,garnet,"[""group:garnet-group""]","[""Garnet group""]",[],[],"[""Garnet group""]","[""Ramanathapuram"",""Tiruchirapalli"",""Tiruvarur"",""Kanyakumari"",""Thanjavur"",""Tirunelveli""]",6,"[230,231]","[215,216]",https://www.ibm.gov.in/writereaddata/files/177426215469c1178a48453IMYB_2024_EBookFinal.pdf,7e4cf991426ac8299ec0a365af68a05a8276f3b81ae2433fb6debd4358550354,2026-03-11,2020-04-01 for the chapter's NMI resource tables; occurrence prose is undated within IMYB 2024,found_on_source_pages,all_found_on_source_pages,curated_page-referenced_transcription_with_machine_text_presence_checks,official_compiled_mineral_occurrence_context,official_compilation_not_independently_field_verified_by_khanan,excluded_context_only,"Broad compiled occurrence geography can overlap source evidence and is not an independent point, assay, reserve, mine or discovery label.",[],"The IBM State Reviews compile information from multiple sources and advise reader discretion. Place lists mix districts, historical names, named belts, fields and basins; occurrence does not establish grade, quantity, continuity, current legality, economics, access or a new discovery."
IBM-IMYB2024-STATE-OCC-0468,SRC_IBM_INDIAN_MINERALS_YEARBOOK_2024_STATE_REVIEWS,v1.0-alpha.22,Tamil Nadu,district_list,granite,"[""rock:granite""]","[""Granite""]",[],[],"[""Granite""]","[""Dharmapuri"",""Erode"",""Kanchipuram"",""Madurai"",""Salem"",""Tiruvannamalai"",""Tiruchirapalli"",""Tirunelveli"",""Vellore"",""Villupuram""]",10,"[230,231]","[215,216]",https://www.ibm.gov.in/writereaddata/files/177426215469c1178a48453IMYB_2024_EBookFinal.pdf,7e4cf991426ac8299ec0a365af68a05a8276f3b81ae2433fb6debd4358550354,2026-03-11,2020-04-01 for the chapter's NMI resource tables; occurrence prose is undated within IMYB 2024,found_on_source_pages,all_found_on_source_pages,curated_page-referenced_transcription_with_machine_text_presence_checks,official_compiled_mineral_occurrence_context,official_compilation_not_independently_field_verified_by_khanan,excluded_context_only,"Broad compiled occurrence geography can overlap source evidence and is not an independent point, assay, reserve, mine or discovery label.",[],"The IBM State Reviews compile information from multiple sources and advise reader discretion. Place lists mix districts, historical names, named belts, fields and basins; occurrence does not establish grade, quantity, continuity, current legality, economics, access or a new discovery."
IBM-IMYB2024-STATE-OCC-0469,SRC_IBM_INDIAN_MINERALS_YEARBOOK_2024_STATE_REVIEWS,v1.0-alpha.22,Tamil Nadu,district_list,graphite,"[""mineral:graphite""]","[""Graphite""]","[""carbon""]","[""C""]","[""carbon""]","[""Madurai"",""Ramanathapuram"",""Sivaganga"",""Vellore""]",4,"[230,231]","[215,216]",https://www.ibm.gov.in/writereaddata/files/177426215469c1178a48453IMYB_2024_EBookFinal.pdf,7e4cf991426ac8299ec0a365af68a05a8276f3b81ae2433fb6debd4358550354,2026-03-11,2020-04-01 for the chapter's NMI resource tables; occurrence prose is undated within IMYB 2024,found_on_source_pages,all_found_on_source_pages,curated_page-referenced_transcription_with_machine_text_presence_checks,official_compiled_mineral_occurrence_context,official_compilation_not_independently_field_verified_by_khanan,excluded_context_only,"Broad compiled occurrence geography can overlap source evidence and is not an independent point, assay, reserve, mine or discovery label.",[],"The IBM State Reviews compile information from multiple sources and advise reader discretion. Place lists mix districts, historical names, named belts, fields and basins; occurrence does not establish grade, quantity, continuity, current legality, economics, access or a new discovery."
IBM-IMYB2024-STATE-OCC-0470,SRC_IBM_INDIAN_MINERALS_YEARBOOK_2024_STATE_REVIEWS,v1.0-alpha.22,Tamil Nadu,district_list,gypsum,"[""mineral:gypsum""]","[""Gypsum""]","[""gypsum""]","[""Ca(SO4)(H2O)2""]","[""gypsum""]","[""Coimbatore"",""Perambalur"",""Ramanathapuram"",""Tiruchirapalli"",""Tirunelveli"",""Thoothukudi"",""Virudhunagar""]",7,"[230,231]","[215,216]",https://www.ibm.gov.in/writereaddata/files/177426215469c1178a48453IMYB_2024_EBookFinal.pdf,7e4cf991426ac8299ec0a365af68a05a8276f3b81ae2433fb6debd4358550354,2026-03-11,2020-04-01 for the chapter's NMI resource tables; occurrence prose is undated within IMYB 2024,found_on_source_pages,all_found_on_source_pages,curated_page-referenced_transcription_with_machine_text_presence_checks,official_compiled_mineral_occurrence_context,official_compilation_not_independently_field_verified_by_khanan,excluded_context_only,"Broad compiled occurrence geography can overlap source evidence and is not an independent point, assay, reserve, mine or discovery label.",[],"The IBM State Reviews compile information from multiple sources and advise reader discretion. Place lists mix districts, historical names, named belts, fields and basins; occurrence does not establish grade, quantity, continuity, current legality, economics, access or a new discovery."
IBM-IMYB2024-STATE-OCC-0471,SRC_IBM_INDIAN_MINERALS_YEARBOOK_2024_STATE_REVIEWS,v1.0-alpha.22,Tamil Nadu,district_list,lignite,"[""commodity:lignite""]","[""Lignite""]",[],[],"[""Lignite""]","[""Cuddalore"",""Ariyalur"",""Thanjavur"",""Thiruvarur"",""Nagapattinam"",""Ramnad"",""Sivaganga"",""Ramanathapuram""]",8,"[230,231]","[215,216]",https://www.ibm.gov.in/writereaddata/files/177426215469c1178a48453IMYB_2024_EBookFinal.pdf,7e4cf991426ac8299ec0a365af68a05a8276f3b81ae2433fb6debd4358550354,2026-03-11,2020-04-01 for the chapter's NMI resource tables; occurrence prose is undated within IMYB 2024,found_on_source_pages,all_found_on_source_pages,curated_page-referenced_transcription_with_machine_text_presence_checks,official_compiled_mineral_occurrence_context,official_compilation_not_independently_field_verified_by_khanan,excluded_context_only,"Broad compiled occurrence geography can overlap source evidence and is not an independent point, assay, reserve, mine or discovery label.",[],"The IBM State Reviews compile information from multiple sources and advise reader discretion. Place lists mix districts, historical names, named belts, fields and basins; occurrence does not establish grade, quantity, continuity, current legality, economics, access or a new discovery."
IBM-IMYB2024-STATE-OCC-0472,SRC_IBM_INDIAN_MINERALS_YEARBOOK_2024_STATE_REVIEWS,v1.0-alpha.22,Tamil Nadu,district_list,limestone,"[""group:calcium-and-limestone"",""rock:limestone""]","[""Calcium and limestone"",""Limestone""]","[""calcium"",""calcium carbonate""]",[],"[""calcium"",""calcium carbonate""]","[""Coimbatore"",""Cuddalore"",""Dindigul"",""Kanchipuram"",""Karur"",""Madurai"",""Nagapattinam"",""Namakkal"",""Perambalur"",""Ramanathapuram"",""Salem"",""Tiruvallur"",""Tiruchirapalli"",""Tirunelveli"",""Vellore"",""Villupuram"",""Virudhunagar""]",17,"[230,231]","[215,216]",https://www.ibm.gov.in/writereaddata/files/177426215469c1178a48453IMYB_2024_EBookFinal.pdf,7e4cf991426ac8299ec0a365af68a05a8276f3b81ae2433fb6debd4358550354,2026-03-11,2020-04-01 for the chapter's NMI resource tables; occurrence prose is undated within IMYB 2024,found_on_source_pages,all_found_on_source_pages,curated_page-referenced_transcription_with_machine_text_presence_checks,official_compiled_mineral_occurrence_context,official_compilation_not_independently_field_verified_by_khanan,excluded_context_only,"Broad compiled occurrence geography can overlap source evidence and is not an independent point, assay, reserve, mine or discovery label.",[],"The IBM State Reviews compile information from multiple sources and advise reader discretion. Place lists mix districts, historical names, named belts, fields and basins; occurrence does not establish grade, quantity, continuity, current legality, economics, access or a new discovery."
IBM-IMYB2024-STATE-OCC-0473,SRC_IBM_INDIAN_MINERALS_YEARBOOK_2024_STATE_REVIEWS,v1.0-alpha.22,Tamil Nadu,district_list,magnesite,"[""element:magnesium"",""mineral:magnesite""]","[""Magnesium"",""Magnesite""]","[""magnesium"",""magnesium carbonate"",""magnesite""]","[""Mg"",""Mg(CO3)""]","[""magnesium"",""magnesium carbonate"",""magnesite""]","[""Coimbatore"",""Dharmapuri"",""Karur"",""Namakkal"",""Nilgiri"",""Salem"",""Tiruchirapalli"",""Tirunelveli"",""Vellore""]",9,"[230,231]","[215,216]",https://www.ibm.gov.in/writereaddata/files/177426215469c1178a48453IMYB_2024_EBookFinal.pdf,7e4cf991426ac8299ec0a365af68a05a8276f3b81ae2433fb6debd4358550354,2026-03-11,2020-04-01 for the chapter's NMI resource tables; occurrence prose is undated within IMYB 2024,found_on_source_pages,all_found_on_source_pages,curated_page-referenced_transcription_with_machine_text_presence_checks,official_compiled_mineral_occurrence_context,official_compilation_not_independently_field_verified_by_khanan,excluded_context_only,"Broad compiled occurrence geography can overlap source evidence and is not an independent point, assay, reserve, mine or discovery label.",[],"The IBM State Reviews compile information from multiple sources and advise reader discretion. Place lists mix districts, historical names, named belts, fields and basins; occurrence does not establish grade, quantity, continuity, current legality, economics, access or a new discovery."
IBM-IMYB2024-STATE-OCC-0474,SRC_IBM_INDIAN_MINERALS_YEARBOOK_2024_STATE_REVIEWS,v1.0-alpha.22,Tamil Nadu,district_list,quartz/silica sand,"[""element:silicon"",""mineral:quartz"",""material:sand-and-gravel-industrial""]","[""Silicon"",""Quartz"",""Sand and gravel (industrial)""]","[""silicon"",""silicon dioxide"",""quartz""]","[""Si"",""SiO2""]","[""silicon"",""silicon dioxide"",""quartz""]","[""Chennai"",""Coimbatore"",""Cuddalore"",""Dharmapuri"",""Dindigul"",""Erode"",""Kanchipuram"",""Karur"",""Madurai"",""Namakkal"",""Periyar"",""Perambalur"",""Salem"",""Tiruvallur"",""Tiruvarur"",""Nagapattinam"",""Tiruchirapalli"",""Villupuram"",""Virudhunagar"",""Vellore""]",20,"[230,231]","[215,216]",https://www.ibm.gov.in/writereaddata/files/177426215469c1178a48453IMYB_2024_EBookFinal.pdf,7e4cf991426ac8299ec0a365af68a05a8276f3b81ae2433fb6debd4358550354,2026-03-11,2020-04-01 for the chapter's NMI resource tables; occurrence prose is undated within IMYB 2024,found_on_source_pages,all_found_on_source_pages,curated_page-referenced_transcription_with_machine_text_presence_checks,official_compiled_mineral_occurrence_context,official_compilation_not_independently_field_verified_by_khanan,excluded_context_only,"Broad compiled occurrence geography can overlap source evidence and is not an independent point, assay, reserve, mine or discovery label.",[],"The IBM State Reviews compile information from multiple sources and advise reader discretion. Place lists mix districts, historical names, named belts, fields and basins; occurrence does not establish grade, quantity, continuity, current legality, economics, access or a new discovery."
IBM-IMYB2024-STATE-OCC-0475,SRC_IBM_INDIAN_MINERALS_YEARBOOK_2024_STATE_REVIEWS,v1.0-alpha.22,Tamil Nadu,district_list,talc/steatite/soapstone,"[""mineral:talc""]","[""Talc""]","[""talc""]","[""Mg3Si4O10(OH)2""]","[""talc""]","[""Coimbatore"",""Salem"",""Tiruchirapalli"",""Vellore""]",4,"[230,231]","[215,216]",https://www.ibm.gov.in/writereaddata/files/177426215469c1178a48453IMYB_2024_EBookFinal.pdf,7e4cf991426ac8299ec0a365af68a05a8276f3b81ae2433fb6debd4358550354,2026-03-11,2020-04-01 for the chapter's NMI resource tables; occurrence prose is undated within IMYB 2024,found_on_source_pages,all_found_on_source_pages,curated_page-referenced_transcription_with_machine_text_presence_checks,official_compiled_mineral_occurrence_context,official_compilation_not_independently_field_verified_by_khanan,excluded_context_only,"Broad compiled occurrence geography can overlap source evidence and is not an independent point, assay, reserve, mine or discovery label.",[],"The IBM State Reviews compile information from multiple sources and advise reader discretion. Place lists mix districts, historical names, named belts, fields and basins; occurrence does not establish grade, quantity, continuity, current legality, economics, access or a new discovery."
IBM-IMYB2024-STATE-OCC-0476,SRC_IBM_INDIAN_MINERALS_YEARBOOK_2024_STATE_REVIEWS,v1.0-alpha.22,Tamil Nadu,district_list,titanium minerals,"[""element:titanium"",""ore:titanium-mineral-concentrates""]","[""Titanium"",""Titanium mineral concentrates""]","[""titanium"",""titanium dioxide""]","[""Ti""]","[""titanium"",""titanium dioxide""]","[""Kanyakumari"",""Nagapattinam"",""Ramanathapuram"",""Tiruvallur"",""Tirunelveli"",""Thoothukudi""]",6,"[230,231]","[215,216]",https://www.ibm.gov.in/writereaddata/files/177426215469c1178a48453IMYB_2024_EBookFinal.pdf,7e4cf991426ac8299ec0a365af68a05a8276f3b81ae2433fb6debd4358550354,2026-03-11,2020-04-01 for the chapter's NMI resource tables; occurrence prose is undated within IMYB 2024,found_on_source_pages,all_found_on_source_pages,curated_page-referenced_transcription_with_machine_text_presence_checks,official_compiled_mineral_occurrence_context,official_compilation_not_independently_field_verified_by_khanan,excluded_context_only,"Broad compiled occurrence geography can overlap source evidence and is not an independent point, assay, reserve, mine or discovery label.",[],"The IBM State Reviews compile information from multiple sources and advise reader discretion. Place lists mix districts, historical names, named belts, fields and basins; occurrence does not establish grade, quantity, continuity, current legality, economics, access or a new discovery."
IBM-IMYB2024-STATE-OCC-0477,SRC_IBM_INDIAN_MINERALS_YEARBOOK_2024_STATE_REVIEWS,v1.0-alpha.22,Tamil Nadu,district_list,vermiculite,"[""mineral:vermiculite""]","[""Vermiculite""]","[""vermiculite""]","[""Mg0.7(Mg,Fe,Al)6(Si,Al)8O20(OH)4·8H2O""]","[""vermiculite""]","[""Dharmapuri"",""Tiruchirapalli"",""Vellore""]",3,"[230,231]","[215,216]",https://www.ibm.gov.in/writereaddata/files/177426215469c1178a48453IMYB_2024_EBookFinal.pdf,7e4cf991426ac8299ec0a365af68a05a8276f3b81ae2433fb6debd4358550354,2026-03-11,2020-04-01 for the chapter's NMI resource tables; occurrence prose is undated within IMYB 2024,found_on_source_pages,all_found_on_source_pages,curated_page-referenced_transcription_with_machine_text_presence_checks,official_compiled_mineral_occurrence_context,official_compilation_not_independently_field_verified_by_khanan,excluded_context_only,"Broad compiled occurrence geography can overlap source evidence and is not an independent point, assay, reserve, mine or discovery label.",[],"The IBM State Reviews compile information from multiple sources and advise reader discretion. Place lists mix districts, historical names, named belts, fields and basins; occurrence does not establish grade, quantity, continuity, current legality, economics, access or a new discovery."
IBM-IMYB2024-STATE-OCC-0478,SRC_IBM_INDIAN_MINERALS_YEARBOOK_2024_STATE_REVIEWS,v1.0-alpha.22,Tamil Nadu,district_list,zircon,"[""element:zirconium"",""mineral:zircon""]","[""Zirconium"",""Zircon""]","[""zirconium"",""zircon""]","[""Zr"",""Zr(SiO4)""]","[""zirconium"",""zircon""]","[""Kanyakumari""]",1,"[230,231]","[215,216]",https://www.ibm.gov.in/writereaddata/files/177426215469c1178a48453IMYB_2024_EBookFinal.pdf,7e4cf991426ac8299ec0a365af68a05a8276f3b81ae2433fb6debd4358550354,2026-03-11,2020-04-01 for the chapter's NMI resource tables; occurrence prose is undated within IMYB 2024,found_on_source_pages,all_found_on_source_pages,curated_page-referenced_transcription_with_machine_text_presence_checks,official_compiled_mineral_occurrence_context,official_compilation_not_independently_field_verified_by_khanan,excluded_context_only,"Broad compiled occurrence geography can overlap source evidence and is not an independent point, assay, reserve, mine or discovery label.",[],"The IBM State Reviews compile information from multiple sources and advise reader discretion. Place lists mix districts, historical names, named belts, fields and basins; occurrence does not establish grade, quantity, continuity, current legality, economics, access or a new discovery."
IBM-IMYB2024-STATE-OCC-0479,SRC_IBM_INDIAN_MINERALS_YEARBOOK_2024_STATE_REVIEWS,v1.0-alpha.22,Tamil Nadu,district_list,apatite,"[""group:apatite-group""]","[""Apatite group""]",[],[],"[""Apatite group""]","[""Dharmapuri"",""Vellore""]",2,"[230,231]","[215,216]",https://www.ibm.gov.in/writereaddata/files/177426215469c1178a48453IMYB_2024_EBookFinal.pdf,7e4cf991426ac8299ec0a365af68a05a8276f3b81ae2433fb6debd4358550354,2026-03-11,2020-04-01 for the chapter's NMI resource tables; occurrence prose is undated within IMYB 2024,found_on_source_pages,all_found_on_source_pages,curated_page-referenced_transcription_with_machine_text_presence_checks,official_compiled_mineral_occurrence_context,official_compilation_not_independently_field_verified_by_khanan,excluded_context_only,"Broad compiled occurrence geography can overlap source evidence and is not an independent point, assay, reserve, mine or discovery label.",[],"The IBM State Reviews compile information from multiple sources and advise reader discretion. Place lists mix districts, historical names, named belts, fields and basins; occurrence does not establish grade, quantity, continuity, current legality, economics, access or a new discovery."
IBM-IMYB2024-STATE-OCC-0480,SRC_IBM_INDIAN_MINERALS_YEARBOOK_2024_STATE_REVIEWS,v1.0-alpha.22,Tamil Nadu,district_list,barytes,"[""mineral:baryte""]","[""Baryte""]","[""baryte""]","[""Ba(SO4)""]","[""baryte""]","[""Erode"",""Madurai"",""Perambalur"",""Tirunelveli"",""Vellore""]",5,"[230,231]","[215,216]",https://www.ibm.gov.in/writereaddata/files/177426215469c1178a48453IMYB_2024_EBookFinal.pdf,7e4cf991426ac8299ec0a365af68a05a8276f3b81ae2433fb6debd4358550354,2026-03-11,2020-04-01 for the chapter's NMI resource tables; occurrence prose is undated within IMYB 2024,found_on_source_pages,all_found_on_source_pages,curated_page-referenced_transcription_with_machine_text_presence_checks,official_compiled_mineral_occurrence_context,official_compilation_not_independently_field_verified_by_khanan,excluded_context_only,"Broad compiled occurrence geography can overlap source evidence and is not an independent point, assay, reserve, mine or discovery label.",[],"The IBM State Reviews compile information from multiple sources and advise reader discretion. Place lists mix districts, historical names, named belts, fields and basins; occurrence does not establish grade, quantity, continuity, current legality, economics, access or a new discovery."
IBM-IMYB2024-STATE-OCC-0481,SRC_IBM_INDIAN_MINERALS_YEARBOOK_2024_STATE_REVIEWS,v1.0-alpha.22,Tamil Nadu,district_list,bentonite,"[""mineral:montmorillonite"",""group:clay""]","[""Montmorillonite"",""Clay""]","[""montmorillonite""]","[""(Na,Ca)0.3(Al,Mg)2Si4O10(OH)2·nH2O""]","[""montmorillonite""]","[""Chengai-Anna""]",1,"[230,231]","[215,216]",https://www.ibm.gov.in/writereaddata/files/177426215469c1178a48453IMYB_2024_EBookFinal.pdf,7e4cf991426ac8299ec0a365af68a05a8276f3b81ae2433fb6debd4358550354,2026-03-11,2020-04-01 for the chapter's NMI resource tables; occurrence prose is undated within IMYB 2024,found_on_source_pages,all_found_on_source_pages,curated_page-referenced_transcription_with_machine_text_presence_checks,official_compiled_mineral_occurrence_context,official_compilation_not_independently_field_verified_by_khanan,excluded_context_only,"Broad compiled occurrence geography can overlap source evidence and is not an independent point, assay, reserve, mine or discovery label.",[],"The IBM State Reviews compile information from multiple sources and advise reader discretion. Place lists mix districts, historical names, named belts, fields and basins; occurrence does not establish grade, quantity, continuity, current legality, economics, access or a new discovery."
IBM-IMYB2024-STATE-OCC-0482,SRC_IBM_INDIAN_MINERALS_YEARBOOK_2024_STATE_REVIEWS,v1.0-alpha.22,Tamil Nadu,district_list,calcite,"[""group:calcium-and-limestone"",""mineral:calcite""]","[""Calcium and limestone"",""Calcite""]","[""calcium"",""calcium carbonate"",""calcite""]","[""Ca(CO3)""]","[""calcium"",""calcium carbonate"",""calcite""]","[""Salem""]",1,"[230,231]","[215,216]",https://www.ibm.gov.in/writereaddata/files/177426215469c1178a48453IMYB_2024_EBookFinal.pdf,7e4cf991426ac8299ec0a365af68a05a8276f3b81ae2433fb6debd4358550354,2026-03-11,2020-04-01 for the chapter's NMI resource tables; occurrence prose is undated within IMYB 2024,found_on_source_pages,all_found_on_source_pages,curated_page-referenced_transcription_with_machine_text_presence_checks,official_compiled_mineral_occurrence_context,official_compilation_not_independently_field_verified_by_khanan,excluded_context_only,"Broad compiled occurrence geography can overlap source evidence and is not an independent point, assay, reserve, mine or discovery label.",[],"The IBM State Reviews compile information from multiple sources and advise reader discretion. Place lists mix districts, historical names, named belts, fields and basins; occurrence does not establish grade, quantity, continuity, current legality, economics, access or a new discovery."
IBM-IMYB2024-STATE-OCC-0483,SRC_IBM_INDIAN_MINERALS_YEARBOOK_2024_STATE_REVIEWS,v1.0-alpha.22,Tamil Nadu,district_list,china clay,"[""group:kaolin"",""mineral:kaolinite""]","[""Kaolin"",""Kaolinite""]","[""kaolinite"",""aluminium silicate hydroxide""]","[""Al2Si2O5(OH)4""]","[""kaolinite"",""aluminium silicate hydroxide""]","[""Cuddalore"",""Dharmapuri"",""Kanchipuram"",""Nilgiris"",""Sivaganga"",""Tiruvallur"",""Tiruvannamalai"",""Tiruchirapalli"",""Villupuram""]",9,"[230,231]","[215,216]",https://www.ibm.gov.in/writereaddata/files/177426215469c1178a48453IMYB_2024_EBookFinal.pdf,7e4cf991426ac8299ec0a365af68a05a8276f3b81ae2433fb6debd4358550354,2026-03-11,2020-04-01 for the chapter's NMI resource tables; occurrence prose is undated within IMYB 2024,found_on_source_pages,all_found_on_source_pages,curated_page-referenced_transcription_with_machine_text_presence_checks,official_compiled_mineral_occurrence_context,official_compilation_not_independently_field_verified_by_khanan,excluded_context_only,"Broad compiled occurrence geography can overlap source evidence and is not an independent point, assay, reserve, mine or discovery label.",[],"The IBM State Reviews compile information from multiple sources and advise reader discretion. Place lists mix districts, historical names, named belts, fields and basins; occurrence does not establish grade, quantity, continuity, current legality, economics, access or a new discovery."
IBM-IMYB2024-STATE-OCC-0484,SRC_IBM_INDIAN_MINERALS_YEARBOOK_2024_STATE_REVIEWS,v1.0-alpha.22,Tamil Nadu,district_list,chromite,"[""element:chromium"",""mineral:chromite""]","[""Chromium"",""Chromite""]","[""chromium"",""chromite""]","[""Cr"",""Fe2+Cr2O4""]","[""chromium"",""chromite""]","[""Coimbatore"",""Salem""]",2,"[230,231]","[215,216]",https://www.ibm.gov.in/writereaddata/files/177426215469c1178a48453IMYB_2024_EBookFinal.pdf,7e4cf991426ac8299ec0a365af68a05a8276f3b81ae2433fb6debd4358550354,2026-03-11,2020-04-01 for the chapter's NMI resource tables; occurrence prose is undated within IMYB 2024,found_on_source_pages,all_found_on_source_pages,curated_page-referenced_transcription_with_machine_text_presence_checks,official_compiled_mineral_occurrence_context,official_compilation_not_independently_field_verified_by_khanan,excluded_context_only,"Broad compiled occurrence geography can overlap source evidence and is not an independent point, assay, reserve, mine or discovery label.",[],"The IBM State Reviews compile information from multiple sources and advise reader discretion. Place lists mix districts, historical names, named belts, fields and basins; occurrence does not establish grade, quantity, continuity, current legality, economics, access or a new discovery."
IBM-IMYB2024-STATE-OCC-0485,SRC_IBM_INDIAN_MINERALS_YEARBOOK_2024_STATE_REVIEWS,v1.0-alpha.22,Tamil Nadu,district_list,copper,"[""element:copper""]","[""Copper""]","[""copper""]","[""Cu""]","[""copper""]","[""Villupuram""]",1,"[230,231]","[215,216]",https://www.ibm.gov.in/writereaddata/files/177426215469c1178a48453IMYB_2024_EBookFinal.pdf,7e4cf991426ac8299ec0a365af68a05a8276f3b81ae2433fb6debd4358550354,2026-03-11,2020-04-01 for the chapter's NMI resource tables; occurrence prose is undated within IMYB 2024,found_on_source_pages,all_found_on_source_pages,curated_page-referenced_transcription_with_machine_text_presence_checks,official_compiled_mineral_occurrence_context,official_compilation_not_independently_field_verified_by_khanan,excluded_context_only,"Broad compiled occurrence geography can overlap source evidence and is not an independent point, assay, reserve, mine or discovery label.",[],"The IBM State Reviews compile information from multiple sources and advise reader discretion. Place lists mix districts, historical names, named belts, fields and basins; occurrence does not establish grade, quantity, continuity, current legality, economics, access or a new discovery."
IBM-IMYB2024-STATE-OCC-0486,SRC_IBM_INDIAN_MINERALS_YEARBOOK_2024_STATE_REVIEWS,v1.0-alpha.22,Tamil Nadu,district_list,lead-zinc,"[""element:lead"",""element:zinc""]","[""Lead"",""Zinc""]","[""lead"",""zinc""]","[""Pb"",""Zn""]","[""lead"",""zinc""]","[""Villupuram""]",1,"[230,231]","[215,216]",https://www.ibm.gov.in/writereaddata/files/177426215469c1178a48453IMYB_2024_EBookFinal.pdf,7e4cf991426ac8299ec0a365af68a05a8276f3b81ae2433fb6debd4358550354,2026-03-11,2020-04-01 for the chapter's NMI resource tables; occurrence prose is undated within IMYB 2024,found_on_source_pages,all_found_on_source_pages,curated_page-referenced_transcription_with_machine_text_presence_checks,official_compiled_mineral_occurrence_context,official_compilation_not_independently_field_verified_by_khanan,excluded_context_only,"Broad compiled occurrence geography can overlap source evidence and is not an independent point, assay, reserve, mine or discovery label.",[],"The IBM State Reviews compile information from multiple sources and advise reader discretion. Place lists mix districts, historical names, named belts, fields and basins; occurrence does not establish grade, quantity, continuity, current legality, economics, access or a new discovery."
IBM-IMYB2024-STATE-OCC-0487,SRC_IBM_INDIAN_MINERALS_YEARBOOK_2024_STATE_REVIEWS,v1.0-alpha.22,Tamil Nadu,district_list,silver,"[""element:silver""]","[""Silver""]","[""silver""]","[""Ag""]","[""silver""]","[""Villupuram""]",1,"[230,231]","[215,216]",https://www.ibm.gov.in/writereaddata/files/177426215469c1178a48453IMYB_2024_EBookFinal.pdf,7e4cf991426ac8299ec0a365af68a05a8276f3b81ae2433fb6debd4358550354,2026-03-11,2020-04-01 for the chapter's NMI resource tables; occurrence prose is undated within IMYB 2024,found_on_source_pages,all_found_on_source_pages,curated_page-referenced_transcription_with_machine_text_presence_checks,official_compiled_mineral_occurrence_context,official_compilation_not_independently_field_verified_by_khanan,excluded_context_only,"Broad compiled occurrence geography can overlap source evidence and is not an independent point, assay, reserve, mine or discovery label.",[],"The IBM State Reviews compile information from multiple sources and advise reader discretion. Place lists mix districts, historical names, named belts, fields and basins; occurrence does not establish grade, quantity, continuity, current legality, economics, access or a new discovery."
IBM-IMYB2024-STATE-OCC-0488,SRC_IBM_INDIAN_MINERALS_YEARBOOK_2024_STATE_REVIEWS,v1.0-alpha.22,Tamil Nadu,district_list,corundum,"[""mineral:corundum""]","[""Corundum""]","[""corundum""]","[""Al2O3""]","[""corundum""]","[""Dharmapuri""]",1,"[230,231]","[215,216]",https://www.ibm.gov.in/writereaddata/files/177426215469c1178a48453IMYB_2024_EBookFinal.pdf,7e4cf991426ac8299ec0a365af68a05a8276f3b81ae2433fb6debd4358550354,2026-03-11,2020-04-01 for the chapter's NMI resource tables; occurrence prose is undated within IMYB 2024,found_on_source_pages,all_found_on_source_pages,curated_page-referenced_transcription_with_machine_text_presence_checks,official_compiled_mineral_occurrence_context,official_compilation_not_independently_field_verified_by_khanan,excluded_context_only,"Broad compiled occurrence geography can overlap source evidence and is not an independent point, assay, reserve, mine or discovery label.",[],"The IBM State Reviews compile information from multiple sources and advise reader discretion. Place lists mix districts, historical names, named belts, fields and basins; occurrence does not establish grade, quantity, continuity, current legality, economics, access or a new discovery."
IBM-IMYB2024-STATE-OCC-0489,SRC_IBM_INDIAN_MINERALS_YEARBOOK_2024_STATE_REVIEWS,v1.0-alpha.22,Tamil Nadu,district_list,gold,"[""element:gold""]","[""Gold""]","[""gold""]","[""Au""]","[""gold""]","[""Dharmapuri""]",1,"[230,231]","[215,216]",https://www.ibm.gov.in/writereaddata/files/177426215469c1178a48453IMYB_2024_EBookFinal.pdf,7e4cf991426ac8299ec0a365af68a05a8276f3b81ae2433fb6debd4358550354,2026-03-11,2020-04-01 for the chapter's NMI resource tables; occurrence prose is undated within IMYB 2024,found_on_source_pages,all_found_on_source_pages,curated_page-referenced_transcription_with_machine_text_presence_checks,official_compiled_mineral_occurrence_context,official_compilation_not_independently_field_verified_by_khanan,excluded_context_only,"Broad compiled occurrence geography can overlap source evidence and is not an independent point, assay, reserve, mine or discovery label.",[],"The IBM State Reviews compile information from multiple sources and advise reader discretion. Place lists mix districts, historical names, named belts, fields and basins; occurrence does not establish grade, quantity, continuity, current legality, economics, access or a new discovery."
IBM-IMYB2024-STATE-OCC-0490,SRC_IBM_INDIAN_MINERALS_YEARBOOK_2024_STATE_REVIEWS,v1.0-alpha.22,Tamil Nadu,district_list,dolomite,"[""mineral:dolomite""]","[""Dolomite""]","[""dolomite""]","[""CaMg(CO3)2""]","[""dolomite""]","[""Salem"",""Tirunelveli""]",2,"[230,231]","[215,216]",https://www.ibm.gov.in/writereaddata/files/177426215469c1178a48453IMYB_2024_EBookFinal.pdf,7e4cf991426ac8299ec0a365af68a05a8276f3b81ae2433fb6debd4358550354,2026-03-11,2020-04-01 for the chapter's NMI resource tables; occurrence prose is undated within IMYB 2024,found_on_source_pages,all_found_on_source_pages,curated_page-referenced_transcription_with_machine_text_presence_checks,official_compiled_mineral_occurrence_context,official_compilation_not_independently_field_verified_by_khanan,excluded_context_only,"Broad compiled occurrence geography can overlap source evidence and is not an independent point, assay, reserve, mine or discovery label.",[],"The IBM State Reviews compile information from multiple sources and advise reader discretion. Place lists mix districts, historical names, named belts, fields and basins; occurrence does not establish grade, quantity, continuity, current legality, economics, access or a new discovery."
IBM-IMYB2024-STATE-OCC-0491,SRC_IBM_INDIAN_MINERALS_YEARBOOK_2024_STATE_REVIEWS,v1.0-alpha.22,Tamil Nadu,district_list,emerald,"[""variety:emerald""]","[""Emerald""]","[""emerald""]","[""Be3Al2Si6O18""]","[""emerald""]","[""Coimbatore""]",1,"[230,231]","[215,216]",https://www.ibm.gov.in/writereaddata/files/177426215469c1178a48453IMYB_2024_EBookFinal.pdf,7e4cf991426ac8299ec0a365af68a05a8276f3b81ae2433fb6debd4358550354,2026-03-11,2020-04-01 for the chapter's NMI resource tables; occurrence prose is undated within IMYB 2024,found_on_source_pages,all_found_on_source_pages,curated_page-referenced_transcription_with_machine_text_presence_checks,official_compiled_mineral_occurrence_context,official_compilation_not_independently_field_verified_by_khanan,excluded_context_only,"Broad compiled occurrence geography can overlap source evidence and is not an independent point, assay, reserve, mine or discovery label.",[],"The IBM State Reviews compile information from multiple sources and advise reader discretion. Place lists mix districts, historical names, named belts, fields and basins; occurrence does not establish grade, quantity, continuity, current legality, economics, access or a new discovery."
IBM-IMYB2024-STATE-OCC-0492,SRC_IBM_INDIAN_MINERALS_YEARBOOK_2024_STATE_REVIEWS,v1.0-alpha.22,Tamil Nadu,district_list,iron ore (magnetite),"[""element:iron"",""ore:iron-ore"",""mineral:magnetite""]","[""Iron"",""Iron ore"",""Magnetite""]","[""iron"",""magnetite""]","[""Fe"",""Fe2+Fe3+2O4""]","[""iron"",""magnetite""]","[""Dharmapuri"",""Erode"",""Nilgiris"",""Salem"",""Tiruvannamalai"",""Tiruchirapalli"",""Villupuram""]",7,"[230,231]","[215,216]",https://www.ibm.gov.in/writereaddata/files/177426215469c1178a48453IMYB_2024_EBookFinal.pdf,7e4cf991426ac8299ec0a365af68a05a8276f3b81ae2433fb6debd4358550354,2026-03-11,2020-04-01 for the chapter's NMI resource tables; occurrence prose is undated within IMYB 2024,found_on_source_pages,all_found_on_source_pages,curated_page-referenced_transcription_with_machine_text_presence_checks,official_compiled_mineral_occurrence_context,official_compilation_not_independently_field_verified_by_khanan,excluded_context_only,"Broad compiled occurrence geography can overlap source evidence and is not an independent point, assay, reserve, mine or discovery label.",[],"The IBM State Reviews compile information from multiple sources and advise reader discretion. Place lists mix districts, historical names, named belts, fields and basins; occurrence does not establish grade, quantity, continuity, current legality, economics, access or a new discovery."
IBM-IMYB2024-STATE-OCC-0493,SRC_IBM_INDIAN_MINERALS_YEARBOOK_2024_STATE_REVIEWS,v1.0-alpha.22,Tamil Nadu,district_list,kyanite,"[""mineral:kyanite""]","[""Kyanite""]","[""kyanite""]","[""Al2OSiO4""]","[""kyanite""]","[""Kanyakumari"",""Tirunelveli""]",2,"[230,231]","[215,216]",https://www.ibm.gov.in/writereaddata/files/177426215469c1178a48453IMYB_2024_EBookFinal.pdf,7e4cf991426ac8299ec0a365af68a05a8276f3b81ae2433fb6debd4358550354,2026-03-11,2020-04-01 for the chapter's NMI resource tables; occurrence prose is undated within IMYB 2024,found_on_source_pages,all_found_on_source_pages,curated_page-referenced_transcription_with_machine_text_presence_checks,official_compiled_mineral_occurrence_context,official_compilation_not_independently_field_verified_by_khanan,excluded_context_only,"Broad compiled occurrence geography can overlap source evidence and is not an independent point, assay, reserve, mine or discovery label.",[],"The IBM State Reviews compile information from multiple sources and advise reader discretion. Place lists mix districts, historical names, named belts, fields and basins; occurrence does not establish grade, quantity, continuity, current legality, economics, access or a new discovery."
IBM-IMYB2024-STATE-OCC-0494,SRC_IBM_INDIAN_MINERALS_YEARBOOK_2024_STATE_REVIEWS,v1.0-alpha.22,Tamil Nadu,district_list,molybdenum,"[""element:molybdenum""]","[""Molybdenum""]","[""molybdenum""]","[""Mo""]","[""molybdenum""]","[""Dharmapuri"",""Dindigul"",""Vellore""]",3,"[230,231]","[215,216]",https://www.ibm.gov.in/writereaddata/files/177426215469c1178a48453IMYB_2024_EBookFinal.pdf,7e4cf991426ac8299ec0a365af68a05a8276f3b81ae2433fb6debd4358550354,2026-03-11,2020-04-01 for the chapter's NMI resource tables; occurrence prose is undated within IMYB 2024,found_on_source_pages,all_found_on_source_pages,curated_page-referenced_transcription_with_machine_text_presence_checks,official_compiled_mineral_occurrence_context,official_compilation_not_independently_field_verified_by_khanan,excluded_context_only,"Broad compiled occurrence geography can overlap source evidence and is not an independent point, assay, reserve, mine or discovery label.",[],"The IBM State Reviews compile information from multiple sources and advise reader discretion. Place lists mix districts, historical names, named belts, fields and basins; occurrence does not establish grade, quantity, continuity, current legality, economics, access or a new discovery."
IBM-IMYB2024-STATE-OCC-0495,SRC_IBM_INDIAN_MINERALS_YEARBOOK_2024_STATE_REVIEWS,v1.0-alpha.22,Tamil Nadu,district_list,pyrite,"[""mineral:pyrite""]","[""Pyrite""]","[""pyrite""]","[""FeS2""]","[""pyrite""]","[""Vellore""]",1,"[230,231]","[215,216]",https://www.ibm.gov.in/writereaddata/files/177426215469c1178a48453IMYB_2024_EBookFinal.pdf,7e4cf991426ac8299ec0a365af68a05a8276f3b81ae2433fb6debd4358550354,2026-03-11,2020-04-01 for the chapter's NMI resource tables; occurrence prose is undated within IMYB 2024,found_on_source_pages,all_found_on_source_pages,curated_page-referenced_transcription_with_machine_text_presence_checks,official_compiled_mineral_occurrence_context,official_compilation_not_independently_field_verified_by_khanan,excluded_context_only,"Broad compiled occurrence geography can overlap source evidence and is not an independent point, assay, reserve, mine or discovery label.",[],"The IBM State Reviews compile information from multiple sources and advise reader discretion. Place lists mix districts, historical names, named belts, fields and basins; occurrence does not establish grade, quantity, continuity, current legality, economics, access or a new discovery."
IBM-IMYB2024-STATE-OCC-0496,SRC_IBM_INDIAN_MINERALS_YEARBOOK_2024_STATE_REVIEWS,v1.0-alpha.22,Tamil Nadu,district_list,sillimanite,"[""mineral:sillimanite""]","[""Sillimanite""]","[""sillimanite""]","[""Al2SiO5""]","[""sillimanite""]","[""Kanyakumari"",""Karur"",""Tirunelveli""]",3,"[230,231]","[215,216]",https://www.ibm.gov.in/writereaddata/files/177426215469c1178a48453IMYB_2024_EBookFinal.pdf,7e4cf991426ac8299ec0a365af68a05a8276f3b81ae2433fb6debd4358550354,2026-03-11,2020-04-01 for the chapter's NMI resource tables; occurrence prose is undated within IMYB 2024,found_on_source_pages,all_found_on_source_pages,curated_page-referenced_transcription_with_machine_text_presence_checks,official_compiled_mineral_occurrence_context,official_compilation_not_independently_field_verified_by_khanan,excluded_context_only,"Broad compiled occurrence geography can overlap source evidence and is not an independent point, assay, reserve, mine or discovery label.",[],"The IBM State Reviews compile information from multiple sources and advise reader discretion. Place lists mix districts, historical names, named belts, fields and basins; occurrence does not establish grade, quantity, continuity, current legality, economics, access or a new discovery."
IBM-IMYB2024-STATE-OCC-0497,SRC_IBM_INDIAN_MINERALS_YEARBOOK_2024_STATE_REVIEWS,v1.0-alpha.22,Tamil Nadu,district_list,tungsten,"[""element:tungsten""]","[""Tungsten""]","[""tungsten""]","[""W""]","[""tungsten""]","[""Madurai"",""Dindigul""]",2,"[230,231]","[215,216]",https://www.ibm.gov.in/writereaddata/files/177426215469c1178a48453IMYB_2024_EBookFinal.pdf,7e4cf991426ac8299ec0a365af68a05a8276f3b81ae2433fb6debd4358550354,2026-03-11,2020-04-01 for the chapter's NMI resource tables; occurrence prose is undated within IMYB 2024,found_on_source_pages,all_found_on_source_pages,curated_page-referenced_transcription_with_machine_text_presence_checks,official_compiled_mineral_occurrence_context,official_compilation_not_independently_field_verified_by_khanan,excluded_context_only,"Broad compiled occurrence geography can overlap source evidence and is not an independent point, assay, reserve, mine or discovery label.",[],"The IBM State Reviews compile information from multiple sources and advise reader discretion. Place lists mix districts, historical names, named belts, fields and basins; occurrence does not establish grade, quantity, continuity, current legality, economics, access or a new discovery."
IBM-IMYB2024-STATE-OCC-0498,SRC_IBM_INDIAN_MINERALS_YEARBOOK_2024_STATE_REVIEWS,v1.0-alpha.22,Tamil Nadu,district_list,wollastonite,"[""mineral:wollastonite""]","[""Wollastonite""]","[""wollastonite""]","[""CaSiO3""]","[""wollastonite""]","[""Dharmapuri"",""Tirunelveli""]",2,"[230,231]","[215,216]",https://www.ibm.gov.in/writereaddata/files/177426215469c1178a48453IMYB_2024_EBookFinal.pdf,7e4cf991426ac8299ec0a365af68a05a8276f3b81ae2433fb6debd4358550354,2026-03-11,2020-04-01 for the chapter's NMI resource tables; occurrence prose is undated within IMYB 2024,found_on_source_pages,all_found_on_source_pages,curated_page-referenced_transcription_with_machine_text_presence_checks,official_compiled_mineral_occurrence_context,official_compilation_not_independently_field_verified_by_khanan,excluded_context_only,"Broad compiled occurrence geography can overlap source evidence and is not an independent point, assay, reserve, mine or discovery label.",[],"The IBM State Reviews compile information from multiple sources and advise reader discretion. Place lists mix districts, historical names, named belts, fields and basins; occurrence does not establish grade, quantity, continuity, current legality, economics, access or a new discovery."
IBM-IMYB2024-STATE-OCC-0499,SRC_IBM_INDIAN_MINERALS_YEARBOOK_2024_STATE_REVIEWS,v1.0-alpha.22,Tamil Nadu,named_area_list,petroleum,"[""commodity:petroleum""]","[""Petroleum""]",[],[],"[""Petroleum""]","[""Cauvery basin""]",1,"[230,231]","[215,216]",https://www.ibm.gov.in/writereaddata/files/177426215469c1178a48453IMYB_2024_EBookFinal.pdf,7e4cf991426ac8299ec0a365af68a05a8276f3b81ae2433fb6debd4358550354,2026-03-11,2020-04-01 for the chapter's NMI resource tables; occurrence prose is undated within IMYB 2024,found_on_source_pages,all_found_on_source_pages,curated_page-referenced_transcription_with_machine_text_presence_checks,official_compiled_mineral_occurrence_context,official_compilation_not_independently_field_verified_by_khanan,excluded_context_only,"Broad compiled occurrence geography can overlap source evidence and is not an independent point, assay, reserve, mine or discovery label.",[],"The IBM State Reviews compile information from multiple sources and advise reader discretion. Place lists mix districts, historical names, named belts, fields and basins; occurrence does not establish grade, quantity, continuity, current legality, economics, access or a new discovery."
IBM-IMYB2024-STATE-OCC-0500,SRC_IBM_INDIAN_MINERALS_YEARBOOK_2024_STATE_REVIEWS,v1.0-alpha.22,Tamil Nadu,named_area_list,natural gas,"[""commodity:natural-gas""]","[""Natural gas""]","[""methane""]",[],"[""methane""]","[""Cauvery basin""]",1,"[230,231]","[215,216]",https://www.ibm.gov.in/writereaddata/files/177426215469c1178a48453IMYB_2024_EBookFinal.pdf,7e4cf991426ac8299ec0a365af68a05a8276f3b81ae2433fb6debd4358550354,2026-03-11,2020-04-01 for the chapter's NMI resource tables; occurrence prose is undated within IMYB 2024,found_on_source_pages,all_found_on_source_pages,curated_page-referenced_transcription_with_machine_text_presence_checks,official_compiled_mineral_occurrence_context,official_compilation_not_independently_field_verified_by_khanan,excluded_context_only,"Broad compiled occurrence geography can overlap source evidence and is not an independent point, assay, reserve, mine or discovery label.",[],"The IBM State Reviews compile information from multiple sources and advise reader discretion. Place lists mix districts, historical names, named belts, fields and basins; occurrence does not establish grade, quantity, continuity, current legality, economics, access or a new discovery."
IBM-IMYB2024-STATE-OCC-0501,SRC_IBM_INDIAN_MINERALS_YEARBOOK_2024_STATE_REVIEWS,v1.0-alpha.22,Telangana,district_list,barytes,"[""mineral:baryte""]","[""Baryte""]","[""baryte""]","[""Ba(SO4)""]","[""baryte""]","[""Khammam""]",1,[235],[220],https://www.ibm.gov.in/writereaddata/files/177426215469c1178a48453IMYB_2024_EBookFinal.pdf,7e4cf991426ac8299ec0a365af68a05a8276f3b81ae2433fb6debd4358550354,2026-03-11,2020-04-01 for the chapter's NMI resource tables; occurrence prose is undated within IMYB 2024,found_on_source_pages,all_found_on_source_pages,curated_page-referenced_transcription_with_machine_text_presence_checks,official_compiled_mineral_occurrence_context,official_compilation_not_independently_field_verified_by_khanan,excluded_context_only,"Broad compiled occurrence geography can overlap source evidence and is not an independent point, assay, reserve, mine or discovery label.","[""source_region_postdates_2011_boundary_layer""]","The IBM State Reviews compile information from multiple sources and advise reader discretion. Place lists mix districts, historical names, named belts, fields and basins; occurrence does not establish grade, quantity, continuity, current legality, economics, access or a new discovery."
IBM-IMYB2024-STATE-OCC-0502,SRC_IBM_INDIAN_MINERALS_YEARBOOK_2024_STATE_REVIEWS,v1.0-alpha.22,Telangana,district_list,china clay,"[""group:kaolin"",""mineral:kaolinite""]","[""Kaolin"",""Kaolinite""]","[""kaolinite"",""aluminium silicate hydroxide""]","[""Al2Si2O5(OH)4""]","[""kaolinite"",""aluminium silicate hydroxide""]","[""Adilabad"",""Mahabubnagar"",""Nalgonda"",""Rangareddi"",""Warangal""]",5,[235],[220],https://www.ibm.gov.in/writereaddata/files/177426215469c1178a48453IMYB_2024_EBookFinal.pdf,7e4cf991426ac8299ec0a365af68a05a8276f3b81ae2433fb6debd4358550354,2026-03-11,2020-04-01 for the chapter's NMI resource tables; occurrence prose is undated within IMYB 2024,found_on_source_pages,all_found_on_source_pages,curated_page-referenced_transcription_with_machine_text_presence_checks,official_compiled_mineral_occurrence_context,official_compilation_not_independently_field_verified_by_khanan,excluded_context_only,"Broad compiled occurrence geography can overlap source evidence and is not an independent point, assay, reserve, mine or discovery label.","[""source_region_postdates_2011_boundary_layer""]","The IBM State Reviews compile information from multiple sources and advise reader discretion. Place lists mix districts, historical names, named belts, fields and basins; occurrence does not establish grade, quantity, continuity, current legality, economics, access or a new discovery."
IBM-IMYB2024-STATE-OCC-0503,SRC_IBM_INDIAN_MINERALS_YEARBOOK_2024_STATE_REVIEWS,v1.0-alpha.22,Telangana,district_list,coal,"[""commodity:coal""]","[""Coal""]",[],[],"[""Coal""]","[""Adilabad"",""Karimnagar"",""Khammam"",""Warangal""]",4,[235],[220],https://www.ibm.gov.in/writereaddata/files/177426215469c1178a48453IMYB_2024_EBookFinal.pdf,7e4cf991426ac8299ec0a365af68a05a8276f3b81ae2433fb6debd4358550354,2026-03-11,2020-04-01 for the chapter's NMI resource tables; occurrence prose is undated within IMYB 2024,found_on_source_pages,all_found_on_source_pages,curated_page-referenced_transcription_with_machine_text_presence_checks,official_compiled_mineral_occurrence_context,official_compilation_not_independently_field_verified_by_khanan,excluded_context_only,"Broad compiled occurrence geography can overlap source evidence and is not an independent point, assay, reserve, mine or discovery label.","[""source_region_postdates_2011_boundary_layer""]","The IBM State Reviews compile information from multiple sources and advise reader discretion. Place lists mix districts, historical names, named belts, fields and basins; occurrence does not establish grade, quantity, continuity, current legality, economics, access or a new discovery."
IBM-IMYB2024-STATE-OCC-0504,SRC_IBM_INDIAN_MINERALS_YEARBOOK_2024_STATE_REVIEWS,v1.0-alpha.22,Telangana,district_list,corundum,"[""mineral:corundum""]","[""Corundum""]","[""corundum""]","[""Al2O3""]","[""corundum""]","[""Khammam""]",1,[235],[220],https://www.ibm.gov.in/writereaddata/files/177426215469c1178a48453IMYB_2024_EBookFinal.pdf,7e4cf991426ac8299ec0a365af68a05a8276f3b81ae2433fb6debd4358550354,2026-03-11,2020-04-01 for the chapter's NMI resource tables; occurrence prose is undated within IMYB 2024,found_on_source_pages,all_found_on_source_pages,curated_page-referenced_transcription_with_machine_text_presence_checks,official_compiled_mineral_occurrence_context,official_compilation_not_independently_field_verified_by_khanan,excluded_context_only,"Broad compiled occurrence geography can overlap source evidence and is not an independent point, assay, reserve, mine or discovery label.","[""source_region_postdates_2011_boundary_layer""]","The IBM State Reviews compile information from multiple sources and advise reader discretion. Place lists mix districts, historical names, named belts, fields and basins; occurrence does not establish grade, quantity, continuity, current legality, economics, access or a new discovery."
IBM-IMYB2024-STATE-OCC-0505,SRC_IBM_INDIAN_MINERALS_YEARBOOK_2024_STATE_REVIEWS,v1.0-alpha.22,Telangana,district_list,dolomite,"[""mineral:dolomite""]","[""Dolomite""]","[""dolomite""]","[""CaMg(CO3)2""]","[""dolomite""]","[""Khammam"",""Warangal""]",2,[235],[220],https://www.ibm.gov.in/writereaddata/files/177426215469c1178a48453IMYB_2024_EBookFinal.pdf,7e4cf991426ac8299ec0a365af68a05a8276f3b81ae2433fb6debd4358550354,2026-03-11,2020-04-01 for the chapter's NMI resource tables; occurrence prose is undated within IMYB 2024,found_on_source_pages,all_found_on_source_pages,curated_page-referenced_transcription_with_machine_text_presence_checks,official_compiled_mineral_occurrence_context,official_compilation_not_independently_field_verified_by_khanan,excluded_context_only,"Broad compiled occurrence geography can overlap source evidence and is not an independent point, assay, reserve, mine or discovery label.","[""source_region_postdates_2011_boundary_layer""]","The IBM State Reviews compile information from multiple sources and advise reader discretion. Place lists mix districts, historical names, named belts, fields and basins; occurrence does not establish grade, quantity, continuity, current legality, economics, access or a new discovery."
IBM-IMYB2024-STATE-OCC-0506,SRC_IBM_INDIAN_MINERALS_YEARBOOK_2024_STATE_REVIEWS,v1.0-alpha.22,Telangana,district_list,feldspar,"[""group:feldspar-group""]","[""Feldspar group""]",[],[],"[""Feldspar group""]","[""Hyderabad"",""Khammam"",""Mahabubnagar"",""Medak"",""Rangareddy""]",5,[235],[220],https://www.ibm.gov.in/writereaddata/files/177426215469c1178a48453IMYB_2024_EBookFinal.pdf,7e4cf991426ac8299ec0a365af68a05a8276f3b81ae2433fb6debd4358550354,2026-03-11,2020-04-01 for the chapter's NMI resource tables; occurrence prose is undated within IMYB 2024,found_on_source_pages,all_found_on_source_pages,curated_page-referenced_transcription_with_machine_text_presence_checks,official_compiled_mineral_occurrence_context,official_compilation_not_independently_field_verified_by_khanan,excluded_context_only,"Broad compiled occurrence geography can overlap source evidence and is not an independent point, assay, reserve, mine or discovery label.","[""source_region_postdates_2011_boundary_layer""]","The IBM State Reviews compile information from multiple sources and advise reader discretion. Place lists mix districts, historical names, named belts, fields and basins; occurrence does not establish grade, quantity, continuity, current legality, economics, access or a new discovery."
IBM-IMYB2024-STATE-OCC-0507,SRC_IBM_INDIAN_MINERALS_YEARBOOK_2024_STATE_REVIEWS,v1.0-alpha.22,Telangana,district_list,fireclay,"[""material:fire-clay"",""group:clay""]","[""Fire clay"",""Clay""]",[],[],"[""Fire clay"",""Clay""]","[""Adilabad"",""Nalgonda""]",2,[235],[220],https://www.ibm.gov.in/writereaddata/files/177426215469c1178a48453IMYB_2024_EBookFinal.pdf,7e4cf991426ac8299ec0a365af68a05a8276f3b81ae2433fb6debd4358550354,2026-03-11,2020-04-01 for the chapter's NMI resource tables; occurrence prose is undated within IMYB 2024,found_on_source_pages,all_found_on_source_pages,curated_page-referenced_transcription_with_machine_text_presence_checks,official_compiled_mineral_occurrence_context,official_compilation_not_independently_field_verified_by_khanan,excluded_context_only,"Broad compiled occurrence geography can overlap source evidence and is not an independent point, assay, reserve, mine or discovery label.","[""source_region_postdates_2011_boundary_layer""]","The IBM State Reviews compile information from multiple sources and advise reader discretion. Place lists mix districts, historical names, named belts, fields and basins; occurrence does not establish grade, quantity, continuity, current legality, economics, access or a new discovery."
IBM-IMYB2024-STATE-OCC-0508,SRC_IBM_INDIAN_MINERALS_YEARBOOK_2024_STATE_REVIEWS,v1.0-alpha.22,Telangana,district_list,garnet,"[""group:garnet-group""]","[""Garnet group""]",[],[],"[""Garnet group""]","[""Khammam""]",1,[235],[220],https://www.ibm.gov.in/writereaddata/files/177426215469c1178a48453IMYB_2024_EBookFinal.pdf,7e4cf991426ac8299ec0a365af68a05a8276f3b81ae2433fb6debd4358550354,2026-03-11,2020-04-01 for the chapter's NMI resource tables; occurrence prose is undated within IMYB 2024,found_on_source_pages,all_found_on_source_pages,curated_page-referenced_transcription_with_machine_text_presence_checks,official_compiled_mineral_occurrence_context,official_compilation_not_independently_field_verified_by_khanan,excluded_context_only,"Broad compiled occurrence geography can overlap source evidence and is not an independent point, assay, reserve, mine or discovery label.","[""source_region_postdates_2011_boundary_layer""]","The IBM State Reviews compile information from multiple sources and advise reader discretion. Place lists mix districts, historical names, named belts, fields and basins; occurrence does not establish grade, quantity, continuity, current legality, economics, access or a new discovery."
IBM-IMYB2024-STATE-OCC-0509,SRC_IBM_INDIAN_MINERALS_YEARBOOK_2024_STATE_REVIEWS,v1.0-alpha.22,Telangana,district_list,granite,"[""rock:granite""]","[""Granite""]",[],[],"[""Granite""]","[""Karimnagar"",""Khammam"",""Mahabubnagar"",""Medak"",""Nalgonda"",""Rangareddy"",""Warangal""]",7,[235],[220],https://www.ibm.gov.in/writereaddata/files/177426215469c1178a48453IMYB_2024_EBookFinal.pdf,7e4cf991426ac8299ec0a365af68a05a8276f3b81ae2433fb6debd4358550354,2026-03-11,2020-04-01 for the chapter's NMI resource tables; occurrence prose is undated within IMYB 2024,found_on_source_pages,all_found_on_source_pages,curated_page-referenced_transcription_with_machine_text_presence_checks,official_compiled_mineral_occurrence_context,official_compilation_not_independently_field_verified_by_khanan,excluded_context_only,"Broad compiled occurrence geography can overlap source evidence and is not an independent point, assay, reserve, mine or discovery label.","[""source_region_postdates_2011_boundary_layer""]","The IBM State Reviews compile information from multiple sources and advise reader discretion. Place lists mix districts, historical names, named belts, fields and basins; occurrence does not establish grade, quantity, continuity, current legality, economics, access or a new discovery."
IBM-IMYB2024-STATE-OCC-0510,SRC_IBM_INDIAN_MINERALS_YEARBOOK_2024_STATE_REVIEWS,v1.0-alpha.22,Telangana,district_list,iron ore (haematite),"[""element:iron"",""ore:iron-ore"",""mineral:hematite""]","[""Iron"",""Iron ore"",""Hematite""]","[""iron"",""hematite""]","[""Fe"",""Fe2O3""]","[""iron"",""hematite""]","[""Khammam""]",1,[235],[220],https://www.ibm.gov.in/writereaddata/files/177426215469c1178a48453IMYB_2024_EBookFinal.pdf,7e4cf991426ac8299ec0a365af68a05a8276f3b81ae2433fb6debd4358550354,2026-03-11,2020-04-01 for the chapter's NMI resource tables; occurrence prose is undated within IMYB 2024,found_on_source_pages,all_found_on_source_pages,curated_page-referenced_transcription_with_machine_text_presence_checks,official_compiled_mineral_occurrence_context,official_compilation_not_independently_field_verified_by_khanan,excluded_context_only,"Broad compiled occurrence geography can overlap source evidence and is not an independent point, assay, reserve, mine or discovery label.","[""source_region_postdates_2011_boundary_layer""]","The IBM State Reviews compile information from multiple sources and advise reader discretion. Place lists mix districts, historical names, named belts, fields and basins; occurrence does not establish grade, quantity, continuity, current legality, economics, access or a new discovery."
IBM-IMYB2024-STATE-OCC-0511,SRC_IBM_INDIAN_MINERALS_YEARBOOK_2024_STATE_REVIEWS,v1.0-alpha.22,Telangana,district_list,iron ore (magnetite),"[""element:iron"",""ore:iron-ore"",""mineral:magnetite""]","[""Iron"",""Iron ore"",""Magnetite""]","[""iron"",""magnetite""]","[""Fe"",""Fe2+Fe3+2O4""]","[""iron"",""magnetite""]","[""Adilabad"",""Warangal""]",2,[235],[220],https://www.ibm.gov.in/writereaddata/files/177426215469c1178a48453IMYB_2024_EBookFinal.pdf,7e4cf991426ac8299ec0a365af68a05a8276f3b81ae2433fb6debd4358550354,2026-03-11,2020-04-01 for the chapter's NMI resource tables; occurrence prose is undated within IMYB 2024,found_on_source_pages,all_found_on_source_pages,curated_page-referenced_transcription_with_machine_text_presence_checks,official_compiled_mineral_occurrence_context,official_compilation_not_independently_field_verified_by_khanan,excluded_context_only,"Broad compiled occurrence geography can overlap source evidence and is not an independent point, assay, reserve, mine or discovery label.","[""source_region_postdates_2011_boundary_layer""]","The IBM State Reviews compile information from multiple sources and advise reader discretion. Place lists mix districts, historical names, named belts, fields and basins; occurrence does not establish grade, quantity, continuity, current legality, economics, access or a new discovery."
IBM-IMYB2024-STATE-OCC-0512,SRC_IBM_INDIAN_MINERALS_YEARBOOK_2024_STATE_REVIEWS,v1.0-alpha.22,Telangana,district_list,limestone,"[""group:calcium-and-limestone"",""rock:limestone""]","[""Calcium and limestone"",""Limestone""]","[""calcium"",""calcium carbonate""]",[],"[""calcium"",""calcium carbonate""]","[""Adilabad"",""Hyderabad"",""Karimnagar"",""Mahabubnagar"",""Nalgonda"",""Rangareddy""]",6,[235],[220],https://www.ibm.gov.in/writereaddata/files/177426215469c1178a48453IMYB_2024_EBookFinal.pdf,7e4cf991426ac8299ec0a365af68a05a8276f3b81ae2433fb6debd4358550354,2026-03-11,2020-04-01 for the chapter's NMI resource tables; occurrence prose is undated within IMYB 2024,found_on_source_pages,all_found_on_source_pages,curated_page-referenced_transcription_with_machine_text_presence_checks,official_compiled_mineral_occurrence_context,official_compilation_not_independently_field_verified_by_khanan,excluded_context_only,"Broad compiled occurrence geography can overlap source evidence and is not an independent point, assay, reserve, mine or discovery label.","[""source_region_postdates_2011_boundary_layer""]","The IBM State Reviews compile information from multiple sources and advise reader discretion. Place lists mix districts, historical names, named belts, fields and basins; occurrence does not establish grade, quantity, continuity, current legality, economics, access or a new discovery."
IBM-IMYB2024-STATE-OCC-0513,SRC_IBM_INDIAN_MINERALS_YEARBOOK_2024_STATE_REVIEWS,v1.0-alpha.22,Telangana,district_list,manganese ore,"[""element:manganese""]","[""Manganese""]","[""manganese""]","[""Mn""]","[""manganese""]","[""Adilabad""]",1,[235],[220],https://www.ibm.gov.in/writereaddata/files/177426215469c1178a48453IMYB_2024_EBookFinal.pdf,7e4cf991426ac8299ec0a365af68a05a8276f3b81ae2433fb6debd4358550354,2026-03-11,2020-04-01 for the chapter's NMI resource tables; occurrence prose is undated within IMYB 2024,found_on_source_pages,all_found_on_source_pages,curated_page-referenced_transcription_with_machine_text_presence_checks,official_compiled_mineral_occurrence_context,official_compilation_not_independently_field_verified_by_khanan,excluded_context_only,"Broad compiled occurrence geography can overlap source evidence and is not an independent point, assay, reserve, mine or discovery label.","[""source_region_postdates_2011_boundary_layer""]","The IBM State Reviews compile information from multiple sources and advise reader discretion. Place lists mix districts, historical names, named belts, fields and basins; occurrence does not establish grade, quantity, continuity, current legality, economics, access or a new discovery."
IBM-IMYB2024-STATE-OCC-0514,SRC_IBM_INDIAN_MINERALS_YEARBOOK_2024_STATE_REVIEWS,v1.0-alpha.22,Telangana,district_list,mica,"[""group:mica-group""]","[""Mica group""]",[],[],"[""Mica group""]","[""Khammam""]",1,[235],[220],https://www.ibm.gov.in/writereaddata/files/177426215469c1178a48453IMYB_2024_EBookFinal.pdf,7e4cf991426ac8299ec0a365af68a05a8276f3b81ae2433fb6debd4358550354,2026-03-11,2020-04-01 for the chapter's NMI resource tables; occurrence prose is undated within IMYB 2024,found_on_source_pages,all_found_on_source_pages,curated_page-referenced_transcription_with_machine_text_presence_checks,official_compiled_mineral_occurrence_context,official_compilation_not_independently_field_verified_by_khanan,excluded_context_only,"Broad compiled occurrence geography can overlap source evidence and is not an independent point, assay, reserve, mine or discovery label.","[""source_region_postdates_2011_boundary_layer""]","The IBM State Reviews compile information from multiple sources and advise reader discretion. Place lists mix districts, historical names, named belts, fields and basins; occurrence does not establish grade, quantity, continuity, current legality, economics, access or a new discovery."
IBM-IMYB2024-STATE-OCC-0515,SRC_IBM_INDIAN_MINERALS_YEARBOOK_2024_STATE_REVIEWS,v1.0-alpha.22,Telangana,district_list,quartz/silica sand,"[""element:silicon"",""mineral:quartz"",""material:sand-and-gravel-industrial""]","[""Silicon"",""Quartz"",""Sand and gravel (industrial)""]","[""silicon"",""silicon dioxide"",""quartz""]","[""Si"",""SiO2""]","[""silicon"",""silicon dioxide"",""quartz""]","[""Hyderabad"",""Khammam"",""Mahabubnagar"",""Medak"",""Nalgonda"",""Rangareddy"",""Warangal""]",7,[235],[220],https://www.ibm.gov.in/writereaddata/files/177426215469c1178a48453IMYB_2024_EBookFinal.pdf,7e4cf991426ac8299ec0a365af68a05a8276f3b81ae2433fb6debd4358550354,2026-03-11,2020-04-01 for the chapter's NMI resource tables; occurrence prose is undated within IMYB 2024,found_on_source_pages,all_found_on_source_pages,curated_page-referenced_transcription_with_machine_text_presence_checks,official_compiled_mineral_occurrence_context,official_compilation_not_independently_field_verified_by_khanan,excluded_context_only,"Broad compiled occurrence geography can overlap source evidence and is not an independent point, assay, reserve, mine or discovery label.","[""source_region_postdates_2011_boundary_layer""]","The IBM State Reviews compile information from multiple sources and advise reader discretion. Place lists mix districts, historical names, named belts, fields and basins; occurrence does not establish grade, quantity, continuity, current legality, economics, access or a new discovery."
IBM-IMYB2024-STATE-OCC-0516,SRC_IBM_INDIAN_MINERALS_YEARBOOK_2024_STATE_REVIEWS,v1.0-alpha.22,Telangana,district_list,talc/soapstone/steatite,"[""mineral:talc""]","[""Talc""]","[""talc""]","[""Mg3Si4O10(OH)2""]","[""talc""]","[""Khammam""]",1,[235],[220],https://www.ibm.gov.in/writereaddata/files/177426215469c1178a48453IMYB_2024_EBookFinal.pdf,7e4cf991426ac8299ec0a365af68a05a8276f3b81ae2433fb6debd4358550354,2026-03-11,2020-04-01 for the chapter's NMI resource tables; occurrence prose is undated within IMYB 2024,found_on_source_pages,all_found_on_source_pages,curated_page-referenced_transcription_with_machine_text_presence_checks,official_compiled_mineral_occurrence_context,official_compilation_not_independently_field_verified_by_khanan,excluded_context_only,"Broad compiled occurrence geography can overlap source evidence and is not an independent point, assay, reserve, mine or discovery label.","[""source_region_postdates_2011_boundary_layer""]","The IBM State Reviews compile information from multiple sources and advise reader discretion. Place lists mix districts, historical names, named belts, fields and basins; occurrence does not establish grade, quantity, continuity, current legality, economics, access or a new discovery."
IBM-IMYB2024-STATE-OCC-0517,SRC_IBM_INDIAN_MINERALS_YEARBOOK_2024_STATE_REVIEWS,v1.0-alpha.22,Telangana,district_list,chromite,"[""element:chromium"",""mineral:chromite""]","[""Chromium"",""Chromite""]","[""chromium"",""chromite""]","[""Cr"",""Fe2+Cr2O4""]","[""chromium"",""chromite""]","[""Khammam""]",1,[235],[220],https://www.ibm.gov.in/writereaddata/files/177426215469c1178a48453IMYB_2024_EBookFinal.pdf,7e4cf991426ac8299ec0a365af68a05a8276f3b81ae2433fb6debd4358550354,2026-03-11,2020-04-01 for the chapter's NMI resource tables; occurrence prose is undated within IMYB 2024,found_on_source_pages,all_found_on_source_pages,curated_page-referenced_transcription_with_machine_text_presence_checks,official_compiled_mineral_occurrence_context,official_compilation_not_independently_field_verified_by_khanan,excluded_context_only,"Broad compiled occurrence geography can overlap source evidence and is not an independent point, assay, reserve, mine or discovery label.","[""source_region_postdates_2011_boundary_layer""]","The IBM State Reviews compile information from multiple sources and advise reader discretion. Place lists mix districts, historical names, named belts, fields and basins; occurrence does not establish grade, quantity, continuity, current legality, economics, access or a new discovery."
IBM-IMYB2024-STATE-OCC-0518,SRC_IBM_INDIAN_MINERALS_YEARBOOK_2024_STATE_REVIEWS,v1.0-alpha.22,Telangana,district_list,copper,"[""element:copper""]","[""Copper""]","[""copper""]","[""Cu""]","[""copper""]","[""Khammam""]",1,[235],[220],https://www.ibm.gov.in/writereaddata/files/177426215469c1178a48453IMYB_2024_EBookFinal.pdf,7e4cf991426ac8299ec0a365af68a05a8276f3b81ae2433fb6debd4358550354,2026-03-11,2020-04-01 for the chapter's NMI resource tables; occurrence prose is undated within IMYB 2024,found_on_source_pages,all_found_on_source_pages,curated_page-referenced_transcription_with_machine_text_presence_checks,official_compiled_mineral_occurrence_context,official_compilation_not_independently_field_verified_by_khanan,excluded_context_only,"Broad compiled occurrence geography can overlap source evidence and is not an independent point, assay, reserve, mine or discovery label.","[""source_region_postdates_2011_boundary_layer""]","The IBM State Reviews compile information from multiple sources and advise reader discretion. Place lists mix districts, historical names, named belts, fields and basins; occurrence does not establish grade, quantity, continuity, current legality, economics, access or a new discovery."
IBM-IMYB2024-STATE-OCC-0519,SRC_IBM_INDIAN_MINERALS_YEARBOOK_2024_STATE_REVIEWS,v1.0-alpha.22,Telangana,district_list,graphite,"[""mineral:graphite""]","[""Graphite""]","[""carbon""]","[""C""]","[""carbon""]","[""Khammam""]",1,[235],[220],https://www.ibm.gov.in/writereaddata/files/177426215469c1178a48453IMYB_2024_EBookFinal.pdf,7e4cf991426ac8299ec0a365af68a05a8276f3b81ae2433fb6debd4358550354,2026-03-11,2020-04-01 for the chapter's NMI resource tables; occurrence prose is undated within IMYB 2024,found_on_source_pages,all_found_on_source_pages,curated_page-referenced_transcription_with_machine_text_presence_checks,official_compiled_mineral_occurrence_context,official_compilation_not_independently_field_verified_by_khanan,excluded_context_only,"Broad compiled occurrence geography can overlap source evidence and is not an independent point, assay, reserve, mine or discovery label.","[""source_region_postdates_2011_boundary_layer""]","The IBM State Reviews compile information from multiple sources and advise reader discretion. Place lists mix districts, historical names, named belts, fields and basins; occurrence does not establish grade, quantity, continuity, current legality, economics, access or a new discovery."
IBM-IMYB2024-STATE-OCC-0520,SRC_IBM_INDIAN_MINERALS_YEARBOOK_2024_STATE_REVIEWS,v1.0-alpha.22,Telangana,district_list,kyanite,"[""mineral:kyanite""]","[""Kyanite""]","[""kyanite""]","[""Al2OSiO4""]","[""kyanite""]","[""Khammam""]",1,[235],[220],https://www.ibm.gov.in/writereaddata/files/177426215469c1178a48453IMYB_2024_EBookFinal.pdf,7e4cf991426ac8299ec0a365af68a05a8276f3b81ae2433fb6debd4358550354,2026-03-11,2020-04-01 for the chapter's NMI resource tables; occurrence prose is undated within IMYB 2024,found_on_source_pages,all_found_on_source_pages,curated_page-referenced_transcription_with_machine_text_presence_checks,official_compiled_mineral_occurrence_context,official_compilation_not_independently_field_verified_by_khanan,excluded_context_only,"Broad compiled occurrence geography can overlap source evidence and is not an independent point, assay, reserve, mine or discovery label.","[""source_region_postdates_2011_boundary_layer""]","The IBM State Reviews compile information from multiple sources and advise reader discretion. Place lists mix districts, historical names, named belts, fields and basins; occurrence does not establish grade, quantity, continuity, current legality, economics, access or a new discovery."
IBM-IMYB2024-STATE-OCC-0521,SRC_IBM_INDIAN_MINERALS_YEARBOOK_2024_STATE_REVIEWS,v1.0-alpha.22,Telangana,district_list,fuller's earth,"[""group:clay""]","[""Clay""]",[],[],"[""Clay""]","[""Medak"",""Rangareddy""]",2,[235],[220],https://www.ibm.gov.in/writereaddata/files/177426215469c1178a48453IMYB_2024_EBookFinal.pdf,7e4cf991426ac8299ec0a365af68a05a8276f3b81ae2433fb6debd4358550354,2026-03-11,2020-04-01 for the chapter's NMI resource tables; occurrence prose is undated within IMYB 2024,found_on_source_pages,all_found_on_source_pages,curated_page-referenced_transcription_with_machine_text_presence_checks,official_compiled_mineral_occurrence_context,official_compilation_not_independently_field_verified_by_khanan,excluded_context_only,"Broad compiled occurrence geography can overlap source evidence and is not an independent point, assay, reserve, mine or discovery label.","[""source_region_postdates_2011_boundary_layer""]","The IBM State Reviews compile information from multiple sources and advise reader discretion. Place lists mix districts, historical names, named belts, fields and basins; occurrence does not establish grade, quantity, continuity, current legality, economics, access or a new discovery."
IBM-IMYB2024-STATE-OCC-0522,SRC_IBM_INDIAN_MINERALS_YEARBOOK_2024_STATE_REVIEWS,v1.0-alpha.22,Telangana,district_list,marble,"[""group:calcium-and-limestone""]","[""Calcium and limestone""]","[""calcium"",""calcium carbonate""]",[],"[""calcium"",""calcium carbonate""]","[""Khammam""]",1,[235],[220],https://www.ibm.gov.in/writereaddata/files/177426215469c1178a48453IMYB_2024_EBookFinal.pdf,7e4cf991426ac8299ec0a365af68a05a8276f3b81ae2433fb6debd4358550354,2026-03-11,2020-04-01 for the chapter's NMI resource tables; occurrence prose is undated within IMYB 2024,found_on_source_pages,all_found_on_source_pages,curated_page-referenced_transcription_with_machine_text_presence_checks,official_compiled_mineral_occurrence_context,official_compilation_not_independently_field_verified_by_khanan,excluded_context_only,"Broad compiled occurrence geography can overlap source evidence and is not an independent point, assay, reserve, mine or discovery label.","[""source_region_postdates_2011_boundary_layer""]","The IBM State Reviews compile information from multiple sources and advise reader discretion. Place lists mix districts, historical names, named belts, fields and basins; occurrence does not establish grade, quantity, continuity, current legality, economics, access or a new discovery."
IBM-IMYB2024-STATE-OCC-0523,SRC_IBM_INDIAN_MINERALS_YEARBOOK_2024_STATE_REVIEWS,v1.0-alpha.22,Telangana,named_area_list,coal,"[""commodity:coal""]","[""Coal""]",[],[],"[""Coal""]","[""Godavari Valley""]",1,[235],[220],https://www.ibm.gov.in/writereaddata/files/177426215469c1178a48453IMYB_2024_EBookFinal.pdf,7e4cf991426ac8299ec0a365af68a05a8276f3b81ae2433fb6debd4358550354,2026-03-11,2020-04-01 for the chapter's NMI resource tables; occurrence prose is undated within IMYB 2024,found_on_source_pages,all_found_on_source_pages,curated_page-referenced_transcription_with_machine_text_presence_checks,official_compiled_mineral_occurrence_context,official_compilation_not_independently_field_verified_by_khanan,excluded_context_only,"Broad compiled occurrence geography can overlap source evidence and is not an independent point, assay, reserve, mine or discovery label.","[""source_region_postdates_2011_boundary_layer""]","The IBM State Reviews compile information from multiple sources and advise reader discretion. Place lists mix districts, historical names, named belts, fields and basins; occurrence does not establish grade, quantity, continuity, current legality, economics, access or a new discovery."
IBM-IMYB2024-STATE-OCC-0524,SRC_IBM_INDIAN_MINERALS_YEARBOOK_2024_STATE_REVIEWS,v1.0-alpha.22,Tripura,named_area_list,natural gas,"[""commodity:natural-gas""]","[""Natural gas""]","[""methane""]",[],"[""methane""]","[""Assam-Arakan Fold Belt""]",1,[238],[223],https://www.ibm.gov.in/writereaddata/files/177426215469c1178a48453IMYB_2024_EBookFinal.pdf,7e4cf991426ac8299ec0a365af68a05a8276f3b81ae2433fb6debd4358550354,2026-03-11,2020-04-01 for the chapter's NMI resource tables; occurrence prose is undated within IMYB 2024,found_on_source_pages,all_found_on_source_pages,curated_page-referenced_transcription_with_machine_text_presence_checks,official_compiled_mineral_occurrence_context,official_compilation_not_independently_field_verified_by_khanan,excluded_context_only,"Broad compiled occurrence geography can overlap source evidence and is not an independent point, assay, reserve, mine or discovery label.",[],"The IBM State Reviews compile information from multiple sources and advise reader discretion. Place lists mix districts, historical names, named belts, fields and basins; occurrence does not establish grade, quantity, continuity, current legality, economics, access or a new discovery."
IBM-IMYB2024-STATE-OCC-0525,SRC_IBM_INDIAN_MINERALS_YEARBOOK_2024_STATE_REVIEWS,v1.0-alpha.22,Tripura,statewide,glass sand,"[""element:silicon"",""mineral:quartz"",""material:sand-and-gravel-industrial""]","[""Silicon"",""Quartz"",""Sand and gravel (industrial)""]","[""silicon"",""silicon dioxide"",""quartz""]","[""Si"",""SiO2""]","[""silicon"",""silicon dioxide"",""quartz""]","[""Tripura""]",1,[238],[223],https://www.ibm.gov.in/writereaddata/files/177426215469c1178a48453IMYB_2024_EBookFinal.pdf,7e4cf991426ac8299ec0a365af68a05a8276f3b81ae2433fb6debd4358550354,2026-03-11,2020-04-01 for the chapter's NMI resource tables; occurrence prose is undated within IMYB 2024,found_on_source_pages,all_found_on_source_pages,curated_page-referenced_transcription_with_machine_text_presence_checks,official_compiled_mineral_occurrence_context,official_compilation_not_independently_field_verified_by_khanan,excluded_context_only,"Broad compiled occurrence geography can overlap source evidence and is not an independent point, assay, reserve, mine or discovery label.",[],"The IBM State Reviews compile information from multiple sources and advise reader discretion. Place lists mix districts, historical names, named belts, fields and basins; occurrence does not establish grade, quantity, continuity, current legality, economics, access or a new discovery."
IBM-IMYB2024-STATE-OCC-0526,SRC_IBM_INDIAN_MINERALS_YEARBOOK_2024_STATE_REVIEWS,v1.0-alpha.22,Tripura,statewide,limestone,"[""group:calcium-and-limestone"",""rock:limestone""]","[""Calcium and limestone"",""Limestone""]","[""calcium"",""calcium carbonate""]",[],"[""calcium"",""calcium carbonate""]","[""Tripura""]",1,[238],[223],https://www.ibm.gov.in/writereaddata/files/177426215469c1178a48453IMYB_2024_EBookFinal.pdf,7e4cf991426ac8299ec0a365af68a05a8276f3b81ae2433fb6debd4358550354,2026-03-11,2020-04-01 for the chapter's NMI resource tables; occurrence prose is undated within IMYB 2024,found_on_source_pages,all_found_on_source_pages,curated_page-referenced_transcription_with_machine_text_presence_checks,official_compiled_mineral_occurrence_context,official_compilation_not_independently_field_verified_by_khanan,excluded_context_only,"Broad compiled occurrence geography can overlap source evidence and is not an independent point, assay, reserve, mine or discovery label.",[],"The IBM State Reviews compile information from multiple sources and advise reader discretion. Place lists mix districts, historical names, named belts, fields and basins; occurrence does not establish grade, quantity, continuity, current legality, economics, access or a new discovery."
IBM-IMYB2024-STATE-OCC-0527,SRC_IBM_INDIAN_MINERALS_YEARBOOK_2024_STATE_REVIEWS,v1.0-alpha.22,Tripura,statewide,fireclay,"[""material:fire-clay"",""group:clay""]","[""Fire clay"",""Clay""]",[],[],"[""Fire clay"",""Clay""]","[""Tripura""]",1,[238],[223],https://www.ibm.gov.in/writereaddata/files/177426215469c1178a48453IMYB_2024_EBookFinal.pdf,7e4cf991426ac8299ec0a365af68a05a8276f3b81ae2433fb6debd4358550354,2026-03-11,2020-04-01 for the chapter's NMI resource tables; occurrence prose is undated within IMYB 2024,found_on_source_pages,all_found_on_source_pages,curated_page-referenced_transcription_with_machine_text_presence_checks,official_compiled_mineral_occurrence_context,official_compilation_not_independently_field_verified_by_khanan,excluded_context_only,"Broad compiled occurrence geography can overlap source evidence and is not an independent point, assay, reserve, mine or discovery label.",[],"The IBM State Reviews compile information from multiple sources and advise reader discretion. Place lists mix districts, historical names, named belts, fields and basins; occurrence does not establish grade, quantity, continuity, current legality, economics, access or a new discovery."
IBM-IMYB2024-STATE-OCC-0528,SRC_IBM_INDIAN_MINERALS_YEARBOOK_2024_STATE_REVIEWS,v1.0-alpha.22,Tripura,statewide,plastic clay,"[""group:clay""]","[""Clay""]",[],[],"[""Clay""]","[""Tripura""]",1,[238],[223],https://www.ibm.gov.in/writereaddata/files/177426215469c1178a48453IMYB_2024_EBookFinal.pdf,7e4cf991426ac8299ec0a365af68a05a8276f3b81ae2433fb6debd4358550354,2026-03-11,2020-04-01 for the chapter's NMI resource tables; occurrence prose is undated within IMYB 2024,found_on_source_pages,all_found_on_source_pages,curated_page-referenced_transcription_with_machine_text_presence_checks,official_compiled_mineral_occurrence_context,official_compilation_not_independently_field_verified_by_khanan,excluded_context_only,"Broad compiled occurrence geography can overlap source evidence and is not an independent point, assay, reserve, mine or discovery label.",[],"The IBM State Reviews compile information from multiple sources and advise reader discretion. Place lists mix districts, historical names, named belts, fields and basins; occurrence does not establish grade, quantity, continuity, current legality, economics, access or a new discovery."
IBM-IMYB2024-STATE-OCC-0529,SRC_IBM_INDIAN_MINERALS_YEARBOOK_2024_STATE_REVIEWS,v1.0-alpha.22,Tripura,statewide,shale,[],[],[],[],"[""shale""]","[""Tripura""]",1,[238],[223],https://www.ibm.gov.in/writereaddata/files/177426215469c1178a48453IMYB_2024_EBookFinal.pdf,7e4cf991426ac8299ec0a365af68a05a8276f3b81ae2433fb6debd4358550354,2026-03-11,2020-04-01 for the chapter's NMI resource tables; occurrence prose is undated within IMYB 2024,found_on_source_pages,all_found_on_source_pages,curated_page-referenced_transcription_with_machine_text_presence_checks,official_compiled_mineral_occurrence_context,official_compilation_not_independently_field_verified_by_khanan,excluded_context_only,"Broad compiled occurrence geography can overlap source evidence and is not an independent point, assay, reserve, mine or discovery label.","[""source_material_term_not_mapped_to_v1_ontology""]","The IBM State Reviews compile information from multiple sources and advise reader discretion. Place lists mix districts, historical names, named belts, fields and basins; occurrence does not establish grade, quantity, continuity, current legality, economics, access or a new discovery."
IBM-IMYB2024-STATE-OCC-0530,SRC_IBM_INDIAN_MINERALS_YEARBOOK_2024_STATE_REVIEWS,v1.0-alpha.22,Tripura,statewide,quartz/silica sand,"[""element:silicon"",""mineral:quartz"",""material:sand-and-gravel-industrial""]","[""Silicon"",""Quartz"",""Sand and gravel (industrial)""]","[""silicon"",""silicon dioxide"",""quartz""]","[""Si"",""SiO2""]","[""silicon"",""silicon dioxide"",""quartz""]","[""Tripura""]",1,[238],[223],https://www.ibm.gov.in/writereaddata/files/177426215469c1178a48453IMYB_2024_EBookFinal.pdf,7e4cf991426ac8299ec0a365af68a05a8276f3b81ae2433fb6debd4358550354,2026-03-11,2020-04-01 for the chapter's NMI resource tables; occurrence prose is undated within IMYB 2024,found_on_source_pages,all_found_on_source_pages,curated_page-referenced_transcription_with_machine_text_presence_checks,official_compiled_mineral_occurrence_context,official_compilation_not_independently_field_verified_by_khanan,excluded_context_only,"Broad compiled occurrence geography can overlap source evidence and is not an independent point, assay, reserve, mine or discovery label.",[],"The IBM State Reviews compile information from multiple sources and advise reader discretion. Place lists mix districts, historical names, named belts, fields and basins; occurrence does not establish grade, quantity, continuity, current legality, economics, access or a new discovery."
IBM-IMYB2024-STATE-OCC-0531,SRC_IBM_INDIAN_MINERALS_YEARBOOK_2024_STATE_REVIEWS,v1.0-alpha.22,Uttar Pradesh,district_list,coal,"[""commodity:coal""]","[""Coal""]",[],[],"[""Coal""]","[""Sonbhadra""]",1,[239],[224],https://www.ibm.gov.in/writereaddata/files/177426215469c1178a48453IMYB_2024_EBookFinal.pdf,7e4cf991426ac8299ec0a365af68a05a8276f3b81ae2433fb6debd4358550354,2026-03-11,2020-04-01 for the chapter's NMI resource tables; occurrence prose is undated within IMYB 2024,found_on_source_pages,all_found_on_source_pages,curated_page-referenced_transcription_with_machine_text_presence_checks,official_compiled_mineral_occurrence_context,official_compilation_not_independently_field_verified_by_khanan,excluded_context_only,"Broad compiled occurrence geography can overlap source evidence and is not an independent point, assay, reserve, mine or discovery label.",[],"The IBM State Reviews compile information from multiple sources and advise reader discretion. Place lists mix districts, historical names, named belts, fields and basins; occurrence does not establish grade, quantity, continuity, current legality, economics, access or a new discovery."
IBM-IMYB2024-STATE-OCC-0532,SRC_IBM_INDIAN_MINERALS_YEARBOOK_2024_STATE_REVIEWS,v1.0-alpha.22,Uttar Pradesh,district_list,diaspore,"[""group:kyanite-and-related-minerals""]","[""Kyanite and related minerals""]","[""kyanite and related minerals""]","[""Al2SiO5""]","[""kyanite and related minerals""]","[""Hamirpur"",""Jhansi"",""Lalitpur"",""Mahoba""]",4,[239],[224],https://www.ibm.gov.in/writereaddata/files/177426215469c1178a48453IMYB_2024_EBookFinal.pdf,7e4cf991426ac8299ec0a365af68a05a8276f3b81ae2433fb6debd4358550354,2026-03-11,2020-04-01 for the chapter's NMI resource tables; occurrence prose is undated within IMYB 2024,found_on_source_pages,all_found_on_source_pages,curated_page-referenced_transcription_with_machine_text_presence_checks,official_compiled_mineral_occurrence_context,official_compilation_not_independently_field_verified_by_khanan,excluded_context_only,"Broad compiled occurrence geography can overlap source evidence and is not an independent point, assay, reserve, mine or discovery label.",[],"The IBM State Reviews compile information from multiple sources and advise reader discretion. Place lists mix districts, historical names, named belts, fields and basins; occurrence does not establish grade, quantity, continuity, current legality, economics, access or a new discovery."
IBM-IMYB2024-STATE-OCC-0533,SRC_IBM_INDIAN_MINERALS_YEARBOOK_2024_STATE_REVIEWS,v1.0-alpha.22,Uttar Pradesh,district_list,pyrophyllite,"[""mineral:pyrophyllite""]","[""Pyrophyllite""]","[""pyrophyllite""]","[""Al2Si4O10(OH)2""]","[""pyrophyllite""]","[""Hamirpur"",""Jhansi"",""Lalitpur"",""Mahoba""]",4,[239],[224],https://www.ibm.gov.in/writereaddata/files/177426215469c1178a48453IMYB_2024_EBookFinal.pdf,7e4cf991426ac8299ec0a365af68a05a8276f3b81ae2433fb6debd4358550354,2026-03-11,2020-04-01 for the chapter's NMI resource tables; occurrence prose is undated within IMYB 2024,found_on_source_pages,all_found_on_source_pages,curated_page-referenced_transcription_with_machine_text_presence_checks,official_compiled_mineral_occurrence_context,official_compilation_not_independently_field_verified_by_khanan,excluded_context_only,"Broad compiled occurrence geography can overlap source evidence and is not an independent point, assay, reserve, mine or discovery label.",[],"The IBM State Reviews compile information from multiple sources and advise reader discretion. Place lists mix districts, historical names, named belts, fields and basins; occurrence does not establish grade, quantity, continuity, current legality, economics, access or a new discovery."
IBM-IMYB2024-STATE-OCC-0534,SRC_IBM_INDIAN_MINERALS_YEARBOOK_2024_STATE_REVIEWS,v1.0-alpha.22,Uttar Pradesh,district_list,silica sand,"[""element:silicon"",""mineral:quartz"",""material:sand-and-gravel-industrial""]","[""Silicon"",""Quartz"",""Sand and gravel (industrial)""]","[""silicon"",""silicon dioxide"",""quartz""]","[""Si"",""SiO2""]","[""silicon"",""silicon dioxide"",""quartz""]","[""Prayagraj"",""Banda"",""Aligarh"",""Chitrakoot""]",4,[239],[224],https://www.ibm.gov.in/writereaddata/files/177426215469c1178a48453IMYB_2024_EBookFinal.pdf,7e4cf991426ac8299ec0a365af68a05a8276f3b81ae2433fb6debd4358550354,2026-03-11,2020-04-01 for the chapter's NMI resource tables; occurrence prose is undated within IMYB 2024,found_on_source_pages,all_found_on_source_pages,curated_page-referenced_transcription_with_machine_text_presence_checks,official_compiled_mineral_occurrence_context,official_compilation_not_independently_field_verified_by_khanan,excluded_context_only,"Broad compiled occurrence geography can overlap source evidence and is not an independent point, assay, reserve, mine or discovery label.",[],"The IBM State Reviews compile information from multiple sources and advise reader discretion. Place lists mix districts, historical names, named belts, fields and basins; occurrence does not establish grade, quantity, continuity, current legality, economics, access or a new discovery."
IBM-IMYB2024-STATE-OCC-0535,SRC_IBM_INDIAN_MINERALS_YEARBOOK_2024_STATE_REVIEWS,v1.0-alpha.22,Uttar Pradesh,district_list,andalusite,"[""mineral:andalusite""]","[""Andalusite""]","[""andalusite""]","[""Al2SiO5""]","[""andalusite""]","[""Mirzapur""]",1,[239],[224],https://www.ibm.gov.in/writereaddata/files/177426215469c1178a48453IMYB_2024_EBookFinal.pdf,7e4cf991426ac8299ec0a365af68a05a8276f3b81ae2433fb6debd4358550354,2026-03-11,2020-04-01 for the chapter's NMI resource tables; occurrence prose is undated within IMYB 2024,found_on_source_pages,all_found_on_source_pages,curated_page-referenced_transcription_with_machine_text_presence_checks,official_compiled_mineral_occurrence_context,official_compilation_not_independently_field_verified_by_khanan,excluded_context_only,"Broad compiled occurrence geography can overlap source evidence and is not an independent point, assay, reserve, mine or discovery label.",[],"The IBM State Reviews compile information from multiple sources and advise reader discretion. Place lists mix districts, historical names, named belts, fields and basins; occurrence does not establish grade, quantity, continuity, current legality, economics, access or a new discovery."
IBM-IMYB2024-STATE-OCC-0536,SRC_IBM_INDIAN_MINERALS_YEARBOOK_2024_STATE_REVIEWS,v1.0-alpha.22,Uttar Pradesh,district_list,calcite,"[""group:calcium-and-limestone"",""mineral:calcite""]","[""Calcium and limestone"",""Calcite""]","[""calcium"",""calcium carbonate"",""calcite""]","[""Ca(CO3)""]","[""calcium"",""calcium carbonate"",""calcite""]","[""Mirzapur""]",1,[239],[224],https://www.ibm.gov.in/writereaddata/files/177426215469c1178a48453IMYB_2024_EBookFinal.pdf,7e4cf991426ac8299ec0a365af68a05a8276f3b81ae2433fb6debd4358550354,2026-03-11,2020-04-01 for the chapter's NMI resource tables; occurrence prose is undated within IMYB 2024,found_on_source_pages,all_found_on_source_pages,curated_page-referenced_transcription_with_machine_text_presence_checks,official_compiled_mineral_occurrence_context,official_compilation_not_independently_field_verified_by_khanan,excluded_context_only,"Broad compiled occurrence geography can overlap source evidence and is not an independent point, assay, reserve, mine or discovery label.",[],"The IBM State Reviews compile information from multiple sources and advise reader discretion. Place lists mix districts, historical names, named belts, fields and basins; occurrence does not establish grade, quantity, continuity, current legality, economics, access or a new discovery."
IBM-IMYB2024-STATE-OCC-0537,SRC_IBM_INDIAN_MINERALS_YEARBOOK_2024_STATE_REVIEWS,v1.0-alpha.22,Uttar Pradesh,district_list,bauxite,"[""element:aluminium"",""ore:bauxite""]","[""Aluminium"",""Bauxite""]","[""aluminium""]","[""Al""]","[""aluminium""]","[""Banda"",""Varanasi"",""Lalitpur""]",3,[239],[224],https://www.ibm.gov.in/writereaddata/files/177426215469c1178a48453IMYB_2024_EBookFinal.pdf,7e4cf991426ac8299ec0a365af68a05a8276f3b81ae2433fb6debd4358550354,2026-03-11,2020-04-01 for the chapter's NMI resource tables; occurrence prose is undated within IMYB 2024,found_on_source_pages,all_found_on_source_pages,curated_page-referenced_transcription_with_machine_text_presence_checks,official_compiled_mineral_occurrence_context,official_compilation_not_independently_field_verified_by_khanan,excluded_context_only,"Broad compiled occurrence geography can overlap source evidence and is not an independent point, assay, reserve, mine or discovery label.",[],"The IBM State Reviews compile information from multiple sources and advise reader discretion. Place lists mix districts, historical names, named belts, fields and basins; occurrence does not establish grade, quantity, continuity, current legality, economics, access or a new discovery."
IBM-IMYB2024-STATE-OCC-0538,SRC_IBM_INDIAN_MINERALS_YEARBOOK_2024_STATE_REVIEWS,v1.0-alpha.22,Uttar Pradesh,district_list,china clay,"[""group:kaolin"",""mineral:kaolinite""]","[""Kaolin"",""Kaolinite""]","[""kaolinite"",""aluminium silicate hydroxide""]","[""Al2Si2O5(OH)4""]","[""kaolinite"",""aluminium silicate hydroxide""]","[""Banda"",""Sonbhadra""]",2,[239],[224],https://www.ibm.gov.in/writereaddata/files/177426215469c1178a48453IMYB_2024_EBookFinal.pdf,7e4cf991426ac8299ec0a365af68a05a8276f3b81ae2433fb6debd4358550354,2026-03-11,2020-04-01 for the chapter's NMI resource tables; occurrence prose is undated within IMYB 2024,found_on_source_pages,all_found_on_source_pages,curated_page-referenced_transcription_with_machine_text_presence_checks,official_compiled_mineral_occurrence_context,official_compilation_not_independently_field_verified_by_khanan,excluded_context_only,"Broad compiled occurrence geography can overlap source evidence and is not an independent point, assay, reserve, mine or discovery label.",[],"The IBM State Reviews compile information from multiple sources and advise reader discretion. Place lists mix districts, historical names, named belts, fields and basins; occurrence does not establish grade, quantity, continuity, current legality, economics, access or a new discovery."
IBM-IMYB2024-STATE-OCC-0539,SRC_IBM_INDIAN_MINERALS_YEARBOOK_2024_STATE_REVIEWS,v1.0-alpha.22,Uttar Pradesh,district_list,dolomite,"[""mineral:dolomite""]","[""Dolomite""]","[""dolomite""]","[""CaMg(CO3)2""]","[""dolomite""]","[""Banda"",""Sonbhadra""]",2,[239],[224],https://www.ibm.gov.in/writereaddata/files/177426215469c1178a48453IMYB_2024_EBookFinal.pdf,7e4cf991426ac8299ec0a365af68a05a8276f3b81ae2433fb6debd4358550354,2026-03-11,2020-04-01 for the chapter's NMI resource tables; occurrence prose is undated within IMYB 2024,found_on_source_pages,all_found_on_source_pages,curated_page-referenced_transcription_with_machine_text_presence_checks,official_compiled_mineral_occurrence_context,official_compilation_not_independently_field_verified_by_khanan,excluded_context_only,"Broad compiled occurrence geography can overlap source evidence and is not an independent point, assay, reserve, mine or discovery label.",[],"The IBM State Reviews compile information from multiple sources and advise reader discretion. Place lists mix districts, historical names, named belts, fields and basins; occurrence does not establish grade, quantity, continuity, current legality, economics, access or a new discovery."
IBM-IMYB2024-STATE-OCC-0540,SRC_IBM_INDIAN_MINERALS_YEARBOOK_2024_STATE_REVIEWS,v1.0-alpha.22,Uttar Pradesh,district_list,felspar,"[""group:feldspar-group""]","[""Feldspar group""]",[],[],"[""Feldspar group""]","[""Jhansi""]",1,[239],[224],https://www.ibm.gov.in/writereaddata/files/177426215469c1178a48453IMYB_2024_EBookFinal.pdf,7e4cf991426ac8299ec0a365af68a05a8276f3b81ae2433fb6debd4358550354,2026-03-11,2020-04-01 for the chapter's NMI resource tables; occurrence prose is undated within IMYB 2024,found_on_source_pages,all_found_on_source_pages,curated_page-referenced_transcription_with_machine_text_presence_checks,official_compiled_mineral_occurrence_context,official_compilation_not_independently_field_verified_by_khanan,excluded_context_only,"Broad compiled occurrence geography can overlap source evidence and is not an independent point, assay, reserve, mine or discovery label.",[],"The IBM State Reviews compile information from multiple sources and advise reader discretion. Place lists mix districts, historical names, named belts, fields and basins; occurrence does not establish grade, quantity, continuity, current legality, economics, access or a new discovery."
IBM-IMYB2024-STATE-OCC-0541,SRC_IBM_INDIAN_MINERALS_YEARBOOK_2024_STATE_REVIEWS,v1.0-alpha.22,Uttar Pradesh,district_list,fireclay,"[""material:fire-clay"",""group:clay""]","[""Fire clay"",""Clay""]",[],[],"[""Fire clay"",""Clay""]","[""Sonbhadra""]",1,[239],[224],https://www.ibm.gov.in/writereaddata/files/177426215469c1178a48453IMYB_2024_EBookFinal.pdf,7e4cf991426ac8299ec0a365af68a05a8276f3b81ae2433fb6debd4358550354,2026-03-11,2020-04-01 for the chapter's NMI resource tables; occurrence prose is undated within IMYB 2024,found_on_source_pages,all_found_on_source_pages,curated_page-referenced_transcription_with_machine_text_presence_checks,official_compiled_mineral_occurrence_context,official_compilation_not_independently_field_verified_by_khanan,excluded_context_only,"Broad compiled occurrence geography can overlap source evidence and is not an independent point, assay, reserve, mine or discovery label.",[],"The IBM State Reviews compile information from multiple sources and advise reader discretion. Place lists mix districts, historical names, named belts, fields and basins; occurrence does not establish grade, quantity, continuity, current legality, economics, access or a new discovery."
IBM-IMYB2024-STATE-OCC-0542,SRC_IBM_INDIAN_MINERALS_YEARBOOK_2024_STATE_REVIEWS,v1.0-alpha.22,Uttar Pradesh,district_list,limestone,"[""group:calcium-and-limestone"",""rock:limestone""]","[""Calcium and limestone"",""Limestone""]","[""calcium"",""calcium carbonate""]",[],"[""calcium"",""calcium carbonate""]","[""Sonbhadra""]",1,[239],[224],https://www.ibm.gov.in/writereaddata/files/177426215469c1178a48453IMYB_2024_EBookFinal.pdf,7e4cf991426ac8299ec0a365af68a05a8276f3b81ae2433fb6debd4358550354,2026-03-11,2020-04-01 for the chapter's NMI resource tables; occurrence prose is undated within IMYB 2024,found_on_source_pages,all_found_on_source_pages,curated_page-referenced_transcription_with_machine_text_presence_checks,official_compiled_mineral_occurrence_context,official_compilation_not_independently_field_verified_by_khanan,excluded_context_only,"Broad compiled occurrence geography can overlap source evidence and is not an independent point, assay, reserve, mine or discovery label.",[],"The IBM State Reviews compile information from multiple sources and advise reader discretion. Place lists mix districts, historical names, named belts, fields and basins; occurrence does not establish grade, quantity, continuity, current legality, economics, access or a new discovery."
IBM-IMYB2024-STATE-OCC-0543,SRC_IBM_INDIAN_MINERALS_YEARBOOK_2024_STATE_REVIEWS,v1.0-alpha.22,Uttar Pradesh,district_list,potash,"[""group:potash""]","[""Potash""]","[""potassium chloride"",""potassium sulfate""]",[],"[""potassium chloride"",""potassium sulfate""]","[""Sonbhadra""]",1,[239],[224],https://www.ibm.gov.in/writereaddata/files/177426215469c1178a48453IMYB_2024_EBookFinal.pdf,7e4cf991426ac8299ec0a365af68a05a8276f3b81ae2433fb6debd4358550354,2026-03-11,2020-04-01 for the chapter's NMI resource tables; occurrence prose is undated within IMYB 2024,found_on_source_pages,all_found_on_source_pages,curated_page-referenced_transcription_with_machine_text_presence_checks,official_compiled_mineral_occurrence_context,official_compilation_not_independently_field_verified_by_khanan,excluded_context_only,"Broad compiled occurrence geography can overlap source evidence and is not an independent point, assay, reserve, mine or discovery label.",[],"The IBM State Reviews compile information from multiple sources and advise reader discretion. Place lists mix districts, historical names, named belts, fields and basins; occurrence does not establish grade, quantity, continuity, current legality, economics, access or a new discovery."
IBM-IMYB2024-STATE-OCC-0544,SRC_IBM_INDIAN_MINERALS_YEARBOOK_2024_STATE_REVIEWS,v1.0-alpha.22,Uttar Pradesh,district_list,sillimanite,"[""mineral:sillimanite""]","[""Sillimanite""]","[""sillimanite""]","[""Al2SiO5""]","[""sillimanite""]","[""Sonbhadra""]",1,[239],[224],https://www.ibm.gov.in/writereaddata/files/177426215469c1178a48453IMYB_2024_EBookFinal.pdf,7e4cf991426ac8299ec0a365af68a05a8276f3b81ae2433fb6debd4358550354,2026-03-11,2020-04-01 for the chapter's NMI resource tables; occurrence prose is undated within IMYB 2024,found_on_source_pages,all_found_on_source_pages,curated_page-referenced_transcription_with_machine_text_presence_checks,official_compiled_mineral_occurrence_context,official_compilation_not_independently_field_verified_by_khanan,excluded_context_only,"Broad compiled occurrence geography can overlap source evidence and is not an independent point, assay, reserve, mine or discovery label.",[],"The IBM State Reviews compile information from multiple sources and advise reader discretion. Place lists mix districts, historical names, named belts, fields and basins; occurrence does not establish grade, quantity, continuity, current legality, economics, access or a new discovery."
IBM-IMYB2024-STATE-OCC-0545,SRC_IBM_INDIAN_MINERALS_YEARBOOK_2024_STATE_REVIEWS,v1.0-alpha.22,Uttar Pradesh,district_list,ochre,"[""material:ochre"",""material:iron-oxide-pigments""]","[""Ochre"",""Iron oxide pigments""]",[],[],"[""Ochre"",""Iron oxide pigments""]","[""Banda""]",1,[239],[224],https://www.ibm.gov.in/writereaddata/files/177426215469c1178a48453IMYB_2024_EBookFinal.pdf,7e4cf991426ac8299ec0a365af68a05a8276f3b81ae2433fb6debd4358550354,2026-03-11,2020-04-01 for the chapter's NMI resource tables; occurrence prose is undated within IMYB 2024,found_on_source_pages,all_found_on_source_pages,curated_page-referenced_transcription_with_machine_text_presence_checks,official_compiled_mineral_occurrence_context,official_compilation_not_independently_field_verified_by_khanan,excluded_context_only,"Broad compiled occurrence geography can overlap source evidence and is not an independent point, assay, reserve, mine or discovery label.",[],"The IBM State Reviews compile information from multiple sources and advise reader discretion. Place lists mix districts, historical names, named belts, fields and basins; occurrence does not establish grade, quantity, continuity, current legality, economics, access or a new discovery."
IBM-IMYB2024-STATE-OCC-0546,SRC_IBM_INDIAN_MINERALS_YEARBOOK_2024_STATE_REVIEWS,v1.0-alpha.22,Uttar Pradesh,district_list,granite,"[""rock:granite""]","[""Granite""]",[],[],"[""Granite""]","[""Banda"",""Hamirpur"",""Lalitpur"",""Mahoba""]",4,[239],[224],https://www.ibm.gov.in/writereaddata/files/177426215469c1178a48453IMYB_2024_EBookFinal.pdf,7e4cf991426ac8299ec0a365af68a05a8276f3b81ae2433fb6debd4358550354,2026-03-11,2020-04-01 for the chapter's NMI resource tables; occurrence prose is undated within IMYB 2024,found_on_source_pages,all_found_on_source_pages,curated_page-referenced_transcription_with_machine_text_presence_checks,official_compiled_mineral_occurrence_context,official_compilation_not_independently_field_verified_by_khanan,excluded_context_only,"Broad compiled occurrence geography can overlap source evidence and is not an independent point, assay, reserve, mine or discovery label.",[],"The IBM State Reviews compile information from multiple sources and advise reader discretion. Place lists mix districts, historical names, named belts, fields and basins; occurrence does not establish grade, quantity, continuity, current legality, economics, access or a new discovery."
IBM-IMYB2024-STATE-OCC-0547,SRC_IBM_INDIAN_MINERALS_YEARBOOK_2024_STATE_REVIEWS,v1.0-alpha.22,Uttar Pradesh,district_list,iron ore (haematite),"[""element:iron"",""ore:iron-ore"",""mineral:hematite""]","[""Iron"",""Iron ore"",""Hematite""]","[""iron"",""hematite""]","[""Fe"",""Fe2O3""]","[""iron"",""hematite""]","[""Lalitpur""]",1,[239],[224],https://www.ibm.gov.in/writereaddata/files/177426215469c1178a48453IMYB_2024_EBookFinal.pdf,7e4cf991426ac8299ec0a365af68a05a8276f3b81ae2433fb6debd4358550354,2026-03-11,2020-04-01 for the chapter's NMI resource tables; occurrence prose is undated within IMYB 2024,found_on_source_pages,all_found_on_source_pages,curated_page-referenced_transcription_with_machine_text_presence_checks,official_compiled_mineral_occurrence_context,official_compilation_not_independently_field_verified_by_khanan,excluded_context_only,"Broad compiled occurrence geography can overlap source evidence and is not an independent point, assay, reserve, mine or discovery label.",[],"The IBM State Reviews compile information from multiple sources and advise reader discretion. Place lists mix districts, historical names, named belts, fields and basins; occurrence does not establish grade, quantity, continuity, current legality, economics, access or a new discovery."
IBM-IMYB2024-STATE-OCC-0548,SRC_IBM_INDIAN_MINERALS_YEARBOOK_2024_STATE_REVIEWS,v1.0-alpha.22,Uttar Pradesh,district_list,rock phosphate,"[""element:phosphorus"",""ore:phosphorite""]","[""Phosphorus"",""Phosphorite""]","[""phosphorus""]","[""P""]","[""phosphorus""]","[""Lalitpur""]",1,[239],[224],https://www.ibm.gov.in/writereaddata/files/177426215469c1178a48453IMYB_2024_EBookFinal.pdf,7e4cf991426ac8299ec0a365af68a05a8276f3b81ae2433fb6debd4358550354,2026-03-11,2020-04-01 for the chapter's NMI resource tables; occurrence prose is undated within IMYB 2024,found_on_source_pages,all_found_on_source_pages,curated_page-referenced_transcription_with_machine_text_presence_checks,official_compiled_mineral_occurrence_context,official_compilation_not_independently_field_verified_by_khanan,excluded_context_only,"Broad compiled occurrence geography can overlap source evidence and is not an independent point, assay, reserve, mine or discovery label.",[],"The IBM State Reviews compile information from multiple sources and advise reader discretion. Place lists mix districts, historical names, named belts, fields and basins; occurrence does not establish grade, quantity, continuity, current legality, economics, access or a new discovery."
IBM-IMYB2024-STATE-OCC-0549,SRC_IBM_INDIAN_MINERALS_YEARBOOK_2024_STATE_REVIEWS,v1.0-alpha.22,Uttar Pradesh,named_area_list,coal,"[""commodity:coal""]","[""Coal""]",[],[],"[""Coal""]","[""Singrauli coalfield""]",1,[239],[224],https://www.ibm.gov.in/writereaddata/files/177426215469c1178a48453IMYB_2024_EBookFinal.pdf,7e4cf991426ac8299ec0a365af68a05a8276f3b81ae2433fb6debd4358550354,2026-03-11,2020-04-01 for the chapter's NMI resource tables; occurrence prose is undated within IMYB 2024,found_on_source_pages,all_found_on_source_pages,curated_page-referenced_transcription_with_machine_text_presence_checks,official_compiled_mineral_occurrence_context,official_compilation_not_independently_field_verified_by_khanan,excluded_context_only,"Broad compiled occurrence geography can overlap source evidence and is not an independent point, assay, reserve, mine or discovery label.",[],"The IBM State Reviews compile information from multiple sources and advise reader discretion. Place lists mix districts, historical names, named belts, fields and basins; occurrence does not establish grade, quantity, continuity, current legality, economics, access or a new discovery."
IBM-IMYB2024-STATE-OCC-0550,SRC_IBM_INDIAN_MINERALS_YEARBOOK_2024_STATE_REVIEWS,v1.0-alpha.22,Uttar Pradesh,named_area_list,silica sand,"[""element:silicon"",""mineral:quartz"",""material:sand-and-gravel-industrial""]","[""Silicon"",""Quartz"",""Sand and gravel (industrial)""]","[""silicon"",""silicon dioxide"",""quartz""]","[""Si"",""SiO2""]","[""silicon"",""silicon dioxide"",""quartz""]","[""Naini"",""Shankargarh"",""Lohargarh"",""Bargarh""]",4,[239],[224],https://www.ibm.gov.in/writereaddata/files/177426215469c1178a48453IMYB_2024_EBookFinal.pdf,7e4cf991426ac8299ec0a365af68a05a8276f3b81ae2433fb6debd4358550354,2026-03-11,2020-04-01 for the chapter's NMI resource tables; occurrence prose is undated within IMYB 2024,found_on_source_pages,all_found_on_source_pages,curated_page-referenced_transcription_with_machine_text_presence_checks,official_compiled_mineral_occurrence_context,official_compilation_not_independently_field_verified_by_khanan,excluded_context_only,"Broad compiled occurrence geography can overlap source evidence and is not an independent point, assay, reserve, mine or discovery label.",[],"The IBM State Reviews compile information from multiple sources and advise reader discretion. Place lists mix districts, historical names, named belts, fields and basins; occurrence does not establish grade, quantity, continuity, current legality, economics, access or a new discovery."
IBM-IMYB2024-STATE-OCC-0551,SRC_IBM_INDIAN_MINERALS_YEARBOOK_2024_STATE_REVIEWS,v1.0-alpha.22,Uttarakhand,district_list,limestone,"[""group:calcium-and-limestone"",""rock:limestone""]","[""Calcium and limestone"",""Limestone""]","[""calcium"",""calcium carbonate""]",[],"[""calcium"",""calcium carbonate""]","[""Almora"",""Bageshwar"",""Dehradun"",""Nainital"",""Pauri-Garhwal"",""Pithoragarh"",""Tehri-Garhwal""]",7,[242],[227],https://www.ibm.gov.in/writereaddata/files/177426215469c1178a48453IMYB_2024_EBookFinal.pdf,7e4cf991426ac8299ec0a365af68a05a8276f3b81ae2433fb6debd4358550354,2026-03-11,2020-04-01 for the chapter's NMI resource tables; occurrence prose is undated within IMYB 2024,found_on_source_pages,all_found_on_source_pages,curated_page-referenced_transcription_with_machine_text_presence_checks,official_compiled_mineral_occurrence_context,official_compilation_not_independently_field_verified_by_khanan,excluded_context_only,"Broad compiled occurrence geography can overlap source evidence and is not an independent point, assay, reserve, mine or discovery label.",[],"The IBM State Reviews compile information from multiple sources and advise reader discretion. Place lists mix districts, historical names, named belts, fields and basins; occurrence does not establish grade, quantity, continuity, current legality, economics, access or a new discovery."
IBM-IMYB2024-STATE-OCC-0552,SRC_IBM_INDIAN_MINERALS_YEARBOOK_2024_STATE_REVIEWS,v1.0-alpha.22,Uttarakhand,district_list,magnesite,"[""element:magnesium"",""mineral:magnesite""]","[""Magnesium"",""Magnesite""]","[""magnesium"",""magnesium carbonate"",""magnesite""]","[""Mg"",""Mg(CO3)""]","[""magnesium"",""magnesium carbonate"",""magnesite""]","[""Almora"",""Bageshwar"",""Chamoli"",""Pithoragarh""]",4,[242],[227],https://www.ibm.gov.in/writereaddata/files/177426215469c1178a48453IMYB_2024_EBookFinal.pdf,7e4cf991426ac8299ec0a365af68a05a8276f3b81ae2433fb6debd4358550354,2026-03-11,2020-04-01 for the chapter's NMI resource tables; occurrence prose is undated within IMYB 2024,found_on_source_pages,all_found_on_source_pages,curated_page-referenced_transcription_with_machine_text_presence_checks,official_compiled_mineral_occurrence_context,official_compilation_not_independently_field_verified_by_khanan,excluded_context_only,"Broad compiled occurrence geography can overlap source evidence and is not an independent point, assay, reserve, mine or discovery label.",[],"The IBM State Reviews compile information from multiple sources and advise reader discretion. Place lists mix districts, historical names, named belts, fields and basins; occurrence does not establish grade, quantity, continuity, current legality, economics, access or a new discovery."
IBM-IMYB2024-STATE-OCC-0553,SRC_IBM_INDIAN_MINERALS_YEARBOOK_2024_STATE_REVIEWS,v1.0-alpha.22,Uttarakhand,district_list,steatite,"[""mineral:talc""]","[""Talc""]","[""talc""]","[""Mg3Si4O10(OH)2""]","[""talc""]","[""Almora"",""Bageshwar"",""Chamoli"",""Pithoragarh""]",4,[242],[227],https://www.ibm.gov.in/writereaddata/files/177426215469c1178a48453IMYB_2024_EBookFinal.pdf,7e4cf991426ac8299ec0a365af68a05a8276f3b81ae2433fb6debd4358550354,2026-03-11,2020-04-01 for the chapter's NMI resource tables; occurrence prose is undated within IMYB 2024,found_on_source_pages,all_found_on_source_pages,curated_page-referenced_transcription_with_machine_text_presence_checks,official_compiled_mineral_occurrence_context,official_compilation_not_independently_field_verified_by_khanan,excluded_context_only,"Broad compiled occurrence geography can overlap source evidence and is not an independent point, assay, reserve, mine or discovery label.",[],"The IBM State Reviews compile information from multiple sources and advise reader discretion. Place lists mix districts, historical names, named belts, fields and basins; occurrence does not establish grade, quantity, continuity, current legality, economics, access or a new discovery."
IBM-IMYB2024-STATE-OCC-0554,SRC_IBM_INDIAN_MINERALS_YEARBOOK_2024_STATE_REVIEWS,v1.0-alpha.22,Uttarakhand,district_list,tungsten,"[""element:tungsten""]","[""Tungsten""]","[""tungsten""]","[""W""]","[""tungsten""]","[""Almora""]",1,[242],[227],https://www.ibm.gov.in/writereaddata/files/177426215469c1178a48453IMYB_2024_EBookFinal.pdf,7e4cf991426ac8299ec0a365af68a05a8276f3b81ae2433fb6debd4358550354,2026-03-11,2020-04-01 for the chapter's NMI resource tables; occurrence prose is undated within IMYB 2024,found_on_source_pages,all_found_on_source_pages,curated_page-referenced_transcription_with_machine_text_presence_checks,official_compiled_mineral_occurrence_context,official_compilation_not_independently_field_verified_by_khanan,excluded_context_only,"Broad compiled occurrence geography can overlap source evidence and is not an independent point, assay, reserve, mine or discovery label.",[],"The IBM State Reviews compile information from multiple sources and advise reader discretion. Place lists mix districts, historical names, named belts, fields and basins; occurrence does not establish grade, quantity, continuity, current legality, economics, access or a new discovery."
IBM-IMYB2024-STATE-OCC-0555,SRC_IBM_INDIAN_MINERALS_YEARBOOK_2024_STATE_REVIEWS,v1.0-alpha.22,Uttarakhand,district_list,asbestos,"[""group:asbestos""]","[""Asbestos""]",[],[],"[""Asbestos""]","[""Chamoli""]",1,[242],[227],https://www.ibm.gov.in/writereaddata/files/177426215469c1178a48453IMYB_2024_EBookFinal.pdf,7e4cf991426ac8299ec0a365af68a05a8276f3b81ae2433fb6debd4358550354,2026-03-11,2020-04-01 for the chapter's NMI resource tables; occurrence prose is undated within IMYB 2024,found_on_source_pages,all_found_on_source_pages,curated_page-referenced_transcription_with_machine_text_presence_checks,official_compiled_mineral_occurrence_context,official_compilation_not_independently_field_verified_by_khanan,excluded_context_only,"Broad compiled occurrence geography can overlap source evidence and is not an independent point, assay, reserve, mine or discovery label.",[],"The IBM State Reviews compile information from multiple sources and advise reader discretion. Place lists mix districts, historical names, named belts, fields and basins; occurrence does not establish grade, quantity, continuity, current legality, economics, access or a new discovery."
IBM-IMYB2024-STATE-OCC-0556,SRC_IBM_INDIAN_MINERALS_YEARBOOK_2024_STATE_REVIEWS,v1.0-alpha.22,Uttarakhand,district_list,barytes,"[""mineral:baryte""]","[""Baryte""]","[""baryte""]","[""Ba(SO4)""]","[""baryte""]","[""Dehradun""]",1,[242],[227],https://www.ibm.gov.in/writereaddata/files/177426215469c1178a48453IMYB_2024_EBookFinal.pdf,7e4cf991426ac8299ec0a365af68a05a8276f3b81ae2433fb6debd4358550354,2026-03-11,2020-04-01 for the chapter's NMI resource tables; occurrence prose is undated within IMYB 2024,found_on_source_pages,all_found_on_source_pages,curated_page-referenced_transcription_with_machine_text_presence_checks,official_compiled_mineral_occurrence_context,official_compilation_not_independently_field_verified_by_khanan,excluded_context_only,"Broad compiled occurrence geography can overlap source evidence and is not an independent point, assay, reserve, mine or discovery label.",[],"The IBM State Reviews compile information from multiple sources and advise reader discretion. Place lists mix districts, historical names, named belts, fields and basins; occurrence does not establish grade, quantity, continuity, current legality, economics, access or a new discovery."
IBM-IMYB2024-STATE-OCC-0557,SRC_IBM_INDIAN_MINERALS_YEARBOOK_2024_STATE_REVIEWS,v1.0-alpha.22,Uttarakhand,district_list,marble,"[""group:calcium-and-limestone""]","[""Calcium and limestone""]","[""calcium"",""calcium carbonate""]",[],"[""calcium"",""calcium carbonate""]","[""Dehradun""]",1,[242],[227],https://www.ibm.gov.in/writereaddata/files/177426215469c1178a48453IMYB_2024_EBookFinal.pdf,7e4cf991426ac8299ec0a365af68a05a8276f3b81ae2433fb6debd4358550354,2026-03-11,2020-04-01 for the chapter's NMI resource tables; occurrence prose is undated within IMYB 2024,found_on_source_pages,all_found_on_source_pages,curated_page-referenced_transcription_with_machine_text_presence_checks,official_compiled_mineral_occurrence_context,official_compilation_not_independently_field_verified_by_khanan,excluded_context_only,"Broad compiled occurrence geography can overlap source evidence and is not an independent point, assay, reserve, mine or discovery label.",[],"The IBM State Reviews compile information from multiple sources and advise reader discretion. Place lists mix districts, historical names, named belts, fields and basins; occurrence does not establish grade, quantity, continuity, current legality, economics, access or a new discovery."
IBM-IMYB2024-STATE-OCC-0558,SRC_IBM_INDIAN_MINERALS_YEARBOOK_2024_STATE_REVIEWS,v1.0-alpha.22,Uttarakhand,district_list,copper,"[""element:copper""]","[""Copper""]","[""copper""]","[""Cu""]","[""copper""]","[""Almora"",""Dehradun"",""Pithoragarh""]",3,[242],[227],https://www.ibm.gov.in/writereaddata/files/177426215469c1178a48453IMYB_2024_EBookFinal.pdf,7e4cf991426ac8299ec0a365af68a05a8276f3b81ae2433fb6debd4358550354,2026-03-11,2020-04-01 for the chapter's NMI resource tables; occurrence prose is undated within IMYB 2024,found_on_source_pages,all_found_on_source_pages,curated_page-referenced_transcription_with_machine_text_presence_checks,official_compiled_mineral_occurrence_context,official_compilation_not_independently_field_verified_by_khanan,excluded_context_only,"Broad compiled occurrence geography can overlap source evidence and is not an independent point, assay, reserve, mine or discovery label.",[],"The IBM State Reviews compile information from multiple sources and advise reader discretion. Place lists mix districts, historical names, named belts, fields and basins; occurrence does not establish grade, quantity, continuity, current legality, economics, access or a new discovery."
IBM-IMYB2024-STATE-OCC-0559,SRC_IBM_INDIAN_MINERALS_YEARBOOK_2024_STATE_REVIEWS,v1.0-alpha.22,Uttarakhand,district_list,dolomite,"[""mineral:dolomite""]","[""Dolomite""]","[""dolomite""]","[""CaMg(CO3)2""]","[""dolomite""]","[""Dehradun"",""Nainital"",""Tehri-Garhwal""]",3,[242],[227],https://www.ibm.gov.in/writereaddata/files/177426215469c1178a48453IMYB_2024_EBookFinal.pdf,7e4cf991426ac8299ec0a365af68a05a8276f3b81ae2433fb6debd4358550354,2026-03-11,2020-04-01 for the chapter's NMI resource tables; occurrence prose is undated within IMYB 2024,found_on_source_pages,all_found_on_source_pages,curated_page-referenced_transcription_with_machine_text_presence_checks,official_compiled_mineral_occurrence_context,official_compilation_not_independently_field_verified_by_khanan,excluded_context_only,"Broad compiled occurrence geography can overlap source evidence and is not an independent point, assay, reserve, mine or discovery label.",[],"The IBM State Reviews compile information from multiple sources and advise reader discretion. Place lists mix districts, historical names, named belts, fields and basins; occurrence does not establish grade, quantity, continuity, current legality, economics, access or a new discovery."
IBM-IMYB2024-STATE-OCC-0560,SRC_IBM_INDIAN_MINERALS_YEARBOOK_2024_STATE_REVIEWS,v1.0-alpha.22,Uttarakhand,district_list,graphite,"[""mineral:graphite""]","[""Graphite""]","[""carbon""]","[""C""]","[""carbon""]","[""Almora""]",1,[242],[227],https://www.ibm.gov.in/writereaddata/files/177426215469c1178a48453IMYB_2024_EBookFinal.pdf,7e4cf991426ac8299ec0a365af68a05a8276f3b81ae2433fb6debd4358550354,2026-03-11,2020-04-01 for the chapter's NMI resource tables; occurrence prose is undated within IMYB 2024,found_on_source_pages,all_found_on_source_pages,curated_page-referenced_transcription_with_machine_text_presence_checks,official_compiled_mineral_occurrence_context,official_compilation_not_independently_field_verified_by_khanan,excluded_context_only,"Broad compiled occurrence geography can overlap source evidence and is not an independent point, assay, reserve, mine or discovery label.",[],"The IBM State Reviews compile information from multiple sources and advise reader discretion. Place lists mix districts, historical names, named belts, fields and basins; occurrence does not establish grade, quantity, continuity, current legality, economics, access or a new discovery."
IBM-IMYB2024-STATE-OCC-0561,SRC_IBM_INDIAN_MINERALS_YEARBOOK_2024_STATE_REVIEWS,v1.0-alpha.22,Uttarakhand,district_list,gypsum,"[""mineral:gypsum""]","[""Gypsum""]","[""gypsum""]","[""Ca(SO4)(H2O)2""]","[""gypsum""]","[""Dehradun"",""Pauri-Garhwal"",""Tehri-Garhwal""]",3,[242],[227],https://www.ibm.gov.in/writereaddata/files/177426215469c1178a48453IMYB_2024_EBookFinal.pdf,7e4cf991426ac8299ec0a365af68a05a8276f3b81ae2433fb6debd4358550354,2026-03-11,2020-04-01 for the chapter's NMI resource tables; occurrence prose is undated within IMYB 2024,found_on_source_pages,all_found_on_source_pages,curated_page-referenced_transcription_with_machine_text_presence_checks,official_compiled_mineral_occurrence_context,official_compilation_not_independently_field_verified_by_khanan,excluded_context_only,"Broad compiled occurrence geography can overlap source evidence and is not an independent point, assay, reserve, mine or discovery label.",[],"The IBM State Reviews compile information from multiple sources and advise reader discretion. Place lists mix districts, historical names, named belts, fields and basins; occurrence does not establish grade, quantity, continuity, current legality, economics, access or a new discovery."
IBM-IMYB2024-STATE-OCC-0562,SRC_IBM_INDIAN_MINERALS_YEARBOOK_2024_STATE_REVIEWS,v1.0-alpha.22,Uttarakhand,district_list,lead-zinc,"[""element:lead"",""element:zinc""]","[""Lead"",""Zinc""]","[""lead"",""zinc""]","[""Pb"",""Zn""]","[""lead"",""zinc""]","[""Dehradun"",""Pithoragarh""]",2,[242],[227],https://www.ibm.gov.in/writereaddata/files/177426215469c1178a48453IMYB_2024_EBookFinal.pdf,7e4cf991426ac8299ec0a365af68a05a8276f3b81ae2433fb6debd4358550354,2026-03-11,2020-04-01 for the chapter's NMI resource tables; occurrence prose is undated within IMYB 2024,found_on_source_pages,all_found_on_source_pages,curated_page-referenced_transcription_with_machine_text_presence_checks,official_compiled_mineral_occurrence_context,official_compilation_not_independently_field_verified_by_khanan,excluded_context_only,"Broad compiled occurrence geography can overlap source evidence and is not an independent point, assay, reserve, mine or discovery label.",[],"The IBM State Reviews compile information from multiple sources and advise reader discretion. Place lists mix districts, historical names, named belts, fields and basins; occurrence does not establish grade, quantity, continuity, current legality, economics, access or a new discovery."
IBM-IMYB2024-STATE-OCC-0563,SRC_IBM_INDIAN_MINERALS_YEARBOOK_2024_STATE_REVIEWS,v1.0-alpha.22,Uttarakhand,district_list,silver,"[""element:silver""]","[""Silver""]","[""silver""]","[""Ag""]","[""silver""]","[""Dehradun"",""Pithoragarh""]",2,[242],[227],https://www.ibm.gov.in/writereaddata/files/177426215469c1178a48453IMYB_2024_EBookFinal.pdf,7e4cf991426ac8299ec0a365af68a05a8276f3b81ae2433fb6debd4358550354,2026-03-11,2020-04-01 for the chapter's NMI resource tables; occurrence prose is undated within IMYB 2024,found_on_source_pages,all_found_on_source_pages,curated_page-referenced_transcription_with_machine_text_presence_checks,official_compiled_mineral_occurrence_context,official_compilation_not_independently_field_verified_by_khanan,excluded_context_only,"Broad compiled occurrence geography can overlap source evidence and is not an independent point, assay, reserve, mine or discovery label.",[],"The IBM State Reviews compile information from multiple sources and advise reader discretion. Place lists mix districts, historical names, named belts, fields and basins; occurrence does not establish grade, quantity, continuity, current legality, economics, access or a new discovery."
IBM-IMYB2024-STATE-OCC-0564,SRC_IBM_INDIAN_MINERALS_YEARBOOK_2024_STATE_REVIEWS,v1.0-alpha.22,Uttarakhand,district_list,rock phosphate,"[""element:phosphorus"",""ore:phosphorite""]","[""Phosphorus"",""Phosphorite""]","[""phosphorus""]","[""P""]","[""phosphorus""]","[""Dehradun"",""Tehri-Garhwal""]",2,[242],[227],https://www.ibm.gov.in/writereaddata/files/177426215469c1178a48453IMYB_2024_EBookFinal.pdf,7e4cf991426ac8299ec0a365af68a05a8276f3b81ae2433fb6debd4358550354,2026-03-11,2020-04-01 for the chapter's NMI resource tables; occurrence prose is undated within IMYB 2024,found_on_source_pages,all_found_on_source_pages,curated_page-referenced_transcription_with_machine_text_presence_checks,official_compiled_mineral_occurrence_context,official_compilation_not_independently_field_verified_by_khanan,excluded_context_only,"Broad compiled occurrence geography can overlap source evidence and is not an independent point, assay, reserve, mine or discovery label.",[],"The IBM State Reviews compile information from multiple sources and advise reader discretion. Place lists mix districts, historical names, named belts, fields and basins; occurrence does not establish grade, quantity, continuity, current legality, economics, access or a new discovery."
IBM-IMYB2024-STATE-OCC-0565,SRC_IBM_INDIAN_MINERALS_YEARBOOK_2024_STATE_REVIEWS,v1.0-alpha.22,West Bengal,district_list,apatite,"[""group:apatite-group""]","[""Apatite group""]",[],[],"[""Apatite group""]","[""Purulia""]",1,[244],[229],https://www.ibm.gov.in/writereaddata/files/177426215469c1178a48453IMYB_2024_EBookFinal.pdf,7e4cf991426ac8299ec0a365af68a05a8276f3b81ae2433fb6debd4358550354,2026-03-11,2020-04-01 for the chapter's NMI resource tables; occurrence prose is undated within IMYB 2024,found_on_source_pages,all_found_on_source_pages,curated_page-referenced_transcription_with_machine_text_presence_checks,official_compiled_mineral_occurrence_context,official_compilation_not_independently_field_verified_by_khanan,excluded_context_only,"Broad compiled occurrence geography can overlap source evidence and is not an independent point, assay, reserve, mine or discovery label.",[],"The IBM State Reviews compile information from multiple sources and advise reader discretion. Place lists mix districts, historical names, named belts, fields and basins; occurrence does not establish grade, quantity, continuity, current legality, economics, access or a new discovery."
IBM-IMYB2024-STATE-OCC-0566,SRC_IBM_INDIAN_MINERALS_YEARBOOK_2024_STATE_REVIEWS,v1.0-alpha.22,West Bengal,district_list,coal,"[""commodity:coal""]","[""Coal""]",[],[],"[""Coal""]","[""Bardhaman"",""Bankura"",""Birbhum"",""Darjeeling"",""Jalpaiguri"",""Purulia""]",6,[244],[229],https://www.ibm.gov.in/writereaddata/files/177426215469c1178a48453IMYB_2024_EBookFinal.pdf,7e4cf991426ac8299ec0a365af68a05a8276f3b81ae2433fb6debd4358550354,2026-03-11,2020-04-01 for the chapter's NMI resource tables; occurrence prose is undated within IMYB 2024,found_on_source_pages,all_found_on_source_pages,curated_page-referenced_transcription_with_machine_text_presence_checks,official_compiled_mineral_occurrence_context,official_compilation_not_independently_field_verified_by_khanan,excluded_context_only,"Broad compiled occurrence geography can overlap source evidence and is not an independent point, assay, reserve, mine or discovery label.",[],"The IBM State Reviews compile information from multiple sources and advise reader discretion. Place lists mix districts, historical names, named belts, fields and basins; occurrence does not establish grade, quantity, continuity, current legality, economics, access or a new discovery."
IBM-IMYB2024-STATE-OCC-0567,SRC_IBM_INDIAN_MINERALS_YEARBOOK_2024_STATE_REVIEWS,v1.0-alpha.22,West Bengal,district_list,china clay,"[""group:kaolin"",""mineral:kaolinite""]","[""Kaolin"",""Kaolinite""]","[""kaolinite"",""aluminium silicate hydroxide""]","[""Al2Si2O5(OH)4""]","[""kaolinite"",""aluminium silicate hydroxide""]","[""24-Parganas"",""Bankura"",""Birbhum"",""Bardhaman"",""Hooghly"",""Midnapur"",""Purulia""]",7,[244],[229],https://www.ibm.gov.in/writereaddata/files/177426215469c1178a48453IMYB_2024_EBookFinal.pdf,7e4cf991426ac8299ec0a365af68a05a8276f3b81ae2433fb6debd4358550354,2026-03-11,2020-04-01 for the chapter's NMI resource tables; occurrence prose is undated within IMYB 2024,found_on_source_pages,all_found_on_source_pages,curated_page-referenced_transcription_with_machine_text_presence_checks,official_compiled_mineral_occurrence_context,official_compilation_not_independently_field_verified_by_khanan,excluded_context_only,"Broad compiled occurrence geography can overlap source evidence and is not an independent point, assay, reserve, mine or discovery label.",[],"The IBM State Reviews compile information from multiple sources and advise reader discretion. Place lists mix districts, historical names, named belts, fields and basins; occurrence does not establish grade, quantity, continuity, current legality, economics, access or a new discovery."
IBM-IMYB2024-STATE-OCC-0568,SRC_IBM_INDIAN_MINERALS_YEARBOOK_2024_STATE_REVIEWS,v1.0-alpha.22,West Bengal,district_list,fireclay,"[""material:fire-clay"",""group:clay""]","[""Fire clay"",""Clay""]",[],[],"[""Fire clay"",""Clay""]","[""Bankura"",""Birbhum"",""Bardhaman"",""Purulia""]",4,[244],[229],https://www.ibm.gov.in/writereaddata/files/177426215469c1178a48453IMYB_2024_EBookFinal.pdf,7e4cf991426ac8299ec0a365af68a05a8276f3b81ae2433fb6debd4358550354,2026-03-11,2020-04-01 for the chapter's NMI resource tables; occurrence prose is undated within IMYB 2024,found_on_source_pages,all_found_on_source_pages,curated_page-referenced_transcription_with_machine_text_presence_checks,official_compiled_mineral_occurrence_context,official_compilation_not_independently_field_verified_by_khanan,excluded_context_only,"Broad compiled occurrence geography can overlap source evidence and is not an independent point, assay, reserve, mine or discovery label.",[],"The IBM State Reviews compile information from multiple sources and advise reader discretion. Place lists mix districts, historical names, named belts, fields and basins; occurrence does not establish grade, quantity, continuity, current legality, economics, access or a new discovery."
IBM-IMYB2024-STATE-OCC-0569,SRC_IBM_INDIAN_MINERALS_YEARBOOK_2024_STATE_REVIEWS,v1.0-alpha.22,West Bengal,district_list,barytes,"[""mineral:baryte""]","[""Baryte""]","[""baryte""]","[""Ba(SO4)""]","[""baryte""]","[""Purulia""]",1,[244],[229],https://www.ibm.gov.in/writereaddata/files/177426215469c1178a48453IMYB_2024_EBookFinal.pdf,7e4cf991426ac8299ec0a365af68a05a8276f3b81ae2433fb6debd4358550354,2026-03-11,2020-04-01 for the chapter's NMI resource tables; occurrence prose is undated within IMYB 2024,found_on_source_pages,all_found_on_source_pages,curated_page-referenced_transcription_with_machine_text_presence_checks,official_compiled_mineral_occurrence_context,official_compilation_not_independently_field_verified_by_khanan,excluded_context_only,"Broad compiled occurrence geography can overlap source evidence and is not an independent point, assay, reserve, mine or discovery label.",[],"The IBM State Reviews compile information from multiple sources and advise reader discretion. Place lists mix districts, historical names, named belts, fields and basins; occurrence does not establish grade, quantity, continuity, current legality, economics, access or a new discovery."
IBM-IMYB2024-STATE-OCC-0570,SRC_IBM_INDIAN_MINERALS_YEARBOOK_2024_STATE_REVIEWS,v1.0-alpha.22,West Bengal,district_list,copper,"[""element:copper""]","[""Copper""]","[""copper""]","[""Cu""]","[""copper""]","[""Purulia""]",1,[244],[229],https://www.ibm.gov.in/writereaddata/files/177426215469c1178a48453IMYB_2024_EBookFinal.pdf,7e4cf991426ac8299ec0a365af68a05a8276f3b81ae2433fb6debd4358550354,2026-03-11,2020-04-01 for the chapter's NMI resource tables; occurrence prose is undated within IMYB 2024,found_on_source_pages,all_found_on_source_pages,curated_page-referenced_transcription_with_machine_text_presence_checks,official_compiled_mineral_occurrence_context,official_compilation_not_independently_field_verified_by_khanan,excluded_context_only,"Broad compiled occurrence geography can overlap source evidence and is not an independent point, assay, reserve, mine or discovery label.",[],"The IBM State Reviews compile information from multiple sources and advise reader discretion. Place lists mix districts, historical names, named belts, fields and basins; occurrence does not establish grade, quantity, continuity, current legality, economics, access or a new discovery."
IBM-IMYB2024-STATE-OCC-0571,SRC_IBM_INDIAN_MINERALS_YEARBOOK_2024_STATE_REVIEWS,v1.0-alpha.22,West Bengal,district_list,gold,"[""element:gold""]","[""Gold""]","[""gold""]","[""Au""]","[""gold""]","[""Purulia""]",1,[244],[229],https://www.ibm.gov.in/writereaddata/files/177426215469c1178a48453IMYB_2024_EBookFinal.pdf,7e4cf991426ac8299ec0a365af68a05a8276f3b81ae2433fb6debd4358550354,2026-03-11,2020-04-01 for the chapter's NMI resource tables; occurrence prose is undated within IMYB 2024,found_on_source_pages,all_found_on_source_pages,curated_page-referenced_transcription_with_machine_text_presence_checks,official_compiled_mineral_occurrence_context,official_compilation_not_independently_field_verified_by_khanan,excluded_context_only,"Broad compiled occurrence geography can overlap source evidence and is not an independent point, assay, reserve, mine or discovery label.",[],"The IBM State Reviews compile information from multiple sources and advise reader discretion. Place lists mix districts, historical names, named belts, fields and basins; occurrence does not establish grade, quantity, continuity, current legality, economics, access or a new discovery."
IBM-IMYB2024-STATE-OCC-0572,SRC_IBM_INDIAN_MINERALS_YEARBOOK_2024_STATE_REVIEWS,v1.0-alpha.22,West Bengal,district_list,kyanite,"[""mineral:kyanite""]","[""Kyanite""]","[""kyanite""]","[""Al2OSiO4""]","[""kyanite""]","[""Purulia""]",1,[244],[229],https://www.ibm.gov.in/writereaddata/files/177426215469c1178a48453IMYB_2024_EBookFinal.pdf,7e4cf991426ac8299ec0a365af68a05a8276f3b81ae2433fb6debd4358550354,2026-03-11,2020-04-01 for the chapter's NMI resource tables; occurrence prose is undated within IMYB 2024,found_on_source_pages,all_found_on_source_pages,curated_page-referenced_transcription_with_machine_text_presence_checks,official_compiled_mineral_occurrence_context,official_compilation_not_independently_field_verified_by_khanan,excluded_context_only,"Broad compiled occurrence geography can overlap source evidence and is not an independent point, assay, reserve, mine or discovery label.",[],"The IBM State Reviews compile information from multiple sources and advise reader discretion. Place lists mix districts, historical names, named belts, fields and basins; occurrence does not establish grade, quantity, continuity, current legality, economics, access or a new discovery."
IBM-IMYB2024-STATE-OCC-0573,SRC_IBM_INDIAN_MINERALS_YEARBOOK_2024_STATE_REVIEWS,v1.0-alpha.22,West Bengal,district_list,pyrite,"[""mineral:pyrite""]","[""Pyrite""]","[""pyrite""]","[""FeS2""]","[""pyrite""]","[""Purulia""]",1,[244],[229],https://www.ibm.gov.in/writereaddata/files/177426215469c1178a48453IMYB_2024_EBookFinal.pdf,7e4cf991426ac8299ec0a365af68a05a8276f3b81ae2433fb6debd4358550354,2026-03-11,2020-04-01 for the chapter's NMI resource tables; occurrence prose is undated within IMYB 2024,found_on_source_pages,all_found_on_source_pages,curated_page-referenced_transcription_with_machine_text_presence_checks,official_compiled_mineral_occurrence_context,official_compilation_not_independently_field_verified_by_khanan,excluded_context_only,"Broad compiled occurrence geography can overlap source evidence and is not an independent point, assay, reserve, mine or discovery label.",[],"The IBM State Reviews compile information from multiple sources and advise reader discretion. Place lists mix districts, historical names, named belts, fields and basins; occurrence does not establish grade, quantity, continuity, current legality, economics, access or a new discovery."
IBM-IMYB2024-STATE-OCC-0574,SRC_IBM_INDIAN_MINERALS_YEARBOOK_2024_STATE_REVIEWS,v1.0-alpha.22,West Bengal,district_list,titanium minerals,"[""element:titanium"",""ore:titanium-mineral-concentrates""]","[""Titanium"",""Titanium mineral concentrates""]","[""titanium"",""titanium dioxide""]","[""Ti""]","[""titanium"",""titanium dioxide""]","[""Purulia""]",1,[244],[229],https://www.ibm.gov.in/writereaddata/files/177426215469c1178a48453IMYB_2024_EBookFinal.pdf,7e4cf991426ac8299ec0a365af68a05a8276f3b81ae2433fb6debd4358550354,2026-03-11,2020-04-01 for the chapter's NMI resource tables; occurrence prose is undated within IMYB 2024,found_on_source_pages,all_found_on_source_pages,curated_page-referenced_transcription_with_machine_text_presence_checks,official_compiled_mineral_occurrence_context,official_compilation_not_independently_field_verified_by_khanan,excluded_context_only,"Broad compiled occurrence geography can overlap source evidence and is not an independent point, assay, reserve, mine or discovery label.",[],"The IBM State Reviews compile information from multiple sources and advise reader discretion. Place lists mix districts, historical names, named belts, fields and basins; occurrence does not establish grade, quantity, continuity, current legality, economics, access or a new discovery."
IBM-IMYB2024-STATE-OCC-0575,SRC_IBM_INDIAN_MINERALS_YEARBOOK_2024_STATE_REVIEWS,v1.0-alpha.22,West Bengal,district_list,dolomite,"[""mineral:dolomite""]","[""Dolomite""]","[""dolomite""]","[""CaMg(CO3)2""]","[""dolomite""]","[""Jalpaiguri""]",1,[244],[229],https://www.ibm.gov.in/writereaddata/files/177426215469c1178a48453IMYB_2024_EBookFinal.pdf,7e4cf991426ac8299ec0a365af68a05a8276f3b81ae2433fb6debd4358550354,2026-03-11,2020-04-01 for the chapter's NMI resource tables; occurrence prose is undated within IMYB 2024,found_on_source_pages,all_found_on_source_pages,curated_page-referenced_transcription_with_machine_text_presence_checks,official_compiled_mineral_occurrence_context,official_compilation_not_independently_field_verified_by_khanan,excluded_context_only,"Broad compiled occurrence geography can overlap source evidence and is not an independent point, assay, reserve, mine or discovery label.",[],"The IBM State Reviews compile information from multiple sources and advise reader discretion. Place lists mix districts, historical names, named belts, fields and basins; occurrence does not establish grade, quantity, continuity, current legality, economics, access or a new discovery."
IBM-IMYB2024-STATE-OCC-0576,SRC_IBM_INDIAN_MINERALS_YEARBOOK_2024_STATE_REVIEWS,v1.0-alpha.22,West Bengal,district_list,felspar,"[""group:feldspar-group""]","[""Feldspar group""]",[],[],"[""Feldspar group""]","[""Bankura"",""Purulia""]",2,[244],[229],https://www.ibm.gov.in/writereaddata/files/177426215469c1178a48453IMYB_2024_EBookFinal.pdf,7e4cf991426ac8299ec0a365af68a05a8276f3b81ae2433fb6debd4358550354,2026-03-11,2020-04-01 for the chapter's NMI resource tables; occurrence prose is undated within IMYB 2024,found_on_source_pages,all_found_on_source_pages,curated_page-referenced_transcription_with_machine_text_presence_checks,official_compiled_mineral_occurrence_context,official_compilation_not_independently_field_verified_by_khanan,excluded_context_only,"Broad compiled occurrence geography can overlap source evidence and is not an independent point, assay, reserve, mine or discovery label.",[],"The IBM State Reviews compile information from multiple sources and advise reader discretion. Place lists mix districts, historical names, named belts, fields and basins; occurrence does not establish grade, quantity, continuity, current legality, economics, access or a new discovery."
IBM-IMYB2024-STATE-OCC-0577,SRC_IBM_INDIAN_MINERALS_YEARBOOK_2024_STATE_REVIEWS,v1.0-alpha.22,West Bengal,district_list,granite,"[""rock:granite""]","[""Granite""]",[],[],"[""Granite""]","[""Bankura"",""Birbhum"",""Purulia""]",3,[244],[229],https://www.ibm.gov.in/writereaddata/files/177426215469c1178a48453IMYB_2024_EBookFinal.pdf,7e4cf991426ac8299ec0a365af68a05a8276f3b81ae2433fb6debd4358550354,2026-03-11,2020-04-01 for the chapter's NMI resource tables; occurrence prose is undated within IMYB 2024,found_on_source_pages,all_found_on_source_pages,curated_page-referenced_transcription_with_machine_text_presence_checks,official_compiled_mineral_occurrence_context,official_compilation_not_independently_field_verified_by_khanan,excluded_context_only,"Broad compiled occurrence geography can overlap source evidence and is not an independent point, assay, reserve, mine or discovery label.",[],"The IBM State Reviews compile information from multiple sources and advise reader discretion. Place lists mix districts, historical names, named belts, fields and basins; occurrence does not establish grade, quantity, continuity, current legality, economics, access or a new discovery."
IBM-IMYB2024-STATE-OCC-0578,SRC_IBM_INDIAN_MINERALS_YEARBOOK_2024_STATE_REVIEWS,v1.0-alpha.22,West Bengal,district_list,lead-zinc,"[""element:lead"",""element:zinc""]","[""Lead"",""Zinc""]","[""lead"",""zinc""]","[""Pb"",""Zn""]","[""lead"",""zinc""]","[""Darjeeling""]",1,[244],[229],https://www.ibm.gov.in/writereaddata/files/177426215469c1178a48453IMYB_2024_EBookFinal.pdf,7e4cf991426ac8299ec0a365af68a05a8276f3b81ae2433fb6debd4358550354,2026-03-11,2020-04-01 for the chapter's NMI resource tables; occurrence prose is undated within IMYB 2024,found_on_source_pages,all_found_on_source_pages,curated_page-referenced_transcription_with_machine_text_presence_checks,official_compiled_mineral_occurrence_context,official_compilation_not_independently_field_verified_by_khanan,excluded_context_only,"Broad compiled occurrence geography can overlap source evidence and is not an independent point, assay, reserve, mine or discovery label.",[],"The IBM State Reviews compile information from multiple sources and advise reader discretion. Place lists mix districts, historical names, named belts, fields and basins; occurrence does not establish grade, quantity, continuity, current legality, economics, access or a new discovery."
IBM-IMYB2024-STATE-OCC-0579,SRC_IBM_INDIAN_MINERALS_YEARBOOK_2024_STATE_REVIEWS,v1.0-alpha.22,West Bengal,district_list,limestone,"[""group:calcium-and-limestone"",""rock:limestone""]","[""Calcium and limestone"",""Limestone""]","[""calcium"",""calcium carbonate""]",[],"[""calcium"",""calcium carbonate""]","[""Bankura"",""Purulia""]",2,[244],[229],https://www.ibm.gov.in/writereaddata/files/177426215469c1178a48453IMYB_2024_EBookFinal.pdf,7e4cf991426ac8299ec0a365af68a05a8276f3b81ae2433fb6debd4358550354,2026-03-11,2020-04-01 for the chapter's NMI resource tables; occurrence prose is undated within IMYB 2024,found_on_source_pages,all_found_on_source_pages,curated_page-referenced_transcription_with_machine_text_presence_checks,official_compiled_mineral_occurrence_context,official_compilation_not_independently_field_verified_by_khanan,excluded_context_only,"Broad compiled occurrence geography can overlap source evidence and is not an independent point, assay, reserve, mine or discovery label.",[],"The IBM State Reviews compile information from multiple sources and advise reader discretion. Place lists mix districts, historical names, named belts, fields and basins; occurrence does not establish grade, quantity, continuity, current legality, economics, access or a new discovery."
IBM-IMYB2024-STATE-OCC-0580,SRC_IBM_INDIAN_MINERALS_YEARBOOK_2024_STATE_REVIEWS,v1.0-alpha.22,West Bengal,district_list,manganese ore,"[""element:manganese""]","[""Manganese""]","[""manganese""]","[""Mn""]","[""manganese""]","[""Midnapur""]",1,[244],[229],https://www.ibm.gov.in/writereaddata/files/177426215469c1178a48453IMYB_2024_EBookFinal.pdf,7e4cf991426ac8299ec0a365af68a05a8276f3b81ae2433fb6debd4358550354,2026-03-11,2020-04-01 for the chapter's NMI resource tables; occurrence prose is undated within IMYB 2024,found_on_source_pages,all_found_on_source_pages,curated_page-referenced_transcription_with_machine_text_presence_checks,official_compiled_mineral_occurrence_context,official_compilation_not_independently_field_verified_by_khanan,excluded_context_only,"Broad compiled occurrence geography can overlap source evidence and is not an independent point, assay, reserve, mine or discovery label.",[],"The IBM State Reviews compile information from multiple sources and advise reader discretion. Place lists mix districts, historical names, named belts, fields and basins; occurrence does not establish grade, quantity, continuity, current legality, economics, access or a new discovery."
IBM-IMYB2024-STATE-OCC-0581,SRC_IBM_INDIAN_MINERALS_YEARBOOK_2024_STATE_REVIEWS,v1.0-alpha.22,West Bengal,district_list,sillimanite,"[""mineral:sillimanite""]","[""Sillimanite""]","[""sillimanite""]","[""Al2SiO5""]","[""sillimanite""]","[""Midnapur""]",1,[244],[229],https://www.ibm.gov.in/writereaddata/files/177426215469c1178a48453IMYB_2024_EBookFinal.pdf,7e4cf991426ac8299ec0a365af68a05a8276f3b81ae2433fb6debd4358550354,2026-03-11,2020-04-01 for the chapter's NMI resource tables; occurrence prose is undated within IMYB 2024,found_on_source_pages,all_found_on_source_pages,curated_page-referenced_transcription_with_machine_text_presence_checks,official_compiled_mineral_occurrence_context,official_compilation_not_independently_field_verified_by_khanan,excluded_context_only,"Broad compiled occurrence geography can overlap source evidence and is not an independent point, assay, reserve, mine or discovery label.",[],"The IBM State Reviews compile information from multiple sources and advise reader discretion. Place lists mix districts, historical names, named belts, fields and basins; occurrence does not establish grade, quantity, continuity, current legality, economics, access or a new discovery."
IBM-IMYB2024-STATE-OCC-0582,SRC_IBM_INDIAN_MINERALS_YEARBOOK_2024_STATE_REVIEWS,v1.0-alpha.22,West Bengal,district_list,quartz/silica sand,"[""element:silicon"",""mineral:quartz"",""material:sand-and-gravel-industrial""]","[""Silicon"",""Quartz"",""Sand and gravel (industrial)""]","[""silicon"",""silicon dioxide"",""quartz""]","[""Si"",""SiO2""]","[""silicon"",""silicon dioxide"",""quartz""]","[""Bankura"",""Hoogly"",""Purulia""]",3,[244],[229],https://www.ibm.gov.in/writereaddata/files/177426215469c1178a48453IMYB_2024_EBookFinal.pdf,7e4cf991426ac8299ec0a365af68a05a8276f3b81ae2433fb6debd4358550354,2026-03-11,2020-04-01 for the chapter's NMI resource tables; occurrence prose is undated within IMYB 2024,found_on_source_pages,all_found_on_source_pages,curated_page-referenced_transcription_with_machine_text_presence_checks,official_compiled_mineral_occurrence_context,official_compilation_not_independently_field_verified_by_khanan,excluded_context_only,"Broad compiled occurrence geography can overlap source evidence and is not an independent point, assay, reserve, mine or discovery label.",[],"The IBM State Reviews compile information from multiple sources and advise reader discretion. Place lists mix districts, historical names, named belts, fields and basins; occurrence does not establish grade, quantity, continuity, current legality, economics, access or a new discovery."
IBM-IMYB2024-STATE-OCC-0583,SRC_IBM_INDIAN_MINERALS_YEARBOOK_2024_STATE_REVIEWS,v1.0-alpha.22,West Bengal,district_list,tungsten,"[""element:tungsten""]","[""Tungsten""]","[""tungsten""]","[""W""]","[""tungsten""]","[""Bankura""]",1,[244],[229],https://www.ibm.gov.in/writereaddata/files/177426215469c1178a48453IMYB_2024_EBookFinal.pdf,7e4cf991426ac8299ec0a365af68a05a8276f3b81ae2433fb6debd4358550354,2026-03-11,2020-04-01 for the chapter's NMI resource tables; occurrence prose is undated within IMYB 2024,found_on_source_pages,all_found_on_source_pages,curated_page-referenced_transcription_with_machine_text_presence_checks,official_compiled_mineral_occurrence_context,official_compilation_not_independently_field_verified_by_khanan,excluded_context_only,"Broad compiled occurrence geography can overlap source evidence and is not an independent point, assay, reserve, mine or discovery label.",[],"The IBM State Reviews compile information from multiple sources and advise reader discretion. Place lists mix districts, historical names, named belts, fields and basins; occurrence does not establish grade, quantity, continuity, current legality, economics, access or a new discovery."
IBM-IMYB2024-STATE-OCC-0584,SRC_IBM_INDIAN_MINERALS_YEARBOOK_2024_STATE_REVIEWS,v1.0-alpha.22,West Bengal,district_list,vermiculite,"[""mineral:vermiculite""]","[""Vermiculite""]","[""vermiculite""]","[""Mg0.7(Mg,Fe,Al)6(Si,Al)8O20(OH)4·8H2O""]","[""vermiculite""]","[""Bankura""]",1,[244],[229],https://www.ibm.gov.in/writereaddata/files/177426215469c1178a48453IMYB_2024_EBookFinal.pdf,7e4cf991426ac8299ec0a365af68a05a8276f3b81ae2433fb6debd4358550354,2026-03-11,2020-04-01 for the chapter's NMI resource tables; occurrence prose is undated within IMYB 2024,found_on_source_pages,all_found_on_source_pages,curated_page-referenced_transcription_with_machine_text_presence_checks,official_compiled_mineral_occurrence_context,official_compilation_not_independently_field_verified_by_khanan,excluded_context_only,"Broad compiled occurrence geography can overlap source evidence and is not an independent point, assay, reserve, mine or discovery label.",[],"The IBM State Reviews compile information from multiple sources and advise reader discretion. Place lists mix districts, historical names, named belts, fields and basins; occurrence does not establish grade, quantity, continuity, current legality, economics, access or a new discovery."
IBM-IMYB2024-STATE-OCC-0585,SRC_IBM_INDIAN_MINERALS_YEARBOOK_2024_STATE_REVIEWS,v1.0-alpha.22,Ladakh,named_area_list,chromite,"[""element:chromium"",""mineral:chromite""]","[""Chromium"",""Chromite""]","[""chromium"",""chromite""]","[""Cr"",""Fe2+Cr2O4""]","[""chromium"",""chromite""]","[""Thasgam"",""Kargil""]",2,[249],[234],https://www.ibm.gov.in/writereaddata/files/177426215469c1178a48453IMYB_2024_EBookFinal.pdf,7e4cf991426ac8299ec0a365af68a05a8276f3b81ae2433fb6debd4358550354,2026-03-11,2020-04-01 for the chapter's NMI resource tables; occurrence prose is undated within IMYB 2024,found_on_source_pages,all_found_on_source_pages,curated_page-referenced_transcription_with_machine_text_presence_checks,official_exploration_summary_named_area,official_compilation_not_independently_field_verified_by_khanan,excluded_context_only,"Broad compiled occurrence geography can overlap source evidence and is not an independent point, assay, reserve, mine or discovery label.","[""source_and_boundary_administrative_vintages_differ""]","The IBM State Reviews compile information from multiple sources and advise reader discretion. Place lists mix districts, historical names, named belts, fields and basins; occurrence does not establish grade, quantity, continuity, current legality, economics, access or a new discovery."
IBM-IMYB2024-STATE-OCC-0586,SRC_IBM_INDIAN_MINERALS_YEARBOOK_2024_STATE_REVIEWS,v1.0-alpha.22,Ladakh,named_area_list,ultramafic rocks,[],[],[],[],"[""ultramafic rocks""]","[""Thasgam"",""Kargil""]",2,[249],[234],https://www.ibm.gov.in/writereaddata/files/177426215469c1178a48453IMYB_2024_EBookFinal.pdf,7e4cf991426ac8299ec0a365af68a05a8276f3b81ae2433fb6debd4358550354,2026-03-11,2020-04-01 for the chapter's NMI resource tables; occurrence prose is undated within IMYB 2024,found_on_source_pages,all_found_on_source_pages,curated_page-referenced_transcription_with_machine_text_presence_checks,official_exploration_summary_named_area,official_compilation_not_independently_field_verified_by_khanan,excluded_context_only,"Broad compiled occurrence geography can overlap source evidence and is not an independent point, assay, reserve, mine or discovery label.","[""source_material_term_not_mapped_to_v1_ontology"",""source_and_boundary_administrative_vintages_differ""]","The IBM State Reviews compile information from multiple sources and advise reader discretion. Place lists mix districts, historical names, named belts, fields and basins; occurrence does not establish grade, quantity, continuity, current legality, economics, access or a new discovery."
