record_id,record_class,block_lineage_key,auction_event_kind,auction_tranche,auction_status_at_source_date,block_name,state_or_ut,district,concession_type,block_area_ha,latitude,longitude,coordinates_available_in_source,block_boundary_wkt,geometry_vertex_count,geometry_area_geodesic_ha,geometry_area_difference_pct,geometry_type,geometry_extraction_method,geometry_quality_flag,centroid_within_stated_state_2011,spatial_validation_note,source_materials_json,normalized_top50_materials_json,unmapped_english_material_names_json,chemical_names_json,symbols_or_formulae_json,auction_nit_date,auction_start_timestamp_ist,auction_close_timestamp_ist,auction_number,preferred_bidder,mstc_registration_number,highest_final_price_offer_pct,source_date,source_url,geometry_source_url,mbs_source_url,source_pdf_filename,source_pdf_sha256,source_pdf_bytes,source_pdf_page_count,auction_notice_source_url,auction_notice_pdf_filename,auction_notice_pdf_sha256,auction_notice_pdf_bytes,auction_notice_pdf_page_count,concession_type_extraction_method,extraction_notes,source_accessed_date,integration_status
CMB-EVENT-T1-O01,official_critical_mineral_auction_event,akharkata,auction_offer,1,notified for auction,Akharkata Graphite Block,Odisha,Angul,CL,752.77,20.851661977267856,84.58720948602473,True,"POLYGON ((84.56779999999999 20.8578, 84.6039 20.863000000000003, 84.60709999999999 20.845399999999998, 84.5696 20.8406, 84.56779999999999 20.8578))",4.0,752.2047539203227,0.07508881593013914,Polygon,pypdf_text,accepted,True,,"[""Graphite""]","[""Graphite""]",[],"[""carbon""]","[""C""]",2023-11-29,,,,,,,2023-11-29,https://www.mstcecommerce.com/auctionhome/download_docs.jsp?FILE_ID=12721_Tranche-1-NIT%2020%20Blocks.pdf&path=dynamiclinks&portal=mlcl&mdTyp=-,https://www.mstcecommerce.com/auctionhome/download_docs.jsp?FILE_ID=12705_MBS_Akharkata%20Graphite%20Block.pdf&path=dynamiclinks&portal=mlcl&mdTyp=-,https://www.mstcecommerce.com/auctionhome/download_docs.jsp?FILE_ID=12705_MBS_Akharkata%20Graphite%20Block.pdf&path=dynamiclinks&portal=mlcl&mdTyp=-,T1_12705_MBS_Akharkata_Graphite_Block.pdf,876606cab08d5b2d573083d88499e09aaa3adc956a959c655a842361d625d5f0,922693.0,6.0,https://www.mstcecommerce.com/auctionhome/download_docs.jsp?FILE_ID=12721_Tranche-1-NIT%2020%20Blocks.pdf&path=dynamiclinks&portal=mlcl&mdTyp=-,T1_NIT.pdf,74866dde67d66d19937535c2ebb66e9f4ae2322ad6f77717fa63f41749cca75e,14867940.0,100.0,mbs_text_reconciled_to_official_nit,,2026-09-10,geometry_available_for_overlay_not_used_in_prospectivity_training_or_scoring
CMB-EVENT-T1-O02,official_critical_mineral_auction_event,babja,auction_offer,1,notified for auction,Babja Graphite and Manganese Block,Odisha,Balangir,ML,19.5,20.823115220735374,83.32584941045555,True,"POLYGON ((83.32246916666666 20.825929444444444, 83.33019444444444 20.82199333333333, 83.32921305555556 20.820299166666665, 83.32149666666666 20.82425138888889, 83.32246916666666 20.825929444444444))",4.0,19.44356722213924,0.28939886082440947,Polygon,pypdf_text_from_official_nit_fallback,accepted,True,,"[""Graphite"",""Iron"",""Manganese""]","[""Graphite"",""Iron"",""Manganese""]",[],"[""carbon"",""iron"",""manganese""]","[""C"",""Fe"",""Mn""]",2023-11-29,,,,,,,2023-11-29,https://www.mstcecommerce.com/auctionhome/download_docs.jsp?FILE_ID=12721_Tranche-1-NIT%2020%20Blocks.pdf&path=dynamiclinks&portal=mlcl&mdTyp=-,https://www.mstcecommerce.com/auctionhome/download_docs.jsp?FILE_ID=12721_Tranche-1-NIT%2020%20Blocks.pdf&path=dynamiclinks&portal=mlcl&mdTyp=-,https://www.mstcecommerce.com/auctionhome/download_docs.jsp?FILE_ID=12704_MBS_Babja%20Graphite%20and%20Manganese%20Block.pdf&path=dynamiclinks&portal=mlcl&mdTyp=-,T1_12704_MBS_Babja_Graphite_and_Manganese_Block.pdf,c465c447c6728d488565f8845ad99c875230ffec37de63a4550396203e1ed473,353146.0,4.0,https://www.mstcecommerce.com/auctionhome/download_docs.jsp?FILE_ID=12721_Tranche-1-NIT%2020%20Blocks.pdf&path=dynamiclinks&portal=mlcl&mdTyp=-,T1_NIT.pdf,74866dde67d66d19937535c2ebb66e9f4ae2322ad6f77717fa63f41749cca75e,14867940.0,100.0,official_nit_table,,2026-09-10,geometry_available_for_overlay_not_used_in_prospectivity_training_or_scoring
CMB-EVENT-T1-O03,official_critical_mineral_auction_event,biarpalli,auction_offer,1,notified for auction,Biarpalli Graphite and Manganese Block,Odisha,Balangir,ML,131.82,20.801337692079073,89.33850367912041,True,"POLYGON ((89.32984766666667 20.799694194444445, 89.34249286111111 20.80870738888889, 89.34713325 20.802955833333336, 89.33454902777777 20.793984694444447, 89.32984766666667 20.799694194444445))",4.0,131.73310246257782,0.06592136050840143,Polygon,pypdf_text_from_official_nit_fallback,source_location_mismatch,False,Official-source centroid falls outside the stated Odisha boundary in the 2011 Census layer; source coordinates are retained and flagged.,"[""Graphite"",""Iron"",""Manganese""]","[""Graphite"",""Iron"",""Manganese""]",[],"[""carbon"",""iron"",""manganese""]","[""C"",""Fe"",""Mn""]",2023-11-29,,,,,,,2023-11-29,https://www.mstcecommerce.com/auctionhome/download_docs.jsp?FILE_ID=12721_Tranche-1-NIT%2020%20Blocks.pdf&path=dynamiclinks&portal=mlcl&mdTyp=-,https://www.mstcecommerce.com/auctionhome/download_docs.jsp?FILE_ID=12721_Tranche-1-NIT%2020%20Blocks.pdf&path=dynamiclinks&portal=mlcl&mdTyp=-,https://www.mstcecommerce.com/auctionhome/download_docs.jsp?FILE_ID=12703_MBS_Biarpalli%20Graphite%20and%20Manganese%20Block.pdf&path=dynamiclinks&portal=mlcl&mdTyp=-,T1_12703_MBS_Biarpalli_Graphite_and_Manganese_Block.pdf,ce0d9e5daecf23db7c85001d019ad783f59ddcce29c016dcc4436e55383ddb53,670116.0,3.0,https://www.mstcecommerce.com/auctionhome/download_docs.jsp?FILE_ID=12721_Tranche-1-NIT%2020%20Blocks.pdf&path=dynamiclinks&portal=mlcl&mdTyp=-,T1_NIT.pdf,74866dde67d66d19937535c2ebb66e9f4ae2322ad6f77717fa63f41749cca75e,14867940.0,100.0,official_nit_table,,2026-09-10,geometry_available_for_overlay_not_used_in_prospectivity_training_or_scoring
CMB-EVENT-T1-O04,official_critical_mineral_auction_event,chutia-nauhatta,auction_offer,1,notified for auction,Chutia-Nauhatta Glauconite Block,Bihar,Rohtas,CL,463.995,24.55641604770508,83.76975561189417,True,"POLYGON ((83.75191111111111 24.54560277777778, 83.79038444444444 24.55727138888889, 83.78673194444444 24.56734527777778, 83.74914722222222 24.555244444444444, 83.75191111111111 24.54560277777778))",4.0,463.4651059556484,0.1142025332927249,Polygon,pypdf_text,accepted,True,,"[""Glauconite""]",[],"[""Glauconite""]",[],[],2023-11-29,,,,,,,2023-11-29,https://www.mstcecommerce.com/auctionhome/download_docs.jsp?FILE_ID=12721_Tranche-1-NIT%2020%20Blocks.pdf&path=dynamiclinks&portal=mlcl&mdTyp=-,https://www.mstcecommerce.com/auctionhome/download_docs.jsp?FILE_ID=12702_MBS_Chutia-Nauhatta%20Glauconite%20Block.pdf&path=dynamiclinks&portal=mlcl&mdTyp=-,https://www.mstcecommerce.com/auctionhome/download_docs.jsp?FILE_ID=12702_MBS_Chutia-Nauhatta%20Glauconite%20Block.pdf&path=dynamiclinks&portal=mlcl&mdTyp=-,T1_12702_MBS_Chutia-Nauhatta_Glauconite_Block.pdf,a0ebd4d8bae66afbf0ee9e3723d76600c2817c8a916ad6c9797aa6b5f9984fec,917365.0,5.0,https://www.mstcecommerce.com/auctionhome/download_docs.jsp?FILE_ID=12721_Tranche-1-NIT%2020%20Blocks.pdf&path=dynamiclinks&portal=mlcl&mdTyp=-,T1_NIT.pdf,74866dde67d66d19937535c2ebb66e9f4ae2322ad6f77717fa63f41749cca75e,14867940.0,100.0,mbs_text_reconciled_to_official_nit,,2026-09-10,geometry_available_for_overlay_not_used_in_prospectivity_training_or_scoring
CMB-EVENT-T1-O05,official_critical_mineral_auction_event,dudhiasol-east,auction_offer,1,notified for auction,Dudhiasol East Nickel and Copper Block,Odisha,Mayurbhanj,ML,104.3,22.11638895178856,86.67958370379382,True,"POLYGON ((86.67444491666667 22.11194444166667, 86.6847228888889 22.111944975, 86.6847222388889 22.12083341111111, 86.67444487777779 22.120833155555555, 86.67444491666667 22.11194444166667))",4.0,104.37222732253367,0.06924959015692983,Polygon,pypdf_text,accepted,True,,"[""Copper"",""Nickel""]","[""Copper"",""Nickel""]",[],"[""copper"",""nickel""]","[""Cu"",""Ni""]",2023-11-29,,,,,,,2023-11-29,https://www.mstcecommerce.com/auctionhome/download_docs.jsp?FILE_ID=12721_Tranche-1-NIT%2020%20Blocks.pdf&path=dynamiclinks&portal=mlcl&mdTyp=-,https://www.mstcecommerce.com/auctionhome/download_docs.jsp?FILE_ID=12701_MBS_Dudhiasol%20East%20Nickel%20and%20Copper%20Block.pdf&path=dynamiclinks&portal=mlcl&mdTyp=-,https://www.mstcecommerce.com/auctionhome/download_docs.jsp?FILE_ID=12701_MBS_Dudhiasol%20East%20Nickel%20and%20Copper%20Block.pdf&path=dynamiclinks&portal=mlcl&mdTyp=-,T1_12701_MBS_Dudhiasol_East_Nickel_and_Copper_Block.pdf,43ee991d15c9efa432d29dbc72bb95a9ee1363749038a305159fd371081fe1f4,496415.0,4.0,https://www.mstcecommerce.com/auctionhome/download_docs.jsp?FILE_ID=12721_Tranche-1-NIT%2020%20Blocks.pdf&path=dynamiclinks&portal=mlcl&mdTyp=-,T1_NIT.pdf,74866dde67d66d19937535c2ebb66e9f4ae2322ad6f77717fa63f41749cca75e,14867940.0,100.0,official_nit_table,,2026-09-10,geometry_available_for_overlay_not_used_in_prospectivity_training_or_scoring
CMB-EVENT-T1-O06,official_critical_mineral_auction_event,genjana,auction_offer,1,notified for auction,"Genjana Nickel, Chromium and PGE Block",Bihar,Gaya,CL,788.85,24.507600109649122,84.59864934210525,True,"POLYGON ((84.5756 24.5153, 84.6218 24.5151, 84.6218 24.5, 84.5756 24.5, 84.5756 24.5153))",4.0,788.3310822259903,0.06578155213408947,Polygon,pypdf_text,accepted,True,,"[""Platinum-group elements"",""Chromium"",""Nickel""]","[""Platinum-group elements"",""Chromium"",""Nickel""]",[],"[""chromium"",""iridium"",""nickel"",""osmium"",""palladium"",""platinum"",""rhodium"",""ruthenium""]","[""Cr"",""Ir"",""Ni"",""Os"",""Pd"",""Pt"",""Rh"",""Ru""]",2023-11-29,,,,,,,2023-11-29,https://www.mstcecommerce.com/auctionhome/download_docs.jsp?FILE_ID=12721_Tranche-1-NIT%2020%20Blocks.pdf&path=dynamiclinks&portal=mlcl&mdTyp=-,https://www.mstcecommerce.com/auctionhome/download_docs.jsp?FILE_ID=12700_MBS_Genjana%20Nickel%20Chromium%20and%20PGE%20Block.pdf&path=dynamiclinks&portal=mlcl&mdTyp=-,https://www.mstcecommerce.com/auctionhome/download_docs.jsp?FILE_ID=12700_MBS_Genjana%20Nickel%20Chromium%20and%20PGE%20Block.pdf&path=dynamiclinks&portal=mlcl&mdTyp=-,T1_12700_MBS_Genjana_Nickel_Chromium_and_PGE_Block.pdf,7f96161ed63e1fe2ae330ef3ca1e293501bd0214952d9d359016c1fa7b4b5f61,922404.0,6.0,https://www.mstcecommerce.com/auctionhome/download_docs.jsp?FILE_ID=12721_Tranche-1-NIT%2020%20Blocks.pdf&path=dynamiclinks&portal=mlcl&mdTyp=-,T1_NIT.pdf,74866dde67d66d19937535c2ebb66e9f4ae2322ad6f77717fa63f41749cca75e,14867940.0,100.0,mbs_text_reconciled_to_official_nit,,2026-09-10,geometry_available_for_overlay_not_used_in_prospectivity_training_or_scoring
CMB-EVENT-T1-O07,official_critical_mineral_auction_event,iluppakudi,auction_offer,1,notified for auction,Iluppakudi Graphite Block,Tamil Nadu,Sivaganga,CL,633.36,9.89995,78.35969999999999,True,"POLYGON ((78.3444 9.8916, 78.375 9.8916, 78.375 9.9083, 78.3444 9.9083, 78.3444 9.8916))",4.0,619.897110109806,2.12562995613774,Polygon,pypdf_text,accepted,True,,"[""Graphite""]","[""Graphite""]",[],"[""carbon""]","[""C""]",2023-11-29,,,,,,,2023-11-29,https://www.mstcecommerce.com/auctionhome/download_docs.jsp?FILE_ID=12721_Tranche-1-NIT%2020%20Blocks.pdf&path=dynamiclinks&portal=mlcl&mdTyp=-,https://www.mstcecommerce.com/auctionhome/download_docs.jsp?FILE_ID=12699_MBS_Iluppakudi%20Graphite%20Block.pdf&path=dynamiclinks&portal=mlcl&mdTyp=-,https://www.mstcecommerce.com/auctionhome/download_docs.jsp?FILE_ID=12699_MBS_Iluppakudi%20Graphite%20Block.pdf&path=dynamiclinks&portal=mlcl&mdTyp=-,T1_12699_MBS_Iluppakudi_Graphite_Block.pdf,273af92c267a2c0e62a7531287f86b845d973011d3d175ccb15f97e44e6cb763,866999.0,5.0,https://www.mstcecommerce.com/auctionhome/download_docs.jsp?FILE_ID=12721_Tranche-1-NIT%2020%20Blocks.pdf&path=dynamiclinks&portal=mlcl&mdTyp=-,T1_NIT.pdf,74866dde67d66d19937535c2ebb66e9f4ae2322ad6f77717fa63f41749cca75e,14867940.0,100.0,mbs_text_reconciled_to_official_nit,,2026-09-10,geometry_available_for_overlay_not_used_in_prospectivity_training_or_scoring
CMB-EVENT-T1-O08,official_critical_mineral_auction_event,katghora,auction_offer,1,notified for auction,Katghora Lithium and REE Block,Chhattisgarh,Korba,CL,256.12,22.519166666666663,82.57763888888888,True,"POLYGON ((82.57111111111111 22.52777777777778, 82.58416666666666 22.52777777777778, 82.58416666666666 22.510555555555555, 82.57111111111111 22.510555555555555, 82.57111111111111 22.52777777777778))",4.0,256.16413980736735,0.01723403379952523,Polygon,pypdf_text,accepted,True,,"[""Rare-earth elements"",""Lithium""]","[""Rare-earth elements"",""Lithium""]",[],"[""cerium"",""dysprosium"",""erbium"",""europium"",""gadolinium"",""holmium"",""lanthanum"",""lithium"",""lutetium"",""neodymium"",""praseodymium"",""promethium"",""samarium"",""scandium"",""terbium"",""thulium"",""ytterbium"",""yttrium""]","[""Ce"",""Dy"",""Er"",""Eu"",""Gd"",""Ho"",""La"",""Li"",""Lu"",""Nd"",""Pm"",""Pr"",""Sc"",""Sm"",""Tb"",""Tm"",""Y"",""Yb""]",2023-11-29,,,,,,,2023-11-29,https://www.mstcecommerce.com/auctionhome/download_docs.jsp?FILE_ID=12721_Tranche-1-NIT%2020%20Blocks.pdf&path=dynamiclinks&portal=mlcl&mdTyp=-,https://www.mstcecommerce.com/auctionhome/download_docs.jsp?FILE_ID=12688_MBS_Katghora%20Lithium%20and%20REE%20Block.pdf&path=dynamiclinks&portal=mlcl&mdTyp=-,https://www.mstcecommerce.com/auctionhome/download_docs.jsp?FILE_ID=12688_MBS_Katghora%20Lithium%20and%20REE%20Block.pdf&path=dynamiclinks&portal=mlcl&mdTyp=-,T1_12688_MBS_Katghora_Lithium_and_REE_Block.pdf,75fa4e056863fb0b4bdb9f52165532298886dd845bad424dc85905c0454e076a,865916.0,5.0,https://www.mstcecommerce.com/auctionhome/download_docs.jsp?FILE_ID=12721_Tranche-1-NIT%2020%20Blocks.pdf&path=dynamiclinks&portal=mlcl&mdTyp=-,T1_NIT.pdf,74866dde67d66d19937535c2ebb66e9f4ae2322ad6f77717fa63f41749cca75e,14867940.0,100.0,mbs_text_reconciled_to_official_nit,,2026-09-10,geometry_available_for_overlay_not_used_in_prospectivity_training_or_scoring
CMB-EVENT-T1-O09,official_critical_mineral_auction_event,kundol,auction_offer,1,notified for auction,Kundol Nickel and Chromium Block,Gujarat,Aravalli,CL,547.8,23.86270674238263,73.33978454614717,True,"POLYGON ((73.32111111111111 23.85666666666667, 73.33166666666666 23.870833333333334, 73.3586111111111 23.871111111111112, 73.35833333333333 23.861944444444447, 73.34277777777777 23.85611111111111, 73.32805555555555 23.852500000000003, 73.32138888888889 23.852500000000003, 73.32111111111111 23.85666666666667))",7.0,545.8953482757703,0.34769107780753306,Polygon,pypdf_text,accepted,True,,"[""Chromium"",""Nickel""]","[""Chromium"",""Nickel""]",[],"[""chromium"",""nickel""]","[""Cr"",""Ni""]",2023-11-29,,,,,,,2023-11-29,https://www.mstcecommerce.com/auctionhome/download_docs.jsp?FILE_ID=12721_Tranche-1-NIT%2020%20Blocks.pdf&path=dynamiclinks&portal=mlcl&mdTyp=-,https://www.mstcecommerce.com/auctionhome/download_docs.jsp?FILE_ID=12687_MBS_Kundol%20Nickel%20and%20Chromium%20Block.pdf&path=dynamiclinks&portal=mlcl&mdTyp=-,https://www.mstcecommerce.com/auctionhome/download_docs.jsp?FILE_ID=12687_MBS_Kundol%20Nickel%20and%20Chromium%20Block.pdf&path=dynamiclinks&portal=mlcl&mdTyp=-,T1_12687_MBS_Kundol_Nickel_and_Chromium_Block.pdf,63de4215ac2bc1c9bc45a44df85c82fcf992f76ef04733cf92c4ba76053a8a51,913082.0,6.0,https://www.mstcecommerce.com/auctionhome/download_docs.jsp?FILE_ID=12721_Tranche-1-NIT%2020%20Blocks.pdf&path=dynamiclinks&portal=mlcl&mdTyp=-,T1_NIT.pdf,74866dde67d66d19937535c2ebb66e9f4ae2322ad6f77717fa63f41749cca75e,14867940.0,100.0,mbs_text_reconciled_to_official_nit,,2026-09-10,geometry_available_for_overlay_not_used_in_prospectivity_training_or_scoring
CMB-EVENT-T1-O10,official_critical_mineral_auction_event,kurchha,auction_offer,1,notified for auction,Kurchha Glauconite Block,Uttar Pradesh,Sonbhadra,CL,17.3,24.5932418579723,82.87589297757629,True,"POLYGON ((82.87391666666666 24.595469444444443, 82.87735555555555 24.595391666666664, 82.87803055555555 24.591313888888887, 82.87438333333333 24.59090833333333, 82.87391666666666 24.595469444444443))",4.0,17.273710959735514,0.15195977031495425,Polygon,pypdf_text,accepted,True,,"[""Glauconite""]",[],"[""Glauconite""]",[],[],2023-11-29,,,,,,,2023-11-29,https://www.mstcecommerce.com/auctionhome/download_docs.jsp?FILE_ID=12721_Tranche-1-NIT%2020%20Blocks.pdf&path=dynamiclinks&portal=mlcl&mdTyp=-,https://www.mstcecommerce.com/auctionhome/download_docs.jsp?FILE_ID=12686_MBS_Kurchha%20Glauconite%20Block.pdf&path=dynamiclinks&portal=mlcl&mdTyp=-,https://www.mstcecommerce.com/auctionhome/download_docs.jsp?FILE_ID=12686_MBS_Kurchha%20Glauconite%20Block.pdf&path=dynamiclinks&portal=mlcl&mdTyp=-,T1_12686_MBS_Kurchha_Glauconite_Block.pdf,d8bb70d5dfe74e3961c11bb7d2a54ad284dde2c317f4c9d1eb6da9682b387a8a,682125.0,5.0,https://www.mstcecommerce.com/auctionhome/download_docs.jsp?FILE_ID=12721_Tranche-1-NIT%2020%20Blocks.pdf&path=dynamiclinks&portal=mlcl&mdTyp=-,T1_NIT.pdf,74866dde67d66d19937535c2ebb66e9f4ae2322ad6f77717fa63f41749cca75e,14867940.0,100.0,mbs_text_reconciled_to_official_nit,,2026-09-10,geometry_available_for_overlay_not_used_in_prospectivity_training_or_scoring
CMB-EVENT-T1-O11,official_critical_mineral_auction_event,kurunjakulam,auction_offer,1,notified for auction,Kurunjakulam Graphite Block,Tamil Nadu,Tenkasi,CL,265.66,9.237361111111111,77.68652777777778,True,"POLYGON ((77.68083333333334 9.246944444444443, 77.69222222222223 9.246944444444443, 77.69222222222223 9.227777777777778, 77.68083333333334 9.227777777777778, 77.68083333333334 9.246944444444443))",4.0,265.2981685296297,0.13620096001291307,Polygon,pypdf_text,accepted,True,,"[""Graphite""]","[""Graphite""]",[],"[""carbon""]","[""C""]",2023-11-29,,,,,,,2023-11-29,https://www.mstcecommerce.com/auctionhome/download_docs.jsp?FILE_ID=12721_Tranche-1-NIT%2020%20Blocks.pdf&path=dynamiclinks&portal=mlcl&mdTyp=-,https://www.mstcecommerce.com/auctionhome/download_docs.jsp?FILE_ID=12685_MBS_Kurunjakulam%20Graphite%20Block.pdf&path=dynamiclinks&portal=mlcl&mdTyp=-,https://www.mstcecommerce.com/auctionhome/download_docs.jsp?FILE_ID=12685_MBS_Kurunjakulam%20Graphite%20Block.pdf&path=dynamiclinks&portal=mlcl&mdTyp=-,T1_12685_MBS_Kurunjakulam_Graphite_Block.pdf,1d021764b7b7fe0209759cb7c83878f544d653e17e66da9e654d93ac476d2559,944509.0,5.0,https://www.mstcecommerce.com/auctionhome/download_docs.jsp?FILE_ID=12721_Tranche-1-NIT%2020%20Blocks.pdf&path=dynamiclinks&portal=mlcl&mdTyp=-,T1_NIT.pdf,74866dde67d66d19937535c2ebb66e9f4ae2322ad6f77717fa63f41749cca75e,14867940.0,100.0,mbs_text_reconciled_to_official_nit,,2026-09-10,geometry_available_for_overlay_not_used_in_prospectivity_training_or_scoring
CMB-EVENT-T1-O12,official_critical_mineral_auction_event,mannadipatti-central,auction_offer,1,notified for auction,Mannadipatti Central Molybdenum Block,Tamil Nadu,Krishnagiri,CL,58.68,12.213144011541152,78.48205972025983,True,"POLYGON ((78.48177777777778 12.218555555555556, 78.48555555555555 12.216833333333334, 78.48425 12.211888888888888, 78.48427777777778 12.208333333333332, 78.4791388888889 12.208638888888888, 78.47919444444445 12.214944444444443, 78.48177777777778 12.218555555555556))",6.0,58.61642137107202,0.10834803839123693,Polygon,pypdf_text_from_official_nit_fallback,accepted,True,,"[""Molybdenum""]","[""Molybdenum""]",[],"[""molybdenum""]","[""Mo""]",2023-11-29,,,,,,,2023-11-29,https://www.mstcecommerce.com/auctionhome/download_docs.jsp?FILE_ID=12721_Tranche-1-NIT%2020%20Blocks.pdf&path=dynamiclinks&portal=mlcl&mdTyp=-,https://www.mstcecommerce.com/auctionhome/download_docs.jsp?FILE_ID=12721_Tranche-1-NIT%2020%20Blocks.pdf&path=dynamiclinks&portal=mlcl&mdTyp=-,https://www.mstcecommerce.com/auctionhome/download_docs.jsp?FILE_ID=12684_MBS_Mannadipatti%20Central%20Molybdenum%20Block.pdf&path=dynamiclinks&portal=mlcl&mdTyp=-,T1_12684_MBS_Mannadipatti_Central_Molybdenum_Block.pdf,a992bc5f2650324a0c1d320394853e253509685b39890fb37107d59ecc1a3b88,1021903.0,4.0,https://www.mstcecommerce.com/auctionhome/download_docs.jsp?FILE_ID=12721_Tranche-1-NIT%2020%20Blocks.pdf&path=dynamiclinks&portal=mlcl&mdTyp=-,T1_NIT.pdf,74866dde67d66d19937535c2ebb66e9f4ae2322ad6f77717fa63f41749cca75e,14867940.0,100.0,mbs_text_reconciled_to_official_nit,,2026-09-10,geometry_available_for_overlay_not_used_in_prospectivity_training_or_scoring
CMB-EVENT-T1-O13,official_critical_mineral_auction_event,marudipatti-central,auction_offer,1,notified for auction,Marudipatti (Central) Molybdenum Block,Tamil Nadu,Dharmapuri,ML,48.25,12.161327257506862,78.45700039046463,True,"POLYGON ((78.45462473055557 12.165799944444444, 78.45929199166667 12.165841180555557, 78.45937562222223 12.156866497222223, 78.45471397222222 12.156798027777779, 78.45462473055557 12.165799944444444))",4.0,50.483993803660574,4.630038971317252,Polygon,pypdf_text,accepted,True,,"[""Molybdenum""]","[""Molybdenum""]",[],"[""molybdenum""]","[""Mo""]",2023-11-29,,,,,,,2023-11-29,https://www.mstcecommerce.com/auctionhome/download_docs.jsp?FILE_ID=12721_Tranche-1-NIT%2020%20Blocks.pdf&path=dynamiclinks&portal=mlcl&mdTyp=-,https://www.mstcecommerce.com/auctionhome/download_docs.jsp?FILE_ID=12683_MBS_Marudipatti%20Central%20Molybdenum%20Block.pdf&path=dynamiclinks&portal=mlcl&mdTyp=-,https://www.mstcecommerce.com/auctionhome/download_docs.jsp?FILE_ID=12683_MBS_Marudipatti%20Central%20Molybdenum%20Block.pdf&path=dynamiclinks&portal=mlcl&mdTyp=-,T1_12683_MBS_Marudipatti_Central_Molybdenum_Block.pdf,0bbd7212c85816a3660bd76f38ea4990299834b057854690df340a12b3b859ea,494588.0,4.0,https://www.mstcecommerce.com/auctionhome/download_docs.jsp?FILE_ID=12721_Tranche-1-NIT%2020%20Blocks.pdf&path=dynamiclinks&portal=mlcl&mdTyp=-,T1_NIT.pdf,74866dde67d66d19937535c2ebb66e9f4ae2322ad6f77717fa63f41749cca75e,14867940.0,100.0,official_nit_table,,2026-09-10,geometry_available_for_overlay_not_used_in_prospectivity_training_or_scoring
CMB-EVENT-T1-O14,official_critical_mineral_auction_event,muskaniya-gareriatola-barwari,auction_offer,1,notified for auction,Muskaniya-Gareriatola-Barwari Potash Block,Jharkhand,Garhwa,CL,513.69,24.401761208625558,83.54869048658094,True,"POLYGON ((83.5300118888889 24.40596992222222, 83.56096977222222 24.41093635, 83.56860326666666 24.398643269444445, 83.53603610833333 24.391994736111112, 83.5300118888889 24.40596992222222))",4.0,513.2543952418328,0.08479915088230275,Polygon,pypdf_text,accepted,True,,"[""Potash""]","[""Potash""]",[],"[""potassium chloride"",""potassium sulfate""]","[""K2SO4"",""KCl""]",2023-11-29,,,,,,,2023-11-29,https://www.mstcecommerce.com/auctionhome/download_docs.jsp?FILE_ID=12721_Tranche-1-NIT%2020%20Blocks.pdf&path=dynamiclinks&portal=mlcl&mdTyp=-,https://www.mstcecommerce.com/auctionhome/download_docs.jsp?FILE_ID=12682_MBS_Muskaniya-Gareriatola-Barwari%20Potash%20Block.pdf&path=dynamiclinks&portal=mlcl&mdTyp=-,https://www.mstcecommerce.com/auctionhome/download_docs.jsp?FILE_ID=12682_MBS_Muskaniya-Gareriatola-Barwari%20Potash%20Block.pdf&path=dynamiclinks&portal=mlcl&mdTyp=-,T1_12682_MBS_Muskaniya-Gareriatola-Barwari_Potash_Block.pdf,9ea9038b69e535ddc32ae2a5d1677f2467c6bc5531e62b3acdd40b89af97f75a,781473.0,5.0,https://www.mstcecommerce.com/auctionhome/download_docs.jsp?FILE_ID=12721_Tranche-1-NIT%2020%20Blocks.pdf&path=dynamiclinks&portal=mlcl&mdTyp=-,T1_NIT.pdf,74866dde67d66d19937535c2ebb66e9f4ae2322ad6f77717fa63f41749cca75e,14867940.0,100.0,mbs_text_reconciled_to_official_nit,,2026-09-10,geometry_available_for_overlay_not_used_in_prospectivity_training_or_scoring
CMB-EVENT-T1-O15,official_critical_mineral_auction_event,nochchipatti,auction_offer,1,notified for auction,Nochchipatti Molybdenum Block,Tamil Nadu,Krishnagiri,CL,299.82,12.238193821919063,78.49560164679616,True,"POLYGON ((78.49398333333333 12.225944444444444, 78.48468055555556 12.232433333333333, 78.49722777777778 12.250444444444444, 78.50651944444445 12.243958333333332, 78.49398333333333 12.225944444444444))",4.0,299.5067140358448,0.104491349528107,Polygon,pypdf_text,accepted,True,,"[""Molybdenum""]","[""Molybdenum""]",[],"[""molybdenum""]","[""Mo""]",2023-11-29,,,,,,,2023-11-29,https://www.mstcecommerce.com/auctionhome/download_docs.jsp?FILE_ID=12721_Tranche-1-NIT%2020%20Blocks.pdf&path=dynamiclinks&portal=mlcl&mdTyp=-,https://www.mstcecommerce.com/auctionhome/download_docs.jsp?FILE_ID=12681_MBS_Nochchipatti%20Molybdenum%20Block.pdf&path=dynamiclinks&portal=mlcl&mdTyp=-,https://www.mstcecommerce.com/auctionhome/download_docs.jsp?FILE_ID=12681_MBS_Nochchipatti%20Molybdenum%20Block.pdf&path=dynamiclinks&portal=mlcl&mdTyp=-,T1_12681_MBS_Nochchipatti_Molybdenum_Block.pdf,6d3d26a141e42ecea984d559eaf98b1587ee18954dba215c3880be95f1089b1b,707764.0,5.0,https://www.mstcecommerce.com/auctionhome/download_docs.jsp?FILE_ID=12721_Tranche-1-NIT%2020%20Blocks.pdf&path=dynamiclinks&portal=mlcl&mdTyp=-,T1_NIT.pdf,74866dde67d66d19937535c2ebb66e9f4ae2322ad6f77717fa63f41749cca75e,14867940.0,100.0,mbs_text_reconciled_to_official_nit,,2026-09-10,geometry_available_for_overlay_not_used_in_prospectivity_training_or_scoring
CMB-EVENT-T1-O16,official_critical_mineral_auction_event,pahadi-kalan-gora-kalan,auction_offer,1,notified for auction,Pahadi Kalan-Gora Kalan Phosphorite Block,Uttar Pradesh,Lalitpur,CL,1393.83,24.317335107642943,78.76070243314692,True,"POLYGON ((78.71554166666667 24.32556111111111, 78.80453055555556 24.323055555555555, 78.80468611111111 24.31610277777778, 78.80480277777778 24.308530555555556, 78.71483611111111 24.312361111111112, 78.71565833333334 24.321952777777778, 78.71554166666667 24.32556111111111))",6.0,1393.1700222819738,0.047349943538744645,Polygon,pypdf_text,accepted,True,,"[""Phosphorite""]","[""Phosphorus""]",[],"[""phosphorus""]","[""P""]",2023-11-29,,,,,,,2023-11-29,https://www.mstcecommerce.com/auctionhome/download_docs.jsp?FILE_ID=12721_Tranche-1-NIT%2020%20Blocks.pdf&path=dynamiclinks&portal=mlcl&mdTyp=-,https://www.mstcecommerce.com/auctionhome/download_docs.jsp?FILE_ID=12680_MBS_Pahadi%20Kalan-Gora%20Kalan%20Phosphorite%20Block.pdf&path=dynamiclinks&portal=mlcl&mdTyp=-,https://www.mstcecommerce.com/auctionhome/download_docs.jsp?FILE_ID=12680_MBS_Pahadi%20Kalan-Gora%20Kalan%20Phosphorite%20Block.pdf&path=dynamiclinks&portal=mlcl&mdTyp=-,T1_12680_MBS_Pahadi_Kalan-Gora_Kalan_Phosphorite_Block.pdf,f088dd5762fbfcca52fd819b7ca94b4ad872e802f84eb846c3ff29a5d32fd393,737282.0,5.0,https://www.mstcecommerce.com/auctionhome/download_docs.jsp?FILE_ID=12721_Tranche-1-NIT%2020%20Blocks.pdf&path=dynamiclinks&portal=mlcl&mdTyp=-,T1_NIT.pdf,74866dde67d66d19937535c2ebb66e9f4ae2322ad6f77717fa63f41749cca75e,14867940.0,100.0,mbs_text_reconciled_to_official_nit,,2026-09-10,geometry_available_for_overlay_not_used_in_prospectivity_training_or_scoring
CMB-EVENT-T1-O17,official_critical_mineral_auction_event,pipradih-bhurwa,auction_offer,1,notified for auction,Pipradih-Bhurwa Glauconite Block,Bihar,Rohtas,CL,415.38,24.568476672181923,83.80627910801734,True,"POLYGON ((83.78702222222222 24.566544444444446, 83.79016666666666 24.557872222222223, 83.82518888888889 24.56933611111111, 83.82061666666667 24.579475, 83.78702222222222 24.566544444444446))",4.0,414.881304153049,0.12005774157422668,Polygon,pypdf_text,accepted,True,,"[""Glauconite""]",[],"[""Glauconite""]",[],[],2023-11-29,,,,,,,2023-11-29,https://www.mstcecommerce.com/auctionhome/download_docs.jsp?FILE_ID=12721_Tranche-1-NIT%2020%20Blocks.pdf&path=dynamiclinks&portal=mlcl&mdTyp=-,https://www.mstcecommerce.com/auctionhome/download_docs.jsp?FILE_ID=12679_MBS_Pipradih-Bhurwa%20Glauconite%20Block.pdf&path=dynamiclinks&portal=mlcl&mdTyp=-,https://www.mstcecommerce.com/auctionhome/download_docs.jsp?FILE_ID=12679_MBS_Pipradih-Bhurwa%20Glauconite%20Block.pdf&path=dynamiclinks&portal=mlcl&mdTyp=-,T1_12679_MBS_Pipradih-Bhurwa_Glauconite_Block.pdf,eb4cdf3cd479aff08076e05f8ad712410e6c521bd570dc86b7a12bcb3d5807bf,904151.0,5.0,https://www.mstcecommerce.com/auctionhome/download_docs.jsp?FILE_ID=12721_Tranche-1-NIT%2020%20Blocks.pdf&path=dynamiclinks&portal=mlcl&mdTyp=-,T1_NIT.pdf,74866dde67d66d19937535c2ebb66e9f4ae2322ad6f77717fa63f41749cca75e,14867940.0,100.0,mbs_text_reconciled_to_official_nit,,2026-09-10,geometry_available_for_overlay_not_used_in_prospectivity_training_or_scoring
CMB-EVENT-T1-O18,official_critical_mineral_auction_event,salal-haimna,auction_offer,1,notified for auction,"Salal-Haimna Lithium, Titanium and Bauxite (Aluminous Laterite) Block",UT: Jammu and Kashmir,Reasi,CL,317.638,33.16764188311911,74.81874319707671,True,"POLYGON ((74.80873249999999 33.17552388888889, 74.81338166666666 33.176035, 74.8317675 33.17162888888889, 74.82725444444443 33.15844638888889, 74.80645694444443 33.1633975, 74.80873249999999 33.17552388888889))",5.0,317.8909881235838,0.07964668068172094,Polygon,pypdf_text,accepted,True,,"[""Aluminous Laterite"",""Bauxite"",""Lithium"",""Titanium""]","[""Aluminium"",""Lithium"",""Titanium""]",[],"[""aluminium"",""lithium"",""titanium"",""titanium dioxide""]","[""Al"",""Li"",""Ti"",""TiO2""]",2023-11-29,,,,,,,2023-11-29,https://www.mstcecommerce.com/auctionhome/download_docs.jsp?FILE_ID=12721_Tranche-1-NIT%2020%20Blocks.pdf&path=dynamiclinks&portal=mlcl&mdTyp=-,"https://www.mstcecommerce.com/auctionhome/download_docs.jsp?FILE_ID=12678_MBS_Salal-Haimna%20Lithium,%20Titanium%20and%20Bauxite%20Aluminous%20Laterite%20Block.pdf&path=dynamiclinks&portal=mlcl&mdTyp=-","https://www.mstcecommerce.com/auctionhome/download_docs.jsp?FILE_ID=12678_MBS_Salal-Haimna%20Lithium,%20Titanium%20and%20Bauxite%20Aluminous%20Laterite%20Block.pdf&path=dynamiclinks&portal=mlcl&mdTyp=-",T1_12678_MBS_Salal-Haimna_Lithium_Titanium_and_Bauxite_Aluminous_Laterite_Block.pdf,1b363fa1a6b8fd9add32f11728cc0bb2d182fd18ae185c30bf460ed3a9f28fc9,617439.0,5.0,https://www.mstcecommerce.com/auctionhome/download_docs.jsp?FILE_ID=12721_Tranche-1-NIT%2020%20Blocks.pdf&path=dynamiclinks&portal=mlcl&mdTyp=-,T1_NIT.pdf,74866dde67d66d19937535c2ebb66e9f4ae2322ad6f77717fa63f41749cca75e,14867940.0,100.0,mbs_text_reconciled_to_official_nit,,2026-09-10,geometry_available_for_overlay_not_used_in_prospectivity_training_or_scoring
CMB-EVENT-T1-O19,official_critical_mineral_auction_event,velampatti-north-a-and-b,auction_offer,1,notified for auction,Velampatti North A&B Molybdenum Block,Tamil Nadu,Dharmapuri,CL,102.86,12.103128516130989,78.42940180361123,True,"POLYGON ((78.42524138888889 12.098021111111112, 78.43365472222223 12.098095, 78.43356111111112 12.108237222222222, 78.42514944444444 12.108161388888888, 78.42524138888889 12.098021111111112))",4.0,102.74729636062793,0.10956993911342748,Polygon,pypdf_text,accepted,True,,"[""Molybdenum""]","[""Molybdenum""]",[],"[""molybdenum""]","[""Mo""]",2023-11-29,,,,,,,2023-11-29,https://www.mstcecommerce.com/auctionhome/download_docs.jsp?FILE_ID=12721_Tranche-1-NIT%2020%20Blocks.pdf&path=dynamiclinks&portal=mlcl&mdTyp=-,https://www.mstcecommerce.com/auctionhome/download_docs.jsp?FILE_ID=12677_MBS_Velampatti%20North%20A%20and%20B%20Molybdenum%20Block.pdf&path=dynamiclinks&portal=mlcl&mdTyp=-,https://www.mstcecommerce.com/auctionhome/download_docs.jsp?FILE_ID=12677_MBS_Velampatti%20North%20A%20and%20B%20Molybdenum%20Block.pdf&path=dynamiclinks&portal=mlcl&mdTyp=-,T1_12677_MBS_Velampatti_North_A_and_B_Molybdenum_Block.pdf,a800759e98e533b7b2225fd09dabac69de5d70362dac119d20bc2c7a1db3e976,708921.0,5.0,https://www.mstcecommerce.com/auctionhome/download_docs.jsp?FILE_ID=12721_Tranche-1-NIT%2020%20Blocks.pdf&path=dynamiclinks&portal=mlcl&mdTyp=-,T1_NIT.pdf,74866dde67d66d19937535c2ebb66e9f4ae2322ad6f77717fa63f41749cca75e,14867940.0,100.0,mbs_text_reconciled_to_official_nit,,2026-09-10,geometry_available_for_overlay_not_used_in_prospectivity_training_or_scoring
CMB-EVENT-T1-O20,official_critical_mineral_auction_event,vellakkal-central-segment-a,auction_offer,1,notified for auction,Vellakkal Central (Segment-A) Molybdenum Block,Tamil Nadu,Krishnagiri,CL,65.17,12.207841619644183,78.44127059494258,True,"POLYGON ((78.44098333333334 12.202116666666665, 78.43639444444445 12.204641666666666, 78.44154444444445 12.213566666666665, 78.44615277777778 12.211027777777778, 78.44098333333334 12.202116666666665))",4.0,65.09487748149634,0.11527162575366225,Polygon,pypdf_text,accepted,True,,"[""Molybdenum""]","[""Molybdenum""]",[],"[""molybdenum""]","[""Mo""]",2023-11-29,,,,,,,2023-11-29,https://www.mstcecommerce.com/auctionhome/download_docs.jsp?FILE_ID=12721_Tranche-1-NIT%2020%20Blocks.pdf&path=dynamiclinks&portal=mlcl&mdTyp=-,https://www.mstcecommerce.com/auctionhome/download_docs.jsp?FILE_ID=12676_MBS_Vellakkal%20Central%20Segment-A%20Molybdenum%20Block.pdf&path=dynamiclinks&portal=mlcl&mdTyp=-,https://www.mstcecommerce.com/auctionhome/download_docs.jsp?FILE_ID=12676_MBS_Vellakkal%20Central%20Segment-A%20Molybdenum%20Block.pdf&path=dynamiclinks&portal=mlcl&mdTyp=-,T1_12676_MBS_Vellakkal_Central_Segment-A_Molybdenum_Block.pdf,6e6102faca9fb8e7f194661c7896881ea3aa6a35642fa694d839a588ab4539da,697312.0,6.0,https://www.mstcecommerce.com/auctionhome/download_docs.jsp?FILE_ID=12721_Tranche-1-NIT%2020%20Blocks.pdf&path=dynamiclinks&portal=mlcl&mdTyp=-,T1_NIT.pdf,74866dde67d66d19937535c2ebb66e9f4ae2322ad6f77717fa63f41749cca75e,14867940.0,100.0,mbs_text_reconciled_to_official_nit,,2026-09-10,geometry_available_for_overlay_not_used_in_prospectivity_training_or_scoring
CMB-EVENT-T2-O01,official_critical_mineral_auction_event,bahera-goriara,auction_offer,2,notified for auction,Bahera- Goriara Graphite and Basemetal Block,Madhya Pradesh,Sidhi,CL,99.49,24.360869346044648,81.91536020050977,True,"POLYGON ((81.90361111111112 24.3575, 81.92444444444445 24.36722222222222, 81.92736111111111 24.364444444444445, 81.90625555555556 24.354444444444447, 81.90361111111112 24.3575))",4.0,99.55250061489343,0.06282100200365615,Polygon,pypdf_text,accepted,True,,"[""Base metals"",""Copper"",""Graphite""]","[""Copper"",""Graphite""]","[""Base metals""]","[""carbon"",""copper""]","[""C"",""Cu""]",2024-02-29,,,,,,,2024-02-29,https://www.mstcecommerce.com/auctionhome/download_docs.jsp?FILE_ID=14475_GoI-MoM%20Tranche%20II-NIT.pdf&path=dynamiclinks&portal=mlcl&mdTyp=-,https://www.mstcecommerce.com/auctionhome/download_docs.jsp?FILE_ID=14103_MBS%20Bahera-%20Goriara%20Graphite%20and%20Basemetal%20Block.pdf&path=dynamiclinks&portal=mlcl&mdTyp=-,https://www.mstcecommerce.com/auctionhome/download_docs.jsp?FILE_ID=14103_MBS%20Bahera-%20Goriara%20Graphite%20and%20Basemetal%20Block.pdf&path=dynamiclinks&portal=mlcl&mdTyp=-,T2_14103_MBS_Bahera-_Goriara_Graphite_and_Basemetal_Block.pdf,dd5b51b2f426f257d2f69e52dae29559757200cebd7a1a4d748b522a25b5eedd,1597725.0,5.0,https://www.mstcecommerce.com/auctionhome/download_docs.jsp?FILE_ID=14475_GoI-MoM%20Tranche%20II-NIT.pdf&path=dynamiclinks&portal=mlcl&mdTyp=-,T2_NIT.pdf,57196a4712ebecc0315a5ce2dd1129bed60e99ecc06fca7ed955f68759612f5a,76715.0,2.0,mbs_text_reconciled_to_official_nit,,2026-09-10,geometry_available_for_overlay_not_used_in_prospectivity_training_or_scoring
CMB-EVENT-T2-O02,official_critical_mineral_auction_event,balepalyam,auction_offer,2,notified for auction,Balepalyam Tungsten and Associated Mineral Block,Andhra Pradesh,Anantapur (Sri Sathya Sai District),CL,308.3,14.396705834289,77.52887984607891,True,"POLYGON ((77.5223575 14.4040125, 77.5293586111111 14.403554722222223, 77.5290488888889 14.401256111111111, 77.53952944444444 14.407895833333333, 77.53822166666666 14.394763611111111, 77.52701305555556 14.388710277777777, 77.52666416666666 14.38692611111111, 77.51853472222223 14.387492777777778, 77.5223575 14.4040125))",8.0,306.1565212376133,0.6952574642837285,Polygon,pypdf_text,accepted,True,,"[""Associated minerals"",""Lead"",""Molybdenum"",""Tungsten"",""Zinc""]","[""Lead"",""Molybdenum"",""Tungsten"",""Zinc""]","[""Associated minerals""]","[""lead"",""molybdenum"",""tungsten"",""zinc""]","[""Mo"",""Pb"",""W"",""Zn""]",2024-02-29,,,,,,,2024-02-29,https://www.mstcecommerce.com/auctionhome/download_docs.jsp?FILE_ID=14475_GoI-MoM%20Tranche%20II-NIT.pdf&path=dynamiclinks&portal=mlcl&mdTyp=-,https://www.mstcecommerce.com/auctionhome/download_docs.jsp?FILE_ID=14102_MBS%20Balepalyam%20Tungsten%20and%20Associated%20Mineral%20Block.pdf&path=dynamiclinks&portal=mlcl&mdTyp=-,https://www.mstcecommerce.com/auctionhome/download_docs.jsp?FILE_ID=14102_MBS%20Balepalyam%20Tungsten%20and%20Associated%20Mineral%20Block.pdf&path=dynamiclinks&portal=mlcl&mdTyp=-,T2_14102_MBS_Balepalyam_Tungsten_and_Associated_Mineral_Block.pdf,bad33d4055b213559632f90319414a33a084ae64b2b9ecd82e02a6c2683b29af,1110987.0,5.0,https://www.mstcecommerce.com/auctionhome/download_docs.jsp?FILE_ID=14475_GoI-MoM%20Tranche%20II-NIT.pdf&path=dynamiclinks&portal=mlcl&mdTyp=-,T2_NIT.pdf,57196a4712ebecc0315a5ce2dd1129bed60e99ecc06fca7ed955f68759612f5a,76715.0,2.0,mbs_text_reconciled_to_official_nit,,2026-09-10,geometry_available_for_overlay_not_used_in_prospectivity_training_or_scoring
CMB-EVENT-T2-O03,official_critical_mineral_auction_event,golighat,auction_offer,2,notified for auction,Golighat Graphite and Vanadium Block,Madhya Pradesh,Betul,ML,82.0,21.88887863688461,77.66887960578646,True,"POLYGON ((77.659462225 21.88822485, 77.67758433333334 21.89332638611111, 77.67825566666667 21.889751680555555, 77.66257928888889 21.88467533888889, 77.66239334166667 21.885963975, 77.65949595555556 21.88533572777778, 77.659462225 21.88822485))",6.0,82.79590783598553,0.9706193121774771,Polygon,pypdf_text,accepted,True,,"[""Graphite"",""Vanadium""]","[""Graphite"",""Vanadium""]",[],"[""carbon"",""vanadium""]","[""C"",""V""]",2024-02-29,,,,,,,2024-02-29,https://www.mstcecommerce.com/auctionhome/download_docs.jsp?FILE_ID=14475_GoI-MoM%20Tranche%20II-NIT.pdf&path=dynamiclinks&portal=mlcl&mdTyp=-,https://www.mstcecommerce.com/auctionhome/download_docs.jsp?FILE_ID=14101_MBS%20Golighat%20Graphite%20and%20Vanadium%20Block.pdf&path=dynamiclinks&portal=mlcl&mdTyp=-,https://www.mstcecommerce.com/auctionhome/download_docs.jsp?FILE_ID=14101_MBS%20Golighat%20Graphite%20and%20Vanadium%20Block.pdf&path=dynamiclinks&portal=mlcl&mdTyp=-,T2_14101_MBS_Golighat_Graphite_and_Vanadium_Block.pdf,7cb10f37df618f8041d423b973d2cd72a15be3506c29d54add0edff30eb2fd19,546149.0,4.0,https://www.mstcecommerce.com/auctionhome/download_docs.jsp?FILE_ID=14475_GoI-MoM%20Tranche%20II-NIT.pdf&path=dynamiclinks&portal=mlcl&mdTyp=-,T2_NIT.pdf,57196a4712ebecc0315a5ce2dd1129bed60e99ecc06fca7ed955f68759612f5a,76715.0,2.0,official_nit_table,,2026-09-10,geometry_available_for_overlay_not_used_in_prospectivity_training_or_scoring
CMB-EVENT-T2-O04,official_critical_mineral_auction_event,kankauli,auction_offer,2,notified for auction,"Kankauli PGE, Nickel, Chromium and Associated Mineral Block",Maharashtra,Sindhudurg,CL,821.482,16.270821560075426,73.69234799124813,True,"POLYGON ((73.6789 16.2842, 73.6789 16.2571, 73.7011 16.2575, 73.7109 16.2812, 73.6789 16.2842))",4.0,821.7421255729676,0.03166540142907347,Polygon,pypdf_text,accepted,True,,"[""Associated minerals"",""Platinum-group elements"",""Chromium"",""Nickel""]","[""Platinum-group elements"",""Chromium"",""Nickel""]","[""Associated minerals""]","[""chromium"",""iridium"",""nickel"",""osmium"",""palladium"",""platinum"",""rhodium"",""ruthenium""]","[""Cr"",""Ir"",""Ni"",""Os"",""Pd"",""Pt"",""Rh"",""Ru""]",2024-02-29,,,,,,,2024-02-29,https://www.mstcecommerce.com/auctionhome/download_docs.jsp?FILE_ID=14475_GoI-MoM%20Tranche%20II-NIT.pdf&path=dynamiclinks&portal=mlcl&mdTyp=-,"https://www.mstcecommerce.com/auctionhome/download_docs.jsp?FILE_ID=14100_MBS%20Kankauli%20PGE,%20Nickel,%20Chromium%20and%20Associated%20Mineral%20Block.pdf&path=dynamiclinks&portal=mlcl&mdTyp=-","https://www.mstcecommerce.com/auctionhome/download_docs.jsp?FILE_ID=14100_MBS%20Kankauli%20PGE,%20Nickel,%20Chromium%20and%20Associated%20Mineral%20Block.pdf&path=dynamiclinks&portal=mlcl&mdTyp=-",T2_14100_MBS_Kankauli_PGE_Nickel_Chromium_and_Associated_Mineral_Block.pdf,f7a279e9fce2c7981809f3c810f6bbba484571f71f7976056b1106a34a6970cd,896826.0,5.0,https://www.mstcecommerce.com/auctionhome/download_docs.jsp?FILE_ID=14475_GoI-MoM%20Tranche%20II-NIT.pdf&path=dynamiclinks&portal=mlcl&mdTyp=-,T2_NIT.pdf,57196a4712ebecc0315a5ce2dd1129bed60e99ecc06fca7ed955f68759612f5a,76715.0,2.0,mbs_text_reconciled_to_official_nit,,2026-09-10,geometry_available_for_overlay_not_used_in_prospectivity_training_or_scoring
CMB-EVENT-T2-O05,official_critical_mineral_auction_event,khattali-chhoti,auction_offer,2,notified for auction,Khattali Chhoti Graphite Block,Madhya Pradesh,Alirajpur,CL,599.76,22.37201481609747,74.52971331711188,True,"POLYGON ((74.50785 22.38704, 74.53055 22.38711, 74.54847 22.34821, 74.54474 22.34763, 74.50785 22.38704))",4.0,600.2145352076053,0.07578618240718249,Polygon,pypdf_text,accepted,True,,"[""Graphite""]","[""Graphite""]",[],"[""carbon""]","[""C""]",2024-02-29,,,,,,,2024-02-29,https://www.mstcecommerce.com/auctionhome/download_docs.jsp?FILE_ID=14475_GoI-MoM%20Tranche%20II-NIT.pdf&path=dynamiclinks&portal=mlcl&mdTyp=-,https://www.mstcecommerce.com/auctionhome/download_docs.jsp?FILE_ID=14099_MBS%20Khattali%20Chhoti%20Graphite%20Block.pdf&path=dynamiclinks&portal=mlcl&mdTyp=-,https://www.mstcecommerce.com/auctionhome/download_docs.jsp?FILE_ID=14099_MBS%20Khattali%20Chhoti%20Graphite%20Block.pdf&path=dynamiclinks&portal=mlcl&mdTyp=-,T2_14099_MBS_Khattali_Chhoti_Graphite_Block.pdf,d44342b31ea28320f3b30e0d53e74d6dfbde8e3462df6406c77a6c0c5f879e79,914931.0,5.0,https://www.mstcecommerce.com/auctionhome/download_docs.jsp?FILE_ID=14475_GoI-MoM%20Tranche%20II-NIT.pdf&path=dynamiclinks&portal=mlcl&mdTyp=-,T2_NIT.pdf,57196a4712ebecc0315a5ce2dd1129bed60e99ecc06fca7ed955f68759612f5a,76715.0,2.0,mbs_text_reconciled_to_official_nit,,2026-09-10,geometry_available_for_overlay_not_used_in_prospectivity_training_or_scoring
CMB-EVENT-T2-O06,official_critical_mineral_auction_event,lodoso-east,auction_offer,2,notified for auction,Lodoso East REE and Associated Minerals Block,Arunachal Pradesh,Papumpare,CL,105.88,27.189317814093098,93.33586922347162,True,"POLYGON ((93.32980555555555 27.185075, 93.34287222222221 27.1862, 93.34192222222222 27.193391666666667, 93.32909722222222 27.192675, 93.32980555555555 27.185075))",4.0,105.96276178114712,0.07816564143098514,Polygon,pypdf_text,accepted,True,,"[""Associated minerals"",""Rare-earth elements"",""Copper""]","[""Rare-earth elements"",""Copper""]","[""Associated minerals""]","[""cerium"",""copper"",""dysprosium"",""erbium"",""europium"",""gadolinium"",""holmium"",""lanthanum"",""lutetium"",""neodymium"",""praseodymium"",""promethium"",""samarium"",""scandium"",""terbium"",""thulium"",""ytterbium"",""yttrium""]","[""Ce"",""Cu"",""Dy"",""Er"",""Eu"",""Gd"",""Ho"",""La"",""Lu"",""Nd"",""Pm"",""Pr"",""Sc"",""Sm"",""Tb"",""Tm"",""Y"",""Yb""]",2024-02-29,,,,,,,2024-02-29,https://www.mstcecommerce.com/auctionhome/download_docs.jsp?FILE_ID=14475_GoI-MoM%20Tranche%20II-NIT.pdf&path=dynamiclinks&portal=mlcl&mdTyp=-,https://www.mstcecommerce.com/auctionhome/download_docs.jsp?FILE_ID=14098_MBS%20Lodoso%20East%20REE%20and%20Associated%20Minerals%20Block.pdf&path=dynamiclinks&portal=mlcl&mdTyp=-,https://www.mstcecommerce.com/auctionhome/download_docs.jsp?FILE_ID=14098_MBS%20Lodoso%20East%20REE%20and%20Associated%20Minerals%20Block.pdf&path=dynamiclinks&portal=mlcl&mdTyp=-,T2_14098_MBS_Lodoso_East_REE_and_Associated_Minerals_Block.pdf,c8fda9f9370b70379e8455fb814f0e44a1cd9ce5550b09e81201079be3c0ed75,963644.0,5.0,https://www.mstcecommerce.com/auctionhome/download_docs.jsp?FILE_ID=14475_GoI-MoM%20Tranche%20II-NIT.pdf&path=dynamiclinks&portal=mlcl&mdTyp=-,T2_NIT.pdf,57196a4712ebecc0315a5ce2dd1129bed60e99ecc06fca7ed955f68759612f5a,76715.0,2.0,mbs_text_reconciled_to_official_nit,,2026-09-10,geometry_available_for_overlay_not_used_in_prospectivity_training_or_scoring
CMB-EVENT-T2-O07,official_critical_mineral_auction_event,phop,auction_offer,2,notified for auction,Phop Graphite and Vanadium Block,Arunachal Pradesh,Papum pare,CL,108.86,27.324964488616963,93.7043018332159,True,"POLYGON ((93.7123888888889 27.335555555555555, 93.70911111111111 27.32177777777778, 93.69636111111112 27.3195, 93.69380555555556 27.32197222222222, 93.69877777777778 27.325166666666668, 93.70627777777779 27.327055555555557, 93.71125 27.335638888888887, 93.7123888888889 27.335555555555555))",7.0,108.93049896487594,0.0647611288590281,Polygon,pypdf_text,accepted,True,,"[""Graphite"",""Vanadium""]","[""Graphite"",""Vanadium""]",[],"[""carbon"",""vanadium""]","[""C"",""V""]",2024-02-29,,,,,,,2024-02-29,https://www.mstcecommerce.com/auctionhome/download_docs.jsp?FILE_ID=14475_GoI-MoM%20Tranche%20II-NIT.pdf&path=dynamiclinks&portal=mlcl&mdTyp=-,https://www.mstcecommerce.com/auctionhome/download_docs.jsp?FILE_ID=14097_MBS%20Phop%20Graphite%20and%20Vanadium%20Block.pdf&path=dynamiclinks&portal=mlcl&mdTyp=-,https://www.mstcecommerce.com/auctionhome/download_docs.jsp?FILE_ID=14097_MBS%20Phop%20Graphite%20and%20Vanadium%20Block.pdf&path=dynamiclinks&portal=mlcl&mdTyp=-,T2_14097_MBS_Phop_Graphite_and_Vanadium_Block.pdf,e6bd6fef36b16b500525e52c474f5fcfa41bc25109a64133e1d7536f4570faa9,992552.0,5.0,https://www.mstcecommerce.com/auctionhome/download_docs.jsp?FILE_ID=14475_GoI-MoM%20Tranche%20II-NIT.pdf&path=dynamiclinks&portal=mlcl&mdTyp=-,T2_NIT.pdf,57196a4712ebecc0315a5ce2dd1129bed60e99ecc06fca7ed955f68759612f5a,76715.0,2.0,mbs_text_reconciled_to_official_nit,,2026-09-10,geometry_available_for_overlay_not_used_in_prospectivity_training_or_scoring
CMB-EVENT-T2-O08,official_critical_mineral_auction_event,radhpu,auction_offer,2,notified for auction,Radhpu Graphite and Vanadium Block,Arunachal Pradesh,Lower Subansiri,CL,152.74,27.592320917739602,93.65668937322272,True,"POLYGON ((93.6513388888889 27.581241666666667, 93.66722222222222 27.60092777777778, 93.66291111111111 27.60353888888889, 93.64640555555556 27.584963888888886, 93.6513388888889 27.581241666666667))",4.0,152.84723688218594,0.07020877450957835,Polygon,pypdf_text,accepted,True,,"[""Graphite"",""Vanadium""]","[""Graphite"",""Vanadium""]",[],"[""carbon"",""vanadium""]","[""C"",""V""]",2024-02-29,,,,,,,2024-02-29,https://www.mstcecommerce.com/auctionhome/download_docs.jsp?FILE_ID=14475_GoI-MoM%20Tranche%20II-NIT.pdf&path=dynamiclinks&portal=mlcl&mdTyp=-,https://www.mstcecommerce.com/auctionhome/download_docs.jsp?FILE_ID=14096_MBS%20Radhpu%20Graphite%20and%20Vanadium%20Block.pdf&path=dynamiclinks&portal=mlcl&mdTyp=-,https://www.mstcecommerce.com/auctionhome/download_docs.jsp?FILE_ID=14096_MBS%20Radhpu%20Graphite%20and%20Vanadium%20Block.pdf&path=dynamiclinks&portal=mlcl&mdTyp=-,T2_14096_MBS_Radhpu_Graphite_and_Vanadium_Block.pdf,d8cec190ee54195ffc6ecb3c0783c3608daab8acd72e0950d559772703847db0,1095596.0,5.0,https://www.mstcecommerce.com/auctionhome/download_docs.jsp?FILE_ID=14475_GoI-MoM%20Tranche%20II-NIT.pdf&path=dynamiclinks&portal=mlcl&mdTyp=-,T2_NIT.pdf,57196a4712ebecc0315a5ce2dd1129bed60e99ecc06fca7ed955f68759612f5a,76715.0,2.0,mbs_text_reconciled_to_official_nit,,2026-09-10,geometry_available_for_overlay_not_used_in_prospectivity_training_or_scoring
CMB-EVENT-T2-O09,official_critical_mineral_auction_event,vadakhol-asoli,auction_offer,2,notified for auction,"Vadakhol-Asoli Ni, Cr, Co and Associated Mineral Block",Maharashtra,Sindhudurg,CL,1475.972,15.816435416039365,73.67598164708149,True,"POLYGON ((73.66 15.8361, 73.6917 15.8361, 73.6919 15.7967, 73.6603 15.7968, 73.66 15.8361))",4.0,1476.4191403577752,0.030294636874899868,Polygon,pypdf_text,accepted,True,,"[""Associated minerals"",""Chromium"",""Cobalt"",""Nickel""]","[""Chromium"",""Cobalt"",""Nickel""]","[""Associated minerals""]","[""chromium"",""cobalt"",""nickel""]","[""Co"",""Cr"",""Ni""]",2024-02-29,,,,,,,2024-02-29,https://www.mstcecommerce.com/auctionhome/download_docs.jsp?FILE_ID=14475_GoI-MoM%20Tranche%20II-NIT.pdf&path=dynamiclinks&portal=mlcl&mdTyp=-,"https://www.mstcecommerce.com/auctionhome/download_docs.jsp?FILE_ID=14095_MBS%20Vadakhol-Asoli%20Ni,%20Cr,%20Co%20and%20Associated%20Mineral%20Block.pdf&path=dynamiclinks&portal=mlcl&mdTyp=-","https://www.mstcecommerce.com/auctionhome/download_docs.jsp?FILE_ID=14095_MBS%20Vadakhol-Asoli%20Ni,%20Cr,%20Co%20and%20Associated%20Mineral%20Block.pdf&path=dynamiclinks&portal=mlcl&mdTyp=-",T2_14095_MBS_Vadakhol-Asoli_Ni_Cr_Co_and_Associated_Mineral_Block.pdf,c04ddde4e996155000b07c5684e87ae742352851cb7b1931798abe73ac57feca,873162.0,5.0,https://www.mstcecommerce.com/auctionhome/download_docs.jsp?FILE_ID=14475_GoI-MoM%20Tranche%20II-NIT.pdf&path=dynamiclinks&portal=mlcl&mdTyp=-,T2_NIT.pdf,57196a4712ebecc0315a5ce2dd1129bed60e99ecc06fca7ed955f68759612f5a,76715.0,2.0,mbs_text_reconciled_to_official_nit,,2026-09-10,geometry_available_for_overlay_not_used_in_prospectivity_training_or_scoring
CMB-EVENT-T2-O10,official_critical_mineral_auction_event,bhalukona,auction_offer,2,notified for auction,Bhalukona Glauconite Block,Chhattisgarh,Mahasamund,CL,912.891,21.190349198118984,82.94677396821281,True,"POLYGON ((82.91833333333334 21.18277777777778, 82.96833333333333 21.21, 82.97555555555556 21.198333333333334, 82.92527777777778 21.170555555555556, 82.91833333333334 21.18277777777778))",4.0,912.4737855041504,0.045702553300396326,Polygon,pypdf_text,accepted,True,,"[""Glauconite""]",[],"[""Glauconite""]",[],[],2024-02-29,,,,,,,2024-02-29,https://www.mstcecommerce.com/auctionhome/download_docs.jsp?FILE_ID=14475_GoI-MoM%20Tranche%20II-NIT.pdf&path=dynamiclinks&portal=mlcl&mdTyp=-,https://www.mstcecommerce.com/auctionhome/download_docs.jsp?FILE_ID=14094_MBS_Bhalukona%20Glauconite%20Block.pdf&path=dynamiclinks&portal=mlcl&mdTyp=-,https://www.mstcecommerce.com/auctionhome/download_docs.jsp?FILE_ID=14094_MBS_Bhalukona%20Glauconite%20Block.pdf&path=dynamiclinks&portal=mlcl&mdTyp=-,T2_14094_MBS_Bhalukona_Glauconite_Block.pdf,fe741656d27cb847b298308923bdcf9ca45c468b7b2813b0886dacc06afd2096,1366291.0,5.0,https://www.mstcecommerce.com/auctionhome/download_docs.jsp?FILE_ID=14475_GoI-MoM%20Tranche%20II-NIT.pdf&path=dynamiclinks&portal=mlcl&mdTyp=-,T2_NIT.pdf,57196a4712ebecc0315a5ce2dd1129bed60e99ecc06fca7ed955f68759612f5a,76715.0,2.0,mbs_text_reconciled_to_official_nit,,2026-09-10,geometry_available_for_overlay_not_used_in_prospectivity_training_or_scoring
CMB-EVENT-T2-O11,official_critical_mineral_auction_event,bharusari,auction_offer,2,notified for auction,Bharusari Potash and Halite Block,Rajasthan,Hanumangarh,CL,1417.32,29.281097833781164,74.28593895079285,True,"POLYGON ((74.26331666666667 29.296980833333336, 74.2881375 29.297128888888892, 74.31284277777777 29.27579638888889, 74.32384055555555 29.272732777777776, 74.32392305555555 29.265563611111112, 74.31561055555555 29.26552277777778, 74.28811805555556 29.268384722222223, 74.26350722222222 29.275378055555553, 74.25512277777777 29.282599166666667, 74.25507611111111 29.289942222222223, 74.26331666666667 29.296980833333336))",10.0,1418.2886750207892,0.06834554093566066,Polygon,pypdf_text,accepted,True,,"[""Halite"",""Potash""]","[""Potash""]","[""Halite""]","[""potassium chloride"",""potassium sulfate""]","[""K2SO4"",""KCl""]",2024-02-29,,,,,,,2024-02-29,https://www.mstcecommerce.com/auctionhome/download_docs.jsp?FILE_ID=14475_GoI-MoM%20Tranche%20II-NIT.pdf&path=dynamiclinks&portal=mlcl&mdTyp=-,https://www.mstcecommerce.com/auctionhome/download_docs.jsp?FILE_ID=14093_MBS_Bharusari%20Potash%20and%20Halite%20Block.pdf&path=dynamiclinks&portal=mlcl&mdTyp=-,https://www.mstcecommerce.com/auctionhome/download_docs.jsp?FILE_ID=14093_MBS_Bharusari%20Potash%20and%20Halite%20Block.pdf&path=dynamiclinks&portal=mlcl&mdTyp=-,T2_14093_MBS_Bharusari_Potash_and_Halite_Block.pdf,24cf9eda09fc15fa655f4e9142ca58301a2d67438f23b28dd7bf9639a376e567,1020112.0,5.0,https://www.mstcecommerce.com/auctionhome/download_docs.jsp?FILE_ID=14475_GoI-MoM%20Tranche%20II-NIT.pdf&path=dynamiclinks&portal=mlcl&mdTyp=-,T2_NIT.pdf,57196a4712ebecc0315a5ce2dd1129bed60e99ecc06fca7ed955f68759612f5a,76715.0,2.0,mbs_text_reconciled_to_official_nit,,2026-09-10,geometry_available_for_overlay_not_used_in_prospectivity_training_or_scoring
CMB-EVENT-T2-O12,official_critical_mineral_auction_event,chiknipani,auction_offer,2,notified for auction,Chiknipani Tungsten Block,Chhattisgarh,Jashpur,CL,649.805,22.522383597669972,83.70240814043147,True,"POLYGON ((83.67360833333333 22.52777777777778, 83.73060833333334 22.526999999999997, 83.73055000000001 22.516669444444442, 83.67360833333333 22.518108333333334, 83.67360833333333 22.52777777777778))",4.0,649.0845678666134,0.11086897352075877,Polygon,pypdf_text,accepted,True,,"[""Tungsten""]","[""Tungsten""]",[],"[""tungsten""]","[""W""]",2024-02-29,,,,,,,2024-02-29,https://www.mstcecommerce.com/auctionhome/download_docs.jsp?FILE_ID=14475_GoI-MoM%20Tranche%20II-NIT.pdf&path=dynamiclinks&portal=mlcl&mdTyp=-,https://www.mstcecommerce.com/auctionhome/download_docs.jsp?FILE_ID=14092_MBS_Chiknipani%20Tungsten%20Block.pdf&path=dynamiclinks&portal=mlcl&mdTyp=-,https://www.mstcecommerce.com/auctionhome/download_docs.jsp?FILE_ID=14092_MBS_Chiknipani%20Tungsten%20Block.pdf&path=dynamiclinks&portal=mlcl&mdTyp=-,T2_14092_MBS_Chiknipani_Tungsten_Block.pdf,095a97f790af0823ab6af26a4562a481ab98c3f7b2cff8302a05cb585a2cfc2d,660287.0,5.0,https://www.mstcecommerce.com/auctionhome/download_docs.jsp?FILE_ID=14475_GoI-MoM%20Tranche%20II-NIT.pdf&path=dynamiclinks&portal=mlcl&mdTyp=-,T2_NIT.pdf,57196a4712ebecc0315a5ce2dd1129bed60e99ecc06fca7ed955f68759612f5a,76715.0,2.0,mbs_text_reconciled_to_official_nit,,2026-09-10,geometry_available_for_overlay_not_used_in_prospectivity_training_or_scoring
CMB-EVENT-T2-O13,official_critical_mineral_auction_event,depo,auction_offer,2,notified for auction,Depo Vanadium and Graphite Block,Arunachal Pradesh,Papum Pare,CL,104.65,27.287807069902676,93.66908426976309,True,"POLYGON ((93.66899444444445 27.281416666666665, 93.6615 27.287277777777778, 93.66891111111111 27.29388888888889, 93.67679722222223 27.288911111111112, 93.66899444444445 27.281416666666665))",4.0,104.72387238259316,0.07058994992178838,Polygon,pypdf_text,accepted,True,,"[""Graphite"",""Vanadium""]","[""Graphite"",""Vanadium""]",[],"[""carbon"",""vanadium""]","[""C"",""V""]",2024-02-29,,,,,,,2024-02-29,https://www.mstcecommerce.com/auctionhome/download_docs.jsp?FILE_ID=14475_GoI-MoM%20Tranche%20II-NIT.pdf&path=dynamiclinks&portal=mlcl&mdTyp=-,"https://www.mstcecommerce.com/auctionhome/download_docs.jsp?FILE_ID=14091_MBS_Depo%20Vanadium,%20Graphite%20Block.pdf&path=dynamiclinks&portal=mlcl&mdTyp=-","https://www.mstcecommerce.com/auctionhome/download_docs.jsp?FILE_ID=14091_MBS_Depo%20Vanadium,%20Graphite%20Block.pdf&path=dynamiclinks&portal=mlcl&mdTyp=-",T2_14091_MBS_Depo_Vanadium_Graphite_Block.pdf,81926213ec3ac8fda228d11623b4df7ccd9b68ba0eae8d375ab2ab9e2cdb542f,971281.0,6.0,https://www.mstcecommerce.com/auctionhome/download_docs.jsp?FILE_ID=14475_GoI-MoM%20Tranche%20II-NIT.pdf&path=dynamiclinks&portal=mlcl&mdTyp=-,T2_NIT.pdf,57196a4712ebecc0315a5ce2dd1129bed60e99ecc06fca7ed955f68759612f5a,76715.0,2.0,mbs_text_reconciled_to_official_nit,,2026-09-10,geometry_available_for_overlay_not_used_in_prospectivity_training_or_scoring
CMB-EVENT-T2-O14,official_critical_mineral_auction_event,gollarahatti-mallenahalli,auction_offer,2,notified for auction,"Gollarahatti-Mallenahalli Nickel, Chromium and PGE Block",Karnataka,Hassan,CL,1238.122,13.41039883186914,76.39027114052402,True,"POLYGON ((76.3803 13.3849, 76.4013 13.3848, 76.3981 13.4426, 76.3845 13.4426, 76.3915 13.4307, 76.3915 13.4277, 76.3785 13.4277, 76.3803 13.3849))",7.0,1238.4230339095175,0.024313751756078996,Polygon,pypdf_text,accepted,True,,"[""Platinum-group elements"",""Chromium"",""Nickel""]","[""Platinum-group elements"",""Chromium"",""Nickel""]",[],"[""chromium"",""iridium"",""nickel"",""osmium"",""palladium"",""platinum"",""rhodium"",""ruthenium""]","[""Cr"",""Ir"",""Ni"",""Os"",""Pd"",""Pt"",""Rh"",""Ru""]",2024-02-29,,,,,,,2024-02-29,https://www.mstcecommerce.com/auctionhome/download_docs.jsp?FILE_ID=14475_GoI-MoM%20Tranche%20II-NIT.pdf&path=dynamiclinks&portal=mlcl&mdTyp=-,https://www.mstcecommerce.com/auctionhome/download_docs.jsp?FILE_ID=14090_MBS_Gollarahatti-Mallenahalli%20Ni%20and%20PGE%20Block.pdf&path=dynamiclinks&portal=mlcl&mdTyp=-,https://www.mstcecommerce.com/auctionhome/download_docs.jsp?FILE_ID=14090_MBS_Gollarahatti-Mallenahalli%20Ni%20and%20PGE%20Block.pdf&path=dynamiclinks&portal=mlcl&mdTyp=-,T2_14090_MBS_Gollarahatti-Mallenahalli_Ni_and_PGE_Block.pdf,356147b9d6cc6f24460d667cffd6a951dbe69678410e5df4d5bd51f1daf21b0d,949908.0,5.0,https://www.mstcecommerce.com/auctionhome/download_docs.jsp?FILE_ID=14475_GoI-MoM%20Tranche%20II-NIT.pdf&path=dynamiclinks&portal=mlcl&mdTyp=-,T2_NIT.pdf,57196a4712ebecc0315a5ce2dd1129bed60e99ecc06fca7ed955f68759612f5a,76715.0,2.0,mbs_text_reconciled_to_official_nit,,2026-09-10,geometry_available_for_overlay_not_used_in_prospectivity_training_or_scoring
CMB-EVENT-T2-O15,official_critical_mineral_auction_event,lakhasar,auction_offer,2,notified for auction,Lakhasar Potash and Halite Block,Rajasthan,Bikaner,CL,1830.06,28.09734903135999,73.87400255091491,True,"POLYGON ((73.85358180555555 28.113147833333336, 73.874111 28.12073102777778, 73.89284913888889 28.112023555555556, 73.90540116666668 28.09667472222222, 73.86453780555556 28.06978986111111, 73.85164125 28.085519527777777, 73.85358180555555 28.113147833333336))",6.0,1830.975279975462,0.05001365941346181,Polygon,source_table_verified_ocr_override,accepted,True,,"[""Halite"",""Potash""]","[""Potash""]","[""Halite""]","[""potassium chloride"",""potassium sulfate""]","[""K2SO4"",""KCl""]",2024-02-29,,,,,,,2024-02-29,https://www.mstcecommerce.com/auctionhome/download_docs.jsp?FILE_ID=14475_GoI-MoM%20Tranche%20II-NIT.pdf&path=dynamiclinks&portal=mlcl&mdTyp=-,https://www.mstcecommerce.com/auctionhome/download_docs.jsp?FILE_ID=14089_MBS_Lakhasar%20Block%20Final%20CL%20with%20halite.pdf&path=dynamiclinks&portal=mlcl&mdTyp=-,https://www.mstcecommerce.com/auctionhome/download_docs.jsp?FILE_ID=14089_MBS_Lakhasar%20Block%20Final%20CL%20with%20halite.pdf&path=dynamiclinks&portal=mlcl&mdTyp=-,T2_14089_MBS_Lakhasar_Block_Final_CL_with_halite.pdf,9c561058711ecb460c4c30e3f17a19446424fb7065f7a64e282d181ef483dff9,888402.0,5.0,https://www.mstcecommerce.com/auctionhome/download_docs.jsp?FILE_ID=14475_GoI-MoM%20Tranche%20II-NIT.pdf&path=dynamiclinks&portal=mlcl&mdTyp=-,T2_NIT.pdf,57196a4712ebecc0315a5ce2dd1129bed60e99ecc06fca7ed955f68759612f5a,76715.0,2.0,mbs_text_reconciled_to_official_nit,Six boundary points transcribed from the official MBS map after 400 dpi OCR review.,2026-09-10,geometry_available_for_overlay_not_used_in_prospectivity_training_or_scoring
CMB-EVENT-T2-O16,official_critical_mineral_auction_event,nayakkarpatti,auction_offer,2,notified for auction,Nayakkarpatti Tungsten Block,Tamil Nadu,Madurai,CL,2015.51,10.043490423175554,78.27603368174582,True,"POLYGON ((78.25 10.0028, 78.25 10.0316, 78.2824 10.0709, 78.3116 10.0709, 78.2942 10.0452, 78.25 10.0028))",5.0,2012.6685560746432,0.14097890486064424,Polygon,pypdf_text,accepted,True,,"[""Tungsten""]","[""Tungsten""]",[],"[""tungsten""]","[""W""]",2024-02-29,,,,,,,2024-02-29,https://www.mstcecommerce.com/auctionhome/download_docs.jsp?FILE_ID=14475_GoI-MoM%20Tranche%20II-NIT.pdf&path=dynamiclinks&portal=mlcl&mdTyp=-,https://www.mstcecommerce.com/auctionhome/download_docs.jsp?FILE_ID=14088_MBS_Nayakkarpatti%20Tungsten%20Block.pdf&path=dynamiclinks&portal=mlcl&mdTyp=-,https://www.mstcecommerce.com/auctionhome/download_docs.jsp?FILE_ID=14088_MBS_Nayakkarpatti%20Tungsten%20Block.pdf&path=dynamiclinks&portal=mlcl&mdTyp=-,T2_14088_MBS_Nayakkarpatti_Tungsten_Block.pdf,762012ca64deb4399ecf445bc50b1dbb1fdc6850ad2b6eff91a7a86be3f4300a,918497.0,5.0,https://www.mstcecommerce.com/auctionhome/download_docs.jsp?FILE_ID=14475_GoI-MoM%20Tranche%20II-NIT.pdf&path=dynamiclinks&portal=mlcl&mdTyp=-,T2_NIT.pdf,57196a4712ebecc0315a5ce2dd1129bed60e99ecc06fca7ed955f68759612f5a,76715.0,2.0,mbs_text_reconciled_to_official_nit,,2026-09-10,geometry_available_for_overlay_not_used_in_prospectivity_training_or_scoring
CMB-EVENT-T2-O17,official_critical_mineral_auction_event,raipura,auction_offer,2,notified for auction,Raipura Phosphorite and Limestone Block,Chhattisgarh,Balod,CL,1009.36,20.81615,81.09734444444445,True,"POLYGON ((81.08218888888888 20.801691666666667, 81.08218888888888 20.830608333333334, 81.1125 20.830608333333334, 81.1125 20.801691666666667, 81.08218888888888 20.801691666666667))",4.0,1010.1692573078155,0.08017529006653011,Polygon,pypdf_text,accepted,True,,"[""Phosphorite""]","[""Phosphorus""]",[],"[""phosphorus""]","[""P""]",2024-02-29,,,,,,,2024-02-29,https://www.mstcecommerce.com/auctionhome/download_docs.jsp?FILE_ID=14475_GoI-MoM%20Tranche%20II-NIT.pdf&path=dynamiclinks&portal=mlcl&mdTyp=-,https://www.mstcecommerce.com/auctionhome/download_docs.jsp?FILE_ID=14087_MBS_Raipura%20Phosphorite%20and%20Limestone%20Block.pdf&path=dynamiclinks&portal=mlcl&mdTyp=-,https://www.mstcecommerce.com/auctionhome/download_docs.jsp?FILE_ID=14087_MBS_Raipura%20Phosphorite%20and%20Limestone%20Block.pdf&path=dynamiclinks&portal=mlcl&mdTyp=-,T2_14087_MBS_Raipura_Phosphorite_and_Limestone_Block.pdf,1c81bd84a2726ada52a507bb341962cb3f3b4db2acf36e0b63727403fc27c1cb,960551.0,5.0,https://www.mstcecommerce.com/auctionhome/download_docs.jsp?FILE_ID=14475_GoI-MoM%20Tranche%20II-NIT.pdf&path=dynamiclinks&portal=mlcl&mdTyp=-,T2_NIT.pdf,57196a4712ebecc0315a5ce2dd1129bed60e99ecc06fca7ed955f68759612f5a,76715.0,2.0,mbs_text_reconciled_to_official_nit,,2026-09-10,geometry_available_for_overlay_not_used_in_prospectivity_training_or_scoring
CMB-EVENT-T2-O18,official_critical_mineral_auction_event,sanyasikoppa,auction_offer,2,notified for auction,"Sanyasikoppa Cobalt, Manganese and Iron Block",Karnataka,Shimoga (Shivamogga),CL,1055.64,14.155165705499192,75.36635290045898,True,"POLYGON ((75.35953611111111 14.184675, 75.37491944444444 14.184841666666667, 75.3750861111111 14.159363888888889, 75.36830277777777 14.119658333333334, 75.35903888888889 14.121313888888888, 75.35953611111111 14.184675))",5.0,1056.4413868319377,0.07591478457974633,Polygon,pypdf_text,accepted,True,,"[""Cobalt"",""Iron"",""Manganese""]","[""Cobalt"",""Iron"",""Manganese""]",[],"[""cobalt"",""iron"",""manganese""]","[""Co"",""Fe"",""Mn""]",2024-02-29,,,,,,,2024-02-29,https://www.mstcecommerce.com/auctionhome/download_docs.jsp?FILE_ID=14475_GoI-MoM%20Tranche%20II-NIT.pdf&path=dynamiclinks&portal=mlcl&mdTyp=-,"https://www.mstcecommerce.com/auctionhome/download_docs.jsp?FILE_ID=14086_MBS_Sanyasikoppa%20Cobalt,%20Manganese%20and%20Iron%20Block.pdf&path=dynamiclinks&portal=mlcl&mdTyp=-","https://www.mstcecommerce.com/auctionhome/download_docs.jsp?FILE_ID=14086_MBS_Sanyasikoppa%20Cobalt,%20Manganese%20and%20Iron%20Block.pdf&path=dynamiclinks&portal=mlcl&mdTyp=-",T2_14086_MBS_Sanyasikoppa_Cobalt_Manganese_and_Iron_Block.pdf,3f611d9ed5c6a3f2cce69a92b6104c73d114fc19e2bbf7249462a1edeb92cb9a,1011422.0,5.0,https://www.mstcecommerce.com/auctionhome/download_docs.jsp?FILE_ID=14475_GoI-MoM%20Tranche%20II-NIT.pdf&path=dynamiclinks&portal=mlcl&mdTyp=-,T2_NIT.pdf,57196a4712ebecc0315a5ce2dd1129bed60e99ecc06fca7ed955f68759612f5a,76715.0,2.0,mbs_text_reconciled_to_official_nit,,2026-09-10,geometry_available_for_overlay_not_used_in_prospectivity_training_or_scoring
CMB-EVENT-T3-O01,official_critical_mineral_auction_event,chutia-nauhatta,auction_offer,3,notified for auction,Chutia-Nauhatta Glauconite Block,Bihar,Rohtas,CL,463.995,24.55641604770508,83.76975561189417,True,"POLYGON ((83.75191111111111 24.54560277777778, 83.79038444444444 24.55727138888889, 83.78673194444444 24.56734527777778, 83.74914722222222 24.555244444444444, 83.75191111111111 24.54560277777778))",4.0,463.4651059556484,0.1142025332927249,Polygon,pypdf_text,accepted,True,,"[""Glauconite""]",[],"[""Glauconite""]",[],[],2024-03-14,,,,,,,2024-03-14,https://www.mstcecommerce.com/auctionhome/download_docs.jsp?FILE_ID=14477_Notice%20Inviting%20Tender%20(NIT)%20-%20%20Tranche%20III.pdf&path=dynamiclinks&portal=mlcl&mdTyp=-,https://www.mstcecommerce.com/auctionhome/download_docs.jsp?FILE_ID=14486_MBS_Chutia-Nauhatta%20Glauconite%20Block.pdf&path=dynamiclinks&portal=mlcl&mdTyp=-,https://www.mstcecommerce.com/auctionhome/download_docs.jsp?FILE_ID=14486_MBS_Chutia-Nauhatta%20Glauconite%20Block.pdf&path=dynamiclinks&portal=mlcl&mdTyp=-,T3_14486_MBS_Chutia-Nauhatta_Glauconite_Block.pdf,2bf04b3bdd666c77bf7bb7beca0af6273d9ca585bfc38de4bf407d617338bf1f,801352.0,5.0,https://www.mstcecommerce.com/auctionhome/download_docs.jsp?FILE_ID=14477_Notice%20Inviting%20Tender%20(NIT)%20-%20%20Tranche%20III.pdf&path=dynamiclinks&portal=mlcl&mdTyp=-,T3_NIT.pdf,465a8490a29e432973a9aa7310acd871b7da9f5047055d4747c9f7549d4a9f92,158441.0,2.0,mbs_text_reconciled_to_official_nit,,2026-09-10,geometry_available_for_overlay_not_used_in_prospectivity_training_or_scoring
CMB-EVENT-T3-O02,official_critical_mineral_auction_event,genjana,auction_offer,3,notified for auction,"Genjana Nickel, Chromium and PGE Block",Bihar,Gaya,CL,788.85,24.507600109649122,84.59864934210525,True,"POLYGON ((84.5756 24.5153, 84.6218 24.5151, 84.6218 24.5, 84.5756 24.5, 84.5756 24.5153))",4.0,788.3310822259903,0.06578155213408947,Polygon,pypdf_text,accepted,True,,"[""Platinum-group elements"",""Chromium"",""Nickel""]","[""Platinum-group elements"",""Chromium"",""Nickel""]",[],"[""chromium"",""iridium"",""nickel"",""osmium"",""palladium"",""platinum"",""rhodium"",""ruthenium""]","[""Cr"",""Ir"",""Ni"",""Os"",""Pd"",""Pt"",""Rh"",""Ru""]",2024-03-14,,,,,,,2024-03-14,https://www.mstcecommerce.com/auctionhome/download_docs.jsp?FILE_ID=14477_Notice%20Inviting%20Tender%20(NIT)%20-%20%20Tranche%20III.pdf&path=dynamiclinks&portal=mlcl&mdTyp=-,https://www.mstcecommerce.com/auctionhome/download_docs.jsp?FILE_ID=14485_MBS_Genjana%20Nickel%20Chromium%20and%20PGE%20Block.pdf&path=dynamiclinks&portal=mlcl&mdTyp=-,https://www.mstcecommerce.com/auctionhome/download_docs.jsp?FILE_ID=14485_MBS_Genjana%20Nickel%20Chromium%20and%20PGE%20Block.pdf&path=dynamiclinks&portal=mlcl&mdTyp=-,T3_14485_MBS_Genjana_Nickel_Chromium_and_PGE_Block.pdf,6239b67226afa204930f0327a52c41672eb27e29dcba6faae3c56b78857dec9a,798356.0,6.0,https://www.mstcecommerce.com/auctionhome/download_docs.jsp?FILE_ID=14477_Notice%20Inviting%20Tender%20(NIT)%20-%20%20Tranche%20III.pdf&path=dynamiclinks&portal=mlcl&mdTyp=-,T3_NIT.pdf,465a8490a29e432973a9aa7310acd871b7da9f5047055d4747c9f7549d4a9f92,158441.0,2.0,mbs_text_reconciled_to_official_nit,,2026-09-10,geometry_available_for_overlay_not_used_in_prospectivity_training_or_scoring
CMB-EVENT-T3-O03,official_critical_mineral_auction_event,kurchha,auction_offer,3,notified for auction,Kurchha Glauconite Block,Uttar Pradesh,Sonbhadra,CL,17.3,24.5932418579723,82.87589297757629,True,"POLYGON ((82.87391666666666 24.595469444444443, 82.87735555555555 24.595391666666664, 82.87803055555555 24.591313888888887, 82.87438333333333 24.59090833333333, 82.87391666666666 24.595469444444443))",4.0,17.273710959735514,0.15195977031495425,Polygon,pypdf_text,accepted,True,,"[""Glauconite""]",[],"[""Glauconite""]",[],[],2024-03-14,,,,,,,2024-03-14,https://www.mstcecommerce.com/auctionhome/download_docs.jsp?FILE_ID=14477_Notice%20Inviting%20Tender%20(NIT)%20-%20%20Tranche%20III.pdf&path=dynamiclinks&portal=mlcl&mdTyp=-,https://www.mstcecommerce.com/auctionhome/download_docs.jsp?FILE_ID=14484_MBS_Kurchha%20Glauconite%20Block.pdf&path=dynamiclinks&portal=mlcl&mdTyp=-,https://www.mstcecommerce.com/auctionhome/download_docs.jsp?FILE_ID=14484_MBS_Kurchha%20Glauconite%20Block.pdf&path=dynamiclinks&portal=mlcl&mdTyp=-,T3_14484_MBS_Kurchha_Glauconite_Block.pdf,06cc6de3bbef49d8006ef2544fa364c967a20e0ae4fb2106c35b0a255871b949,781446.0,5.0,https://www.mstcecommerce.com/auctionhome/download_docs.jsp?FILE_ID=14477_Notice%20Inviting%20Tender%20(NIT)%20-%20%20Tranche%20III.pdf&path=dynamiclinks&portal=mlcl&mdTyp=-,T3_NIT.pdf,465a8490a29e432973a9aa7310acd871b7da9f5047055d4747c9f7549d4a9f92,158441.0,2.0,mbs_text_reconciled_to_official_nit,,2026-09-10,geometry_available_for_overlay_not_used_in_prospectivity_training_or_scoring
CMB-EVENT-T3-O04,official_critical_mineral_auction_event,kurunjakulam,auction_offer,3,notified for auction,Kurunjakulam Graphite Block,Tamil Nadu,Tenkasi,CL,265.66,9.237361111111111,77.68652777777778,True,"POLYGON ((77.68083333333334 9.246944444444443, 77.69222222222223 9.246944444444443, 77.69222222222223 9.227777777777778, 77.68083333333334 9.227777777777778, 77.68083333333334 9.246944444444443))",4.0,265.2981685296297,0.13620096001291307,Polygon,pypdf_text,accepted,True,,"[""Graphite""]","[""Graphite""]",[],"[""carbon""]","[""C""]",2024-03-14,,,,,,,2024-03-14,https://www.mstcecommerce.com/auctionhome/download_docs.jsp?FILE_ID=14477_Notice%20Inviting%20Tender%20(NIT)%20-%20%20Tranche%20III.pdf&path=dynamiclinks&portal=mlcl&mdTyp=-,https://www.mstcecommerce.com/auctionhome/download_docs.jsp?FILE_ID=14483_MBS_Kurunjakulam%20Graphite%20Block.pdf&path=dynamiclinks&portal=mlcl&mdTyp=-,https://www.mstcecommerce.com/auctionhome/download_docs.jsp?FILE_ID=14483_MBS_Kurunjakulam%20Graphite%20Block.pdf&path=dynamiclinks&portal=mlcl&mdTyp=-,T3_14483_MBS_Kurunjakulam_Graphite_Block.pdf,9a9fd70251408628ce5adcbbbd46c90eaa9ab6c5854b2336ceb3fa07aed68633,793742.0,5.0,https://www.mstcecommerce.com/auctionhome/download_docs.jsp?FILE_ID=14477_Notice%20Inviting%20Tender%20(NIT)%20-%20%20Tranche%20III.pdf&path=dynamiclinks&portal=mlcl&mdTyp=-,T3_NIT.pdf,465a8490a29e432973a9aa7310acd871b7da9f5047055d4747c9f7549d4a9f92,158441.0,2.0,mbs_text_reconciled_to_official_nit,,2026-09-10,geometry_available_for_overlay_not_used_in_prospectivity_training_or_scoring
CMB-EVENT-T3-O05,official_critical_mineral_auction_event,muskaniya-gareriatola-barwari,auction_offer,3,notified for auction,Muskaniya-Gareriatola-Barwari Potash Block,Jharkhand,Garhwa,CL,513.69,24.401761208625558,83.54869048658094,True,"POLYGON ((83.5300118888889 24.40596992222222, 83.56096977222222 24.41093635, 83.56860326666666 24.398643269444445, 83.53603610833333 24.391994736111112, 83.5300118888889 24.40596992222222))",4.0,513.2543952418328,0.08479915088230275,Polygon,pypdf_text,accepted,True,,"[""Potash""]","[""Potash""]",[],"[""potassium chloride"",""potassium sulfate""]","[""K2SO4"",""KCl""]",2024-03-14,,,,,,,2024-03-14,https://www.mstcecommerce.com/auctionhome/download_docs.jsp?FILE_ID=14477_Notice%20Inviting%20Tender%20(NIT)%20-%20%20Tranche%20III.pdf&path=dynamiclinks&portal=mlcl&mdTyp=-,https://www.mstcecommerce.com/auctionhome/download_docs.jsp?FILE_ID=14482_MBS_Muskaniya-Gareriatola-Barwari%20Potash%20Block.pdf&path=dynamiclinks&portal=mlcl&mdTyp=-,https://www.mstcecommerce.com/auctionhome/download_docs.jsp?FILE_ID=14482_MBS_Muskaniya-Gareriatola-Barwari%20Potash%20Block.pdf&path=dynamiclinks&portal=mlcl&mdTyp=-,T3_14482_MBS_Muskaniya-Gareriatola-Barwari_Potash_Block.pdf,1d6554ddb3f086cb1ecc7f7ca18c66041c0ecf1545c92bb8fb88d14e26605d7a,808266.0,5.0,https://www.mstcecommerce.com/auctionhome/download_docs.jsp?FILE_ID=14477_Notice%20Inviting%20Tender%20(NIT)%20-%20%20Tranche%20III.pdf&path=dynamiclinks&portal=mlcl&mdTyp=-,T3_NIT.pdf,465a8490a29e432973a9aa7310acd871b7da9f5047055d4747c9f7549d4a9f92,158441.0,2.0,mbs_text_reconciled_to_official_nit,,2026-09-10,geometry_available_for_overlay_not_used_in_prospectivity_training_or_scoring
CMB-EVENT-T3-O06,official_critical_mineral_auction_event,pipradih-bhurwa,auction_offer,3,notified for auction,Pipradih-Bhurwa Glauconite Block,Bihar,Rohtas,CL,415.38,24.568476672181923,83.80627910801734,True,"POLYGON ((83.78702222222222 24.566544444444446, 83.79016666666666 24.557872222222223, 83.82518888888889 24.56933611111111, 83.82061666666667 24.579475, 83.78702222222222 24.566544444444446))",4.0,414.881304153049,0.12005774157422668,Polygon,pypdf_text,accepted,True,,"[""Glauconite""]",[],"[""Glauconite""]",[],[],2024-03-14,,,,,,,2024-03-14,https://www.mstcecommerce.com/auctionhome/download_docs.jsp?FILE_ID=14477_Notice%20Inviting%20Tender%20(NIT)%20-%20%20Tranche%20III.pdf&path=dynamiclinks&portal=mlcl&mdTyp=-,https://www.mstcecommerce.com/auctionhome/download_docs.jsp?FILE_ID=14481_MBS_Pipradih-Bhurwa%20Glauconite%20Block.pdf&path=dynamiclinks&portal=mlcl&mdTyp=-,https://www.mstcecommerce.com/auctionhome/download_docs.jsp?FILE_ID=14481_MBS_Pipradih-Bhurwa%20Glauconite%20Block.pdf&path=dynamiclinks&portal=mlcl&mdTyp=-,T3_14481_MBS_Pipradih-Bhurwa_Glauconite_Block.pdf,ee7a27a74853fa7d27b5f67e6d606032c328b13bce5f90d3f4548e13c0250e13,795626.0,5.0,https://www.mstcecommerce.com/auctionhome/download_docs.jsp?FILE_ID=14477_Notice%20Inviting%20Tender%20(NIT)%20-%20%20Tranche%20III.pdf&path=dynamiclinks&portal=mlcl&mdTyp=-,T3_NIT.pdf,465a8490a29e432973a9aa7310acd871b7da9f5047055d4747c9f7549d4a9f92,158441.0,2.0,mbs_text_reconciled_to_official_nit,,2026-09-10,geometry_available_for_overlay_not_used_in_prospectivity_training_or_scoring
CMB-EVENT-T3-O07,official_critical_mineral_auction_event,salal-haimna,auction_offer,3,notified for auction,"Salal-Haimna Lithium, Titanium and Bauxite (Aluminous Laterite) Block",UT: Jammu and Kashmir,Reasi,CL,317.638,33.16764188311911,74.81874319707671,True,"POLYGON ((74.80873249999999 33.17552388888889, 74.81338166666666 33.176035, 74.8317675 33.17162888888889, 74.82725444444443 33.15844638888889, 74.80645694444443 33.1633975, 74.80873249999999 33.17552388888889))",5.0,317.8909881235838,0.07964668068172094,Polygon,pypdf_text,accepted,True,,"[""Aluminous Laterite"",""Bauxite"",""Lithium"",""Titanium""]","[""Aluminium"",""Lithium"",""Titanium""]",[],"[""aluminium"",""lithium"",""titanium"",""titanium dioxide""]","[""Al"",""Li"",""Ti"",""TiO2""]",2024-03-14,,,,,,,2024-03-14,https://www.mstcecommerce.com/auctionhome/download_docs.jsp?FILE_ID=14477_Notice%20Inviting%20Tender%20(NIT)%20-%20%20Tranche%20III.pdf&path=dynamiclinks&portal=mlcl&mdTyp=-,"https://www.mstcecommerce.com/auctionhome/download_docs.jsp?FILE_ID=14480_MBS_Salal-Haimna%20Lithium,%20Titanium%20and%20Bauxite%20Aluminous%20Laterite%20Block.pdf&path=dynamiclinks&portal=mlcl&mdTyp=-","https://www.mstcecommerce.com/auctionhome/download_docs.jsp?FILE_ID=14480_MBS_Salal-Haimna%20Lithium,%20Titanium%20and%20Bauxite%20Aluminous%20Laterite%20Block.pdf&path=dynamiclinks&portal=mlcl&mdTyp=-",T3_14480_MBS_Salal-Haimna_Lithium_Titanium_and_Bauxite_Aluminous_Laterite_Block.pdf,578687502b2cb52d72bde9ba888395a64383db6a9a51abc717b0df2c126d7d1e,695463.0,5.0,https://www.mstcecommerce.com/auctionhome/download_docs.jsp?FILE_ID=14477_Notice%20Inviting%20Tender%20(NIT)%20-%20%20Tranche%20III.pdf&path=dynamiclinks&portal=mlcl&mdTyp=-,T3_NIT.pdf,465a8490a29e432973a9aa7310acd871b7da9f5047055d4747c9f7549d4a9f92,158441.0,2.0,mbs_text_reconciled_to_official_nit,,2026-09-10,geometry_available_for_overlay_not_used_in_prospectivity_training_or_scoring
CMB-EVENT-T4-O01,official_critical_mineral_auction_event,endolin-isholin,auction_offer,4,notified for auction,Endolin-Isholin Graphite Block,Arunachal Pradesh,Upper Dibang Valley,CL,503.15,28.510092938604927,95.83267922418445,True,"POLYGON ((95.83159305555556 28.525406944444445, 95.84784777777777 28.507480277777777, 95.83396611111111 28.494551666666666, 95.81738805555555 28.51310861111111, 95.83159305555556 28.525406944444445))",4.0,502.5928167651176,0.11073899133108597,Polygon,pypdf_text,accepted,True,,"[""Graphite""]","[""Graphite""]",[],"[""carbon""]","[""C""]",2024-06-24,,,,,,,2024-06-24,https://www.mstcecommerce.com/auctionhome/download_docs.jsp?FILE_ID=15825_1.%20GoI%20MoM%20-%20Tranche%20IV%20-%20NIT.pdf&path=dynamiclinks&portal=mlcl&mdTyp=-,https://www.mstcecommerce.com/auctionhome/download_docs.jsp?FILE_ID=15850_1.%20MBS%20Endolin-Isholin%20Graphite%20Block.pdf&path=dynamiclinks&portal=mlcl&mdTyp=-,https://www.mstcecommerce.com/auctionhome/download_docs.jsp?FILE_ID=15850_1.%20MBS%20Endolin-Isholin%20Graphite%20Block.pdf&path=dynamiclinks&portal=mlcl&mdTyp=-,T4_15850_MBS_Endolin-Isholin_Graphite_Block.pdf,24cfc67a6fb4137d3ecd4adf22664610223781c4001d137318ca4c0985585f02,540254.0,4.0,https://www.mstcecommerce.com/auctionhome/download_docs.jsp?FILE_ID=15825_1.%20GoI%20MoM%20-%20Tranche%20IV%20-%20NIT.pdf&path=dynamiclinks&portal=mlcl&mdTyp=-,T4_NIT.pdf,0aa1df9b62c007232c44e9f718240d97f99f113a4adb25495c3703a7699f2ff1,101640.0,3.0,mbs_text_reconciled_to_official_nit,,2026-09-10,geometry_available_for_overlay_not_used_in_prospectivity_training_or_scoring
CMB-EVENT-T4-O02,official_critical_mineral_auction_event,kelenda,auction_offer,4,notified for auction,Kelenda Glauconite Block,Chhattisgarh,Mahasamund,CL,397.5,21.25876319955575,82.98371141207856,True,"POLYGON ((82.96918472222222 21.241387777777778, 82.99129888888889 21.279723055555554, 82.99827972222222 21.276053333333333, 82.97590972222223 21.237615555555557, 82.96918472222222 21.241387777777778))",4.0,397.4067555855751,0.02345771432072287,Polygon,pypdf_text,accepted,True,,"[""Glauconite""]",[],"[""Glauconite""]",[],[],2024-06-24,,,,,,,2024-06-24,https://www.mstcecommerce.com/auctionhome/download_docs.jsp?FILE_ID=15825_1.%20GoI%20MoM%20-%20Tranche%20IV%20-%20NIT.pdf&path=dynamiclinks&portal=mlcl&mdTyp=-,https://www.mstcecommerce.com/auctionhome/download_docs.jsp?FILE_ID=15849_2.%20MBS_Kelenda%20Glauconite%20Block.pdf&path=dynamiclinks&portal=mlcl&mdTyp=-,https://www.mstcecommerce.com/auctionhome/download_docs.jsp?FILE_ID=15849_2.%20MBS_Kelenda%20Glauconite%20Block.pdf&path=dynamiclinks&portal=mlcl&mdTyp=-,T4_15849_MBS_Kelenda_Glauconite_Block.pdf,e7e588fc12388fbf47841e456314a0569a0d44ac4362bb148f5a0802d0812f6d,1073687.0,5.0,https://www.mstcecommerce.com/auctionhome/download_docs.jsp?FILE_ID=15825_1.%20GoI%20MoM%20-%20Tranche%20IV%20-%20NIT.pdf&path=dynamiclinks&portal=mlcl&mdTyp=-,T4_NIT.pdf,0aa1df9b62c007232c44e9f718240d97f99f113a4adb25495c3703a7699f2ff1,101640.0,3.0,mbs_text_reconciled_to_official_nit,,2026-09-10,geometry_available_for_overlay_not_used_in_prospectivity_training_or_scoring
CMB-EVENT-T4-O03,official_critical_mineral_auction_event,raipura,auction_offer,4,notified for auction,Raipura Phosphorite and Limestone Block,Chhattisgarh,Balod,CL,1009.36,20.81615,81.09734444444445,True,"POLYGON ((81.08218888888888 20.801691666666667, 81.08218888888888 20.830608333333334, 81.1125 20.830608333333334, 81.1125 20.801691666666667, 81.08218888888888 20.801691666666667))",4.0,1010.1692573078155,0.08017529006653011,Polygon,pypdf_text,accepted,True,,"[""Phosphorite""]","[""Phosphorus""]",[],"[""phosphorus""]","[""P""]",2024-06-24,,,,,,,2024-06-24,https://www.mstcecommerce.com/auctionhome/download_docs.jsp?FILE_ID=15825_1.%20GoI%20MoM%20-%20Tranche%20IV%20-%20NIT.pdf&path=dynamiclinks&portal=mlcl&mdTyp=-,https://www.mstcecommerce.com/auctionhome/download_docs.jsp?FILE_ID=15848_3.%20MBS_Raipura%20Phosphorite%20and%20Limestone%20Block%2017.02.2024.pdf&path=dynamiclinks&portal=mlcl&mdTyp=-,https://www.mstcecommerce.com/auctionhome/download_docs.jsp?FILE_ID=15848_3.%20MBS_Raipura%20Phosphorite%20and%20Limestone%20Block%2017.02.2024.pdf&path=dynamiclinks&portal=mlcl&mdTyp=-,T4_15848_MBS_Raipura_Phosphorite_and_Limestone_Block_17.02.2024.pdf,7ed5b17d348396f88abe4c5bcdcf19bc225014ac688f3f6ce4770b3d0b70063f,957263.0,5.0,https://www.mstcecommerce.com/auctionhome/download_docs.jsp?FILE_ID=15825_1.%20GoI%20MoM%20-%20Tranche%20IV%20-%20NIT.pdf&path=dynamiclinks&portal=mlcl&mdTyp=-,T4_NIT.pdf,0aa1df9b62c007232c44e9f718240d97f99f113a4adb25495c3703a7699f2ff1,101640.0,3.0,mbs_text_reconciled_to_official_nit,,2026-09-10,geometry_available_for_overlay_not_used_in_prospectivity_training_or_scoring
CMB-EVENT-T4-O04,official_critical_mineral_auction_event,semhardih,auction_offer,4,notified for auction,Semhardih Phosphorite and Limestone Block,Chhattisgarh,Balod,CL,960.35,20.832902777777775,81.06233333333334,True,"POLYGON ((81.0431111111111 20.822055555555554, 81.0431111111111 20.84375, 81.08155555555555 20.84375, 81.08155555555555 20.822055555555554, 81.0431111111111 20.822055555555554))",4.0,961.1231155160904,0.08050351601919536,Polygon,pypdf_text,accepted,True,,"[""Phosphorite""]","[""Phosphorus""]",[],"[""phosphorus""]","[""P""]",2024-06-24,,,,,,,2024-06-24,https://www.mstcecommerce.com/auctionhome/download_docs.jsp?FILE_ID=15825_1.%20GoI%20MoM%20-%20Tranche%20IV%20-%20NIT.pdf&path=dynamiclinks&portal=mlcl&mdTyp=-,https://www.mstcecommerce.com/auctionhome/download_docs.jsp?FILE_ID=15847_4.%20MBS_Semhardih%20Phosphorite%20and%20Limestone%20Block.pdf&path=dynamiclinks&portal=mlcl&mdTyp=-,https://www.mstcecommerce.com/auctionhome/download_docs.jsp?FILE_ID=15847_4.%20MBS_Semhardih%20Phosphorite%20and%20Limestone%20Block.pdf&path=dynamiclinks&portal=mlcl&mdTyp=-,T4_15847_MBS_Semhardih_Phosphorite_and_Limestone_Block.pdf,25de8f9f5ffe5b16675f1a1daeaa2c0106ea71f02c41c8bdccffb3d90277851f,1031086.0,5.0,https://www.mstcecommerce.com/auctionhome/download_docs.jsp?FILE_ID=15825_1.%20GoI%20MoM%20-%20Tranche%20IV%20-%20NIT.pdf&path=dynamiclinks&portal=mlcl&mdTyp=-,T4_NIT.pdf,0aa1df9b62c007232c44e9f718240d97f99f113a4adb25495c3703a7699f2ff1,101640.0,3.0,mbs_text_reconciled_to_official_nit,,2026-09-10,geometry_available_for_overlay_not_used_in_prospectivity_training_or_scoring
CMB-EVENT-T4-O05,official_critical_mineral_auction_event,ponchi,auction_offer,4,notified for auction,Ponchi Graphite Block,Jharkhand,Palamu,ML,10.0,23.927629970476435,84.24286517466238,True,"POLYGON ((84.24135541111112 23.929018525, 84.24426696944444 23.92928871666667, 84.24435521666666 23.92613133888889, 84.24140988611111 23.92608723888889, 84.24135541111112 23.929018525))",4.0,10.065405368598364,0.6540536859836443,Polygon,pypdf_text,accepted,True,,"[""Graphite""]","[""Graphite""]",[],"[""carbon""]","[""C""]",2024-06-24,,,,,,,2024-06-24,https://www.mstcecommerce.com/auctionhome/download_docs.jsp?FILE_ID=15825_1.%20GoI%20MoM%20-%20Tranche%20IV%20-%20NIT.pdf&path=dynamiclinks&portal=mlcl&mdTyp=-,https://www.mstcecommerce.com/auctionhome/download_docs.jsp?FILE_ID=15846_5.%20MBS_Ponchi%20Graphite%20Block.pdf&path=dynamiclinks&portal=mlcl&mdTyp=-,https://www.mstcecommerce.com/auctionhome/download_docs.jsp?FILE_ID=15846_5.%20MBS_Ponchi%20Graphite%20Block.pdf&path=dynamiclinks&portal=mlcl&mdTyp=-,T4_15846_MBS_Ponchi_Graphite_Block.pdf,15a74eeed39a22619b5d1d1ef98b8f8df7810c4acf70c4b156f601aa09cf230e,1149422.0,5.0,https://www.mstcecommerce.com/auctionhome/download_docs.jsp?FILE_ID=15825_1.%20GoI%20MoM%20-%20Tranche%20IV%20-%20NIT.pdf&path=dynamiclinks&portal=mlcl&mdTyp=-,T4_NIT.pdf,0aa1df9b62c007232c44e9f718240d97f99f113a4adb25495c3703a7699f2ff1,101640.0,3.0,official_nit_table,,2026-09-10,geometry_available_for_overlay_not_used_in_prospectivity_training_or_scoring
CMB-EVENT-T4-O06,official_critical_mineral_auction_event,dombarahalli,auction_offer,4,notified for auction,Dombarahalli Phosphate and REE Block,Karnataka,Koppal,CL,558.28,15.261666666666665,76.10569444444444,True,"POLYGON ((76.0936111111111 15.27138888888889, 76.11777777777777 15.27138888888889, 76.11777777777777 15.251944444444444, 76.0936111111111 15.251944444444444, 76.0936111111111 15.27138888888889))",4.0,558.5320040859223,0.04513937198579468,Polygon,pypdf_text,accepted,True,,"[""Rare-earth elements"",""Phosphate""]","[""Rare-earth elements"",""Phosphorus""]",[],"[""cerium"",""dysprosium"",""erbium"",""europium"",""gadolinium"",""holmium"",""lanthanum"",""lutetium"",""neodymium"",""phosphorus"",""praseodymium"",""promethium"",""samarium"",""scandium"",""terbium"",""thulium"",""ytterbium"",""yttrium""]","[""Ce"",""Dy"",""Er"",""Eu"",""Gd"",""Ho"",""La"",""Lu"",""Nd"",""P"",""Pm"",""Pr"",""Sc"",""Sm"",""Tb"",""Tm"",""Y"",""Yb""]",2024-06-24,,,,,,,2024-06-24,https://www.mstcecommerce.com/auctionhome/download_docs.jsp?FILE_ID=15825_1.%20GoI%20MoM%20-%20Tranche%20IV%20-%20NIT.pdf&path=dynamiclinks&portal=mlcl&mdTyp=-,https://www.mstcecommerce.com/auctionhome/download_docs.jsp?FILE_ID=15845_6.%20MBS_Dombarahalli%20Phosphate%20and%20REE%20Block.pdf&path=dynamiclinks&portal=mlcl&mdTyp=-,https://www.mstcecommerce.com/auctionhome/download_docs.jsp?FILE_ID=15845_6.%20MBS_Dombarahalli%20Phosphate%20and%20REE%20Block.pdf&path=dynamiclinks&portal=mlcl&mdTyp=-,T4_15845_MBS_Dombarahalli_Phosphate_and_REE_Block.pdf,fd2b3a00d9ce6da1771ef7692b7728059957d8f3f61e322a2ea4ee581f05d7d4,1036765.0,5.0,https://www.mstcecommerce.com/auctionhome/download_docs.jsp?FILE_ID=15825_1.%20GoI%20MoM%20-%20Tranche%20IV%20-%20NIT.pdf&path=dynamiclinks&portal=mlcl&mdTyp=-,T4_NIT.pdf,0aa1df9b62c007232c44e9f718240d97f99f113a4adb25495c3703a7699f2ff1,101640.0,3.0,mbs_text_reconciled_to_official_nit,,2026-09-10,geometry_available_for_overlay_not_used_in_prospectivity_training_or_scoring
CMB-EVENT-T4-O07,official_critical_mineral_auction_event,holalkere-doddaghatta,auction_offer,4,notified for auction,Holalkere - Doddaghatta Ni and PGE Block,Karnataka,Hassan,CL,999.28,13.43057918621706,76.35510383028216,True,"POLYGON ((76.32349166666667 13.440980555555555, 76.34751944444444 13.435055555555556, 76.36145833333333 13.448647222222222, 76.36966388888888 13.448555555555556, 76.3694361111111 13.408580555555556, 76.36441666666666 13.408622222222222, 76.35308888888888 13.421161111111111, 76.32348888888889 13.435805555555556, 76.32349166666667 13.440980555555555))",8.0,999.552701429157,0.027289791565626834,Polygon,pypdf_text,accepted,True,,"[""Platinum-group elements"",""Nickel""]","[""Platinum-group elements"",""Nickel""]",[],"[""iridium"",""nickel"",""osmium"",""palladium"",""platinum"",""rhodium"",""ruthenium""]","[""Ir"",""Ni"",""Os"",""Pd"",""Pt"",""Rh"",""Ru""]",2024-06-24,,,,,,,2024-06-24,https://www.mstcecommerce.com/auctionhome/download_docs.jsp?FILE_ID=15825_1.%20GoI%20MoM%20-%20Tranche%20IV%20-%20NIT.pdf&path=dynamiclinks&portal=mlcl&mdTyp=-,https://www.mstcecommerce.com/auctionhome/download_docs.jsp?FILE_ID=15844_7.%20MBS_Holalkere%20-Doddaghatta%20Ni-PGE%20Block.pdf&path=dynamiclinks&portal=mlcl&mdTyp=-,https://www.mstcecommerce.com/auctionhome/download_docs.jsp?FILE_ID=15844_7.%20MBS_Holalkere%20-Doddaghatta%20Ni-PGE%20Block.pdf&path=dynamiclinks&portal=mlcl&mdTyp=-,T4_15844_MBS_Holalkere_-Doddaghatta_Ni-PGE_Block.pdf,7c249c360e19d15eda7406b5764dceff6b871a2d5c4496ea6fe15100d5a4f1fb,1114736.0,5.0,https://www.mstcecommerce.com/auctionhome/download_docs.jsp?FILE_ID=15825_1.%20GoI%20MoM%20-%20Tranche%20IV%20-%20NIT.pdf&path=dynamiclinks&portal=mlcl&mdTyp=-,T4_NIT.pdf,0aa1df9b62c007232c44e9f718240d97f99f113a4adb25495c3703a7699f2ff1,101640.0,3.0,mbs_text_reconciled_to_official_nit,,2026-09-10,geometry_available_for_overlay_not_used_in_prospectivity_training_or_scoring
CMB-EVENT-T4-O08,official_critical_mineral_auction_event,jhandawali-satipura,auction_offer,4,notified for auction,Jhandawali - Satipura Amalgamated Potash and Halite Block,Rajasthan,Hanumangarh,CL,1841.22,29.64164692436501,74.21982236764431,True,"POLYGON ((74.20119444444445 29.61864611111111, 74.20119444444445 29.664677777777776, 74.2384163888889 29.66472, 74.2384488888889 29.618557222222222, 74.20119444444445 29.61864611111111))",4.0,1842.4665550009347,0.06770266458840753,Polygon,pypdf_text,accepted,True,,"[""Halite"",""Potash""]","[""Potash""]","[""Halite""]","[""potassium chloride"",""potassium sulfate""]","[""K2SO4"",""KCl""]",2024-06-24,,,,,,,2024-06-24,https://www.mstcecommerce.com/auctionhome/download_docs.jsp?FILE_ID=15825_1.%20GoI%20MoM%20-%20Tranche%20IV%20-%20NIT.pdf&path=dynamiclinks&portal=mlcl&mdTyp=-,https://www.mstcecommerce.com/auctionhome/download_docs.jsp?FILE_ID=15843_8.%20MBS_Jhandawali-Satipura%20Amalgamated%20Potash%20and%20Halite%20Block.pdf&path=dynamiclinks&portal=mlcl&mdTyp=-,https://www.mstcecommerce.com/auctionhome/download_docs.jsp?FILE_ID=15843_8.%20MBS_Jhandawali-Satipura%20Amalgamated%20Potash%20and%20Halite%20Block.pdf&path=dynamiclinks&portal=mlcl&mdTyp=-,T4_15843_MBS_Jhandawali-Satipura_Amalgamated_Potash_and_Halite_Block.pdf,7c9f49007ea443ed23f1fc611d49a3fc4a0942a50142eb2c8a3f4f4e99ed4765,1065907.0,5.0,https://www.mstcecommerce.com/auctionhome/download_docs.jsp?FILE_ID=15825_1.%20GoI%20MoM%20-%20Tranche%20IV%20-%20NIT.pdf&path=dynamiclinks&portal=mlcl&mdTyp=-,T4_NIT.pdf,0aa1df9b62c007232c44e9f718240d97f99f113a4adb25495c3703a7699f2ff1,101640.0,3.0,mbs_text_reconciled_to_official_nit,,2026-09-10,geometry_available_for_overlay_not_used_in_prospectivity_training_or_scoring
CMB-EVENT-T4-O09,official_critical_mineral_auction_event,jorkian-satipura-khunja,auction_offer,4,notified for auction,Jorkian-Satipura-Khunja Amalgamated Potash and Halite Block,Rajasthan,Hanumangarh,CL,1699.98,29.637570225326993,74.26118545685135,True,"POLYGON ((74.2791625 29.662750277777775, 74.27915333333333 29.616890277777777, 74.23843666666667 29.61695166666667, 74.23843083333334 29.64256027777778, 74.25254027777778 29.642640555555555, 74.2523986111111 29.66286111111111, 74.2791625 29.662750277777775))",6.0,1701.2934509116835,0.07726272730758617,Polygon,pypdf_text,accepted,True,,"[""Halite"",""Potash""]","[""Potash""]","[""Halite""]","[""potassium chloride"",""potassium sulfate""]","[""K2SO4"",""KCl""]",2024-06-24,,,,,,,2024-06-24,https://www.mstcecommerce.com/auctionhome/download_docs.jsp?FILE_ID=15825_1.%20GoI%20MoM%20-%20Tranche%20IV%20-%20NIT.pdf&path=dynamiclinks&portal=mlcl&mdTyp=-,https://www.mstcecommerce.com/auctionhome/download_docs.jsp?FILE_ID=15842_9.%20MBS_Jorkian-Satipura-Khunja%20Amalgamated%20Potash%20and%20Halite%20Block.pdf&path=dynamiclinks&portal=mlcl&mdTyp=-,https://www.mstcecommerce.com/auctionhome/download_docs.jsp?FILE_ID=15842_9.%20MBS_Jorkian-Satipura-Khunja%20Amalgamated%20Potash%20and%20Halite%20Block.pdf&path=dynamiclinks&portal=mlcl&mdTyp=-,T4_15842_MBS_Jorkian-Satipura-Khunja_Amalgamated_Potash_and_Halite_Block.pdf,f206a5cee19385b5edf0579f884bce03e17586074637a796d0dfc9dacc0c557d,1672204.0,5.0,https://www.mstcecommerce.com/auctionhome/download_docs.jsp?FILE_ID=15825_1.%20GoI%20MoM%20-%20Tranche%20IV%20-%20NIT.pdf&path=dynamiclinks&portal=mlcl&mdTyp=-,T4_NIT.pdf,0aa1df9b62c007232c44e9f718240d97f99f113a4adb25495c3703a7699f2ff1,101640.0,3.0,mbs_text_reconciled_to_official_nit,,2026-09-10,geometry_available_for_overlay_not_used_in_prospectivity_training_or_scoring
CMB-EVENT-T4-O10,official_critical_mineral_auction_event,barwar,auction_offer,4,notified for auction,Barwar Phosphorite Block,Uttar Pradesh,Lalitpur,CL,505.38,24.297819640201638,78.89267582014011,True,"POLYGON ((78.869444 24.301667, 78.884167 24.301667, 78.884167 24.305556, 78.907222 24.305556, 78.908333 24.290278, 78.883333 24.290278, 78.869444 24.301667))",6.0,505.209582092613,0.03372074624777215,Polygon,pypdf_text,accepted,True,,"[""Phosphorite""]","[""Phosphorus""]",[],"[""phosphorus""]","[""P""]",2024-06-24,,,,,,,2024-06-24,https://www.mstcecommerce.com/auctionhome/download_docs.jsp?FILE_ID=15825_1.%20GoI%20MoM%20-%20Tranche%20IV%20-%20NIT.pdf&path=dynamiclinks&portal=mlcl&mdTyp=-,https://www.mstcecommerce.com/auctionhome/download_docs.jsp?FILE_ID=15841_10.%20MBS_Barwar%20Phosphorite%20Block.pdf&path=dynamiclinks&portal=mlcl&mdTyp=-,https://www.mstcecommerce.com/auctionhome/download_docs.jsp?FILE_ID=15841_10.%20MBS_Barwar%20Phosphorite%20Block.pdf&path=dynamiclinks&portal=mlcl&mdTyp=-,T4_15841_MBS_Barwar_Phosphorite_Block.pdf,06f22d59c110245aaa5b3f4abd92def7728f1d1985dc1d3c5a3d063f6f87d169,1041418.0,5.0,https://www.mstcecommerce.com/auctionhome/download_docs.jsp?FILE_ID=15825_1.%20GoI%20MoM%20-%20Tranche%20IV%20-%20NIT.pdf&path=dynamiclinks&portal=mlcl&mdTyp=-,T4_NIT.pdf,0aa1df9b62c007232c44e9f718240d97f99f113a4adb25495c3703a7699f2ff1,101640.0,3.0,mbs_text_reconciled_to_official_nit,,2026-09-10,geometry_available_for_overlay_not_used_in_prospectivity_training_or_scoring
CMB-EVENT-T4-O11,official_critical_mineral_auction_event,nawatola-laband,auction_offer,4,notified for auction,Nawatola-Laband REE Block,Uttar Pradesh,Sonbhadra,CL,210.01,24.101749595917706,83.09608190723468,True,"POLYGON ((83.10648055555555 24.106113888888892, 83.1063361111111 24.097088888888887, 83.08567777777778 24.09738611111111, 83.08583333333333 24.10641111111111, 83.10648055555555 24.106113888888892))",4.0,209.94763459843026,0.02969639615719988,Polygon,pypdf_text,accepted,True,,"[""Rare-earth elements""]","[""Rare-earth elements""]",[],"[""cerium"",""dysprosium"",""erbium"",""europium"",""gadolinium"",""holmium"",""lanthanum"",""lutetium"",""neodymium"",""praseodymium"",""promethium"",""samarium"",""scandium"",""terbium"",""thulium"",""ytterbium"",""yttrium""]","[""Ce"",""Dy"",""Er"",""Eu"",""Gd"",""Ho"",""La"",""Lu"",""Nd"",""Pm"",""Pr"",""Sc"",""Sm"",""Tb"",""Tm"",""Y"",""Yb""]",2024-06-24,,,,,,,2024-06-24,https://www.mstcecommerce.com/auctionhome/download_docs.jsp?FILE_ID=15825_1.%20GoI%20MoM%20-%20Tranche%20IV%20-%20NIT.pdf&path=dynamiclinks&portal=mlcl&mdTyp=-,https://www.mstcecommerce.com/auctionhome/download_docs.jsp?FILE_ID=15840_11.%20MBS_Nawatola-Laband%20REE%20Block.pdf&path=dynamiclinks&portal=mlcl&mdTyp=-,https://www.mstcecommerce.com/auctionhome/download_docs.jsp?FILE_ID=15840_11.%20MBS_Nawatola-Laband%20REE%20Block.pdf&path=dynamiclinks&portal=mlcl&mdTyp=-,T4_15840_MBS_Nawatola-Laband_REE_Block.pdf,a98218349981f14ced264f857cd148f361099ee24864a2c78df1200b8464b05d,869613.0,5.0,https://www.mstcecommerce.com/auctionhome/download_docs.jsp?FILE_ID=15825_1.%20GoI%20MoM%20-%20Tranche%20IV%20-%20NIT.pdf&path=dynamiclinks&portal=mlcl&mdTyp=-,T4_NIT.pdf,0aa1df9b62c007232c44e9f718240d97f99f113a4adb25495c3703a7699f2ff1,101640.0,3.0,mbs_text_reconciled_to_official_nit,,2026-09-10,geometry_available_for_overlay_not_used_in_prospectivity_training_or_scoring
CMB-EVENT-T4-O12,official_critical_mineral_auction_event,balepalyam,auction_offer,4,notified for auction,Balepalyam Tungsten and Associated Mineral Block,Andhra Pradesh,Anantapur (Sri Sathya Sai District),CL,308.3,14.396705834289,77.52887984607891,True,"POLYGON ((77.5223575 14.4040125, 77.5293586111111 14.403554722222223, 77.5290488888889 14.401256111111111, 77.53952944444444 14.407895833333333, 77.53822166666666 14.394763611111111, 77.52701305555556 14.388710277777777, 77.52666416666666 14.38692611111111, 77.51853472222223 14.387492777777778, 77.5223575 14.4040125))",8.0,306.1565212376133,0.6952574642837285,Polygon,pypdf_text,accepted,True,,"[""Associated minerals"",""Lead"",""Molybdenum"",""Tungsten"",""Zinc""]","[""Lead"",""Molybdenum"",""Tungsten"",""Zinc""]","[""Associated minerals""]","[""lead"",""molybdenum"",""tungsten"",""zinc""]","[""Mo"",""Pb"",""W"",""Zn""]",2024-06-24,,,,,,,2024-06-24,https://www.mstcecommerce.com/auctionhome/download_docs.jsp?FILE_ID=15825_1.%20GoI%20MoM%20-%20Tranche%20IV%20-%20NIT.pdf&path=dynamiclinks&portal=mlcl&mdTyp=-,https://www.mstcecommerce.com/auctionhome/download_docs.jsp?FILE_ID=15839_12.%20MBS%20Balepalyam%20Tungsten%20and%20Associated%20Mineral%20Block%2017.02.2024.pdf&path=dynamiclinks&portal=mlcl&mdTyp=-,https://www.mstcecommerce.com/auctionhome/download_docs.jsp?FILE_ID=15839_12.%20MBS%20Balepalyam%20Tungsten%20and%20Associated%20Mineral%20Block%2017.02.2024.pdf&path=dynamiclinks&portal=mlcl&mdTyp=-,T4_15839_MBS_Balepalyam_Tungsten_and_Associated_Mineral_Block.pdf,01dc52751b5e58dd61bd3dad67f7c512a2a7e5a7fa3fd9dda48ad92c967feea7,1108356.0,5.0,https://www.mstcecommerce.com/auctionhome/download_docs.jsp?FILE_ID=15825_1.%20GoI%20MoM%20-%20Tranche%20IV%20-%20NIT.pdf&path=dynamiclinks&portal=mlcl&mdTyp=-,T4_NIT.pdf,0aa1df9b62c007232c44e9f718240d97f99f113a4adb25495c3703a7699f2ff1,101640.0,3.0,mbs_text_reconciled_to_official_nit,,2026-09-10,geometry_available_for_overlay_not_used_in_prospectivity_training_or_scoring
CMB-EVENT-T4-O13,official_critical_mineral_auction_event,depo,auction_offer,4,notified for auction,Depo Vanadium and Graphite Block,Arunachal Pradesh,Papum Pare,CL,104.65,27.287807069902676,93.66908426976309,True,"POLYGON ((93.66899444444445 27.281416666666665, 93.6615 27.287277777777778, 93.66891111111111 27.29388888888889, 93.67679722222223 27.288911111111112, 93.66899444444445 27.281416666666665))",4.0,104.72387238259316,0.07058994992178838,Polygon,pypdf_text,accepted,True,,"[""Graphite"",""Vanadium""]","[""Graphite"",""Vanadium""]",[],"[""carbon"",""vanadium""]","[""C"",""V""]",2024-06-24,,,,,,,2024-06-24,https://www.mstcecommerce.com/auctionhome/download_docs.jsp?FILE_ID=15825_1.%20GoI%20MoM%20-%20Tranche%20IV%20-%20NIT.pdf&path=dynamiclinks&portal=mlcl&mdTyp=-,"https://www.mstcecommerce.com/auctionhome/download_docs.jsp?FILE_ID=15838_13.%20MBS_Depo%20Vanadium,%20Graphite%20Block%2023.02.2024.pdf&path=dynamiclinks&portal=mlcl&mdTyp=-","https://www.mstcecommerce.com/auctionhome/download_docs.jsp?FILE_ID=15838_13.%20MBS_Depo%20Vanadium,%20Graphite%20Block%2023.02.2024.pdf&path=dynamiclinks&portal=mlcl&mdTyp=-",T4_15838_MBS_Depo_Vanadium_Graphite_Block.pdf,cfb401d81110b0753fbea3791f4f863950279565fc204de56f6c69fd0132e0bb,955061.0,6.0,https://www.mstcecommerce.com/auctionhome/download_docs.jsp?FILE_ID=15825_1.%20GoI%20MoM%20-%20Tranche%20IV%20-%20NIT.pdf&path=dynamiclinks&portal=mlcl&mdTyp=-,T4_NIT.pdf,0aa1df9b62c007232c44e9f718240d97f99f113a4adb25495c3703a7699f2ff1,101640.0,3.0,mbs_text_reconciled_to_official_nit,,2026-09-10,geometry_available_for_overlay_not_used_in_prospectivity_training_or_scoring
CMB-EVENT-T4-O14,official_critical_mineral_auction_event,lodoso-east,auction_offer,4,notified for auction,Lodoso East REE and Associated Minerals Block,Arunachal Pradesh,Papumpare,CL,105.88,27.189317814093098,93.33586922347162,True,"POLYGON ((93.32980555555555 27.185075, 93.34287222222221 27.1862, 93.34192222222222 27.193391666666667, 93.32909722222222 27.192675, 93.32980555555555 27.185075))",4.0,105.96276178114712,0.07816564143098514,Polygon,pypdf_text,accepted,True,,"[""Associated minerals"",""Rare-earth elements"",""Copper""]","[""Rare-earth elements"",""Copper""]","[""Associated minerals""]","[""cerium"",""copper"",""dysprosium"",""erbium"",""europium"",""gadolinium"",""holmium"",""lanthanum"",""lutetium"",""neodymium"",""praseodymium"",""promethium"",""samarium"",""scandium"",""terbium"",""thulium"",""ytterbium"",""yttrium""]","[""Ce"",""Cu"",""Dy"",""Er"",""Eu"",""Gd"",""Ho"",""La"",""Lu"",""Nd"",""Pm"",""Pr"",""Sc"",""Sm"",""Tb"",""Tm"",""Y"",""Yb""]",2024-06-24,,,,,,,2024-06-24,https://www.mstcecommerce.com/auctionhome/download_docs.jsp?FILE_ID=15825_1.%20GoI%20MoM%20-%20Tranche%20IV%20-%20NIT.pdf&path=dynamiclinks&portal=mlcl&mdTyp=-,https://www.mstcecommerce.com/auctionhome/download_docs.jsp?FILE_ID=15837_14.%20MBS%20Lodoso%20East%20REE%20and%20Associated%20Minerals%20Block%2021.02.2024.pdf&path=dynamiclinks&portal=mlcl&mdTyp=-,https://www.mstcecommerce.com/auctionhome/download_docs.jsp?FILE_ID=15837_14.%20MBS%20Lodoso%20East%20REE%20and%20Associated%20Minerals%20Block%2021.02.2024.pdf&path=dynamiclinks&portal=mlcl&mdTyp=-,T4_15837_MBS_Lodoso_East_REE_and_Associated_Minerals_Block.pdf,16e704e34cac1593ad6542f436f37a7c250eb4bfea2ce94a1e9f9e0f6d504990,960282.0,5.0,https://www.mstcecommerce.com/auctionhome/download_docs.jsp?FILE_ID=15825_1.%20GoI%20MoM%20-%20Tranche%20IV%20-%20NIT.pdf&path=dynamiclinks&portal=mlcl&mdTyp=-,T4_NIT.pdf,0aa1df9b62c007232c44e9f718240d97f99f113a4adb25495c3703a7699f2ff1,101640.0,3.0,mbs_text_reconciled_to_official_nit,,2026-09-10,geometry_available_for_overlay_not_used_in_prospectivity_training_or_scoring
CMB-EVENT-T4-O15,official_critical_mineral_auction_event,phop,auction_offer,4,notified for auction,Phop Graphite and Vanadium Block,Arunachal Pradesh,Papum pare,CL,108.86,27.324964488616963,93.7043018332159,True,"POLYGON ((93.7123888888889 27.335555555555555, 93.70911111111111 27.32177777777778, 93.69636111111112 27.3195, 93.69380555555556 27.32197222222222, 93.69877777777778 27.325166666666668, 93.70627777777779 27.327055555555557, 93.71125 27.335638888888887, 93.7123888888889 27.335555555555555))",7.0,108.93049896487594,0.0647611288590281,Polygon,pypdf_text,accepted,True,,"[""Graphite"",""Vanadium""]","[""Graphite"",""Vanadium""]",[],"[""carbon"",""vanadium""]","[""C"",""V""]",2024-06-24,,,,,,,2024-06-24,https://www.mstcecommerce.com/auctionhome/download_docs.jsp?FILE_ID=15825_1.%20GoI%20MoM%20-%20Tranche%20IV%20-%20NIT.pdf&path=dynamiclinks&portal=mlcl&mdTyp=-,https://www.mstcecommerce.com/auctionhome/download_docs.jsp?FILE_ID=15836_15.%20MBS%20Phop%20Graphite%20and%20Vanadium%20Block%2017.02.2024.pdf&path=dynamiclinks&portal=mlcl&mdTyp=-,https://www.mstcecommerce.com/auctionhome/download_docs.jsp?FILE_ID=15836_15.%20MBS%20Phop%20Graphite%20and%20Vanadium%20Block%2017.02.2024.pdf&path=dynamiclinks&portal=mlcl&mdTyp=-,T4_15836_MBS_Phop_Graphite_and_Vanadium_Block.pdf,9769471799e8d34547f76ff9b56be4c613bf44cccc9bb29f4d8c337f105821c4,989202.0,5.0,https://www.mstcecommerce.com/auctionhome/download_docs.jsp?FILE_ID=15825_1.%20GoI%20MoM%20-%20Tranche%20IV%20-%20NIT.pdf&path=dynamiclinks&portal=mlcl&mdTyp=-,T4_NIT.pdf,0aa1df9b62c007232c44e9f718240d97f99f113a4adb25495c3703a7699f2ff1,101640.0,3.0,mbs_text_reconciled_to_official_nit,,2026-09-10,geometry_available_for_overlay_not_used_in_prospectivity_training_or_scoring
CMB-EVENT-T4-O16,official_critical_mineral_auction_event,radhpu,auction_offer,4,notified for auction,Radhpu Graphite and Vanadium Block,Arunachal Pradesh,Lower Subansiri,CL,152.74,27.592320917739602,93.65668937322272,True,"POLYGON ((93.6513388888889 27.581241666666667, 93.66722222222222 27.60092777777778, 93.66291111111111 27.60353888888889, 93.64640555555556 27.584963888888886, 93.6513388888889 27.581241666666667))",4.0,152.84723688218594,0.07020877450957835,Polygon,pypdf_text,accepted,True,,"[""Graphite"",""Vanadium""]","[""Graphite"",""Vanadium""]",[],"[""carbon"",""vanadium""]","[""C"",""V""]",2024-06-24,,,,,,,2024-06-24,https://www.mstcecommerce.com/auctionhome/download_docs.jsp?FILE_ID=15825_1.%20GoI%20MoM%20-%20Tranche%20IV%20-%20NIT.pdf&path=dynamiclinks&portal=mlcl&mdTyp=-,https://www.mstcecommerce.com/auctionhome/download_docs.jsp?FILE_ID=15835_16.%20MBS%20Radhpu%20Graphite%20and%20Vanadium%20Block%2021.02.24.pdf&path=dynamiclinks&portal=mlcl&mdTyp=-,https://www.mstcecommerce.com/auctionhome/download_docs.jsp?FILE_ID=15835_16.%20MBS%20Radhpu%20Graphite%20and%20Vanadium%20Block%2021.02.24.pdf&path=dynamiclinks&portal=mlcl&mdTyp=-,T4_15835_MBS_Radhpu_Graphite_and_Vanadium_Block.pdf,c3c7cedbe1ed6982a5436cb7cb71006561c1648c1a63832d3b7ae5179de9e4cb,1091529.0,5.0,https://www.mstcecommerce.com/auctionhome/download_docs.jsp?FILE_ID=15825_1.%20GoI%20MoM%20-%20Tranche%20IV%20-%20NIT.pdf&path=dynamiclinks&portal=mlcl&mdTyp=-,T4_NIT.pdf,0aa1df9b62c007232c44e9f718240d97f99f113a4adb25495c3703a7699f2ff1,101640.0,3.0,mbs_text_reconciled_to_official_nit,,2026-09-10,geometry_available_for_overlay_not_used_in_prospectivity_training_or_scoring
CMB-EVENT-T4-O17,official_critical_mineral_auction_event,bhalukona,auction_offer,4,notified for auction,Bhalukona Glauconite Block,Chhattisgarh,Mahasamund,CL,912.891,21.190349198118984,82.94677396821281,True,"POLYGON ((82.91833333333334 21.18277777777778, 82.96833333333333 21.21, 82.97555555555556 21.198333333333334, 82.92527777777778 21.170555555555556, 82.91833333333334 21.18277777777778))",4.0,912.4737855041504,0.045702553300396326,Polygon,pypdf_text,accepted,True,,"[""Glauconite""]",[],"[""Glauconite""]",[],[],2024-06-24,,,,,,,2024-06-24,https://www.mstcecommerce.com/auctionhome/download_docs.jsp?FILE_ID=15825_1.%20GoI%20MoM%20-%20Tranche%20IV%20-%20NIT.pdf&path=dynamiclinks&portal=mlcl&mdTyp=-,https://www.mstcecommerce.com/auctionhome/download_docs.jsp?FILE_ID=15834_17.%20MBS_Bhalukona%20Glauconite%20Block%2017.02.2024.pdf&path=dynamiclinks&portal=mlcl&mdTyp=-,https://www.mstcecommerce.com/auctionhome/download_docs.jsp?FILE_ID=15834_17.%20MBS_Bhalukona%20Glauconite%20Block%2017.02.2024.pdf&path=dynamiclinks&portal=mlcl&mdTyp=-,T4_15834_MBS_Bhalukona_Glauconite_Block.pdf,2b35de65a4cecc72ecc6a21bd12d30709dfd0621c195de6ee86eb5c62fbf6d72,1362953.0,5.0,https://www.mstcecommerce.com/auctionhome/download_docs.jsp?FILE_ID=15825_1.%20GoI%20MoM%20-%20Tranche%20IV%20-%20NIT.pdf&path=dynamiclinks&portal=mlcl&mdTyp=-,T4_NIT.pdf,0aa1df9b62c007232c44e9f718240d97f99f113a4adb25495c3703a7699f2ff1,101640.0,3.0,mbs_text_reconciled_to_official_nit,,2026-09-10,geometry_available_for_overlay_not_used_in_prospectivity_training_or_scoring
CMB-EVENT-T4-O18,official_critical_mineral_auction_event,chiknipani,auction_offer,4,notified for auction,Chiknipani Tungsten Block,Chhattisgarh,Jashpur,CL,649.805,22.522383597669972,83.70240814043147,True,"POLYGON ((83.67360833333333 22.52777777777778, 83.73060833333334 22.526999999999997, 83.73055000000001 22.516669444444442, 83.67360833333333 22.518108333333334, 83.67360833333333 22.52777777777778))",4.0,649.0845678666134,0.11086897352075877,Polygon,pypdf_text,accepted,True,,"[""Tungsten""]","[""Tungsten""]",[],"[""tungsten""]","[""W""]",2024-06-24,,,,,,,2024-06-24,https://www.mstcecommerce.com/auctionhome/download_docs.jsp?FILE_ID=15825_1.%20GoI%20MoM%20-%20Tranche%20IV%20-%20NIT.pdf&path=dynamiclinks&portal=mlcl&mdTyp=-,https://www.mstcecommerce.com/auctionhome/download_docs.jsp?FILE_ID=15833_18.%20MBS_Chiknipani%20Tungsten%20Block.pdf&path=dynamiclinks&portal=mlcl&mdTyp=-,https://www.mstcecommerce.com/auctionhome/download_docs.jsp?FILE_ID=15833_18.%20MBS_Chiknipani%20Tungsten%20Block.pdf&path=dynamiclinks&portal=mlcl&mdTyp=-,T4_15833_MBS_Chiknipani_Tungsten_Block.pdf,db55aff69a3ac20212b3da72beff4cd93ba3d3b00317a65a5094651dda6c4eee,645602.0,5.0,https://www.mstcecommerce.com/auctionhome/download_docs.jsp?FILE_ID=15825_1.%20GoI%20MoM%20-%20Tranche%20IV%20-%20NIT.pdf&path=dynamiclinks&portal=mlcl&mdTyp=-,T4_NIT.pdf,0aa1df9b62c007232c44e9f718240d97f99f113a4adb25495c3703a7699f2ff1,101640.0,3.0,mbs_text_reconciled_to_official_nit,,2026-09-10,geometry_available_for_overlay_not_used_in_prospectivity_training_or_scoring
CMB-EVENT-T4-O19,official_critical_mineral_auction_event,sanyasikoppa,auction_offer,4,notified for auction,"Sanyasikoppa Cobalt, Manganese and Iron Block",Karnataka,Shimoga (Shivamogga),CL,1055.64,14.155165705499192,75.36635290045898,True,"POLYGON ((75.35953611111111 14.184675, 75.37491944444444 14.184841666666667, 75.3750861111111 14.159363888888889, 75.36830277777777 14.119658333333334, 75.35903888888889 14.121313888888888, 75.35953611111111 14.184675))",5.0,1056.4413868319377,0.07591478457974633,Polygon,pypdf_text,accepted,True,,"[""Cobalt"",""Iron"",""Manganese""]","[""Cobalt"",""Iron"",""Manganese""]",[],"[""cobalt"",""iron"",""manganese""]","[""Co"",""Fe"",""Mn""]",2024-06-24,,,,,,,2024-06-24,https://www.mstcecommerce.com/auctionhome/download_docs.jsp?FILE_ID=15825_1.%20GoI%20MoM%20-%20Tranche%20IV%20-%20NIT.pdf&path=dynamiclinks&portal=mlcl&mdTyp=-,"https://www.mstcecommerce.com/auctionhome/download_docs.jsp?FILE_ID=15832_19.%20MBS_Sanyasikoppa%20Cobalt,%20Manganese%20and%20Iron%20Block%20-23.02.2024.pdf&path=dynamiclinks&portal=mlcl&mdTyp=-","https://www.mstcecommerce.com/auctionhome/download_docs.jsp?FILE_ID=15832_19.%20MBS_Sanyasikoppa%20Cobalt,%20Manganese%20and%20Iron%20Block%20-23.02.2024.pdf&path=dynamiclinks&portal=mlcl&mdTyp=-",T4_15832_MBS_Sanyasikoppa_Cobalt_Manganese_and_Iron_Block.pdf,40fb84c392ec1d2a1e02e6a140aa10687a7085b0a0b8bbf2fe27f0a9124bf16d,1008823.0,5.0,https://www.mstcecommerce.com/auctionhome/download_docs.jsp?FILE_ID=15825_1.%20GoI%20MoM%20-%20Tranche%20IV%20-%20NIT.pdf&path=dynamiclinks&portal=mlcl&mdTyp=-,T4_NIT.pdf,0aa1df9b62c007232c44e9f718240d97f99f113a4adb25495c3703a7699f2ff1,101640.0,3.0,mbs_text_reconciled_to_official_nit,,2026-09-10,geometry_available_for_overlay_not_used_in_prospectivity_training_or_scoring
CMB-EVENT-T4-O20,official_critical_mineral_auction_event,vadakhol-asoli,auction_offer,4,notified for auction,"Vadakhol-Asoli Ni, Cr, Co and Associated Mineral Block",Maharashtra,Sindhudurg,CL,1475.972,15.816435416039365,73.67598164708149,True,"POLYGON ((73.66 15.8361, 73.6917 15.8361, 73.6919 15.7967, 73.6603 15.7968, 73.66 15.8361))",4.0,1476.4191403577752,0.030294636874899868,Polygon,pypdf_text,accepted,True,,"[""Associated minerals"",""Chromium"",""Cobalt"",""Nickel""]","[""Chromium"",""Cobalt"",""Nickel""]","[""Associated minerals""]","[""chromium"",""cobalt"",""nickel""]","[""Co"",""Cr"",""Ni""]",2024-06-24,,,,,,,2024-06-24,https://www.mstcecommerce.com/auctionhome/download_docs.jsp?FILE_ID=15825_1.%20GoI%20MoM%20-%20Tranche%20IV%20-%20NIT.pdf&path=dynamiclinks&portal=mlcl&mdTyp=-,"https://www.mstcecommerce.com/auctionhome/download_docs.jsp?FILE_ID=15831_20.%20MBS%20Vadakhol-Asoli%20Ni,%20Cr,%20Co%20and%20Associated%20Mineral%20Block%2023.02.2024.pdf&path=dynamiclinks&portal=mlcl&mdTyp=-","https://www.mstcecommerce.com/auctionhome/download_docs.jsp?FILE_ID=15831_20.%20MBS%20Vadakhol-Asoli%20Ni,%20Cr,%20Co%20and%20Associated%20Mineral%20Block%2023.02.2024.pdf&path=dynamiclinks&portal=mlcl&mdTyp=-",T4_15831_MBS_Vadakhol-Asoli_Ni_Cr_Co_and_Associated_Mineral_Block.pdf,87568fd9aed596ee6857dbeec23e514a931fc5a8c2af4470386318e4941c7ce0,859366.0,5.0,https://www.mstcecommerce.com/auctionhome/download_docs.jsp?FILE_ID=15825_1.%20GoI%20MoM%20-%20Tranche%20IV%20-%20NIT.pdf&path=dynamiclinks&portal=mlcl&mdTyp=-,T4_NIT.pdf,0aa1df9b62c007232c44e9f718240d97f99f113a4adb25495c3703a7699f2ff1,101640.0,3.0,mbs_text_reconciled_to_official_nit,,2026-09-10,geometry_available_for_overlay_not_used_in_prospectivity_training_or_scoring
CMB-EVENT-T4-O21,official_critical_mineral_auction_event,nayakkarpatti,auction_offer,4,notified for auction,Nayakkarpatti Tungsten Block,Tamil Nadu,Madurai,CL,2015.51,10.043490423175554,78.27603368174582,True,"POLYGON ((78.25 10.0028, 78.25 10.0316, 78.2824 10.0709, 78.3116 10.0709, 78.2942 10.0452, 78.25 10.0028))",5.0,2012.6685560746432,0.14097890486064424,Polygon,pypdf_text,accepted,True,,"[""Tungsten""]","[""Tungsten""]",[],"[""tungsten""]","[""W""]",2024-06-24,,,,,,,2024-06-24,https://www.mstcecommerce.com/auctionhome/download_docs.jsp?FILE_ID=15825_1.%20GoI%20MoM%20-%20Tranche%20IV%20-%20NIT.pdf&path=dynamiclinks&portal=mlcl&mdTyp=-,https://www.mstcecommerce.com/auctionhome/download_docs.jsp?FILE_ID=15830_21.%20MBS_Nayakkarpatti%20Tungsten%20Block%20corrected%20on%2023.02.2024.pdf&path=dynamiclinks&portal=mlcl&mdTyp=-,https://www.mstcecommerce.com/auctionhome/download_docs.jsp?FILE_ID=15830_21.%20MBS_Nayakkarpatti%20Tungsten%20Block%20corrected%20on%2023.02.2024.pdf&path=dynamiclinks&portal=mlcl&mdTyp=-,T4_15830_MBS_Nayakkarpatti_Tungsten_Block.pdf,99273887f98f3de645ab5ac4d9de2264e875e77b0a89af14ca9c53e7a8c33966,903578.0,5.0,https://www.mstcecommerce.com/auctionhome/download_docs.jsp?FILE_ID=15825_1.%20GoI%20MoM%20-%20Tranche%20IV%20-%20NIT.pdf&path=dynamiclinks&portal=mlcl&mdTyp=-,T4_NIT.pdf,0aa1df9b62c007232c44e9f718240d97f99f113a4adb25495c3703a7699f2ff1,101640.0,3.0,mbs_text_reconciled_to_official_nit,,2026-09-10,geometry_available_for_overlay_not_used_in_prospectivity_training_or_scoring
CMB-EVENT-T5-O01,official_critical_mineral_auction_event,surajpura,auction_offer,5,notified for auction,Surajpura Phosphorite Block,Madhya Pradesh,Sagar and Chhatarpur,CL,1072.29,24.365577775,79.254566665,True,"POLYGON ((79.23562222 24.37816944, 79.27351111 24.37816944, 79.27351111 24.35298611, 79.23562222 24.35298611, 79.23562222 24.37816944))",4.0,1072.324935858345,0.0032580606314597167,Polygon,pypdf_text,accepted,True,,"[""Phosphorite""]","[""Phosphorus""]",[],"[""phosphorus""]","[""P""]",2025-01-20,,,,,,,2025-01-20,https://www.mstcecommerce.com/auctionhome/download_docs.jsp?FILE_ID=18641_GoI%20MoM%20-%20Tranche%20V%20-%20Notice%20Inviting%20Tender.pdf&path=dynamiclinks&portal=mlcl&mdTyp=-,https://www.mstcecommerce.com/auctionhome/download_docs.jsp?FILE_ID=18802_5.%20Revised%20MBS%20Surajpura%20Phosphorite%20Block.pdf&path=dynamiclinks&portal=mlcl&mdTyp=-,https://www.mstcecommerce.com/auctionhome/download_docs.jsp?FILE_ID=18802_5.%20Revised%20MBS%20Surajpura%20Phosphorite%20Block.pdf&path=dynamiclinks&portal=mlcl&mdTyp=-,T5_18802_Revised_MBS_Surajpura_Phosphorite_Block.pdf,651236903370e0ed69983a1cd5eb3151f6c975a13be618454a81559ea419bfe2,395932.0,5.0,https://www.mstcecommerce.com/auctionhome/download_docs.jsp?FILE_ID=18641_GoI%20MoM%20-%20Tranche%20V%20-%20Notice%20Inviting%20Tender.pdf&path=dynamiclinks&portal=mlcl&mdTyp=-,T5_NIT.pdf,29ea1bb52996de7201cc8a14a16375b537bc2981b6385a6c32354129aa71af71,215370.0,3.0,mbs_text_reconciled_to_official_nit,,2026-09-10,geometry_available_for_overlay_not_used_in_prospectivity_training_or_scoring
CMB-EVENT-T5-O02,official_critical_mineral_auction_event,oranga-revatipur,auction_offer,5,notified for auction,Oranga-Revatipur Graphite and Vanadium Block,Chhattisgarh,Balrampur- Ramanujganj,ML,366.478,23.984573719386688,83.44538385483398,True,"POLYGON ((83.4255924388889 23.993668422222225, 83.43083828333334 23.999503094444446, 83.46500441666667 23.97555541111111, 83.46027683055556 23.96948574722222, 83.4255924388889 23.993668422222225))",4.0,366.2106359762669,0.0729549996816008,Polygon,pypdf_text,accepted,True,,"[""Graphite"",""Vanadium""]","[""Graphite"",""Vanadium""]",[],"[""carbon"",""vanadium""]","[""C"",""V""]",2025-01-20,,,,,,,2025-01-20,https://www.mstcecommerce.com/auctionhome/download_docs.jsp?FILE_ID=18641_GoI%20MoM%20-%20Tranche%20V%20-%20Notice%20Inviting%20Tender.pdf&path=dynamiclinks&portal=mlcl&mdTyp=-,https://www.mstcecommerce.com/auctionhome/download_docs.jsp?FILE_ID=18664_1.MBS_Oranga-Revatipur_Graphite_Block.pdf&path=dynamiclinks&portal=mlcl&mdTyp=-,https://www.mstcecommerce.com/auctionhome/download_docs.jsp?FILE_ID=18664_1.MBS_Oranga-Revatipur_Graphite_Block.pdf&path=dynamiclinks&portal=mlcl&mdTyp=-,T5_18664_1.MBS_Oranga-Revatipur_Graphite_Block.pdf,2c819d7d659161f5076d0e3171763721f6010d71010572922dbcbf9e25f7c602,389344.0,5.0,https://www.mstcecommerce.com/auctionhome/download_docs.jsp?FILE_ID=18641_GoI%20MoM%20-%20Tranche%20V%20-%20Notice%20Inviting%20Tender.pdf&path=dynamiclinks&portal=mlcl&mdTyp=-,T5_NIT.pdf,29ea1bb52996de7201cc8a14a16375b537bc2981b6385a6c32354129aa71af71,215370.0,3.0,official_nit_table,,2026-09-10,geometry_available_for_overlay_not_used_in_prospectivity_training_or_scoring
CMB-EVENT-T5-O03,official_critical_mineral_auction_event,katesar-guneri,auction_offer,5,notified for auction,Katesar-Guneri Glauconite Block,Gujarat,Kachchh,CL,498.99,23.767053225790853,68.86318754086588,True,"POLYGON ((68.83749999999999 23.764166666666668, 68.85833333333333 23.764166666666668, 68.85833333333333 23.772222222222222, 68.86527777777778 23.772222222222222, 68.86527777777778 23.7825, 68.87833333333333 23.7825, 68.87854722222221 23.777319444444444, 68.8706 23.777313888888887, 68.87060833333332 23.76828611111111, 68.878875 23.768291666666666, 68.87916666666666 23.759722222222223, 68.83749999999999 23.758333333333333, 68.83749999999999 23.764166666666668))",12.0,499.3935027731223,0.08086389970185454,Polygon,pypdf_text,accepted,True,,"[""Glauconite""]",[],"[""Glauconite""]",[],[],2025-01-20,,,,,,,2025-01-20,https://www.mstcecommerce.com/auctionhome/download_docs.jsp?FILE_ID=18641_GoI%20MoM%20-%20Tranche%20V%20-%20Notice%20Inviting%20Tender.pdf&path=dynamiclinks&portal=mlcl&mdTyp=-,https://www.mstcecommerce.com/auctionhome/download_docs.jsp?FILE_ID=18663_2.MBS_Katesar-Guneri_Glauconite_Block.pdf&path=dynamiclinks&portal=mlcl&mdTyp=-,https://www.mstcecommerce.com/auctionhome/download_docs.jsp?FILE_ID=18663_2.MBS_Katesar-Guneri_Glauconite_Block.pdf&path=dynamiclinks&portal=mlcl&mdTyp=-,T5_18663_2.MBS_Katesar-Guneri_Glauconite_Block.pdf,583f5fc7f91b54a1e3518c53abce0beb864a8b5486b4b84d10188fb39afd6883,376493.0,5.0,https://www.mstcecommerce.com/auctionhome/download_docs.jsp?FILE_ID=18641_GoI%20MoM%20-%20Tranche%20V%20-%20Notice%20Inviting%20Tender.pdf&path=dynamiclinks&portal=mlcl&mdTyp=-,T5_NIT.pdf,29ea1bb52996de7201cc8a14a16375b537bc2981b6385a6c32354129aa71af71,215370.0,3.0,mbs_text_reconciled_to_official_nit,,2026-09-10,geometry_available_for_overlay_not_used_in_prospectivity_training_or_scoring
CMB-EVENT-T5-O04,official_critical_mineral_auction_event,ganacharpura,auction_offer,5,notified for auction,Ganacharpura Graphite Block,Karnataka,Kolar,CL,500.925,13.045576635831488,78.22915791308029,True,"POLYGON ((78.22135111111112 13.059106666666667, 78.23666166666666 13.059270833333334, 78.2369638888889 13.032046111111113, 78.221655 13.031881944444445, 78.22135111111112 13.059106666666667))",4.0,500.2052771922685,0.1436787558479813,Polygon,pypdf_text,accepted,True,,"[""Graphite""]","[""Graphite""]",[],"[""carbon""]","[""C""]",2025-01-20,,,,,,,2025-01-20,https://www.mstcecommerce.com/auctionhome/download_docs.jsp?FILE_ID=18641_GoI%20MoM%20-%20Tranche%20V%20-%20Notice%20Inviting%20Tender.pdf&path=dynamiclinks&portal=mlcl&mdTyp=-,https://www.mstcecommerce.com/auctionhome/download_docs.jsp?FILE_ID=18662_3.MBS_Ganacharpura_Block_Final_CL.pdf&path=dynamiclinks&portal=mlcl&mdTyp=-,https://www.mstcecommerce.com/auctionhome/download_docs.jsp?FILE_ID=18662_3.MBS_Ganacharpura_Block_Final_CL.pdf&path=dynamiclinks&portal=mlcl&mdTyp=-,T5_18662_3.MBS_Ganacharpura_Block_Final_CL.pdf,f775d321674f31075d9160acfd3fc5b52bcc8a571b5bb73bb6e335791c8b2f71,387873.0,5.0,https://www.mstcecommerce.com/auctionhome/download_docs.jsp?FILE_ID=18641_GoI%20MoM%20-%20Tranche%20V%20-%20Notice%20Inviting%20Tender.pdf&path=dynamiclinks&portal=mlcl&mdTyp=-,T5_NIT.pdf,29ea1bb52996de7201cc8a14a16375b537bc2981b6385a6c32354129aa71af71,215370.0,3.0,mbs_text_reconciled_to_official_nit,,2026-09-10,geometry_available_for_overlay_not_used_in_prospectivity_training_or_scoring
CMB-EVENT-T5-O05,official_critical_mineral_auction_event,mincheri,auction_offer,5,notified for auction,Mincheri REE Block,Karnataka,Raichur,CL,207.67,16.21478589183874,76.49453952653853,True,"POLYGON ((76.48762777777777 16.220794444444444, 76.49136944444444 16.220769444444443, 76.49138333333333 16.222575, 76.49512222222222 16.22255, 76.49510277777777 16.219905555555552, 76.50209444444444 16.219855555555554, 76.50201388888888 16.20901111111111, 76.49501944444445 16.20906111111111, 76.49501388888889 16.208091666666665, 76.49127222222222 16.208116666666665, 76.491275 16.208569444444443, 76.48753611111111 16.208594444444444, 76.48762777777777 16.220794444444444))",12.0,207.70876407305352,0.01866618820895081,Polygon,pypdf_text,accepted,True,,"[""Rare-earth elements"",""Vanadium""]","[""Rare-earth elements"",""Vanadium""]",[],"[""cerium"",""dysprosium"",""erbium"",""europium"",""gadolinium"",""holmium"",""lanthanum"",""lutetium"",""neodymium"",""praseodymium"",""promethium"",""samarium"",""scandium"",""terbium"",""thulium"",""vanadium"",""ytterbium"",""yttrium""]","[""Ce"",""Dy"",""Er"",""Eu"",""Gd"",""Ho"",""La"",""Lu"",""Nd"",""Pm"",""Pr"",""Sc"",""Sm"",""Tb"",""Tm"",""V"",""Y"",""Yb""]",2025-01-20,,,,,,,2025-01-20,https://www.mstcecommerce.com/auctionhome/download_docs.jsp?FILE_ID=18641_GoI%20MoM%20-%20Tranche%20V%20-%20Notice%20Inviting%20Tender.pdf&path=dynamiclinks&portal=mlcl&mdTyp=-,https://www.mstcecommerce.com/auctionhome/download_docs.jsp?FILE_ID=18661_4.MBS_Mincheri_REE_Block_Final_CL.pdf&path=dynamiclinks&portal=mlcl&mdTyp=-,https://www.mstcecommerce.com/auctionhome/download_docs.jsp?FILE_ID=18661_4.MBS_Mincheri_REE_Block_Final_CL.pdf&path=dynamiclinks&portal=mlcl&mdTyp=-,T5_18661_4.MBS_Mincheri_REE_Block_Final_CL.pdf,17473304c4646d852ac25606d92d58ac38f48bd74a1dc2ba175aa6a23b054e86,407159.0,6.0,https://www.mstcecommerce.com/auctionhome/download_docs.jsp?FILE_ID=18641_GoI%20MoM%20-%20Tranche%20V%20-%20Notice%20Inviting%20Tender.pdf&path=dynamiclinks&portal=mlcl&mdTyp=-,T5_NIT.pdf,29ea1bb52996de7201cc8a14a16375b537bc2981b6385a6c32354129aa71af71,215370.0,3.0,mbs_text_reconciled_to_official_nit,,2026-09-10,geometry_available_for_overlay_not_used_in_prospectivity_training_or_scoring
CMB-EVENT-T5-O06,official_critical_mineral_auction_event,khobna-and-agargaon,auction_offer,5,notified for auction,Khobna and Agargaon Cluster Tungsten Block,Maharashtra,Nagpur,ML,150.79,21.063170402441724,79.42846690834749,True,"MULTIPOLYGON (((79.4076 21.0609, 79.4085 21.0615, 79.4108 21.0608, 79.4119 21.0603, 79.4111 21.0579, 79.411 21.0579, 79.4105 21.0544, 79.4104 21.0538, 79.4105 21.0525, 79.4093 21.0527, 79.409 21.0512, 79.4088 21.0513, 79.4087 21.0512, 79.4086 21.051, 79.4081 21.0512, 79.4078 21.0505, 79.4076 21.0507, 79.4068 21.0511, 79.4067 21.0512, 79.4068 21.0514, 79.4062 21.0513, 79.4059 21.0509, 79.4059 21.0507, 79.4055 21.0497, 79.4051 21.0495, 79.4043 21.0496, 79.4039 21.0499, 79.4039 21.0504, 79.4008 21.0513, 79.4001 21.053, 79.4027 21.058, 79.405 21.0622, 79.4064 21.0616, 79.4065 21.0614, 79.4067 21.0611, 79.4075 21.061, 79.4076 21.0609)), ((79.47901361111111 21.080261666666665, 79.47924166666667 21.081953055555555, 79.47853361111112 21.082046944444443, 79.47829666666667 21.083063888888887, 79.47925055555555 21.0831525, 79.47930805555556 21.084177777777775, 79.48061694444445 21.083889166666665, 79.48064222222223 21.083680833333332, 79.48135416666666 21.083970277777777, 79.48205861111111 21.084061666666667, 79.48258111111112 21.0844225, 79.48296194444444 21.083696666666665, 79.48494694444445 21.082764166666667, 79.48572055555556 21.0824725, 79.4861813888889 21.082433333333334, 79.48671944444445 21.082525555555556, 79.48766472222222 21.08167222222222, 79.48782777777778 21.080739166666667, 79.485175 21.07915611111111, 79.48218083333333 21.077366944444446, 79.47901361111111 21.080261666666665)))",56.0,151.12022692224951,0.21899789259866215,MultiPolygon,tesseract_ocr_two_part_multipolygon,accepted,True,,"[""Tungsten""]","[""Tungsten""]",[],"[""tungsten""]","[""W""]",2025-01-20,,,,,,,2025-01-20,https://www.mstcecommerce.com/auctionhome/download_docs.jsp?FILE_ID=18641_GoI%20MoM%20-%20Tranche%20V%20-%20Notice%20Inviting%20Tender.pdf&path=dynamiclinks&portal=mlcl&mdTyp=-,https://www.mstcecommerce.com/auctionhome/download_docs.jsp?FILE_ID=18659_6.MBS_Khobna_and_Agargaon_Cluster_Tungsten_Block.pdf&path=dynamiclinks&portal=mlcl&mdTyp=-,https://www.mstcecommerce.com/auctionhome/download_docs.jsp?FILE_ID=18659_6.MBS_Khobna_and_Agargaon_Cluster_Tungsten_Block.pdf&path=dynamiclinks&portal=mlcl&mdTyp=-,T5_18659_6.MBS_Khobna_and_Agargaon_Cluster_Tungsten_Block.pdf,41d96edb45f13876d0d1c01298412ad678a7fade3c09b9acc1dfd717cd4c5a53,792899.0,5.0,https://www.mstcecommerce.com/auctionhome/download_docs.jsp?FILE_ID=18641_GoI%20MoM%20-%20Tranche%20V%20-%20Notice%20Inviting%20Tender.pdf&path=dynamiclinks&portal=mlcl&mdTyp=-,T5_NIT.pdf,29ea1bb52996de7201cc8a14a16375b537bc2981b6385a6c32354129aa71af71,215370.0,3.0,official_nit_table,,2026-09-10,geometry_available_for_overlay_not_used_in_prospectivity_training_or_scoring
CMB-EVENT-T5-O07,official_critical_mineral_auction_event,salepali,auction_offer,5,notified for auction,Salepali Graphite Block,Odisha,Balangir,CL,1223.29,20.67809206968186,83.0375696623766,True,"POLYGON ((83.02025 20.687119444444445, 83.06239444444444 20.69318611111111, 83.06611944444444 20.679080555555558, 83.01791388888888 20.658816666666667, 83.01248611111112 20.669977777777778, 83.02025 20.687119444444445))",5.0,1219.1179560400606,0.341051096627897,Polygon,tesseract_ocr,accepted,True,,"[""Graphite""]","[""Graphite""]",[],"[""carbon""]","[""C""]",2025-01-20,,,,,,,2025-01-20,https://www.mstcecommerce.com/auctionhome/download_docs.jsp?FILE_ID=18641_GoI%20MoM%20-%20Tranche%20V%20-%20Notice%20Inviting%20Tender.pdf&path=dynamiclinks&portal=mlcl&mdTyp=-,https://www.mstcecommerce.com/auctionhome/download_docs.jsp?FILE_ID=18658_7.MBS_Salepali_Graphite_Block_CL.pdf&path=dynamiclinks&portal=mlcl&mdTyp=-,https://www.mstcecommerce.com/auctionhome/download_docs.jsp?FILE_ID=18658_7.MBS_Salepali_Graphite_Block_CL.pdf&path=dynamiclinks&portal=mlcl&mdTyp=-,T5_18658_7.MBS_Salepali_Graphite_Block_CL.pdf,0de1064d1a32a220e521a1817df8bdd92dde994fc167fc89e6c44262191996b1,484459.0,5.0,https://www.mstcecommerce.com/auctionhome/download_docs.jsp?FILE_ID=18641_GoI%20MoM%20-%20Tranche%20V%20-%20Notice%20Inviting%20Tender.pdf&path=dynamiclinks&portal=mlcl&mdTyp=-,T5_NIT.pdf,29ea1bb52996de7201cc8a14a16375b537bc2981b6385a6c32354129aa71af71,215370.0,3.0,mbs_text_reconciled_to_official_nit,,2026-09-10,geometry_available_for_overlay_not_used_in_prospectivity_training_or_scoring
CMB-EVENT-T5-O08,official_critical_mineral_auction_event,kelenda,auction_offer,5,notified for auction,Kelenda Glauconite Block,Chhattisgarh,Mahasamund,CL,397.5,21.25876319955575,82.98371141207856,True,"POLYGON ((82.96918472222222 21.241387777777778, 82.99129888888889 21.279723055555554, 82.99827972222222 21.276053333333333, 82.97590972222223 21.237615555555557, 82.96918472222222 21.241387777777778))",4.0,397.4067555855751,0.02345771432072287,Polygon,pypdf_text,accepted,True,,"[""Glauconite""]",[],"[""Glauconite""]",[],[],2025-01-20,,,,,,,2025-01-20,https://www.mstcecommerce.com/auctionhome/download_docs.jsp?FILE_ID=18641_GoI%20MoM%20-%20Tranche%20V%20-%20Notice%20Inviting%20Tender.pdf&path=dynamiclinks&portal=mlcl&mdTyp=-,https://www.mstcecommerce.com/auctionhome/download_docs.jsp?FILE_ID=18657_8.MBS_Kelenda_Glauconite_Block.pdf&path=dynamiclinks&portal=mlcl&mdTyp=-,https://www.mstcecommerce.com/auctionhome/download_docs.jsp?FILE_ID=18657_8.MBS_Kelenda_Glauconite_Block.pdf&path=dynamiclinks&portal=mlcl&mdTyp=-,T5_18657_8.MBS_Kelenda_Glauconite_Block.pdf,e7e588fc12388fbf47841e456314a0569a0d44ac4362bb148f5a0802d0812f6d,1073687.0,5.0,https://www.mstcecommerce.com/auctionhome/download_docs.jsp?FILE_ID=18641_GoI%20MoM%20-%20Tranche%20V%20-%20Notice%20Inviting%20Tender.pdf&path=dynamiclinks&portal=mlcl&mdTyp=-,T5_NIT.pdf,29ea1bb52996de7201cc8a14a16375b537bc2981b6385a6c32354129aa71af71,215370.0,3.0,mbs_text_reconciled_to_official_nit,,2026-09-10,geometry_available_for_overlay_not_used_in_prospectivity_training_or_scoring
CMB-EVENT-T5-O09,official_critical_mineral_auction_event,raipura,auction_offer,5,notified for auction,Raipura Phosphorite and Limestone Block,Chhattisgarh,Balod,CL,1009.36,20.81615,81.09734444444445,True,"POLYGON ((81.08218888888888 20.801691666666667, 81.08218888888888 20.830608333333334, 81.1125 20.830608333333334, 81.1125 20.801691666666667, 81.08218888888888 20.801691666666667))",4.0,1010.1692573078155,0.08017529006653011,Polygon,pypdf_text,accepted,True,,"[""Phosphorite""]","[""Phosphorus""]",[],"[""phosphorus""]","[""P""]",2025-01-20,,,,,,,2025-01-20,https://www.mstcecommerce.com/auctionhome/download_docs.jsp?FILE_ID=18641_GoI%20MoM%20-%20Tranche%20V%20-%20Notice%20Inviting%20Tender.pdf&path=dynamiclinks&portal=mlcl&mdTyp=-,https://www.mstcecommerce.com/auctionhome/download_docs.jsp?FILE_ID=18656_9.MBS_Raipura_Phosphorite_and_Limestone_Bloc_17.02.2024.pdf&path=dynamiclinks&portal=mlcl&mdTyp=-,https://www.mstcecommerce.com/auctionhome/download_docs.jsp?FILE_ID=18656_9.MBS_Raipura_Phosphorite_and_Limestone_Bloc_17.02.2024.pdf&path=dynamiclinks&portal=mlcl&mdTyp=-,T5_18656_9.MBS_Raipura_Phosphorite_and_Limestone_Bloc_17.02.2024.pdf,7ed5b17d348396f88abe4c5bcdcf19bc225014ac688f3f6ce4770b3d0b70063f,957263.0,5.0,https://www.mstcecommerce.com/auctionhome/download_docs.jsp?FILE_ID=18641_GoI%20MoM%20-%20Tranche%20V%20-%20Notice%20Inviting%20Tender.pdf&path=dynamiclinks&portal=mlcl&mdTyp=-,T5_NIT.pdf,29ea1bb52996de7201cc8a14a16375b537bc2981b6385a6c32354129aa71af71,215370.0,3.0,mbs_text_reconciled_to_official_nit,,2026-09-10,geometry_available_for_overlay_not_used_in_prospectivity_training_or_scoring
CMB-EVENT-T5-O10,official_critical_mineral_auction_event,semhardih,auction_offer,5,notified for auction,Semhardih Phosphorite and Limestone Block,Chhattisgarh,Balod,CL,960.35,20.832902777777775,81.06233333333334,True,"POLYGON ((81.0431111111111 20.822055555555554, 81.0431111111111 20.84375, 81.08155555555555 20.84375, 81.08155555555555 20.822055555555554, 81.0431111111111 20.822055555555554))",4.0,961.1231155160904,0.08050351601919536,Polygon,pypdf_text,accepted,True,,"[""Phosphorite""]","[""Phosphorus""]",[],"[""phosphorus""]","[""P""]",2025-01-20,,,,,,,2025-01-20,https://www.mstcecommerce.com/auctionhome/download_docs.jsp?FILE_ID=18641_GoI%20MoM%20-%20Tranche%20V%20-%20Notice%20Inviting%20Tender.pdf&path=dynamiclinks&portal=mlcl&mdTyp=-,https://www.mstcecommerce.com/auctionhome/download_docs.jsp?FILE_ID=18655_10.MBS_Semhardih_Phosphorite_and_Limestone_Block.pdf&path=dynamiclinks&portal=mlcl&mdTyp=-,https://www.mstcecommerce.com/auctionhome/download_docs.jsp?FILE_ID=18655_10.MBS_Semhardih_Phosphorite_and_Limestone_Block.pdf&path=dynamiclinks&portal=mlcl&mdTyp=-,T5_18655_10.MBS_Semhardih_Phosphorite_and_Limestone_Block.pdf,25de8f9f5ffe5b16675f1a1daeaa2c0106ea71f02c41c8bdccffb3d90277851f,1031086.0,5.0,https://www.mstcecommerce.com/auctionhome/download_docs.jsp?FILE_ID=18641_GoI%20MoM%20-%20Tranche%20V%20-%20Notice%20Inviting%20Tender.pdf&path=dynamiclinks&portal=mlcl&mdTyp=-,T5_NIT.pdf,29ea1bb52996de7201cc8a14a16375b537bc2981b6385a6c32354129aa71af71,215370.0,3.0,mbs_text_reconciled_to_official_nit,,2026-09-10,geometry_available_for_overlay_not_used_in_prospectivity_training_or_scoring
CMB-EVENT-T5-O11,official_critical_mineral_auction_event,dombarahalli,auction_offer,5,notified for auction,Dombarahalli Phosphate and REE Block,Karnataka,Koppal,CL,558.28,15.261666666666665,76.10569444444444,True,"POLYGON ((76.0936111111111 15.27138888888889, 76.11777777777777 15.27138888888889, 76.11777777777777 15.251944444444444, 76.0936111111111 15.251944444444444, 76.0936111111111 15.27138888888889))",4.0,558.5320040859223,0.04513937198579468,Polygon,pypdf_text,accepted,True,,"[""Rare-earth elements"",""Phosphate""]","[""Rare-earth elements"",""Phosphorus""]",[],"[""cerium"",""dysprosium"",""erbium"",""europium"",""gadolinium"",""holmium"",""lanthanum"",""lutetium"",""neodymium"",""phosphorus"",""praseodymium"",""promethium"",""samarium"",""scandium"",""terbium"",""thulium"",""ytterbium"",""yttrium""]","[""Ce"",""Dy"",""Er"",""Eu"",""Gd"",""Ho"",""La"",""Lu"",""Nd"",""P"",""Pm"",""Pr"",""Sc"",""Sm"",""Tb"",""Tm"",""Y"",""Yb""]",2025-01-20,,,,,,,2025-01-20,https://www.mstcecommerce.com/auctionhome/download_docs.jsp?FILE_ID=18641_GoI%20MoM%20-%20Tranche%20V%20-%20Notice%20Inviting%20Tender.pdf&path=dynamiclinks&portal=mlcl&mdTyp=-,https://www.mstcecommerce.com/auctionhome/download_docs.jsp?FILE_ID=18654_11.MBS_Dombarahalli_Phosphate_and_REE_Block.pdf&path=dynamiclinks&portal=mlcl&mdTyp=-,https://www.mstcecommerce.com/auctionhome/download_docs.jsp?FILE_ID=18654_11.MBS_Dombarahalli_Phosphate_and_REE_Block.pdf&path=dynamiclinks&portal=mlcl&mdTyp=-,T5_18654_11.MBS_Dombarahalli_Phosphate_and_REE_Block.pdf,fd2b3a00d9ce6da1771ef7692b7728059957d8f3f61e322a2ea4ee581f05d7d4,1036765.0,5.0,https://www.mstcecommerce.com/auctionhome/download_docs.jsp?FILE_ID=18641_GoI%20MoM%20-%20Tranche%20V%20-%20Notice%20Inviting%20Tender.pdf&path=dynamiclinks&portal=mlcl&mdTyp=-,T5_NIT.pdf,29ea1bb52996de7201cc8a14a16375b537bc2981b6385a6c32354129aa71af71,215370.0,3.0,mbs_text_reconciled_to_official_nit,,2026-09-10,geometry_available_for_overlay_not_used_in_prospectivity_training_or_scoring
CMB-EVENT-T5-O12,official_critical_mineral_auction_event,holalkere-doddaghatta,auction_offer,5,notified for auction,Holalkere - Doddaghatta Ni and PGE Block,Karnataka,Hassan,CL,999.28,13.43057918621706,76.35510383028216,True,"POLYGON ((76.32349166666667 13.440980555555555, 76.34751944444444 13.435055555555556, 76.36145833333333 13.448647222222222, 76.36966388888888 13.448555555555556, 76.3694361111111 13.408580555555556, 76.36441666666666 13.408622222222222, 76.35308888888888 13.421161111111111, 76.32348888888889 13.435805555555556, 76.32349166666667 13.440980555555555))",8.0,999.552701429157,0.027289791565626834,Polygon,pypdf_text,accepted,True,,"[""Platinum-group elements"",""Nickel""]","[""Platinum-group elements"",""Nickel""]",[],"[""iridium"",""nickel"",""osmium"",""palladium"",""platinum"",""rhodium"",""ruthenium""]","[""Ir"",""Ni"",""Os"",""Pd"",""Pt"",""Rh"",""Ru""]",2025-01-20,,,,,,,2025-01-20,https://www.mstcecommerce.com/auctionhome/download_docs.jsp?FILE_ID=18641_GoI%20MoM%20-%20Tranche%20V%20-%20Notice%20Inviting%20Tender.pdf&path=dynamiclinks&portal=mlcl&mdTyp=-,https://www.mstcecommerce.com/auctionhome/download_docs.jsp?FILE_ID=18653_12.MBS_Holalkere-Doddaghatta_Ni-PGE_Block.pdf&path=dynamiclinks&portal=mlcl&mdTyp=-,https://www.mstcecommerce.com/auctionhome/download_docs.jsp?FILE_ID=18653_12.MBS_Holalkere-Doddaghatta_Ni-PGE_Block.pdf&path=dynamiclinks&portal=mlcl&mdTyp=-,T5_18653_12.MBS_Holalkere-Doddaghatta_Ni-PGE_Block.pdf,7c249c360e19d15eda7406b5764dceff6b871a2d5c4496ea6fe15100d5a4f1fb,1114736.0,5.0,https://www.mstcecommerce.com/auctionhome/download_docs.jsp?FILE_ID=18641_GoI%20MoM%20-%20Tranche%20V%20-%20Notice%20Inviting%20Tender.pdf&path=dynamiclinks&portal=mlcl&mdTyp=-,T5_NIT.pdf,29ea1bb52996de7201cc8a14a16375b537bc2981b6385a6c32354129aa71af71,215370.0,3.0,mbs_text_reconciled_to_official_nit,,2026-09-10,geometry_available_for_overlay_not_used_in_prospectivity_training_or_scoring
CMB-EVENT-T5-O13,official_critical_mineral_auction_event,jhandawali-satipura,auction_offer,5,notified for auction,Jhandawali - Satipura Amalgamated Potash and Halite Block,Rajasthan,Hanumangarh,CL,1841.22,29.64164692436501,74.21982236764431,True,"POLYGON ((74.20119444444445 29.61864611111111, 74.20119444444445 29.664677777777776, 74.2384163888889 29.66472, 74.2384488888889 29.618557222222222, 74.20119444444445 29.61864611111111))",4.0,1842.4665550009347,0.06770266458840753,Polygon,pypdf_text,accepted,True,,"[""Halite"",""Potash""]","[""Potash""]","[""Halite""]","[""potassium chloride"",""potassium sulfate""]","[""K2SO4"",""KCl""]",2025-01-20,,,,,,,2025-01-20,https://www.mstcecommerce.com/auctionhome/download_docs.jsp?FILE_ID=18641_GoI%20MoM%20-%20Tranche%20V%20-%20Notice%20Inviting%20Tender.pdf&path=dynamiclinks&portal=mlcl&mdTyp=-,https://www.mstcecommerce.com/auctionhome/download_docs.jsp?FILE_ID=18652_13.MBS_Jhandawali-Satipura_Amalgamated_Potash_and_Halite_Block.pdf&path=dynamiclinks&portal=mlcl&mdTyp=-,https://www.mstcecommerce.com/auctionhome/download_docs.jsp?FILE_ID=18652_13.MBS_Jhandawali-Satipura_Amalgamated_Potash_and_Halite_Block.pdf&path=dynamiclinks&portal=mlcl&mdTyp=-,T5_18652_13.MBS_Jhandawali-Satipura_Amalgamated_Potash_and_Halite_Block.pdf,7c9f49007ea443ed23f1fc611d49a3fc4a0942a50142eb2c8a3f4f4e99ed4765,1065907.0,5.0,https://www.mstcecommerce.com/auctionhome/download_docs.jsp?FILE_ID=18641_GoI%20MoM%20-%20Tranche%20V%20-%20Notice%20Inviting%20Tender.pdf&path=dynamiclinks&portal=mlcl&mdTyp=-,T5_NIT.pdf,29ea1bb52996de7201cc8a14a16375b537bc2981b6385a6c32354129aa71af71,215370.0,3.0,mbs_text_reconciled_to_official_nit,,2026-09-10,geometry_available_for_overlay_not_used_in_prospectivity_training_or_scoring
CMB-EVENT-T5-O14,official_critical_mineral_auction_event,jorkian-satipura-khunja,auction_offer,5,notified for auction,Jorkian-Satipura-Khunja Amalgamated Potash and Halite Block,Rajasthan,Hanumangarh,CL,1699.98,29.637570225326993,74.26118545685135,True,"POLYGON ((74.2791625 29.662750277777775, 74.27915333333333 29.616890277777777, 74.23843666666667 29.61695166666667, 74.23843083333334 29.64256027777778, 74.25254027777778 29.642640555555555, 74.2523986111111 29.66286111111111, 74.2791625 29.662750277777775))",6.0,1701.2934509116835,0.07726272730758617,Polygon,pypdf_text,accepted,True,,"[""Halite"",""Potash""]","[""Potash""]","[""Halite""]","[""potassium chloride"",""potassium sulfate""]","[""K2SO4"",""KCl""]",2025-01-20,,,,,,,2025-01-20,https://www.mstcecommerce.com/auctionhome/download_docs.jsp?FILE_ID=18641_GoI%20MoM%20-%20Tranche%20V%20-%20Notice%20Inviting%20Tender.pdf&path=dynamiclinks&portal=mlcl&mdTyp=-,https://www.mstcecommerce.com/auctionhome/download_docs.jsp?FILE_ID=18651_14.MBS_Jorkian-Satipura-Khunja_Amalgamated_Potash_and_Halite_Block.pdf&path=dynamiclinks&portal=mlcl&mdTyp=-,https://www.mstcecommerce.com/auctionhome/download_docs.jsp?FILE_ID=18651_14.MBS_Jorkian-Satipura-Khunja_Amalgamated_Potash_and_Halite_Block.pdf&path=dynamiclinks&portal=mlcl&mdTyp=-,T5_18651_14.MBS_Jorkian-Satipura-Khunja_Amalgamated_Potash_and_Halite_Block.pdf,f206a5cee19385b5edf0579f884bce03e17586074637a796d0dfc9dacc0c557d,1672204.0,5.0,https://www.mstcecommerce.com/auctionhome/download_docs.jsp?FILE_ID=18641_GoI%20MoM%20-%20Tranche%20V%20-%20Notice%20Inviting%20Tender.pdf&path=dynamiclinks&portal=mlcl&mdTyp=-,T5_NIT.pdf,29ea1bb52996de7201cc8a14a16375b537bc2981b6385a6c32354129aa71af71,215370.0,3.0,mbs_text_reconciled_to_official_nit,,2026-09-10,geometry_available_for_overlay_not_used_in_prospectivity_training_or_scoring
CMB-EVENT-T5-O15,official_critical_mineral_auction_event,nawatola-laband,auction_offer,5,notified for auction,Nawatola-Laband REE Block,Uttar Pradesh,Sonbhadra,CL,210.01,24.101749595917706,83.09608190723468,True,"POLYGON ((83.10648055555555 24.106113888888892, 83.1063361111111 24.097088888888887, 83.08567777777778 24.09738611111111, 83.08583333333333 24.10641111111111, 83.10648055555555 24.106113888888892))",4.0,209.94763459843026,0.02969639615719988,Polygon,pypdf_text,accepted,True,,"[""Rare-earth elements""]","[""Rare-earth elements""]",[],"[""cerium"",""dysprosium"",""erbium"",""europium"",""gadolinium"",""holmium"",""lanthanum"",""lutetium"",""neodymium"",""praseodymium"",""promethium"",""samarium"",""scandium"",""terbium"",""thulium"",""ytterbium"",""yttrium""]","[""Ce"",""Dy"",""Er"",""Eu"",""Gd"",""Ho"",""La"",""Lu"",""Nd"",""Pm"",""Pr"",""Sc"",""Sm"",""Tb"",""Tm"",""Y"",""Yb""]",2025-01-20,,,,,,,2025-01-20,https://www.mstcecommerce.com/auctionhome/download_docs.jsp?FILE_ID=18641_GoI%20MoM%20-%20Tranche%20V%20-%20Notice%20Inviting%20Tender.pdf&path=dynamiclinks&portal=mlcl&mdTyp=-,https://www.mstcecommerce.com/auctionhome/download_docs.jsp?FILE_ID=18650_15.MBS_Nawatola-Laband_REE_Block.pdf&path=dynamiclinks&portal=mlcl&mdTyp=-,https://www.mstcecommerce.com/auctionhome/download_docs.jsp?FILE_ID=18650_15.MBS_Nawatola-Laband_REE_Block.pdf&path=dynamiclinks&portal=mlcl&mdTyp=-,T5_18650_15.MBS_Nawatola-Laband_REE_Block.pdf,a98218349981f14ced264f857cd148f361099ee24864a2c78df1200b8464b05d,869613.0,5.0,https://www.mstcecommerce.com/auctionhome/download_docs.jsp?FILE_ID=18641_GoI%20MoM%20-%20Tranche%20V%20-%20Notice%20Inviting%20Tender.pdf&path=dynamiclinks&portal=mlcl&mdTyp=-,T5_NIT.pdf,29ea1bb52996de7201cc8a14a16375b537bc2981b6385a6c32354129aa71af71,215370.0,3.0,mbs_text_reconciled_to_official_nit,,2026-09-10,geometry_available_for_overlay_not_used_in_prospectivity_training_or_scoring
CMB-EVENT-T6-O01,official_critical_mineral_auction_event,khobna-and-agargaon,auction_offer,6,notified for auction,Khobna and Agargaon Cluster Tungsten Block,Maharashtra,Nagpur,ML,150.79,21.063170402441724,79.42846690834749,True,"MULTIPOLYGON (((79.4076 21.0609, 79.4085 21.0615, 79.4108 21.0608, 79.4119 21.0603, 79.4111 21.0579, 79.411 21.0579, 79.4105 21.0544, 79.4104 21.0538, 79.4105 21.0525, 79.4093 21.0527, 79.409 21.0512, 79.4088 21.0513, 79.4087 21.0512, 79.4086 21.051, 79.4081 21.0512, 79.4078 21.0505, 79.4076 21.0507, 79.4068 21.0511, 79.4067 21.0512, 79.4068 21.0514, 79.4062 21.0513, 79.4059 21.0509, 79.4059 21.0507, 79.4055 21.0497, 79.4051 21.0495, 79.4043 21.0496, 79.4039 21.0499, 79.4039 21.0504, 79.4008 21.0513, 79.4001 21.053, 79.4027 21.058, 79.405 21.0622, 79.4064 21.0616, 79.4065 21.0614, 79.4067 21.0611, 79.4075 21.061, 79.4076 21.0609)), ((79.47901361111111 21.080261666666665, 79.47924166666667 21.081953055555555, 79.47853361111112 21.082046944444443, 79.47829666666667 21.083063888888887, 79.47925055555555 21.0831525, 79.47930805555556 21.084177777777775, 79.48061694444445 21.083889166666665, 79.48064222222223 21.083680833333332, 79.48135416666666 21.083970277777777, 79.48205861111111 21.084061666666667, 79.48258111111112 21.0844225, 79.48296194444444 21.083696666666665, 79.48494694444445 21.082764166666667, 79.48572055555556 21.0824725, 79.4861813888889 21.082433333333334, 79.48671944444445 21.082525555555556, 79.48766472222222 21.08167222222222, 79.48782777777778 21.080739166666667, 79.485175 21.07915611111111, 79.48218083333333 21.077366944444446, 79.47901361111111 21.080261666666665)))",56.0,151.12022692224951,0.21899789259866215,MultiPolygon,tesseract_ocr_two_part_multipolygon,accepted,True,,"[""Tungsten""]","[""Tungsten""]",[],"[""tungsten""]","[""W""]",2025-09-16,,,,,,,2025-09-16,https://www.mstcecommerce.com/auctionhome/download_docs.jsp?FILE_ID=22681_GoI%20MoM%20-%20Tranche%20VI%20-%20NIT.pdf&path=dynamiclinks&portal=mlcl&mdTyp=-,https://www.mstcecommerce.com/auctionhome/download_docs.jsp?FILE_ID=22710_23.%20MBS%20Khobna%20and%20Agargaon%20Cluster%20Tungsten%20Block.pdf&path=dynamiclinks&portal=mlcl&mdTyp=-,https://www.mstcecommerce.com/auctionhome/download_docs.jsp?FILE_ID=22710_23.%20MBS%20Khobna%20and%20Agargaon%20Cluster%20Tungsten%20Block.pdf&path=dynamiclinks&portal=mlcl&mdTyp=-,T6_22710_23._MBS_Khobna_and_Agargaon_Cluster_Tungsten_Block.pdf,41d96edb45f13876d0d1c01298412ad678a7fade3c09b9acc1dfd717cd4c5a53,792899.0,5.0,https://www.mstcecommerce.com/auctionhome/download_docs.jsp?FILE_ID=22681_GoI%20MoM%20-%20Tranche%20VI%20-%20NIT.pdf&path=dynamiclinks&portal=mlcl&mdTyp=-,T6_NIT.pdf,0bad31c6486f3f50f5e68f95883a0264aa6ce2196d89847e25dd5f387f6f64ba,238409.0,3.0,official_nit_table,,2026-09-10,geometry_available_for_overlay_not_used_in_prospectivity_training_or_scoring
CMB-EVENT-T6-O02,official_critical_mineral_auction_event,mincheri,auction_offer,6,notified for auction,Mincheri REE Block,Karnataka,Raichur,CL,207.67,16.21478589183874,76.49453952653853,True,"POLYGON ((76.48762777777777 16.220794444444444, 76.49136944444444 16.220769444444443, 76.49138333333333 16.222575, 76.49512222222222 16.22255, 76.49510277777777 16.219905555555552, 76.50209444444444 16.219855555555554, 76.50201388888888 16.20901111111111, 76.49501944444445 16.20906111111111, 76.49501388888889 16.208091666666665, 76.49127222222222 16.208116666666665, 76.491275 16.208569444444443, 76.48753611111111 16.208594444444444, 76.48762777777777 16.220794444444444))",12.0,207.70876407305352,0.01866618820895081,Polygon,pypdf_text,accepted,True,,"[""Rare-earth elements"",""Vanadium""]","[""Rare-earth elements"",""Vanadium""]",[],"[""cerium"",""dysprosium"",""erbium"",""europium"",""gadolinium"",""holmium"",""lanthanum"",""lutetium"",""neodymium"",""praseodymium"",""promethium"",""samarium"",""scandium"",""terbium"",""thulium"",""vanadium"",""ytterbium"",""yttrium""]","[""Ce"",""Dy"",""Er"",""Eu"",""Gd"",""Ho"",""La"",""Lu"",""Nd"",""Pm"",""Pr"",""Sc"",""Sm"",""Tb"",""Tm"",""V"",""Y"",""Yb""]",2025-09-16,,,,,,,2025-09-16,https://www.mstcecommerce.com/auctionhome/download_docs.jsp?FILE_ID=22681_GoI%20MoM%20-%20Tranche%20VI%20-%20NIT.pdf&path=dynamiclinks&portal=mlcl&mdTyp=-,https://www.mstcecommerce.com/auctionhome/download_docs.jsp?FILE_ID=22709_22.%20Mineral%20summary%20Mincheri%20REE%20Block.pdf&path=dynamiclinks&portal=mlcl&mdTyp=-,https://www.mstcecommerce.com/auctionhome/download_docs.jsp?FILE_ID=22709_22.%20Mineral%20summary%20Mincheri%20REE%20Block.pdf&path=dynamiclinks&portal=mlcl&mdTyp=-,T6_22709_22._Mineral_summary_Mincheri_REE_Block.pdf,17473304c4646d852ac25606d92d58ac38f48bd74a1dc2ba175aa6a23b054e86,407159.0,6.0,https://www.mstcecommerce.com/auctionhome/download_docs.jsp?FILE_ID=22681_GoI%20MoM%20-%20Tranche%20VI%20-%20NIT.pdf&path=dynamiclinks&portal=mlcl&mdTyp=-,T6_NIT.pdf,0bad31c6486f3f50f5e68f95883a0264aa6ce2196d89847e25dd5f387f6f64ba,238409.0,3.0,mbs_text_reconciled_to_official_nit,,2026-09-10,geometry_available_for_overlay_not_used_in_prospectivity_training_or_scoring
CMB-EVENT-T6-O03,official_critical_mineral_auction_event,kalapathar-raghudih,auction_offer,6,notified for auction,Kalapathar Raghudih Block,West Bengal,Purulia,CL,248.89,23.433488025409353,86.46684638698194,True,"POLYGON ((86.45410166666667 23.440490833333335, 86.46130361111112 23.440673888888888, 86.47772222222223 23.43450916666667, 86.47790527777778 23.42511, 86.47351083333334 23.424926666666668, 86.46527111111111 23.429077222222222, 86.46527111111111 23.431274444444444, 86.45428472222223 23.433471666666666, 86.45410166666667 23.440490833333335))",8.0,249.0693303507656,0.07205205141452471,Polygon,pypdf_text,accepted,True,,"[""Rare-earth elements"",""Rare metals""]","[""Rare-earth elements""]","[""Rare metals""]","[""cerium"",""dysprosium"",""erbium"",""europium"",""gadolinium"",""holmium"",""lanthanum"",""lutetium"",""neodymium"",""praseodymium"",""promethium"",""samarium"",""scandium"",""terbium"",""thulium"",""ytterbium"",""yttrium""]","[""Ce"",""Dy"",""Er"",""Eu"",""Gd"",""Ho"",""La"",""Lu"",""Nd"",""Pm"",""Pr"",""Sc"",""Sm"",""Tb"",""Tm"",""Y"",""Yb""]",2025-09-16,,,,,,,2025-09-16,https://www.mstcecommerce.com/auctionhome/download_docs.jsp?FILE_ID=22681_GoI%20MoM%20-%20Tranche%20VI%20-%20NIT.pdf&path=dynamiclinks&portal=mlcl&mdTyp=-,https://www.mstcecommerce.com/auctionhome/download_docs.jsp?FILE_ID=22708_21.%20Kalapathar%20Raghudih%20Block%20Summary.pdf&path=dynamiclinks&portal=mlcl&mdTyp=-,https://www.mstcecommerce.com/auctionhome/download_docs.jsp?FILE_ID=22708_21.%20Kalapathar%20Raghudih%20Block%20Summary.pdf&path=dynamiclinks&portal=mlcl&mdTyp=-,T6_22708_21._Kalapathar_Raghudih_Block_Summary.pdf,ae602f710ba7e14aa6ffefae204fc6ed202fe292fe4216dafed983f47847d9a1,567425.0,5.0,https://www.mstcecommerce.com/auctionhome/download_docs.jsp?FILE_ID=22681_GoI%20MoM%20-%20Tranche%20VI%20-%20NIT.pdf&path=dynamiclinks&portal=mlcl&mdTyp=-,T6_NIT.pdf,0bad31c6486f3f50f5e68f95883a0264aa6ce2196d89847e25dd5f387f6f64ba,238409.0,3.0,mbs_text_reconciled_to_official_nit,,2026-09-10,geometry_available_for_overlay_not_used_in_prospectivity_training_or_scoring
CMB-EVENT-T6-O04,official_critical_mineral_auction_event,beku,auction_offer,6,notified for auction,Beku Rare Metal Block,West Bengal,Purulia,CL,103.0,23.43686810211514,85.96136461972591,True,"POLYGON ((85.95636486111111 23.44142186111111, 85.96629269444445 23.441487916666667, 85.96636402777779 23.432314222222224, 85.95643688888889 23.432248194444444, 85.95636486111111 23.44142186111111))",4.0,103.07579131751359,0.07358380341125353,Polygon,pypdf_text,accepted,True,,"[""Rare metals"",""Cesium"",""Lithium"",""Rubidium""]","[""Lithium""]","[""Rare metals"",""Cesium"",""Rubidium""]","[""lithium""]","[""Li""]",2025-09-16,,,,,,,2025-09-16,https://www.mstcecommerce.com/auctionhome/download_docs.jsp?FILE_ID=22681_GoI%20MoM%20-%20Tranche%20VI%20-%20NIT.pdf&path=dynamiclinks&portal=mlcl&mdTyp=-,https://www.mstcecommerce.com/auctionhome/download_docs.jsp?FILE_ID=22707_20.%20Beku%20Rare%20Metal%20Block.pdf&path=dynamiclinks&portal=mlcl&mdTyp=-,https://www.mstcecommerce.com/auctionhome/download_docs.jsp?FILE_ID=22707_20.%20Beku%20Rare%20Metal%20Block.pdf&path=dynamiclinks&portal=mlcl&mdTyp=-,T6_22707_20._Beku_Rare_Metal_Block.pdf,ca2ddc46d2ff9f625cf9735129436d419251979c21b3c4024782f8c4616b1e48,496687.0,5.0,https://www.mstcecommerce.com/auctionhome/download_docs.jsp?FILE_ID=22681_GoI%20MoM%20-%20Tranche%20VI%20-%20NIT.pdf&path=dynamiclinks&portal=mlcl&mdTyp=-,T6_NIT.pdf,0bad31c6486f3f50f5e68f95883a0264aa6ce2196d89847e25dd5f387f6f64ba,238409.0,3.0,mbs_text_reconciled_to_official_nit,,2026-09-10,geometry_available_for_overlay_not_used_in_prospectivity_training_or_scoring
CMB-EVENT-T6-O05,official_critical_mineral_auction_event,surharia-basoha,auction_offer,6,notified for auction,"Surharia-Basoha Titanium, Bauxite and Aluminous Laterite Block",Uttar Pradesh,Chandauli,CL,1034.44,24.887221999999998,83.2711105,True,"POLYGON ((83.250833 24.898611, 83.291388 24.898611, 83.291388 24.875833, 83.250833 24.875833, 83.250833 24.898611))",4.0,1033.9249493991852,0.04979028274379396,Polygon,pypdf_text,accepted,True,,"[""Aluminous Laterite"",""Bauxite"",""Titanium""]","[""Aluminium"",""Titanium""]",[],"[""aluminium"",""titanium"",""titanium dioxide""]","[""Al"",""Ti"",""TiO2""]",2025-09-16,,,,,,,2025-09-16,https://www.mstcecommerce.com/auctionhome/download_docs.jsp?FILE_ID=22681_GoI%20MoM%20-%20Tranche%20VI%20-%20NIT.pdf&path=dynamiclinks&portal=mlcl&mdTyp=-,"https://www.mstcecommerce.com/auctionhome/download_docs.jsp?FILE_ID=22706_19.%20Surharia-Basoha%20Bauxite,%20Aluminous%20Laterite%20and%20Titanium%20Block.pdf&path=dynamiclinks&portal=mlcl&mdTyp=-","https://www.mstcecommerce.com/auctionhome/download_docs.jsp?FILE_ID=22706_19.%20Surharia-Basoha%20Bauxite,%20Aluminous%20Laterite%20and%20Titanium%20Block.pdf&path=dynamiclinks&portal=mlcl&mdTyp=-",T6_22706_19._Surharia-Basoha_Bauxite_Aluminous_Laterite_and_Titanium_Block.pdf,0b911bdce867dee51643d7c7566c931419e96ed1f7e3b23324df2dbc8db960ff,522229.0,5.0,https://www.mstcecommerce.com/auctionhome/download_docs.jsp?FILE_ID=22681_GoI%20MoM%20-%20Tranche%20VI%20-%20NIT.pdf&path=dynamiclinks&portal=mlcl&mdTyp=-,T6_NIT.pdf,0bad31c6486f3f50f5e68f95883a0264aa6ce2196d89847e25dd5f387f6f64ba,238409.0,3.0,mbs_text_reconciled_to_official_nit,,2026-09-10,geometry_available_for_overlay_not_used_in_prospectivity_training_or_scoring
CMB-EVENT-T6-O06,official_critical_mineral_auction_event,kathyur,auction_offer,6,notified for auction,Kathyur Phosphate Block,Uttarakhand,Dehradun,CL,881.28,30.395913518235005,78.14631346153236,True,"POLYGON ((78.13297002777777 30.407764861111108, 78.15629805555557 30.418520611111113, 78.15867636111112 30.379734666666668, 78.13569583333334 30.376695027777778, 78.13297002777777 30.407764861111108))",4.0,880.3551186446548,0.10494750310289332,Polygon,pypdf_text,accepted,True,,"[""Rock phosphate""]","[""Phosphorus""]",[],"[""phosphorus""]","[""P""]",2025-09-16,,,,,,,2025-09-16,https://www.mstcecommerce.com/auctionhome/download_docs.jsp?FILE_ID=22681_GoI%20MoM%20-%20Tranche%20VI%20-%20NIT.pdf&path=dynamiclinks&portal=mlcl&mdTyp=-,https://www.mstcecommerce.com/auctionhome/download_docs.jsp?FILE_ID=22705_18.%20Kathyur%20Block%20Summary.pdf&path=dynamiclinks&portal=mlcl&mdTyp=-,https://www.mstcecommerce.com/auctionhome/download_docs.jsp?FILE_ID=22705_18.%20Kathyur%20Block%20Summary.pdf&path=dynamiclinks&portal=mlcl&mdTyp=-,T6_22705_18._Kathyur_Block_Summary.pdf,f959703e5109d86cd9a497f76541f45bca834e764b410ffe06b990579db48e6a,332996.0,6.0,https://www.mstcecommerce.com/auctionhome/download_docs.jsp?FILE_ID=22681_GoI%20MoM%20-%20Tranche%20VI%20-%20NIT.pdf&path=dynamiclinks&portal=mlcl&mdTyp=-,T6_NIT.pdf,0bad31c6486f3f50f5e68f95883a0264aa6ce2196d89847e25dd5f387f6f64ba,238409.0,3.0,mbs_text_reconciled_to_official_nit,,2026-09-10,geometry_available_for_overlay_not_used_in_prospectivity_training_or_scoring
CMB-EVENT-T6-O07,official_critical_mineral_auction_event,parvathapur,auction_offer,6,notified for auction,Parvathapur Vanadium Titanium and Aluminous Laterite Block,Telangana,Sangareddy,CL,335.5,17.608193132589506,77.550724250108,True,"POLYGON ((77.54301694444445 17.617535, 77.5580711111111 17.617798333333333, 77.55843083333333 17.598850833333334, 77.54337805555555 17.598587777777777, 77.54301694444445 17.617535))",4.0,335.1563759169057,0.10242148527401253,Polygon,pypdf_text,accepted,True,Validated against the undivided Andhra Pradesh boundary in the 2011 Census layer.,"[""Aluminous Laterite"",""Titanium"",""Vanadium""]","[""Aluminium"",""Titanium"",""Vanadium""]",[],"[""aluminium"",""titanium"",""titanium dioxide"",""vanadium""]","[""Al"",""Ti"",""TiO2"",""V""]",2025-09-16,,,,,,,2025-09-16,https://www.mstcecommerce.com/auctionhome/download_docs.jsp?FILE_ID=22681_GoI%20MoM%20-%20Tranche%20VI%20-%20NIT.pdf&path=dynamiclinks&portal=mlcl&mdTyp=-,https://www.mstcecommerce.com/auctionhome/download_docs.jsp?FILE_ID=22704_17.%20Parvathapur%20Vanadium%20Titanium%20and%20Aluminous%20Laterite%20Block%20Summary.pdf&path=dynamiclinks&portal=mlcl&mdTyp=-,https://www.mstcecommerce.com/auctionhome/download_docs.jsp?FILE_ID=22704_17.%20Parvathapur%20Vanadium%20Titanium%20and%20Aluminous%20Laterite%20Block%20Summary.pdf&path=dynamiclinks&portal=mlcl&mdTyp=-,T6_22704_17._Parvathapur_Vanadium_Titanium_and_Aluminous_Laterite_Block_Summary.pdf,4b473028d59e582b7ab13d73daf63e7c1ea3d1d735835d7790e399bc467acdea,496784.0,5.0,https://www.mstcecommerce.com/auctionhome/download_docs.jsp?FILE_ID=22681_GoI%20MoM%20-%20Tranche%20VI%20-%20NIT.pdf&path=dynamiclinks&portal=mlcl&mdTyp=-,T6_NIT.pdf,0bad31c6486f3f50f5e68f95883a0264aa6ce2196d89847e25dd5f387f6f64ba,238409.0,3.0,mbs_text_reconciled_to_official_nit,,2026-09-10,geometry_available_for_overlay_not_used_in_prospectivity_training_or_scoring
CMB-EVENT-T6-O08,official_critical_mineral_auction_event,govindpur,auction_offer,6,notified for auction,Govindpur Vanadium Titanium and Aluminous Laterite Block,Telangana,Sangareddy,CL,371.52,17.634352064743016,77.58048703666705,True,"POLYGON ((77.57092583333333 17.642585555555556, 77.58974694444444 17.642912222222222, 77.59003166666666 17.626113333333333, 77.57124388888889 17.625787222222222, 77.57092583333333 17.642585555555556))",4.0,371.1293683806367,0.10514416972525353,Polygon,pypdf_text,accepted,True,Validated against the undivided Andhra Pradesh boundary in the 2011 Census layer.,"[""Aluminous Laterite"",""Bauxite"",""Titanium"",""Vanadium""]","[""Aluminium"",""Titanium"",""Vanadium""]",[],"[""aluminium"",""titanium"",""titanium dioxide"",""vanadium""]","[""Al"",""Ti"",""TiO2"",""V""]",2025-09-16,,,,,,,2025-09-16,https://www.mstcecommerce.com/auctionhome/download_docs.jsp?FILE_ID=22681_GoI%20MoM%20-%20Tranche%20VI%20-%20NIT.pdf&path=dynamiclinks&portal=mlcl&mdTyp=-,https://www.mstcecommerce.com/auctionhome/download_docs.jsp?FILE_ID=22703_16.%20Govindpur%20Vanadium%20Titanium%20and%20Aluminous%20Laterite%20Block%20Summary.pdf&path=dynamiclinks&portal=mlcl&mdTyp=-,https://www.mstcecommerce.com/auctionhome/download_docs.jsp?FILE_ID=22703_16.%20Govindpur%20Vanadium%20Titanium%20and%20Aluminous%20Laterite%20Block%20Summary.pdf&path=dynamiclinks&portal=mlcl&mdTyp=-,T6_22703_16._Govindpur_Vanadium_Titanium_and_Aluminous_Laterite_Block_Summary.pdf,927f6ce827591412aab6792b54aef71cd3acd7208d9d3957c89ada548d6b3373,488434.0,5.0,https://www.mstcecommerce.com/auctionhome/download_docs.jsp?FILE_ID=22681_GoI%20MoM%20-%20Tranche%20VI%20-%20NIT.pdf&path=dynamiclinks&portal=mlcl&mdTyp=-,T6_NIT.pdf,0bad31c6486f3f50f5e68f95883a0264aa6ce2196d89847e25dd5f387f6f64ba,238409.0,3.0,mbs_text_reconciled_to_official_nit,,2026-09-10,geometry_available_for_overlay_not_used_in_prospectivity_training_or_scoring
CMB-EVENT-T6-O09,official_critical_mineral_auction_event,southeast-of-gugrot,auction_offer,6,notified for auction,Southeast of Gugrot Block,Rajasthan,Barmer,CL,102.38,25.58771111111111,72.44073750000001,True,"POLYGON ((72.43425277777779 25.59125, 72.44722222222222 25.59125, 72.44722222222222 25.58417222222222, 72.43425277777779 25.58417222222222, 72.43425277777779 25.59125))",4.0,102.1643593559265,0.21062770470159053,Polygon,pypdf_text,accepted,True,,"[""Rare-earth elements""]","[""Rare-earth elements""]",[],"[""cerium"",""dysprosium"",""erbium"",""europium"",""gadolinium"",""holmium"",""lanthanum"",""lutetium"",""neodymium"",""praseodymium"",""promethium"",""samarium"",""scandium"",""terbium"",""thulium"",""ytterbium"",""yttrium""]","[""Ce"",""Dy"",""Er"",""Eu"",""Gd"",""Ho"",""La"",""Lu"",""Nd"",""Pm"",""Pr"",""Sc"",""Sm"",""Tb"",""Tm"",""Y"",""Yb""]",2025-09-16,,,,,,,2025-09-16,https://www.mstcecommerce.com/auctionhome/download_docs.jsp?FILE_ID=22681_GoI%20MoM%20-%20Tranche%20VI%20-%20NIT.pdf&path=dynamiclinks&portal=mlcl&mdTyp=-,https://www.mstcecommerce.com/auctionhome/download_docs.jsp?FILE_ID=22702_15.%20Southeast%20of%20Gugrot%20Summary%2029.07.2025.pdf&path=dynamiclinks&portal=mlcl&mdTyp=-,https://www.mstcecommerce.com/auctionhome/download_docs.jsp?FILE_ID=22702_15.%20Southeast%20of%20Gugrot%20Summary%2029.07.2025.pdf&path=dynamiclinks&portal=mlcl&mdTyp=-,T6_22702_15._Southeast_of_Gugrot_Summary_29.07.2025.pdf,294b61df67acf4151c69952d30aa1d6bb42c63de483d31f347fd55c85ef55c14,316383.0,5.0,https://www.mstcecommerce.com/auctionhome/download_docs.jsp?FILE_ID=22681_GoI%20MoM%20-%20Tranche%20VI%20-%20NIT.pdf&path=dynamiclinks&portal=mlcl&mdTyp=-,T6_NIT.pdf,0bad31c6486f3f50f5e68f95883a0264aa6ce2196d89847e25dd5f387f6f64ba,238409.0,3.0,mbs_text_reconciled_to_official_nit,,2026-09-10,geometry_available_for_overlay_not_used_in_prospectivity_training_or_scoring
CMB-EVENT-T6-O10,official_critical_mineral_auction_event,ramb-degana,auction_offer,6,notified for auction,"RAMB Degana Tungsten, Lithium and Associated Mineral Block",Rajasthan,Nagaur,ML,154.74,26.89804961173323,74.27930450432235,True,"POLYGON ((74.2744775 26.89778111111111, 74.2706775 26.901794166666665, 74.27505833333333 26.90512833333333, 74.27953194444444 26.901801666666664, 74.2820713888889 26.904546666666665, 74.28788416666667 26.90022361111111, 74.28460305555555 26.896677222222223, 74.28437194444444 26.896910833333333, 74.28381222222222 26.89647972222222, 74.28689 26.89286472222222, 74.28425222222222 26.8908775, 74.28043638888889 26.89510222222222, 74.2788463888889 26.895094166666667, 74.27888861111111 26.890804444444445, 74.27269944444444 26.890755833333333, 74.27266194444444 26.89315361111111, 74.27444138888889 26.8931625, 74.27473666666667 26.892825, 74.27691333333333 26.89404972222222, 74.2769336111111 26.895076944444444, 74.274495 26.895071666666666, 74.2744775 26.89778111111111))",21.0,155.38476352645364,0.41667540807395,Polygon,pypdf_text,accepted,True,,"[""Associated minerals"",""Lithium"",""Rubidium"",""Tin"",""Tungsten""]","[""Lithium"",""Tin"",""Tungsten""]","[""Associated minerals"",""Rubidium""]","[""lithium"",""tin"",""tungsten""]","[""Li"",""Sn"",""W""]",2025-09-16,,,,,,,2025-09-16,https://www.mstcecommerce.com/auctionhome/download_docs.jsp?FILE_ID=22681_GoI%20MoM%20-%20Tranche%20VI%20-%20NIT.pdf&path=dynamiclinks&portal=mlcl&mdTyp=-,"https://www.mstcecommerce.com/auctionhome/download_docs.jsp?FILE_ID=22701_14.%20RAMB%20Degana%20Tungsten,%20Lithium%20and%20Associated%20Mineral%20Block.pdf&path=dynamiclinks&portal=mlcl&mdTyp=-","https://www.mstcecommerce.com/auctionhome/download_docs.jsp?FILE_ID=22701_14.%20RAMB%20Degana%20Tungsten,%20Lithium%20and%20Associated%20Mineral%20Block.pdf&path=dynamiclinks&portal=mlcl&mdTyp=-",T6_22701_14._RAMB_Degana_Tungsten_Lithium_and_Associated_Mineral_Block.pdf,2a4515d188c7f86d16739416b2617e86a432ea0c8a5ac1fb6c4b9a040abb3d2a,336645.0,5.0,https://www.mstcecommerce.com/auctionhome/download_docs.jsp?FILE_ID=22681_GoI%20MoM%20-%20Tranche%20VI%20-%20NIT.pdf&path=dynamiclinks&portal=mlcl&mdTyp=-,T6_NIT.pdf,0bad31c6486f3f50f5e68f95883a0264aa6ce2196d89847e25dd5f387f6f64ba,238409.0,3.0,official_nit_table,,2026-09-10,geometry_available_for_overlay_not_used_in_prospectivity_training_or_scoring
CMB-EVENT-T6-O11,official_critical_mineral_auction_event,nimbli,auction_offer,6,notified for auction,Nimbli Block,Rajasthan,Jaisalmer,CL,269.7,26.22232582212243,70.91930819661013,True,"POLYGON ((70.91289241245094 26.20967125985759, 70.90540105391584 26.21363801709248, 70.92545093774973 26.234921901551417, 70.93323355917339 26.230805006856947, 70.91289241245094 26.20967125985759))",4.0,269.6928394044876,0.0026550224369309523,Polygon,utm_transform_from_pypdf_text,accepted,True,,"[""Rock phosphate""]","[""Phosphorus""]",[],"[""phosphorus""]","[""P""]",2025-09-16,,,,,,,2025-09-16,https://www.mstcecommerce.com/auctionhome/download_docs.jsp?FILE_ID=22681_GoI%20MoM%20-%20Tranche%20VI%20-%20NIT.pdf&path=dynamiclinks&portal=mlcl&mdTyp=-,https://www.mstcecommerce.com/auctionhome/download_docs.jsp?FILE_ID=22700_13.%20Nimbli%20Block%20Summary.pdf&path=dynamiclinks&portal=mlcl&mdTyp=-,https://www.mstcecommerce.com/auctionhome/download_docs.jsp?FILE_ID=22700_13.%20Nimbli%20Block%20Summary.pdf&path=dynamiclinks&portal=mlcl&mdTyp=-,T6_22700_13._Nimbli_Block_Summary.pdf,4de49f629abdb19e217f7b98475c918425996e6c9f5fa2d3ca6e5e3e7b20f5f3,475365.0,5.0,https://www.mstcecommerce.com/auctionhome/download_docs.jsp?FILE_ID=22681_GoI%20MoM%20-%20Tranche%20VI%20-%20NIT.pdf&path=dynamiclinks&portal=mlcl&mdTyp=-,T6_NIT.pdf,0bad31c6486f3f50f5e68f95883a0264aa6ce2196d89847e25dd5f387f6f64ba,238409.0,3.0,mbs_text_reconciled_to_official_nit,,2026-09-10,geometry_available_for_overlay_not_used_in_prospectivity_training_or_scoring
CMB-EVENT-T6-O12,official_critical_mineral_auction_event,bhatikhera,auction_offer,6,notified for auction,Bhatikhera Block,Rajasthan,Balotra,ML,133.9847,25.755772054150917,72.43733488700933,True,"POLYGON ((72.42659566944445 25.757270483333333, 72.44788343333333 25.7598715, 72.44852374166668 25.75454211111111, 72.42682010277778 25.751506191666667, 72.42659566944445 25.757270483333333))",4.0,133.87336914522945,0.08309221483539325,Polygon,pypdf_text,accepted,True,,"[""Rare-earth elements"",""Zirconium""]","[""Rare-earth elements"",""Zirconium""]",[],"[""cerium"",""dysprosium"",""erbium"",""europium"",""gadolinium"",""holmium"",""lanthanum"",""lutetium"",""neodymium"",""praseodymium"",""promethium"",""samarium"",""scandium"",""terbium"",""thulium"",""ytterbium"",""yttrium"",""zirconium""]","[""Ce"",""Dy"",""Er"",""Eu"",""Gd"",""Ho"",""La"",""Lu"",""Nd"",""Pm"",""Pr"",""Sc"",""Sm"",""Tb"",""Tm"",""Y"",""Yb"",""Zr""]",2025-09-16,,,,,,,2025-09-16,https://www.mstcecommerce.com/auctionhome/download_docs.jsp?FILE_ID=22681_GoI%20MoM%20-%20Tranche%20VI%20-%20NIT.pdf&path=dynamiclinks&portal=mlcl&mdTyp=-,https://www.mstcecommerce.com/auctionhome/download_docs.jsp?FILE_ID=22699_12.%20Bhatikhera%20Block%20Summary.pdf&path=dynamiclinks&portal=mlcl&mdTyp=-,https://www.mstcecommerce.com/auctionhome/download_docs.jsp?FILE_ID=22699_12.%20Bhatikhera%20Block%20Summary.pdf&path=dynamiclinks&portal=mlcl&mdTyp=-,T6_22699_12._Bhatikhera_Block_Summary.pdf,4d68a9b168ebb62d640e029a8b81c443cc8e5e8c2bc920f33885fa7c5b2ce021,392081.0,5.0,https://www.mstcecommerce.com/auctionhome/download_docs.jsp?FILE_ID=22681_GoI%20MoM%20-%20Tranche%20VI%20-%20NIT.pdf&path=dynamiclinks&portal=mlcl&mdTyp=-,T6_NIT.pdf,0bad31c6486f3f50f5e68f95883a0264aa6ce2196d89847e25dd5f387f6f64ba,238409.0,3.0,mbs_text_reconciled_to_official_nit,,2026-09-10,geometry_available_for_overlay_not_used_in_prospectivity_training_or_scoring
CMB-EVENT-T6-O13,official_critical_mineral_auction_event,shergarh-sherawala-ramsara-dalmirkhera,auction_offer,6,notified for auction,Shergarh-Sherawala- Ramsara-Dalmirkhera Block,Punjab,Fazilka,CL,4592.95,30.014000769207733,74.05964183388751,True,"POLYGON ((74.032906 30.054544, 74.085264 30.055348, 74.086429 29.972995, 74.033732 29.973284, 74.032906 30.054544))",4.0,4595.697542994124,0.059820877521509275,Polygon,pypdf_text,accepted,True,,"[""Halite"",""Potash""]","[""Potash""]","[""Halite""]","[""potassium chloride"",""potassium sulfate""]","[""K2SO4"",""KCl""]",2025-09-16,,,,,,,2025-09-16,https://www.mstcecommerce.com/auctionhome/download_docs.jsp?FILE_ID=22681_GoI%20MoM%20-%20Tranche%20VI%20-%20NIT.pdf&path=dynamiclinks&portal=mlcl&mdTyp=-,https://www.mstcecommerce.com/auctionhome/download_docs.jsp?FILE_ID=22698_11.%20Shergarh-Sherawala-%20Ramsara-Dalmirkhera%20Block%20Summary.pdf&path=dynamiclinks&portal=mlcl&mdTyp=-,https://www.mstcecommerce.com/auctionhome/download_docs.jsp?FILE_ID=22698_11.%20Shergarh-Sherawala-%20Ramsara-Dalmirkhera%20Block%20Summary.pdf&path=dynamiclinks&portal=mlcl&mdTyp=-,T6_22698_11._Shergarh-Sherawala-_Ramsara-Dalmirkhera_Block_Summary.pdf,7923c620906938dda7a37ef44850c81e8cd26ad8493b9aa6dfc6a7d86f092a28,581234.0,5.0,https://www.mstcecommerce.com/auctionhome/download_docs.jsp?FILE_ID=22681_GoI%20MoM%20-%20Tranche%20VI%20-%20NIT.pdf&path=dynamiclinks&portal=mlcl&mdTyp=-,T6_NIT.pdf,0bad31c6486f3f50f5e68f95883a0264aa6ce2196d89847e25dd5f387f6f64ba,238409.0,3.0,mbs_text_reconciled_to_official_nit,,2026-09-10,geometry_available_for_overlay_not_used_in_prospectivity_training_or_scoring
CMB-EVENT-T6-O14,official_critical_mineral_auction_event,larambha,auction_offer,6,notified for auction,"Larambha Graphite, Manganese and Associated Mineral Block",Odisha,Balangir,CL,256.58,20.852590185673492,83.17859299286295,True,"POLYGON ((83.17268158055556 20.86188608888889, 83.17241661111112 20.84344698611111, 83.184503475 20.84329379722222, 83.18477027777779 20.861732938888892, 83.17268158055556 20.86188608888889))",4.0,256.8665561698906,0.11168297212979043,Polygon,pypdf_text,accepted,True,,"[""Associated minerals"",""Cobalt"",""Graphite"",""Manganese"",""Vanadium""]","[""Cobalt"",""Graphite"",""Manganese"",""Vanadium""]","[""Associated minerals""]","[""carbon"",""cobalt"",""manganese"",""vanadium""]","[""C"",""Co"",""Mn"",""V""]",2025-09-16,,,,,,,2025-09-16,https://www.mstcecommerce.com/auctionhome/download_docs.jsp?FILE_ID=22681_GoI%20MoM%20-%20Tranche%20VI%20-%20NIT.pdf&path=dynamiclinks&portal=mlcl&mdTyp=-,https://www.mstcecommerce.com/auctionhome/download_docs.jsp?FILE_ID=22697_10.%20Larambha%20Block%20Summary.pdf&path=dynamiclinks&portal=mlcl&mdTyp=-,https://www.mstcecommerce.com/auctionhome/download_docs.jsp?FILE_ID=22697_10.%20Larambha%20Block%20Summary.pdf&path=dynamiclinks&portal=mlcl&mdTyp=-,T6_22697_10._Larambha_Block_Summary.pdf,6c0ece1c7e6ed78a2fd80a32b5ea6514c29d2e85affa000c3b5b24f1de0da314,399909.0,5.0,https://www.mstcecommerce.com/auctionhome/download_docs.jsp?FILE_ID=22681_GoI%20MoM%20-%20Tranche%20VI%20-%20NIT.pdf&path=dynamiclinks&portal=mlcl&mdTyp=-,T6_NIT.pdf,0bad31c6486f3f50f5e68f95883a0264aa6ce2196d89847e25dd5f387f6f64ba,238409.0,3.0,mbs_text_reconciled_to_official_nit,,2026-09-10,geometry_available_for_overlay_not_used_in_prospectivity_training_or_scoring
CMB-EVENT-T6-O15,official_critical_mineral_auction_event,kanaital,auction_offer,6,notified for auction,"Kanaital Graphite, Manganese and Associated Mineral Block",Odisha,Balangir,CL,425.87,20.871725410266723,83.1930224157147,True,"POLYGON ((83.18402145833333 20.881938547222223, 83.1837292888889 20.86174631388889, 83.202022075 20.86151179166667, 83.20231681111112 20.881704044444444, 83.18402145833333 20.881938547222223))",4.0,425.6603667725742,0.049224699421372135,Polygon,pypdf_text,accepted,True,,"[""Associated minerals"",""Cobalt"",""Graphite"",""Manganese"",""Vanadium""]","[""Cobalt"",""Graphite"",""Manganese"",""Vanadium""]","[""Associated minerals""]","[""carbon"",""cobalt"",""manganese"",""vanadium""]","[""C"",""Co"",""Mn"",""V""]",2025-09-16,,,,,,,2025-09-16,https://www.mstcecommerce.com/auctionhome/download_docs.jsp?FILE_ID=22681_GoI%20MoM%20-%20Tranche%20VI%20-%20NIT.pdf&path=dynamiclinks&portal=mlcl&mdTyp=-,https://www.mstcecommerce.com/auctionhome/download_docs.jsp?FILE_ID=22696_9.%20Kanaital%20Block%20Summary.pdf&path=dynamiclinks&portal=mlcl&mdTyp=-,https://www.mstcecommerce.com/auctionhome/download_docs.jsp?FILE_ID=22696_9.%20Kanaital%20Block%20Summary.pdf&path=dynamiclinks&portal=mlcl&mdTyp=-,T6_22696_9._Kanaital_Block_Summary.pdf,7e9fee242cfe92e0003c1f15abb7c840acd1b66ff3c9ffe8be6fd34316c44962,402154.0,5.0,https://www.mstcecommerce.com/auctionhome/download_docs.jsp?FILE_ID=22681_GoI%20MoM%20-%20Tranche%20VI%20-%20NIT.pdf&path=dynamiclinks&portal=mlcl&mdTyp=-,T6_NIT.pdf,0bad31c6486f3f50f5e68f95883a0264aa6ce2196d89847e25dd5f387f6f64ba,238409.0,3.0,mbs_text_reconciled_to_official_nit,,2026-09-10,geometry_available_for_overlay_not_used_in_prospectivity_training_or_scoring
CMB-EVENT-T6-O16,official_critical_mineral_auction_event,bharatbahal,auction_offer,6,notified for auction,"Bharatbahal Graphite, Manganese and Associated Mineral Block",Odisha,Balangir,CL,201.31,20.806005167367893,83.234816144846,True,"POLYGON ((83.22924298611112 20.81370018888889, 83.24066235555556 20.81355151111111, 83.24043715555555 20.79833178888889, 83.22892353888889 20.798478850000002, 83.22924298611112 20.81370018888889))",4.0,201.20242689279615,0.0534365442371705,Polygon,pypdf_text,accepted,True,,"[""Associated minerals"",""Graphite"",""Manganese"",""Vanadium""]","[""Graphite"",""Manganese"",""Vanadium""]","[""Associated minerals""]","[""carbon"",""manganese"",""vanadium""]","[""C"",""Mn"",""V""]",2025-09-16,,,,,,,2025-09-16,https://www.mstcecommerce.com/auctionhome/download_docs.jsp?FILE_ID=22681_GoI%20MoM%20-%20Tranche%20VI%20-%20NIT.pdf&path=dynamiclinks&portal=mlcl&mdTyp=-,https://www.mstcecommerce.com/auctionhome/download_docs.jsp?FILE_ID=22695_8.%20Bharatbahal%20Block%20Summary.pdf&path=dynamiclinks&portal=mlcl&mdTyp=-,https://www.mstcecommerce.com/auctionhome/download_docs.jsp?FILE_ID=22695_8.%20Bharatbahal%20Block%20Summary.pdf&path=dynamiclinks&portal=mlcl&mdTyp=-,T6_22695_8._Bharatbahal_Block_Summary.pdf,88e98486bf7fdf76b3edb4be025ff23cc2b6d2fc8cfcb21141fdf86e49e0ff36,455917.0,5.0,https://www.mstcecommerce.com/auctionhome/download_docs.jsp?FILE_ID=22681_GoI%20MoM%20-%20Tranche%20VI%20-%20NIT.pdf&path=dynamiclinks&portal=mlcl&mdTyp=-,T6_NIT.pdf,0bad31c6486f3f50f5e68f95883a0264aa6ce2196d89847e25dd5f387f6f64ba,238409.0,3.0,mbs_text_reconciled_to_official_nit,,2026-09-10,geometry_available_for_overlay_not_used_in_prospectivity_training_or_scoring
CMB-EVENT-T6-O17,official_critical_mineral_auction_event,kawalapur,auction_offer,6,notified for auction,Kawalapur Block,Maharashtra,Nagpur,CL,398.23,21.358223611111114,79.30275972222223,True,"POLYGON ((79.29301111111111 21.349330555555554, 79.29301111111111 21.367116666666668, 79.31250833333333 21.367116666666668, 79.31250833333333 21.349330555555554, 79.29301111111111 21.349330555555554))",4.0,398.2450074620247,0.00376854130143341,Polygon,pypdf_text,accepted,True,,"[""Rare-earth elements"",""Rare metals""]","[""Rare-earth elements""]","[""Rare metals""]","[""cerium"",""dysprosium"",""erbium"",""europium"",""gadolinium"",""holmium"",""lanthanum"",""lutetium"",""neodymium"",""praseodymium"",""promethium"",""samarium"",""scandium"",""terbium"",""thulium"",""ytterbium"",""yttrium""]","[""Ce"",""Dy"",""Er"",""Eu"",""Gd"",""Ho"",""La"",""Lu"",""Nd"",""Pm"",""Pr"",""Sc"",""Sm"",""Tb"",""Tm"",""Y"",""Yb""]",2025-09-16,,,,,,,2025-09-16,https://www.mstcecommerce.com/auctionhome/download_docs.jsp?FILE_ID=22681_GoI%20MoM%20-%20Tranche%20VI%20-%20NIT.pdf&path=dynamiclinks&portal=mlcl&mdTyp=-,https://www.mstcecommerce.com/auctionhome/download_docs.jsp?FILE_ID=22693_7.%20Kawalapur%20Block%20Summary.pdf&path=dynamiclinks&portal=mlcl&mdTyp=-,https://www.mstcecommerce.com/auctionhome/download_docs.jsp?FILE_ID=22693_7.%20Kawalapur%20Block%20Summary.pdf&path=dynamiclinks&portal=mlcl&mdTyp=-,T6_22693_7._Kawalapur_Block_Summary.pdf,c020472d926be4891af02022642f94030e2fb6bce2b3c090e3286d9225183e0c,470969.0,5.0,https://www.mstcecommerce.com/auctionhome/download_docs.jsp?FILE_ID=22681_GoI%20MoM%20-%20Tranche%20VI%20-%20NIT.pdf&path=dynamiclinks&portal=mlcl&mdTyp=-,T6_NIT.pdf,0bad31c6486f3f50f5e68f95883a0264aa6ce2196d89847e25dd5f387f6f64ba,238409.0,3.0,mbs_text_reconciled_to_official_nit,,2026-09-10,geometry_available_for_overlay_not_used_in_prospectivity_training_or_scoring
CMB-EVENT-T6-O18,official_critical_mineral_auction_event,gundlupet,auction_offer,6,notified for auction,Gundlupet Block,Karnataka,Chamrajnagar,ML,314.21,11.794113888888887,76.66648611111111,True,"POLYGON ((76.65077777777779 11.79825, 76.68219444444445 11.79825, 76.68219444444445 11.789977777777777, 76.65077777777779 11.789977777777777, 76.65077777777779 11.79825))",4.0,313.31685283403397,0.2842516679819272,Polygon,pypdf_text,accepted,True,,"[""Rare-earth elements"",""Yttrium""]","[""Rare-earth elements""]",[],"[""cerium"",""dysprosium"",""erbium"",""europium"",""gadolinium"",""holmium"",""lanthanum"",""lutetium"",""neodymium"",""praseodymium"",""promethium"",""samarium"",""scandium"",""terbium"",""thulium"",""ytterbium"",""yttrium""]","[""Ce"",""Dy"",""Er"",""Eu"",""Gd"",""Ho"",""La"",""Lu"",""Nd"",""Pm"",""Pr"",""Sc"",""Sm"",""Tb"",""Tm"",""Y"",""Yb""]",2025-09-16,,,,,,,2025-09-16,https://www.mstcecommerce.com/auctionhome/download_docs.jsp?FILE_ID=22681_GoI%20MoM%20-%20Tranche%20VI%20-%20NIT.pdf&path=dynamiclinks&portal=mlcl&mdTyp=-,https://www.mstcecommerce.com/auctionhome/download_docs.jsp?FILE_ID=22692_6.%20Gundlupet%20Block%20Summary.pdf&path=dynamiclinks&portal=mlcl&mdTyp=-,https://www.mstcecommerce.com/auctionhome/download_docs.jsp?FILE_ID=22692_6.%20Gundlupet%20Block%20Summary.pdf&path=dynamiclinks&portal=mlcl&mdTyp=-,T6_22692_6._Gundlupet_Block_Summary.pdf,8f695e69f4ba150bb46b28be6c69e7d0d63b943aed1bbdac6f6338183167e33e,490073.0,5.0,https://www.mstcecommerce.com/auctionhome/download_docs.jsp?FILE_ID=22681_GoI%20MoM%20-%20Tranche%20VI%20-%20NIT.pdf&path=dynamiclinks&portal=mlcl&mdTyp=-,T6_NIT.pdf,0bad31c6486f3f50f5e68f95883a0264aa6ce2196d89847e25dd5f387f6f64ba,238409.0,3.0,mbs_text_reconciled_to_official_nit,,2026-09-10,geometry_available_for_overlay_not_used_in_prospectivity_training_or_scoring
CMB-EVENT-T6-O19,official_critical_mineral_auction_event,siskari-pat,auction_offer,6,notified for auction,"Siskari Pat Titanium, Bauxite and Associated Mineral Block",Jharkhand,Lohardaga,CL,27.87,23.561331170583106,84.6058578833475,True,"POLYGON ((84.60214138888888 23.568020277777777, 84.6029425 23.567822222222222, 84.60453027777777 23.56689527777778, 84.60570444444444 23.5633875, 84.60692416666666 23.56274388888889, 84.60735027777777 23.560202222222223, 84.60800055555555 23.560011944444444, 84.60902777777777 23.559166666666666, 84.6086725 23.558829722222224, 84.60834999999999 23.557718611111113, 84.60898888888889 23.557514166666667, 84.60899972222222 23.5570075, 84.60663972222221 23.556346944444446, 84.60446833333333 23.558816111111113, 84.60538833333332 23.559166666666666, 84.60569472222221 23.55997888888889, 84.60451277777777 23.56191, 84.60506 23.563672222222223, 84.60291861111111 23.566240555555556, 84.60189861111111 23.5665675, 84.60214138888888 23.568020277777777))",20.0,27.715870566306634,0.5530299020214091,Polygon,pypdf_text,accepted,True,,"[""Aluminous Laterite"",""Associated minerals"",""Bauxite"",""Gallium"",""Titanium"",""Vanadium""]","[""Aluminium"",""Gallium"",""Titanium"",""Vanadium""]","[""Associated minerals""]","[""aluminium"",""gallium"",""titanium"",""titanium dioxide"",""vanadium""]","[""Al"",""Ga"",""Ti"",""TiO2"",""V""]",2025-09-16,,,,,,,2025-09-16,https://www.mstcecommerce.com/auctionhome/download_docs.jsp?FILE_ID=22681_GoI%20MoM%20-%20Tranche%20VI%20-%20NIT.pdf&path=dynamiclinks&portal=mlcl&mdTyp=-,https://www.mstcecommerce.com/auctionhome/download_docs.jsp?FILE_ID=22691_5.%20Siskaripat%20Block%20Summary.pdf&path=dynamiclinks&portal=mlcl&mdTyp=-,https://www.mstcecommerce.com/auctionhome/download_docs.jsp?FILE_ID=22691_5.%20Siskaripat%20Block%20Summary.pdf&path=dynamiclinks&portal=mlcl&mdTyp=-,T6_22691_5._Siskaripat_Block_Summary.pdf,1c98a5df5855b147d09c696513d2451c40e4a460f4f0fb6d89c30d4806a7e388,476967.0,5.0,https://www.mstcecommerce.com/auctionhome/download_docs.jsp?FILE_ID=22681_GoI%20MoM%20-%20Tranche%20VI%20-%20NIT.pdf&path=dynamiclinks&portal=mlcl&mdTyp=-,T6_NIT.pdf,0bad31c6486f3f50f5e68f95883a0264aa6ce2196d89847e25dd5f387f6f64ba,238409.0,3.0,mbs_text_reconciled_to_official_nit,,2026-09-10,geometry_available_for_overlay_not_used_in_prospectivity_training_or_scoring
CMB-EVENT-T6-O20,official_critical_mineral_auction_event,chittalnar-kumakoleng-tin,auction_offer,6,notified for auction,Chittalnar-Kumakoleng Tin Ore Block,Chhattisgarh,Sukma and Bastar,CL,950.07,18.700916990561854,81.9150483735106,True,"POLYGON ((81.91933027777779 18.7404675, 81.92849972222223 18.738919722222224, 81.91683888888889 18.702875, 81.91701666666667 18.683755555555557, 81.92072777777778 18.683975, 81.92121111111112 18.667147222222223, 81.90743055555556 18.666544444444444, 81.90596388888889 18.702508333333334, 81.91933027777779 18.7404675))",8.0,950.6068114817523,0.05650230843540351,Polygon,pypdf_text,accepted,True,,"[""Associated minerals"",""Tin""]","[""Tin""]","[""Associated minerals""]","[""tin""]","[""Sn""]",2025-09-16,,,,,,,2025-09-16,https://www.mstcecommerce.com/auctionhome/download_docs.jsp?FILE_ID=22681_GoI%20MoM%20-%20Tranche%20VI%20-%20NIT.pdf&path=dynamiclinks&portal=mlcl&mdTyp=-,https://www.mstcecommerce.com/auctionhome/download_docs.jsp?FILE_ID=22690_4.%20Chittalnar-Kumakoleng%20Tin%20Ore%20Block%20Summary.pdf&path=dynamiclinks&portal=mlcl&mdTyp=-,https://www.mstcecommerce.com/auctionhome/download_docs.jsp?FILE_ID=22690_4.%20Chittalnar-Kumakoleng%20Tin%20Ore%20Block%20Summary.pdf&path=dynamiclinks&portal=mlcl&mdTyp=-,T6_22690_4._Chittalnar-Kumakoleng_Tin_Ore_Block_Summary.pdf,53379f932fe95fbd3bff06ac147b7e2bfb6e3d98c1e5bc029906aea9c02a770f,397798.0,5.0,https://www.mstcecommerce.com/auctionhome/download_docs.jsp?FILE_ID=22681_GoI%20MoM%20-%20Tranche%20VI%20-%20NIT.pdf&path=dynamiclinks&portal=mlcl&mdTyp=-,T6_NIT.pdf,0bad31c6486f3f50f5e68f95883a0264aa6ce2196d89847e25dd5f387f6f64ba,238409.0,3.0,mbs_text_reconciled_to_official_nit,,2026-09-10,geometry_available_for_overlay_not_used_in_prospectivity_training_or_scoring
CMB-EVENT-T6-O21,official_critical_mineral_auction_event,sito-sikhe,auction_offer,6,notified for auction,Sito Sikhe Vanadium Graphite Block,Arunachal Pradesh,Keyi Panyor (Earlier Lower Subansiri),CL,96.56,27.54039756523982,93.62891421015516,True,"POLYGON ((93.6270111111111 27.53086111111111, 93.63500277777779 27.548091666666668, 93.63101666666665 27.550325, 93.62266944444444 27.532233333333334, 93.6270111111111 27.53086111111111))",4.0,96.61354589600563,0.05545349627757903,Polygon,pypdf_text,accepted,True,,"[""Graphite"",""Vanadium""]","[""Graphite"",""Vanadium""]",[],"[""carbon"",""vanadium""]","[""C"",""V""]",2025-09-16,,,,,,,2025-09-16,https://www.mstcecommerce.com/auctionhome/download_docs.jsp?FILE_ID=22681_GoI%20MoM%20-%20Tranche%20VI%20-%20NIT.pdf&path=dynamiclinks&portal=mlcl&mdTyp=-,https://www.mstcecommerce.com/auctionhome/download_docs.jsp?FILE_ID=22689_3.%20Sito%20Sikhe%20Vanadium%20%20Graphite%20Block%20Summary.pdf&path=dynamiclinks&portal=mlcl&mdTyp=-,https://www.mstcecommerce.com/auctionhome/download_docs.jsp?FILE_ID=22689_3.%20Sito%20Sikhe%20Vanadium%20%20Graphite%20Block%20Summary.pdf&path=dynamiclinks&portal=mlcl&mdTyp=-,T6_22689_3._Sito_Sikhe_Vanadium_Graphite_Block_Summary.pdf,ed36e8b98c642c3d32cf848532e1f948dbe63e7de8fcc736ac2e90570e8a80cc,496593.0,5.0,https://www.mstcecommerce.com/auctionhome/download_docs.jsp?FILE_ID=22681_GoI%20MoM%20-%20Tranche%20VI%20-%20NIT.pdf&path=dynamiclinks&portal=mlcl&mdTyp=-,T6_NIT.pdf,0bad31c6486f3f50f5e68f95883a0264aa6ce2196d89847e25dd5f387f6f64ba,238409.0,3.0,mbs_text_reconciled_to_official_nit,,2026-09-10,geometry_available_for_overlay_not_used_in_prospectivity_training_or_scoring
CMB-EVENT-T6-O22,official_critical_mineral_auction_event,pakro,auction_offer,6,notified for auction,Pakro Vanadium Graphite Block,Arunachal Pradesh,Pakke Kessang,CL,155.46,27.23293691738108,93.05601787434115,True,"POLYGON ((93.05824166666666 27.24216388888889, 93.06406666666666 27.23233611111111, 93.05359722222222 27.224655555555554, 93.04768333333332 27.231616666666664, 93.05824166666666 27.24216388888889))",4.0,155.57962726428508,0.07695051092568604,Polygon,pypdf_text,accepted,True,,"[""Graphite"",""Vanadium""]","[""Graphite"",""Vanadium""]",[],"[""carbon"",""vanadium""]","[""C"",""V""]",2025-09-16,,,,,,,2025-09-16,https://www.mstcecommerce.com/auctionhome/download_docs.jsp?FILE_ID=22681_GoI%20MoM%20-%20Tranche%20VI%20-%20NIT.pdf&path=dynamiclinks&portal=mlcl&mdTyp=-,https://www.mstcecommerce.com/auctionhome/download_docs.jsp?FILE_ID=22688_2.%20Pakro%20Vanadium%20%20Graphite%20Block%20Summary.pdf&path=dynamiclinks&portal=mlcl&mdTyp=-,https://www.mstcecommerce.com/auctionhome/download_docs.jsp?FILE_ID=22688_2.%20Pakro%20Vanadium%20%20Graphite%20Block%20Summary.pdf&path=dynamiclinks&portal=mlcl&mdTyp=-,T6_22688_2._Pakro_Vanadium_Graphite_Block_Summary.pdf,6b3b4a01a7501aca0fd94f832db265cd44f1c58def3ebda00f9815d5b7c4d7f5,504058.0,5.0,https://www.mstcecommerce.com/auctionhome/download_docs.jsp?FILE_ID=22681_GoI%20MoM%20-%20Tranche%20VI%20-%20NIT.pdf&path=dynamiclinks&portal=mlcl&mdTyp=-,T6_NIT.pdf,0bad31c6486f3f50f5e68f95883a0264aa6ce2196d89847e25dd5f387f6f64ba,238409.0,3.0,mbs_text_reconciled_to_official_nit,,2026-09-10,geometry_available_for_overlay_not_used_in_prospectivity_training_or_scoring
CMB-EVENT-T6-O23,official_critical_mineral_auction_event,laxmipuram,auction_offer,6,notified for auction,Laxmipuram Cobalt and Manganese Block,Andhra Pradesh,Vizianagaram,CL,105.77,18.261842817842826,83.58903228832091,True,"POLYGON ((83.58229444444444 18.265077777777776, 83.58775277777778 18.269063888888887, 83.59580277777778 18.258813888888888, 83.59018611111111 18.254569444444446, 83.58229444444444 18.265077777777776))",4.0,105.66448494343757,0.09975896432109724,Polygon,pypdf_text,accepted,True,,"[""Cobalt"",""Manganese""]","[""Cobalt"",""Manganese""]",[],"[""cobalt"",""manganese""]","[""Co"",""Mn""]",2025-09-16,,,,,,,2025-09-16,https://www.mstcecommerce.com/auctionhome/download_docs.jsp?FILE_ID=22681_GoI%20MoM%20-%20Tranche%20VI%20-%20NIT.pdf&path=dynamiclinks&portal=mlcl&mdTyp=-,https://www.mstcecommerce.com/auctionhome/download_docs.jsp?FILE_ID=22687_1.%20Laxmipuram%20Cobalt%20and%20Manganese%20Block%20Summary.pdf&path=dynamiclinks&portal=mlcl&mdTyp=-,https://www.mstcecommerce.com/auctionhome/download_docs.jsp?FILE_ID=22687_1.%20Laxmipuram%20Cobalt%20and%20Manganese%20Block%20Summary.pdf&path=dynamiclinks&portal=mlcl&mdTyp=-,T6_22687_1._Laxmipuram_Cobalt_and_Manganese_Block_Summary.pdf,7a5c2a09ead157a32d9bd49f2e89334295b3268809b8070b1a6ffdc593bc2684,333191.0,5.0,https://www.mstcecommerce.com/auctionhome/download_docs.jsp?FILE_ID=22681_GoI%20MoM%20-%20Tranche%20VI%20-%20NIT.pdf&path=dynamiclinks&portal=mlcl&mdTyp=-,T6_NIT.pdf,0bad31c6486f3f50f5e68f95883a0264aa6ce2196d89847e25dd5f387f6f64ba,238409.0,3.0,mbs_text_reconciled_to_official_nit,,2026-09-10,geometry_available_for_overlay_not_used_in_prospectivity_training_or_scoring
CMB-EVENT-T7-O01,official_critical_mineral_auction_event,nawara-nawadih,auction_offer,7,notified for auction,Nawara-Nawadih Glauconite Block,Bihar,Rohtas,CL,1012.57,24.558501141142198,83.87304683437326,True,"POLYGON ((83.84293722222222 24.560290000000002, 83.84583611111111 24.54630638888889, 83.87340388888889 24.548607222222223, 83.9049863888889 24.561552777777777, 83.9031813888889 24.5719375, 83.84293722222222 24.560290000000002))",5.0,1011.2697095014333,0.12841487487943648,Polygon,pypdf_text,accepted,True,,"[""Glauconite""]",[],"[""Glauconite""]",[],[],2026-03-23,,,,,,,2026-03-23,https://www.mstcecommerce.com/auctionhome/download_docs.jsp?FILE_ID=25649_GoI%20MoM%20-%20Tranche%20VII%20-%20NIT_N.pdf&path=dynamiclinks&portal=mlcl&mdTyp=-,https://www.mstcecommerce.com/auctionhome/download_docs.jsp?FILE_ID=26241_MBS%20Nawara-Nawadih%20final%20revised.pdf&path=dynamiclinks&portal=mlcl&mdTyp=-,https://www.mstcecommerce.com/auctionhome/download_docs.jsp?FILE_ID=26241_MBS%20Nawara-Nawadih%20final%20revised.pdf&path=dynamiclinks&portal=mlcl&mdTyp=-,T7_26241_MBS_Nawara-Nawadih_final_revised.pdf,c08cacc0e324977635511e57bba73644304bdd976742edeffa6fc9b0069d9208,443700.0,5.0,https://www.mstcecommerce.com/auctionhome/download_docs.jsp?FILE_ID=25649_GoI%20MoM%20-%20Tranche%20VII%20-%20NIT_N.pdf&path=dynamiclinks&portal=mlcl&mdTyp=-,T7_NIT.pdf,7fa28fb3b6986f2e9ed8d6b5724afb7048af4b43e574edbf7a2dc887db9a938c,286112.0,4.0,mbs_text_reconciled_to_official_nit,,2026-09-10,geometry_available_for_overlay_not_used_in_prospectivity_training_or_scoring
CMB-EVENT-T7-O02,official_critical_mineral_auction_event,kathyur,auction_offer,7,notified for auction,Kathyur Phosphate Block,Uttarakhand,Dehradun,CL,881.28,30.395913518235005,78.14631346153236,True,"POLYGON ((78.13297002777777 30.407764861111108, 78.15629805555557 30.418520611111113, 78.15867636111112 30.379734666666668, 78.13569583333334 30.376695027777778, 78.13297002777777 30.407764861111108))",4.0,880.3551186446548,0.10494750310289332,Polygon,pypdf_text,accepted,True,,"[""Rock phosphate""]","[""Phosphorus""]",[],"[""phosphorus""]","[""P""]",2026-03-23,,,,,,,2026-03-23,https://www.mstcecommerce.com/auctionhome/download_docs.jsp?FILE_ID=25649_GoI%20MoM%20-%20Tranche%20VII%20-%20NIT_N.pdf&path=dynamiclinks&portal=mlcl&mdTyp=-,https://www.mstcecommerce.com/auctionhome/download_docs.jsp?FILE_ID=25668_19%20Kathyur%20Phosphate%20Block.pdf&path=dynamiclinks&portal=mlcl&mdTyp=-,https://www.mstcecommerce.com/auctionhome/download_docs.jsp?FILE_ID=25668_19%20Kathyur%20Phosphate%20Block.pdf&path=dynamiclinks&portal=mlcl&mdTyp=-,T7_25668_19_Kathyur_Phosphate_Block.pdf,f959703e5109d86cd9a497f76541f45bca834e764b410ffe06b990579db48e6a,332996.0,6.0,https://www.mstcecommerce.com/auctionhome/download_docs.jsp?FILE_ID=25649_GoI%20MoM%20-%20Tranche%20VII%20-%20NIT_N.pdf&path=dynamiclinks&portal=mlcl&mdTyp=-,T7_NIT.pdf,7fa28fb3b6986f2e9ed8d6b5724afb7048af4b43e574edbf7a2dc887db9a938c,286112.0,4.0,mbs_text_reconciled_to_official_nit,,2026-09-10,geometry_available_for_overlay_not_used_in_prospectivity_training_or_scoring
CMB-EVENT-T7-O03,official_critical_mineral_auction_event,parvathapur,auction_offer,7,notified for auction,Parvathapur Vanadium Titanium and Aluminous Laterite Block,Telangana,Sangareddy,CL,335.5,17.608193132589506,77.550724250108,True,"POLYGON ((77.54301694444445 17.617535, 77.5580711111111 17.617798333333333, 77.55843083333333 17.598850833333334, 77.54337805555555 17.598587777777777, 77.54301694444445 17.617535))",4.0,335.1563759169057,0.10242148527401253,Polygon,pypdf_text,accepted,True,Validated against the undivided Andhra Pradesh boundary in the 2011 Census layer.,"[""Aluminous Laterite"",""Titanium"",""Vanadium""]","[""Aluminium"",""Titanium"",""Vanadium""]",[],"[""aluminium"",""titanium"",""titanium dioxide"",""vanadium""]","[""Al"",""Ti"",""TiO2"",""V""]",2026-03-23,,,,,,,2026-03-23,https://www.mstcecommerce.com/auctionhome/download_docs.jsp?FILE_ID=25649_GoI%20MoM%20-%20Tranche%20VII%20-%20NIT_N.pdf&path=dynamiclinks&portal=mlcl&mdTyp=-,https://www.mstcecommerce.com/auctionhome/download_docs.jsp?FILE_ID=25667_18%20Parvathapur%20Vanadium%20Titanium%20and%20Aluminous%20Laterite%20Block.pdf&path=dynamiclinks&portal=mlcl&mdTyp=-,https://www.mstcecommerce.com/auctionhome/download_docs.jsp?FILE_ID=25667_18%20Parvathapur%20Vanadium%20Titanium%20and%20Aluminous%20Laterite%20Block.pdf&path=dynamiclinks&portal=mlcl&mdTyp=-,T7_25667_18_Parvathapur_Vanadium_Titanium_and_Aluminous_Laterite_Block.pdf,4b473028d59e582b7ab13d73daf63e7c1ea3d1d735835d7790e399bc467acdea,496784.0,5.0,https://www.mstcecommerce.com/auctionhome/download_docs.jsp?FILE_ID=25649_GoI%20MoM%20-%20Tranche%20VII%20-%20NIT_N.pdf&path=dynamiclinks&portal=mlcl&mdTyp=-,T7_NIT.pdf,7fa28fb3b6986f2e9ed8d6b5724afb7048af4b43e574edbf7a2dc887db9a938c,286112.0,4.0,mbs_text_reconciled_to_official_nit,,2026-09-10,geometry_available_for_overlay_not_used_in_prospectivity_training_or_scoring
CMB-EVENT-T7-O04,official_critical_mineral_auction_event,govindpur,auction_offer,7,notified for auction,Govindpur Vanadium Titanium and Aluminous Laterite Block,Telangana,Sangareddy,CL,371.52,17.634352064743016,77.58048703666705,True,"POLYGON ((77.57092583333333 17.642585555555556, 77.58974694444444 17.642912222222222, 77.59003166666666 17.626113333333333, 77.57124388888889 17.625787222222222, 77.57092583333333 17.642585555555556))",4.0,371.1293683806367,0.10514416972525353,Polygon,pypdf_text,accepted,True,Validated against the undivided Andhra Pradesh boundary in the 2011 Census layer.,"[""Aluminous Laterite"",""Bauxite"",""Titanium"",""Vanadium""]","[""Aluminium"",""Titanium"",""Vanadium""]",[],"[""aluminium"",""titanium"",""titanium dioxide"",""vanadium""]","[""Al"",""Ti"",""TiO2"",""V""]",2026-03-23,,,,,,,2026-03-23,https://www.mstcecommerce.com/auctionhome/download_docs.jsp?FILE_ID=25649_GoI%20MoM%20-%20Tranche%20VII%20-%20NIT_N.pdf&path=dynamiclinks&portal=mlcl&mdTyp=-,https://www.mstcecommerce.com/auctionhome/download_docs.jsp?FILE_ID=25666_17%20Govindpur%20Vanadium%20Titanium%20and%20Aluminous%20Laterite%20Block.pdf&path=dynamiclinks&portal=mlcl&mdTyp=-,https://www.mstcecommerce.com/auctionhome/download_docs.jsp?FILE_ID=25666_17%20Govindpur%20Vanadium%20Titanium%20and%20Aluminous%20Laterite%20Block.pdf&path=dynamiclinks&portal=mlcl&mdTyp=-,T7_25666_17_Govindpur_Vanadium_Titanium_and_Aluminous_Laterite_Block.pdf,927f6ce827591412aab6792b54aef71cd3acd7208d9d3957c89ada548d6b3373,488434.0,5.0,https://www.mstcecommerce.com/auctionhome/download_docs.jsp?FILE_ID=25649_GoI%20MoM%20-%20Tranche%20VII%20-%20NIT_N.pdf&path=dynamiclinks&portal=mlcl&mdTyp=-,T7_NIT.pdf,7fa28fb3b6986f2e9ed8d6b5724afb7048af4b43e574edbf7a2dc887db9a938c,286112.0,4.0,mbs_text_reconciled_to_official_nit,,2026-09-10,geometry_available_for_overlay_not_used_in_prospectivity_training_or_scoring
CMB-EVENT-T7-O05,official_critical_mineral_auction_event,ramb-degana,auction_offer,7,notified for auction,"RAMB Degana Tungsten, Lithium and Associated Mineral Block",Rajasthan,Nagaur,ML,154.74,26.89804961173323,74.27930450432235,True,"POLYGON ((74.2744775 26.89778111111111, 74.2706775 26.901794166666665, 74.27505833333333 26.90512833333333, 74.27953194444444 26.901801666666664, 74.2820713888889 26.904546666666665, 74.28788416666667 26.90022361111111, 74.28460305555555 26.896677222222223, 74.28437194444444 26.896910833333333, 74.28381222222222 26.89647972222222, 74.28689 26.89286472222222, 74.28425222222222 26.8908775, 74.28043638888889 26.89510222222222, 74.2788463888889 26.895094166666667, 74.27888861111111 26.890804444444445, 74.27269944444444 26.890755833333333, 74.27266194444444 26.89315361111111, 74.27444138888889 26.8931625, 74.27473666666667 26.892825, 74.27691333333333 26.89404972222222, 74.2769336111111 26.895076944444444, 74.274495 26.895071666666666, 74.2744775 26.89778111111111))",21.0,155.38476352645364,0.41667540807395,Polygon,pypdf_text,accepted,True,,"[""Associated minerals"",""Lithium"",""Rubidium"",""Tin"",""Tungsten""]","[""Lithium"",""Tin"",""Tungsten""]","[""Associated minerals"",""Rubidium""]","[""lithium"",""tin"",""tungsten""]","[""Li"",""Sn"",""W""]",2026-03-23,,,,,,,2026-03-23,https://www.mstcecommerce.com/auctionhome/download_docs.jsp?FILE_ID=25649_GoI%20MoM%20-%20Tranche%20VII%20-%20NIT_N.pdf&path=dynamiclinks&portal=mlcl&mdTyp=-,"https://www.mstcecommerce.com/auctionhome/download_docs.jsp?FILE_ID=25665_16%20RAMB%20Degana%20Tungsten,%20Lithium%20and%20Associated%20Mineral%20Block.pdf&path=dynamiclinks&portal=mlcl&mdTyp=-","https://www.mstcecommerce.com/auctionhome/download_docs.jsp?FILE_ID=25665_16%20RAMB%20Degana%20Tungsten,%20Lithium%20and%20Associated%20Mineral%20Block.pdf&path=dynamiclinks&portal=mlcl&mdTyp=-",T7_25665_16_RAMB_Degana_Tungsten_Lithium_and_Associated_Mineral_Block.pdf,2a4515d188c7f86d16739416b2617e86a432ea0c8a5ac1fb6c4b9a040abb3d2a,336645.0,5.0,https://www.mstcecommerce.com/auctionhome/download_docs.jsp?FILE_ID=25649_GoI%20MoM%20-%20Tranche%20VII%20-%20NIT_N.pdf&path=dynamiclinks&portal=mlcl&mdTyp=-,T7_NIT.pdf,7fa28fb3b6986f2e9ed8d6b5724afb7048af4b43e574edbf7a2dc887db9a938c,286112.0,4.0,official_nit_table,,2026-09-10,geometry_available_for_overlay_not_used_in_prospectivity_training_or_scoring
CMB-EVENT-T7-O06,official_critical_mineral_auction_event,gundlupet,auction_offer,7,notified for auction,Gundlupet Block,Karnataka,Chamrajnagar,ML,314.21,11.794113888888887,76.66648611111111,True,"POLYGON ((76.65077777777779 11.79825, 76.68219444444445 11.79825, 76.68219444444445 11.789977777777777, 76.65077777777779 11.789977777777777, 76.65077777777779 11.79825))",4.0,313.31685283403397,0.2842516679819272,Polygon,pypdf_text,accepted,True,,"[""Rare-earth elements"",""Yttrium""]","[""Rare-earth elements""]",[],"[""cerium"",""dysprosium"",""erbium"",""europium"",""gadolinium"",""holmium"",""lanthanum"",""lutetium"",""neodymium"",""praseodymium"",""promethium"",""samarium"",""scandium"",""terbium"",""thulium"",""ytterbium"",""yttrium""]","[""Ce"",""Dy"",""Er"",""Eu"",""Gd"",""Ho"",""La"",""Lu"",""Nd"",""Pm"",""Pr"",""Sc"",""Sm"",""Tb"",""Tm"",""Y"",""Yb""]",2026-03-23,,,,,,,2026-03-23,https://www.mstcecommerce.com/auctionhome/download_docs.jsp?FILE_ID=25649_GoI%20MoM%20-%20Tranche%20VII%20-%20NIT_N.pdf&path=dynamiclinks&portal=mlcl&mdTyp=-,https://www.mstcecommerce.com/auctionhome/download_docs.jsp?FILE_ID=25664_15%20Gundlupet%20Block%20Summary.pdf&path=dynamiclinks&portal=mlcl&mdTyp=-,https://www.mstcecommerce.com/auctionhome/download_docs.jsp?FILE_ID=25664_15%20Gundlupet%20Block%20Summary.pdf&path=dynamiclinks&portal=mlcl&mdTyp=-,T7_25664_15_Gundlupet_Block_Summary.pdf,8f695e69f4ba150bb46b28be6c69e7d0d63b943aed1bbdac6f6338183167e33e,490073.0,5.0,https://www.mstcecommerce.com/auctionhome/download_docs.jsp?FILE_ID=25649_GoI%20MoM%20-%20Tranche%20VII%20-%20NIT_N.pdf&path=dynamiclinks&portal=mlcl&mdTyp=-,T7_NIT.pdf,7fa28fb3b6986f2e9ed8d6b5724afb7048af4b43e574edbf7a2dc887db9a938c,286112.0,4.0,mbs_text_reconciled_to_official_nit,,2026-09-10,geometry_available_for_overlay_not_used_in_prospectivity_training_or_scoring
CMB-EVENT-T7-O07,official_critical_mineral_auction_event,katesar-guneri,auction_offer,7,notified for auction,Katesar-Guneri Glauconite Block,Gujarat,Kachchh,CL,498.99,23.767053225790853,68.86318754086588,True,"POLYGON ((68.83749999999999 23.764166666666668, 68.85833333333333 23.764166666666668, 68.85833333333333 23.772222222222222, 68.86527777777778 23.772222222222222, 68.86527777777778 23.7825, 68.87833333333333 23.7825, 68.87854722222221 23.777319444444444, 68.8706 23.777313888888887, 68.87060833333332 23.76828611111111, 68.878875 23.768291666666666, 68.87916666666666 23.759722222222223, 68.83749999999999 23.758333333333333, 68.83749999999999 23.764166666666668))",12.0,499.3935027731223,0.08086389970185454,Polygon,pypdf_text,accepted,True,,"[""Glauconite""]",[],"[""Glauconite""]",[],[],2026-03-23,,,,,,,2026-03-23,https://www.mstcecommerce.com/auctionhome/download_docs.jsp?FILE_ID=25649_GoI%20MoM%20-%20Tranche%20VII%20-%20NIT_N.pdf&path=dynamiclinks&portal=mlcl&mdTyp=-,https://www.mstcecommerce.com/auctionhome/download_docs.jsp?FILE_ID=25663_14%20MBS_Katesar-Guneri_Glauconite_Block.pdf&path=dynamiclinks&portal=mlcl&mdTyp=-,https://www.mstcecommerce.com/auctionhome/download_docs.jsp?FILE_ID=25663_14%20MBS_Katesar-Guneri_Glauconite_Block.pdf&path=dynamiclinks&portal=mlcl&mdTyp=-,T7_25663_14_MBS_Katesar-Guneri_Glauconite_Block.pdf,583f5fc7f91b54a1e3518c53abce0beb864a8b5486b4b84d10188fb39afd6883,376493.0,5.0,https://www.mstcecommerce.com/auctionhome/download_docs.jsp?FILE_ID=25649_GoI%20MoM%20-%20Tranche%20VII%20-%20NIT_N.pdf&path=dynamiclinks&portal=mlcl&mdTyp=-,T7_NIT.pdf,7fa28fb3b6986f2e9ed8d6b5724afb7048af4b43e574edbf7a2dc887db9a938c,286112.0,4.0,mbs_text_reconciled_to_official_nit,,2026-09-10,geometry_available_for_overlay_not_used_in_prospectivity_training_or_scoring
CMB-EVENT-T7-O08,official_critical_mineral_auction_event,pakro,auction_offer,7,notified for auction,Pakro Vanadium Graphite Block,Arunachal Pradesh,Pakke Kessang,CL,155.46,27.23293691738108,93.05601787434115,True,"POLYGON ((93.05824166666666 27.24216388888889, 93.06406666666666 27.23233611111111, 93.05359722222222 27.224655555555554, 93.04768333333332 27.231616666666664, 93.05824166666666 27.24216388888889))",4.0,155.57962726428508,0.07695051092568604,Polygon,pypdf_text,accepted,True,,"[""Graphite"",""Vanadium""]","[""Graphite"",""Vanadium""]",[],"[""carbon"",""vanadium""]","[""C"",""V""]",2026-03-23,,,,,,,2026-03-23,https://www.mstcecommerce.com/auctionhome/download_docs.jsp?FILE_ID=25649_GoI%20MoM%20-%20Tranche%20VII%20-%20NIT_N.pdf&path=dynamiclinks&portal=mlcl&mdTyp=-,https://www.mstcecommerce.com/auctionhome/download_docs.jsp?FILE_ID=25662_13%20Pakro%20Vanadium%20%20Graphite%20Block.pdf&path=dynamiclinks&portal=mlcl&mdTyp=-,https://www.mstcecommerce.com/auctionhome/download_docs.jsp?FILE_ID=25662_13%20Pakro%20Vanadium%20%20Graphite%20Block.pdf&path=dynamiclinks&portal=mlcl&mdTyp=-,T7_25662_13_Pakro_Vanadium_Graphite_Block.pdf,6b3b4a01a7501aca0fd94f832db265cd44f1c58def3ebda00f9815d5b7c4d7f5,504058.0,5.0,https://www.mstcecommerce.com/auctionhome/download_docs.jsp?FILE_ID=25649_GoI%20MoM%20-%20Tranche%20VII%20-%20NIT_N.pdf&path=dynamiclinks&portal=mlcl&mdTyp=-,T7_NIT.pdf,7fa28fb3b6986f2e9ed8d6b5724afb7048af4b43e574edbf7a2dc887db9a938c,286112.0,4.0,mbs_text_reconciled_to_official_nit,,2026-09-10,geometry_available_for_overlay_not_used_in_prospectivity_training_or_scoring
CMB-EVENT-T7-O09,official_critical_mineral_auction_event,karna,auction_offer,7,notified for auction,Karna REE Block,Rajasthan,Balotra,CL,207.4,25.736976388888888,71.98944722222221,True,"POLYGON ((71.97833888888889 25.73278333333333, 71.97833888888889 25.741169444444445, 72.00055555555555 25.741169444444445, 72.00055555555555 25.73278333333333, 71.97833888888889 25.73278333333333))",4.0,207.1041862300873,0.1426295901218477,Polygon,pypdf_text,accepted,True,,"[""Rare-earth elements""]","[""Rare-earth elements""]",[],"[""cerium"",""dysprosium"",""erbium"",""europium"",""gadolinium"",""holmium"",""lanthanum"",""lutetium"",""neodymium"",""praseodymium"",""promethium"",""samarium"",""scandium"",""terbium"",""thulium"",""ytterbium"",""yttrium""]","[""Ce"",""Dy"",""Er"",""Eu"",""Gd"",""Ho"",""La"",""Lu"",""Nd"",""Pm"",""Pr"",""Sc"",""Sm"",""Tb"",""Tm"",""Y"",""Yb""]",2026-03-23,,,,,,,2026-03-23,https://www.mstcecommerce.com/auctionhome/download_docs.jsp?FILE_ID=25649_GoI%20MoM%20-%20Tranche%20VII%20-%20NIT_N.pdf&path=dynamiclinks&portal=mlcl&mdTyp=-,https://www.mstcecommerce.com/auctionhome/download_docs.jsp?FILE_ID=25661_12%20Karna%20REE%20Block.pdf&path=dynamiclinks&portal=mlcl&mdTyp=-,https://www.mstcecommerce.com/auctionhome/download_docs.jsp?FILE_ID=25661_12%20Karna%20REE%20Block.pdf&path=dynamiclinks&portal=mlcl&mdTyp=-,T7_25661_12_Karna_REE_Block.pdf,b32e9ece724fbb0cde43a0d32eb92fd6cced0a42e5ce00d234da7c177fbbfbc7,545304.0,5.0,https://www.mstcecommerce.com/auctionhome/download_docs.jsp?FILE_ID=25649_GoI%20MoM%20-%20Tranche%20VII%20-%20NIT_N.pdf&path=dynamiclinks&portal=mlcl&mdTyp=-,T7_NIT.pdf,7fa28fb3b6986f2e9ed8d6b5724afb7048af4b43e574edbf7a2dc887db9a938c,286112.0,4.0,mbs_text_reconciled_to_official_nit,,2026-09-10,geometry_available_for_overlay_not_used_in_prospectivity_training_or_scoring
CMB-EVENT-T7-O10,official_critical_mineral_auction_event,lamer-panga-b,auction_offer,7,notified for auction,Lamer-Panga-B Graphite Block,Odisha,Kalahandi,CL,1313.08,20.077532280924153,83.52272193051432,True,"POLYGON ((83.5096536111111 20.101559166666668, 83.53424777777778 20.101559166666668, 83.53393305555555 20.05131527777778, 83.51318416666666 20.051405555555558, 83.51335222222222 20.077726666666667, 83.50943166666667 20.0777575, 83.5096536111111 20.101559166666668))",6.0,1313.086670200336,0.0005079812605458233,Polygon,pypdf_text,accepted,True,,"[""Graphite""]","[""Graphite""]",[],"[""carbon""]","[""C""]",2026-03-23,,,,,,,2026-03-23,https://www.mstcecommerce.com/auctionhome/download_docs.jsp?FILE_ID=25649_GoI%20MoM%20-%20Tranche%20VII%20-%20NIT_N.pdf&path=dynamiclinks&portal=mlcl&mdTyp=-,https://www.mstcecommerce.com/auctionhome/download_docs.jsp?FILE_ID=25660_11%20Lamer-Panga-B%20Graphite%20Block.pdf&path=dynamiclinks&portal=mlcl&mdTyp=-,https://www.mstcecommerce.com/auctionhome/download_docs.jsp?FILE_ID=25660_11%20Lamer-Panga-B%20Graphite%20Block.pdf&path=dynamiclinks&portal=mlcl&mdTyp=-,T7_25660_11_Lamer-Panga-B_Graphite_Block.pdf,e6f5c56cf48d0b75cb7640e961010448baf2e055f605fe377ef1c85fa9aef03f,644414.0,5.0,https://www.mstcecommerce.com/auctionhome/download_docs.jsp?FILE_ID=25649_GoI%20MoM%20-%20Tranche%20VII%20-%20NIT_N.pdf&path=dynamiclinks&portal=mlcl&mdTyp=-,T7_NIT.pdf,7fa28fb3b6986f2e9ed8d6b5724afb7048af4b43e574edbf7a2dc887db9a938c,286112.0,4.0,mbs_text_reconciled_to_official_nit,,2026-09-10,geometry_available_for_overlay_not_used_in_prospectivity_training_or_scoring
CMB-EVENT-T7-O11,official_critical_mineral_auction_event,lamer-panga-a,auction_offer,7,notified for auction,Lamer-Panga A Graphite Block,Odisha,Kalahandi,CL,1392.66,20.0895831538406,83.4788760221128,True,"POLYGON ((83.4306388888889 20.098138888888887, 83.43064722222223 20.101747222222222, 83.5029888888889 20.101558333333333, 83.50309444444444 20.075252777777777, 83.46175277777778 20.075419444444446, 83.46179444444445 20.09766388888889, 83.4306388888889 20.098138888888887))",6.0,1392.8163105225851,0.01122388254024995,Polygon,pypdf_text,accepted,True,,"[""Graphite""]","[""Graphite""]",[],"[""carbon""]","[""C""]",2026-03-23,,,,,,,2026-03-23,https://www.mstcecommerce.com/auctionhome/download_docs.jsp?FILE_ID=25649_GoI%20MoM%20-%20Tranche%20VII%20-%20NIT_N.pdf&path=dynamiclinks&portal=mlcl&mdTyp=-,https://www.mstcecommerce.com/auctionhome/download_docs.jsp?FILE_ID=25659_10%20Lamer-Panga%20A%20Graphite%20Block.pdf&path=dynamiclinks&portal=mlcl&mdTyp=-,https://www.mstcecommerce.com/auctionhome/download_docs.jsp?FILE_ID=25659_10%20Lamer-Panga%20A%20Graphite%20Block.pdf&path=dynamiclinks&portal=mlcl&mdTyp=-,T7_25659_10_Lamer-Panga_A_Graphite_Block.pdf,14e1fc1467d767825b139e9cafd39d76a81f023acf882a9573f5d391bba32b7a,645443.0,5.0,https://www.mstcecommerce.com/auctionhome/download_docs.jsp?FILE_ID=25649_GoI%20MoM%20-%20Tranche%20VII%20-%20NIT_N.pdf&path=dynamiclinks&portal=mlcl&mdTyp=-,T7_NIT.pdf,7fa28fb3b6986f2e9ed8d6b5724afb7048af4b43e574edbf7a2dc887db9a938c,286112.0,4.0,mbs_text_reconciled_to_official_nit,,2026-09-10,geometry_available_for_overlay_not_used_in_prospectivity_training_or_scoring
CMB-EVENT-T7-O12,official_critical_mineral_auction_event,naringpanga-south,auction_offer,7,notified for auction,Naringapanga Graphite Block,Odisha,Rayagada,CL,14.27,19.723530945228596,83.55668709569194,True,"POLYGON ((83.5535824 19.724665599999998, 83.5551114 19.7258425, 83.5562608 19.7246606, 83.5571871 19.7254488, 83.5592796 19.7227881, 83.5570102 19.720868399999997, 83.55456889999999 19.724542999999997, 83.55397549999999 19.724161799999997, 83.5535824 19.724665599999998))",8.0,14.270627488327026,0.004397255269982666,Polygon,pypdf_text,accepted,True,,"[""Graphite""]","[""Graphite""]",[],"[""carbon""]","[""C""]",2026-03-23,,,,,,,2026-03-23,https://www.mstcecommerce.com/auctionhome/download_docs.jsp?FILE_ID=25649_GoI%20MoM%20-%20Tranche%20VII%20-%20NIT_N.pdf&path=dynamiclinks&portal=mlcl&mdTyp=-,https://www.mstcecommerce.com/auctionhome/download_docs.jsp?FILE_ID=25658_9%20Naringapanga%20Graphite%20Block.pdf&path=dynamiclinks&portal=mlcl&mdTyp=-,https://www.mstcecommerce.com/auctionhome/download_docs.jsp?FILE_ID=25658_9%20Naringapanga%20Graphite%20Block.pdf&path=dynamiclinks&portal=mlcl&mdTyp=-,T7_25658_9_Naringapanga_Graphite_Block.pdf,554d499e6d1d407b5c28262d16641874da91dffad236eb24c2989693f050ad29,556053.0,5.0,https://www.mstcecommerce.com/auctionhome/download_docs.jsp?FILE_ID=25649_GoI%20MoM%20-%20Tranche%20VII%20-%20NIT_N.pdf&path=dynamiclinks&portal=mlcl&mdTyp=-,T7_NIT.pdf,7fa28fb3b6986f2e9ed8d6b5724afb7048af4b43e574edbf7a2dc887db9a938c,286112.0,4.0,mbs_text_reconciled_to_official_nit,,2026-09-10,geometry_available_for_overlay_not_used_in_prospectivity_training_or_scoring
CMB-EVENT-T7-O13,official_critical_mineral_auction_event,majhauli,auction_offer,7,notified for auction,Majhauli Titanium Vanadium and Aluminous Laterite Block,Madhya Pradesh,Jabalpur,CL,443.67,23.552189527757545,80.18899047445719,True,"POLYGON ((80.17502083333333 23.53864, 80.17719055555555 23.552185833333333, 80.20094888888889 23.5669425, 80.20674805555556 23.563004722222225, 80.199825 23.554133611111112, 80.19101472222222 23.547415, 80.17988805555557 23.535948055555558, 80.17502083333333 23.53864))",7.0,443.68978034410475,0.004458346091629203,Polygon,pypdf_text,accepted,True,,"[""Aluminous Laterite"",""Titanium"",""Vanadium""]","[""Aluminium"",""Titanium"",""Vanadium""]",[],"[""aluminium"",""titanium"",""titanium dioxide"",""vanadium""]","[""Al"",""Ti"",""TiO2"",""V""]",2026-03-23,,,,,,,2026-03-23,https://www.mstcecommerce.com/auctionhome/download_docs.jsp?FILE_ID=25649_GoI%20MoM%20-%20Tranche%20VII%20-%20NIT_N.pdf&path=dynamiclinks&portal=mlcl&mdTyp=-,https://www.mstcecommerce.com/auctionhome/download_docs.jsp?FILE_ID=25657_8%20Majhauli%20Titanium%20Vanadium%20and%20Aluminous%20Laterite%20Block.pdf&path=dynamiclinks&portal=mlcl&mdTyp=-,https://www.mstcecommerce.com/auctionhome/download_docs.jsp?FILE_ID=25657_8%20Majhauli%20Titanium%20Vanadium%20and%20Aluminous%20Laterite%20Block.pdf&path=dynamiclinks&portal=mlcl&mdTyp=-,T7_25657_8_Majhauli_Titanium_Vanadium_and_Aluminous_Laterite_Block.pdf,bef6197e3d1fa5771d481bf12565cff57bd4691ec8d880d1c81f96c4d1f7ec72,623066.0,5.0,https://www.mstcecommerce.com/auctionhome/download_docs.jsp?FILE_ID=25649_GoI%20MoM%20-%20Tranche%20VII%20-%20NIT_N.pdf&path=dynamiclinks&portal=mlcl&mdTyp=-,T7_NIT.pdf,7fa28fb3b6986f2e9ed8d6b5724afb7048af4b43e574edbf7a2dc887db9a938c,286112.0,4.0,mbs_text_reconciled_to_official_nit,,2026-09-10,geometry_available_for_overlay_not_used_in_prospectivity_training_or_scoring
CMB-EVENT-T7-O14,official_critical_mineral_auction_event,dindo-belkurta-basera,auction_offer,7,notified for auction,Dindo-Belkurta-Basera Graphite Block,Chhattisgarh,Balrampur district (Formerly Surguja district),CL,5427.37,23.917250408922545,83.37676022289293,True,"POLYGON ((83.32951666666666 23.946544444444445, 83.41485555555556 23.94801111111111, 83.41476944444445 23.88351388888889, 83.34698333333333 23.88361388888889, 83.34720833333333 23.91896666666667, 83.329625 23.919091666666667, 83.32951666666666 23.946544444444445))",6.0,5423.881829567849,0.06426999508326468,Polygon,pypdf_text,accepted,True,,"[""Graphite""]","[""Graphite""]",[],"[""carbon""]","[""C""]",2026-03-23,,,,,,,2026-03-23,https://www.mstcecommerce.com/auctionhome/download_docs.jsp?FILE_ID=25649_GoI%20MoM%20-%20Tranche%20VII%20-%20NIT_N.pdf&path=dynamiclinks&portal=mlcl&mdTyp=-,https://www.mstcecommerce.com/auctionhome/download_docs.jsp?FILE_ID=25656_7%20Dindo-Belkurta-Basera%20Graphite%20Block.pdf&path=dynamiclinks&portal=mlcl&mdTyp=-,https://www.mstcecommerce.com/auctionhome/download_docs.jsp?FILE_ID=25656_7%20Dindo-Belkurta-Basera%20Graphite%20Block.pdf&path=dynamiclinks&portal=mlcl&mdTyp=-,T7_25656_7_Dindo-Belkurta-Basera_Graphite_Block.pdf,a6767d423198b1ffe19690ca0ca327bba18f73237d9a2bb954735ab51b2aae48,581385.0,5.0,https://www.mstcecommerce.com/auctionhome/download_docs.jsp?FILE_ID=25649_GoI%20MoM%20-%20Tranche%20VII%20-%20NIT_N.pdf&path=dynamiclinks&portal=mlcl&mdTyp=-,T7_NIT.pdf,7fa28fb3b6986f2e9ed8d6b5724afb7048af4b43e574edbf7a2dc887db9a938c,286112.0,4.0,mbs_text_reconciled_to_official_nit,,2026-09-10,geometry_available_for_overlay_not_used_in_prospectivity_training_or_scoring
CMB-EVENT-T7-O15,official_critical_mineral_auction_event,karahibhadar,auction_offer,7,notified for auction,Karahibhadar Glauconite Block,Chhattisgarh,Balod,CL,2704.96,20.693326732279,81.3107811247655,True,"POLYGON ((81.26298333333334 20.71098611111111, 81.35772499999999 20.70076111111111, 81.35639444444443 20.675069444444446, 81.26419166666666 20.686475, 81.26298333333334 20.71098611111111))",4.0,2707.051397400963,0.07731712856985538,Polygon,pypdf_text,accepted,True,,"[""Glauconite""]",[],"[""Glauconite""]",[],[],2026-03-23,,,,,,,2026-03-23,https://www.mstcecommerce.com/auctionhome/download_docs.jsp?FILE_ID=25649_GoI%20MoM%20-%20Tranche%20VII%20-%20NIT_N.pdf&path=dynamiclinks&portal=mlcl&mdTyp=-,https://www.mstcecommerce.com/auctionhome/download_docs.jsp?FILE_ID=25655_6%20Karahibhadar%20Glauconite%20Block.pdf&path=dynamiclinks&portal=mlcl&mdTyp=-,https://www.mstcecommerce.com/auctionhome/download_docs.jsp?FILE_ID=25655_6%20Karahibhadar%20Glauconite%20Block.pdf&path=dynamiclinks&portal=mlcl&mdTyp=-,T7_25655_6_Karahibhadar_Glauconite_Block.pdf,4ba8703592b5fc173c475e9fcfebc92e42a836175c1a78a6d2182f4d01f82209,552997.0,5.0,https://www.mstcecommerce.com/auctionhome/download_docs.jsp?FILE_ID=25649_GoI%20MoM%20-%20Tranche%20VII%20-%20NIT_N.pdf&path=dynamiclinks&portal=mlcl&mdTyp=-,T7_NIT.pdf,7fa28fb3b6986f2e9ed8d6b5724afb7048af4b43e574edbf7a2dc887db9a938c,286112.0,4.0,mbs_text_reconciled_to_official_nit,,2026-09-10,geometry_available_for_overlay_not_used_in_prospectivity_training_or_scoring
CMB-EVENT-T7-O16,official_critical_mineral_auction_event,gurur,auction_offer,7,notified for auction,Gurur Glauconite Block,Chhattisgarh,Balod and Dhamtari,CL,4017.62,20.678424302519993,81.42890254289371,True,"POLYGON ((81.36056666666666 20.700241666666667, 81.5 20.68111388888889, 81.5 20.657202777777776, 81.35843333333332 20.67481666666667, 81.36056666666666 20.700241666666667))",4.0,4020.5338007900477,0.0725255447266751,Polygon,pypdf_text,accepted,True,,"[""Glauconite""]",[],"[""Glauconite""]",[],[],2026-03-23,,,,,,,2026-03-23,https://www.mstcecommerce.com/auctionhome/download_docs.jsp?FILE_ID=25649_GoI%20MoM%20-%20Tranche%20VII%20-%20NIT_N.pdf&path=dynamiclinks&portal=mlcl&mdTyp=-,https://www.mstcecommerce.com/auctionhome/download_docs.jsp?FILE_ID=25654_5%20Gurur%20Glauconite%20Block.pdf&path=dynamiclinks&portal=mlcl&mdTyp=-,https://www.mstcecommerce.com/auctionhome/download_docs.jsp?FILE_ID=25654_5%20Gurur%20Glauconite%20Block.pdf&path=dynamiclinks&portal=mlcl&mdTyp=-,T7_25654_5_Gurur_Glauconite_Block.pdf,dd4380a2472bc8ee063947648aa777eb97fa4df187fe1a6a338677d9da132409,619081.0,5.0,https://www.mstcecommerce.com/auctionhome/download_docs.jsp?FILE_ID=25649_GoI%20MoM%20-%20Tranche%20VII%20-%20NIT_N.pdf&path=dynamiclinks&portal=mlcl&mdTyp=-,T7_NIT.pdf,7fa28fb3b6986f2e9ed8d6b5724afb7048af4b43e574edbf7a2dc887db9a938c,286112.0,4.0,mbs_text_reconciled_to_official_nit,,2026-09-10,geometry_available_for_overlay_not_used_in_prospectivity_training_or_scoring
CMB-EVENT-T7-O17,official_critical_mineral_auction_event,sapneri,auction_offer,7,notified for auction,Sapneri Vanadium bearing Magnetite-Ilmenite Block,Bihar,Gaya,CL,124.55,25.015209598247573,85.15358710663685,True,"POLYGON ((85.14700833333335 25.01679722222222, 85.1604638888889 25.022027777777776, 85.1604638888889 25.0143, 85.14700833333335 25.007969444444445, 85.14700833333335 25.01679722222222))",4.0,124.53805511684418,0.009590432080144687,Polygon,pypdf_text,accepted,True,,"[""Ilmenite"",""Magnetite"",""Vanadium""]","[""Titanium"",""Iron"",""Vanadium""]",[],"[""iron"",""titanium"",""titanium dioxide"",""vanadium""]","[""Fe"",""Ti"",""TiO2"",""V""]",2026-03-23,,,,,,,2026-03-23,https://www.mstcecommerce.com/auctionhome/download_docs.jsp?FILE_ID=25649_GoI%20MoM%20-%20Tranche%20VII%20-%20NIT_N.pdf&path=dynamiclinks&portal=mlcl&mdTyp=-,https://www.mstcecommerce.com/auctionhome/download_docs.jsp?FILE_ID=25653_4%20Sapneri%20Vanadium%20bearing%20Magnetite-Ilmenite%20Block.pdf&path=dynamiclinks&portal=mlcl&mdTyp=-,https://www.mstcecommerce.com/auctionhome/download_docs.jsp?FILE_ID=25653_4%20Sapneri%20Vanadium%20bearing%20Magnetite-Ilmenite%20Block.pdf&path=dynamiclinks&portal=mlcl&mdTyp=-,T7_25653_4_Sapneri_Vanadium_bearing_Magnetite-Ilmenite_Block.pdf,bcc0e9e0408928ee22f1ed420ea61791e44a675bc293bda2138618762cf1660b,493133.0,5.0,https://www.mstcecommerce.com/auctionhome/download_docs.jsp?FILE_ID=25649_GoI%20MoM%20-%20Tranche%20VII%20-%20NIT_N.pdf&path=dynamiclinks&portal=mlcl&mdTyp=-,T7_NIT.pdf,7fa28fb3b6986f2e9ed8d6b5724afb7048af4b43e574edbf7a2dc887db9a938c,286112.0,4.0,mbs_text_reconciled_to_official_nit,,2026-09-10,geometry_available_for_overlay_not_used_in_prospectivity_training_or_scoring
CMB-EVENT-T7-O18,official_critical_mineral_auction_event,shahpur,auction_offer,7,notified for auction,Shahpur Glauconite Block,Bihar,Rohtas,CL,833.18,24.59423059540483,83.93946426700448,True,"POLYGON ((83.90298305555557 24.572224444444444, 83.97027888888888 24.622925555555558, 83.97648305555556 24.616654722222222, 83.908005 24.565099444444446, 83.90298305555557 24.572224444444444))",4.0,832.0278360185384,0.13828512223787331,Polygon,pypdf_text,accepted,True,,"[""Glauconite""]",[],"[""Glauconite""]",[],[],2026-03-23,,,,,,,2026-03-23,https://www.mstcecommerce.com/auctionhome/download_docs.jsp?FILE_ID=25649_GoI%20MoM%20-%20Tranche%20VII%20-%20NIT_N.pdf&path=dynamiclinks&portal=mlcl&mdTyp=-,https://www.mstcecommerce.com/auctionhome/download_docs.jsp?FILE_ID=25652_3%20Shahpur%20Glauconite%20Block.pdf&path=dynamiclinks&portal=mlcl&mdTyp=-,https://www.mstcecommerce.com/auctionhome/download_docs.jsp?FILE_ID=25652_3%20Shahpur%20Glauconite%20Block.pdf&path=dynamiclinks&portal=mlcl&mdTyp=-,T7_25652_3_Shahpur_Glauconite_Block.pdf,5c23365aeb73148ab8ca36e91cd54cc03c274aa0e2149e1e0c4775621faeb70b,500080.0,5.0,https://www.mstcecommerce.com/auctionhome/download_docs.jsp?FILE_ID=25649_GoI%20MoM%20-%20Tranche%20VII%20-%20NIT_N.pdf&path=dynamiclinks&portal=mlcl&mdTyp=-,T7_NIT.pdf,7fa28fb3b6986f2e9ed8d6b5724afb7048af4b43e574edbf7a2dc887db9a938c,286112.0,4.0,mbs_text_reconciled_to_official_nit,,2026-09-10,geometry_available_for_overlay_not_used_in_prospectivity_training_or_scoring
CMB-EVENT-T7-O19,official_critical_mineral_auction_event,tipa,auction_offer,7,notified for auction,Tipa Glauconite Block,Bihar,Rohtas,CL,750.71,24.55729356424299,83.83113936639288,True,"POLYGON ((83.82212666666666 24.54194027777778, 83.84587972222222 24.546095833333336, 83.84006388888888 24.574146944444443, 83.81556305555556 24.56616111111111, 83.82212666666666 24.54194027777778))",4.0,749.7830224693776,0.12348010957926232,Polygon,pypdf_text,accepted,True,,"[""Glauconite""]",[],"[""Glauconite""]",[],[],2026-03-23,,,,,,,2026-03-23,https://www.mstcecommerce.com/auctionhome/download_docs.jsp?FILE_ID=25649_GoI%20MoM%20-%20Tranche%20VII%20-%20NIT_N.pdf&path=dynamiclinks&portal=mlcl&mdTyp=-,https://www.mstcecommerce.com/auctionhome/download_docs.jsp?FILE_ID=25651_2%20Tipa%20Glauconite%20Block.pdf&path=dynamiclinks&portal=mlcl&mdTyp=-,https://www.mstcecommerce.com/auctionhome/download_docs.jsp?FILE_ID=25651_2%20Tipa%20Glauconite%20Block.pdf&path=dynamiclinks&portal=mlcl&mdTyp=-,T7_25651_2_Tipa_Glauconite_Block.pdf,d29d1b3060022bcdaeca867a002f67368b8b260d731324694b0f2a96e8596057,491208.0,5.0,https://www.mstcecommerce.com/auctionhome/download_docs.jsp?FILE_ID=25649_GoI%20MoM%20-%20Tranche%20VII%20-%20NIT_N.pdf&path=dynamiclinks&portal=mlcl&mdTyp=-,T7_NIT.pdf,7fa28fb3b6986f2e9ed8d6b5724afb7048af4b43e574edbf7a2dc887db9a938c,286112.0,4.0,mbs_text_reconciled_to_official_nit,,2026-09-10,geometry_available_for_overlay_not_used_in_prospectivity_training_or_scoring
CMB-EVENT-T8-O01,official_critical_mineral_auction_event,revised-lanjabanda,auction_offer,8,notified for auction,Revised Lanjabanda Mine Block,Andhra Pradesh,Kurnool,CL,396.781,15.4988,77.99488500000001,True,"POLYGON ((77.98555 15.50775, 78.00422 15.50775, 78.00422 15.48985, 77.98555 15.48985, 77.98555 15.50775))",4.0,396.78112321834567,3.105449748441706e-05,Polygon,pypdf_text,accepted,True,,"[""Molybdenum""]","[""Molybdenum""]",[],"[""molybdenum""]","[""Mo""]",2026-07-15,,,,,,,2026-07-15,https://www.mstcecommerce.com/auctionhome/download_docs.jsp?FILE_ID=27316_GoI%20MoM%20-%20Tranche%20VIII%20-%20NIT.pdf&path=dynamiclinks&portal=mlcl&mdTyp=-,https://www.mstcecommerce.com/auctionhome/download_docs.jsp?FILE_ID=27789_Revised%20Lanjabanda%20Mine%20Block%20Summary.pdf&path=dynamiclinks&portal=mlcl&mdTyp=-,https://www.mstcecommerce.com/auctionhome/download_docs.jsp?FILE_ID=27789_Revised%20Lanjabanda%20Mine%20Block%20Summary.pdf&path=dynamiclinks&portal=mlcl&mdTyp=-,T8_27789_Revised_Lanjabanda_Mine_Block_Summary.pdf,1071f7a2ddd2d08c6decc991362f9e504a8e217b0b35ed3d267a175c3f014909,565116.0,5.0,https://www.mstcecommerce.com/auctionhome/download_docs.jsp?FILE_ID=27316_GoI%20MoM%20-%20Tranche%20VIII%20-%20NIT.pdf&path=dynamiclinks&portal=mlcl&mdTyp=-,T8_NIT.pdf,e83b168ec651cd3ae3029dcf1dd330f0631e0b342595fa9ad33f95b0ebb6ae5b,289132.0,4.0,mbs_text_reconciled_to_official_nit,,2026-09-10,geometry_available_for_overlay_not_used_in_prospectivity_training_or_scoring
CMB-EVENT-T8-O02,official_critical_mineral_auction_event,shergarh-sherawala-ramsara-dalmirkhera,auction_offer,8,notified for auction,Shergarh-Sherawala- Ramsara-Dalmirkhera Potash And Halite Block,Punjab,Fazilka,CL,4592.95,30.014000769207733,74.05964183388751,True,"POLYGON ((74.032906 30.054544, 74.085264 30.055348, 74.086429 29.972995, 74.033732 29.973284, 74.032906 30.054544))",4.0,4595.697542994124,0.059820877521509275,Polygon,pypdf_text,accepted,True,,"[""Halite"",""Potash""]","[""Potash""]","[""Halite""]","[""potassium chloride"",""potassium sulfate""]","[""K2SO4"",""KCl""]",2026-07-15,,,,,,,2026-07-15,https://www.mstcecommerce.com/auctionhome/download_docs.jsp?FILE_ID=27316_GoI%20MoM%20-%20Tranche%20VIII%20-%20NIT.pdf&path=dynamiclinks&portal=mlcl&mdTyp=-,https://www.mstcecommerce.com/auctionhome/download_docs.jsp?FILE_ID=27342_Shergarh-Sherawala-%20Ramsara-Dalmirkhera%20Potash%20And%20Halite%20Block_MBS.pdf&path=dynamiclinks&portal=mlcl&mdTyp=-,https://www.mstcecommerce.com/auctionhome/download_docs.jsp?FILE_ID=27342_Shergarh-Sherawala-%20Ramsara-Dalmirkhera%20Potash%20And%20Halite%20Block_MBS.pdf&path=dynamiclinks&portal=mlcl&mdTyp=-,T8_27342_Shergarh-Sherawala-_Ramsara-Dalmirkhera_Potash_And_Halite_Block_MBS.pdf,7923c620906938dda7a37ef44850c81e8cd26ad8493b9aa6dfc6a7d86f092a28,581234.0,5.0,https://www.mstcecommerce.com/auctionhome/download_docs.jsp?FILE_ID=27316_GoI%20MoM%20-%20Tranche%20VIII%20-%20NIT.pdf&path=dynamiclinks&portal=mlcl&mdTyp=-,T8_NIT.pdf,e83b168ec651cd3ae3029dcf1dd330f0631e0b342595fa9ad33f95b0ebb6ae5b,289132.0,4.0,mbs_text_reconciled_to_official_nit,,2026-09-10,geometry_available_for_overlay_not_used_in_prospectivity_training_or_scoring
CMB-EVENT-T8-O03,official_critical_mineral_auction_event,naringpanga-south,auction_offer,8,notified for auction,Naringpanga South Graphite Block,Odisha,Rayagada,CL,14.27,19.723530945228596,83.55668709569194,True,"POLYGON ((83.5535824 19.724665599999998, 83.5551114 19.7258425, 83.5562608 19.7246606, 83.5571871 19.7254488, 83.5592796 19.7227881, 83.5570102 19.720868399999997, 83.55456889999999 19.724542999999997, 83.55397549999999 19.724161799999997, 83.5535824 19.724665599999998))",8.0,14.270627488327026,0.004397255269982666,Polygon,pypdf_text,accepted,True,,"[""Graphite""]","[""Graphite""]",[],"[""carbon""]","[""C""]",2026-07-15,,,,,,,2026-07-15,https://www.mstcecommerce.com/auctionhome/download_docs.jsp?FILE_ID=27316_GoI%20MoM%20-%20Tranche%20VIII%20-%20NIT.pdf&path=dynamiclinks&portal=mlcl&mdTyp=-,https://www.mstcecommerce.com/auctionhome/download_docs.jsp?FILE_ID=27341_Naringpanga%20South%20Graphite%20Block_MBS.pdf&path=dynamiclinks&portal=mlcl&mdTyp=-,https://www.mstcecommerce.com/auctionhome/download_docs.jsp?FILE_ID=27341_Naringpanga%20South%20Graphite%20Block_MBS.pdf&path=dynamiclinks&portal=mlcl&mdTyp=-,T8_27341_Naringpanga_South_Graphite_Block_MBS.pdf,554d499e6d1d407b5c28262d16641874da91dffad236eb24c2989693f050ad29,556053.0,5.0,https://www.mstcecommerce.com/auctionhome/download_docs.jsp?FILE_ID=27316_GoI%20MoM%20-%20Tranche%20VIII%20-%20NIT.pdf&path=dynamiclinks&portal=mlcl&mdTyp=-,T8_NIT.pdf,e83b168ec651cd3ae3029dcf1dd330f0631e0b342595fa9ad33f95b0ebb6ae5b,289132.0,4.0,mbs_text_reconciled_to_official_nit,,2026-09-10,geometry_available_for_overlay_not_used_in_prospectivity_training_or_scoring
CMB-EVENT-T8-O04,official_critical_mineral_auction_event,karahibhadar,auction_offer,8,notified for auction,Karahibhadar Glauconite Block,Chhattisgarh,Balod,CL,2704.96,20.693326732279,81.3107811247655,True,"POLYGON ((81.26298333333334 20.71098611111111, 81.35772499999999 20.70076111111111, 81.35639444444443 20.675069444444446, 81.26419166666666 20.686475, 81.26298333333334 20.71098611111111))",4.0,2707.051397400963,0.07731712856985538,Polygon,pypdf_text,accepted,True,,"[""Glauconite""]",[],"[""Glauconite""]",[],[],2026-07-15,,,,,,,2026-07-15,https://www.mstcecommerce.com/auctionhome/download_docs.jsp?FILE_ID=27316_GoI%20MoM%20-%20Tranche%20VIII%20-%20NIT.pdf&path=dynamiclinks&portal=mlcl&mdTyp=-,https://www.mstcecommerce.com/auctionhome/download_docs.jsp?FILE_ID=27340_Karahibhadar%20Glauconite%20Block.pdf&path=dynamiclinks&portal=mlcl&mdTyp=-,https://www.mstcecommerce.com/auctionhome/download_docs.jsp?FILE_ID=27340_Karahibhadar%20Glauconite%20Block.pdf&path=dynamiclinks&portal=mlcl&mdTyp=-,T8_27340_Karahibhadar_Glauconite_Block.pdf,4ba8703592b5fc173c475e9fcfebc92e42a836175c1a78a6d2182f4d01f82209,552997.0,5.0,https://www.mstcecommerce.com/auctionhome/download_docs.jsp?FILE_ID=27316_GoI%20MoM%20-%20Tranche%20VIII%20-%20NIT.pdf&path=dynamiclinks&portal=mlcl&mdTyp=-,T8_NIT.pdf,e83b168ec651cd3ae3029dcf1dd330f0631e0b342595fa9ad33f95b0ebb6ae5b,289132.0,4.0,mbs_text_reconciled_to_official_nit,,2026-09-10,geometry_available_for_overlay_not_used_in_prospectivity_training_or_scoring
CMB-EVENT-T8-O05,official_critical_mineral_auction_event,gurur,auction_offer,8,notified for auction,Gurur Glauconite Block,Chhattisgarh,Balod and Dhamtari,CL,4017.62,20.678424302519993,81.42890254289371,True,"POLYGON ((81.36056666666666 20.700241666666667, 81.5 20.68111388888889, 81.5 20.657202777777776, 81.35843333333332 20.67481666666667, 81.36056666666666 20.700241666666667))",4.0,4020.5338007900477,0.0725255447266751,Polygon,pypdf_text,accepted,True,,"[""Glauconite""]",[],"[""Glauconite""]",[],[],2026-07-15,,,,,,,2026-07-15,https://www.mstcecommerce.com/auctionhome/download_docs.jsp?FILE_ID=27316_GoI%20MoM%20-%20Tranche%20VIII%20-%20NIT.pdf&path=dynamiclinks&portal=mlcl&mdTyp=-,https://www.mstcecommerce.com/auctionhome/download_docs.jsp?FILE_ID=27339_Gurur%20Glauconite%20Block_MBS.pdf&path=dynamiclinks&portal=mlcl&mdTyp=-,https://www.mstcecommerce.com/auctionhome/download_docs.jsp?FILE_ID=27339_Gurur%20Glauconite%20Block_MBS.pdf&path=dynamiclinks&portal=mlcl&mdTyp=-,T8_27339_Gurur_Glauconite_Block_MBS.pdf,dd4380a2472bc8ee063947648aa777eb97fa4df187fe1a6a338677d9da132409,619081.0,5.0,https://www.mstcecommerce.com/auctionhome/download_docs.jsp?FILE_ID=27316_GoI%20MoM%20-%20Tranche%20VIII%20-%20NIT.pdf&path=dynamiclinks&portal=mlcl&mdTyp=-,T8_NIT.pdf,e83b168ec651cd3ae3029dcf1dd330f0631e0b342595fa9ad33f95b0ebb6ae5b,289132.0,4.0,mbs_text_reconciled_to_official_nit,,2026-09-10,geometry_available_for_overlay_not_used_in_prospectivity_training_or_scoring
CMB-EVENT-T8-O06,official_critical_mineral_auction_event,tipa,auction_offer,8,notified for auction,Tipa Glauconite Block,Bihar,Rohtas,CL,750.71,24.55729356424299,83.83113936639288,True,"POLYGON ((83.82212666666666 24.54194027777778, 83.84587972222222 24.546095833333336, 83.84006388888888 24.574146944444443, 83.81556305555556 24.56616111111111, 83.82212666666666 24.54194027777778))",4.0,749.7830224693776,0.12348010957926232,Polygon,pypdf_text,accepted,True,,"[""Glauconite""]",[],"[""Glauconite""]",[],[],2026-07-15,,,,,,,2026-07-15,https://www.mstcecommerce.com/auctionhome/download_docs.jsp?FILE_ID=27316_GoI%20MoM%20-%20Tranche%20VIII%20-%20NIT.pdf&path=dynamiclinks&portal=mlcl&mdTyp=-,https://www.mstcecommerce.com/auctionhome/download_docs.jsp?FILE_ID=27338_Tipa%20Glauconite%20Block_MBS.pdf&path=dynamiclinks&portal=mlcl&mdTyp=-,https://www.mstcecommerce.com/auctionhome/download_docs.jsp?FILE_ID=27338_Tipa%20Glauconite%20Block_MBS.pdf&path=dynamiclinks&portal=mlcl&mdTyp=-,T8_27338_Tipa_Glauconite_Block_MBS.pdf,d29d1b3060022bcdaeca867a002f67368b8b260d731324694b0f2a96e8596057,491208.0,5.0,https://www.mstcecommerce.com/auctionhome/download_docs.jsp?FILE_ID=27316_GoI%20MoM%20-%20Tranche%20VIII%20-%20NIT.pdf&path=dynamiclinks&portal=mlcl&mdTyp=-,T8_NIT.pdf,e83b168ec651cd3ae3029dcf1dd330f0631e0b342595fa9ad33f95b0ebb6ae5b,289132.0,4.0,mbs_text_reconciled_to_official_nit,,2026-09-10,geometry_available_for_overlay_not_used_in_prospectivity_training_or_scoring
CMB-EVENT-T8-O07,official_critical_mineral_auction_event,sapneri,auction_offer,8,notified for auction,Sapneri Vanadium bearing Magnetite-Ilmenite Block,Bihar,Gaya,CL,124.55,25.015209598247573,85.15358710663685,True,"POLYGON ((85.14700833333335 25.01679722222222, 85.1604638888889 25.022027777777776, 85.1604638888889 25.0143, 85.14700833333335 25.007969444444445, 85.14700833333335 25.01679722222222))",4.0,124.53805511684418,0.009590432080144687,Polygon,pypdf_text,accepted,True,,"[""Ilmenite"",""Magnetite"",""Vanadium""]","[""Titanium"",""Iron"",""Vanadium""]",[],"[""iron"",""titanium"",""titanium dioxide"",""vanadium""]","[""Fe"",""Ti"",""TiO2"",""V""]",2026-07-15,,,,,,,2026-07-15,https://www.mstcecommerce.com/auctionhome/download_docs.jsp?FILE_ID=27316_GoI%20MoM%20-%20Tranche%20VIII%20-%20NIT.pdf&path=dynamiclinks&portal=mlcl&mdTyp=-,https://www.mstcecommerce.com/auctionhome/download_docs.jsp?FILE_ID=27337_Sapneri%20Vanadium%20bearing%20Magnetite-Ilmenite%20Block_MBS.pdf&path=dynamiclinks&portal=mlcl&mdTyp=-,https://www.mstcecommerce.com/auctionhome/download_docs.jsp?FILE_ID=27337_Sapneri%20Vanadium%20bearing%20Magnetite-Ilmenite%20Block_MBS.pdf&path=dynamiclinks&portal=mlcl&mdTyp=-,T8_27337_Sapneri_Vanadium_bearing_Magnetite-Ilmenite_Block_MBS.pdf,bcc0e9e0408928ee22f1ed420ea61791e44a675bc293bda2138618762cf1660b,493133.0,5.0,https://www.mstcecommerce.com/auctionhome/download_docs.jsp?FILE_ID=27316_GoI%20MoM%20-%20Tranche%20VIII%20-%20NIT.pdf&path=dynamiclinks&portal=mlcl&mdTyp=-,T8_NIT.pdf,e83b168ec651cd3ae3029dcf1dd330f0631e0b342595fa9ad33f95b0ebb6ae5b,289132.0,4.0,mbs_text_reconciled_to_official_nit,,2026-09-10,geometry_available_for_overlay_not_used_in_prospectivity_training_or_scoring
CMB-EVENT-T8-O08,official_critical_mineral_auction_event,nawara-nawadih,auction_offer,8,notified for auction,Nawara-Nawadih Glauconite Block,Bihar,Rohtas,CL,1012.57,24.558501141142198,83.87304683437326,True,"POLYGON ((83.84293722222222 24.560290000000002, 83.84583611111111 24.54630638888889, 83.87340388888889 24.548607222222223, 83.9049863888889 24.561552777777777, 83.9031813888889 24.5719375, 83.84293722222222 24.560290000000002))",5.0,1011.2697095014333,0.12841487487943648,Polygon,pypdf_text,accepted,True,,"[""Glauconite""]",[],"[""Glauconite""]",[],[],2026-07-15,,,,,,,2026-07-15,https://www.mstcecommerce.com/auctionhome/download_docs.jsp?FILE_ID=27316_GoI%20MoM%20-%20Tranche%20VIII%20-%20NIT.pdf&path=dynamiclinks&portal=mlcl&mdTyp=-,https://www.mstcecommerce.com/auctionhome/download_docs.jsp?FILE_ID=27336_Nawara-Nawadih%20Glauconite%20Block_MBS.pdf&path=dynamiclinks&portal=mlcl&mdTyp=-,https://www.mstcecommerce.com/auctionhome/download_docs.jsp?FILE_ID=27336_Nawara-Nawadih%20Glauconite%20Block_MBS.pdf&path=dynamiclinks&portal=mlcl&mdTyp=-,T8_27336_Nawara-Nawadih_Glauconite_Block_MBS.pdf,c08cacc0e324977635511e57bba73644304bdd976742edeffa6fc9b0069d9208,443700.0,5.0,https://www.mstcecommerce.com/auctionhome/download_docs.jsp?FILE_ID=27316_GoI%20MoM%20-%20Tranche%20VIII%20-%20NIT.pdf&path=dynamiclinks&portal=mlcl&mdTyp=-,T8_NIT.pdf,e83b168ec651cd3ae3029dcf1dd330f0631e0b342595fa9ad33f95b0ebb6ae5b,289132.0,4.0,mbs_text_reconciled_to_official_nit,,2026-09-10,geometry_available_for_overlay_not_used_in_prospectivity_training_or_scoring
CMB-EVENT-T8-O09,official_critical_mineral_auction_event,beku,auction_offer,8,notified for auction,Beku Rare Metal Block,West Bengal,Purulia,CL,103.0,23.43686810211514,85.96136461972591,True,"POLYGON ((85.95636486111111 23.44142186111111, 85.96629269444445 23.441487916666667, 85.96636402777779 23.432314222222224, 85.95643688888889 23.432248194444444, 85.95636486111111 23.44142186111111))",4.0,103.07579131751359,0.07358380341125353,Polygon,pypdf_text,accepted,True,,"[""Rare metals"",""Cesium"",""Lithium"",""Rubidium""]","[""Lithium""]","[""Rare metals"",""Cesium"",""Rubidium""]","[""lithium""]","[""Li""]",2026-07-15,,,,,,,2026-07-15,https://www.mstcecommerce.com/auctionhome/download_docs.jsp?FILE_ID=27316_GoI%20MoM%20-%20Tranche%20VIII%20-%20NIT.pdf&path=dynamiclinks&portal=mlcl&mdTyp=-,https://www.mstcecommerce.com/auctionhome/download_docs.jsp?FILE_ID=27335_Beku%20Rare%20Metal%20Block_MBS.pdf&path=dynamiclinks&portal=mlcl&mdTyp=-,https://www.mstcecommerce.com/auctionhome/download_docs.jsp?FILE_ID=27335_Beku%20Rare%20Metal%20Block_MBS.pdf&path=dynamiclinks&portal=mlcl&mdTyp=-,T8_27335_Beku_Rare_Metal_Block_MBS.pdf,ca2ddc46d2ff9f625cf9735129436d419251979c21b3c4024782f8c4616b1e48,496687.0,5.0,https://www.mstcecommerce.com/auctionhome/download_docs.jsp?FILE_ID=27316_GoI%20MoM%20-%20Tranche%20VIII%20-%20NIT.pdf&path=dynamiclinks&portal=mlcl&mdTyp=-,T8_NIT.pdf,e83b168ec651cd3ae3029dcf1dd330f0631e0b342595fa9ad33f95b0ebb6ae5b,289132.0,4.0,mbs_text_reconciled_to_official_nit,,2026-09-10,geometry_available_for_overlay_not_used_in_prospectivity_training_or_scoring
CMB-EVENT-T8-O10,official_critical_mineral_auction_event,baswapur,auction_offer,8,notified for auction,"Baswapur Titanium, Vanadium, Gallium and Aluminous Laterite Block",Telangana,Vikarabad,CL,405.67,17.451111111111107,77.67083333333335,True,"POLYGON ((77.6588888888889 17.458333333333332, 77.68277777777779 17.458333333333332, 77.68277777777779 17.44388888888889, 77.6588888888889 17.44388888888889, 77.6588888888889 17.458333333333332))",4.0,405.67792896499634,0.0019545357054562423,Polygon,pypdf_text,accepted,True,Validated against the undivided Andhra Pradesh boundary in the 2011 Census layer.,"[""Aluminous Laterite"",""Gallium"",""Titanium"",""Vanadium""]","[""Aluminium"",""Gallium"",""Titanium"",""Vanadium""]",[],"[""aluminium"",""gallium"",""titanium"",""titanium dioxide"",""vanadium""]","[""Al"",""Ga"",""Ti"",""TiO2"",""V""]",2026-07-15,,,,,,,2026-07-15,https://www.mstcecommerce.com/auctionhome/download_docs.jsp?FILE_ID=27316_GoI%20MoM%20-%20Tranche%20VIII%20-%20NIT.pdf&path=dynamiclinks&portal=mlcl&mdTyp=-,"https://www.mstcecommerce.com/auctionhome/download_docs.jsp?FILE_ID=27334_Baswapur%20Titanium,%20Vanadium,%20Gallium%20and%20Aluminous%20Laterite%20Block_MBS.pdf&path=dynamiclinks&portal=mlcl&mdTyp=-","https://www.mstcecommerce.com/auctionhome/download_docs.jsp?FILE_ID=27334_Baswapur%20Titanium,%20Vanadium,%20Gallium%20and%20Aluminous%20Laterite%20Block_MBS.pdf&path=dynamiclinks&portal=mlcl&mdTyp=-",T8_27334_Baswapur_Titanium_Vanadium_Gallium_and_Aluminous_Laterite_Block_MBS.pdf,c294fd9e514d41be4554ec64a2dd351277e35fd2a8af1b6f09da4f0bcab37ab9,561936.0,5.0,https://www.mstcecommerce.com/auctionhome/download_docs.jsp?FILE_ID=27316_GoI%20MoM%20-%20Tranche%20VIII%20-%20NIT.pdf&path=dynamiclinks&portal=mlcl&mdTyp=-,T8_NIT.pdf,e83b168ec651cd3ae3029dcf1dd330f0631e0b342595fa9ad33f95b0ebb6ae5b,289132.0,4.0,mbs_text_reconciled_to_official_nit,,2026-09-10,geometry_available_for_overlay_not_used_in_prospectivity_training_or_scoring
CMB-EVENT-T8-O11,official_critical_mineral_auction_event,miyan-ki-dhani-east,auction_offer,8,notified for auction,Miyan Ki Dhani East Tungsten and Associated Mineral Block,Rajasthan,Nagaur,CL,65.59,26.906964843757006,74.27487459517249,True,"POLYGON ((74.26845083333333 26.90891472222222, 74.27160777777777 26.912326944444445, 74.2820713888889 26.904546666666665, 74.27953194444444 26.901801666666664, 74.27505833333333 26.90512833333333, 74.27330194444444 26.903791666666667, 74.26845083333333 26.90891472222222))",6.0,65.59417143214941,0.006359859962502695,Polygon,pypdf_text,accepted,True,,"[""Associated minerals"",""Tungsten""]","[""Tungsten""]","[""Associated minerals""]","[""tungsten""]","[""W""]",2026-07-15,,,,,,,2026-07-15,https://www.mstcecommerce.com/auctionhome/download_docs.jsp?FILE_ID=27316_GoI%20MoM%20-%20Tranche%20VIII%20-%20NIT.pdf&path=dynamiclinks&portal=mlcl&mdTyp=-,https://www.mstcecommerce.com/auctionhome/download_docs.jsp?FILE_ID=27333_Miyan%20Ki%20Dhani%20East%20Tungsten%20and%20Associated%20Mineral%20Block_MBS.pdf&path=dynamiclinks&portal=mlcl&mdTyp=-,https://www.mstcecommerce.com/auctionhome/download_docs.jsp?FILE_ID=27333_Miyan%20Ki%20Dhani%20East%20Tungsten%20and%20Associated%20Mineral%20Block_MBS.pdf&path=dynamiclinks&portal=mlcl&mdTyp=-,T8_27333_Miyan_Ki_Dhani_East_Tungsten_and_Associated_Mineral_Block_MBS.pdf,edd1c89920d5348fa9dc5ad07e211d03410eab4aeb31c17a51fab261e1ac1f0c,555578.0,5.0,https://www.mstcecommerce.com/auctionhome/download_docs.jsp?FILE_ID=27316_GoI%20MoM%20-%20Tranche%20VIII%20-%20NIT.pdf&path=dynamiclinks&portal=mlcl&mdTyp=-,T8_NIT.pdf,e83b168ec651cd3ae3029dcf1dd330f0631e0b342595fa9ad33f95b0ebb6ae5b,289132.0,4.0,mbs_text_reconciled_to_official_nit,,2026-09-10,geometry_available_for_overlay_not_used_in_prospectivity_training_or_scoring
CMB-EVENT-T8-O12,official_critical_mineral_auction_event,chistiyan-south,auction_offer,8,notified for auction,Chistiyan South Potash and Halite Block,Rajasthan,Hanumangarh,ML,199.5614,29.650411909042358,74.24692139477716,True,"POLYGON ((74.23982388888889 29.654374444444443, 74.24745916666667 29.654418055555553, 74.24740444444444 29.661798333333333, 74.2523986111111 29.661830555555554, 74.25254027777778 29.642640555555555, 74.23989527777778 29.64256861111111, 74.23982388888889 29.654374444444443))",6.0,199.69482303341775,0.06685813660244727,Polygon,pypdf_text,accepted,True,,"[""Halite"",""Potash""]","[""Potash""]","[""Halite""]","[""potassium chloride"",""potassium sulfate""]","[""K2SO4"",""KCl""]",2026-07-15,,,,,,,2026-07-15,https://www.mstcecommerce.com/auctionhome/download_docs.jsp?FILE_ID=27316_GoI%20MoM%20-%20Tranche%20VIII%20-%20NIT.pdf&path=dynamiclinks&portal=mlcl&mdTyp=-,https://www.mstcecommerce.com/auctionhome/download_docs.jsp?FILE_ID=27332_Chistiyan%20South%20Potash%20and%20Halite%20Block_MBS.pdf&path=dynamiclinks&portal=mlcl&mdTyp=-,https://www.mstcecommerce.com/auctionhome/download_docs.jsp?FILE_ID=27332_Chistiyan%20South%20Potash%20and%20Halite%20Block_MBS.pdf&path=dynamiclinks&portal=mlcl&mdTyp=-,T8_27332_Chistiyan_South_Potash_and_Halite_Block_MBS.pdf,672fcacab5ab984c2a4e91d4c415a1b241f9bdbb55b83770020cce6764ada99c,481124.0,5.0,https://www.mstcecommerce.com/auctionhome/download_docs.jsp?FILE_ID=27316_GoI%20MoM%20-%20Tranche%20VIII%20-%20NIT.pdf&path=dynamiclinks&portal=mlcl&mdTyp=-,T8_NIT.pdf,e83b168ec651cd3ae3029dcf1dd330f0631e0b342595fa9ad33f95b0ebb6ae5b,289132.0,4.0,official_nit_table,,2026-09-10,geometry_available_for_overlay_not_used_in_prospectivity_training_or_scoring
CMB-EVENT-T8-O13,official_critical_mineral_auction_event,tamiya,auction_offer,8,notified for auction,Tamiya Graphite and Manganese Block,Odisha,Balangir,ML,139.03,20.78345580994514,83.22752740551083,True,"POLYGON ((83.22719536111111 20.79839663888889, 83.22728586111111 20.798306361111113, 83.22899930555556 20.797187833333336, 83.22848966666668 20.78404125, 83.2311708888889 20.78000063888889, 83.23103119444444 20.770063194444443, 83.22624841666666 20.770099166666665, 83.22636777777778 20.78010102777778, 83.22294944444445 20.791143194444444, 83.22719536111111 20.79839663888889))",9.0,141.92738790746145,2.084001947393692,Polygon,pypdf_text,accepted,True,,"[""Graphite"",""Manganese""]","[""Graphite"",""Manganese""]",[],"[""carbon"",""manganese""]","[""C"",""Mn""]",2026-07-15,,,,,,,2026-07-15,https://www.mstcecommerce.com/auctionhome/download_docs.jsp?FILE_ID=27316_GoI%20MoM%20-%20Tranche%20VIII%20-%20NIT.pdf&path=dynamiclinks&portal=mlcl&mdTyp=-,https://www.mstcecommerce.com/auctionhome/download_docs.jsp?FILE_ID=27331_Tamiya%20Graphite%20and%20Manganese%20Block_MBS.pdf&path=dynamiclinks&portal=mlcl&mdTyp=-,https://www.mstcecommerce.com/auctionhome/download_docs.jsp?FILE_ID=27331_Tamiya%20Graphite%20and%20Manganese%20Block_MBS.pdf&path=dynamiclinks&portal=mlcl&mdTyp=-,T8_27331_Tamiya_Graphite_and_Manganese_Block_MBS.pdf,5ceaa1681c7aaa755e71df666492436a57a8e2a244ebd794e93e9986ce1b6c92,569645.0,5.0,https://www.mstcecommerce.com/auctionhome/download_docs.jsp?FILE_ID=27316_GoI%20MoM%20-%20Tranche%20VIII%20-%20NIT.pdf&path=dynamiclinks&portal=mlcl&mdTyp=-,T8_NIT.pdf,e83b168ec651cd3ae3029dcf1dd330f0631e0b342595fa9ad33f95b0ebb6ae5b,289132.0,4.0,mbs_text_reconciled_to_official_nit,,2026-09-10,geometry_available_for_overlay_not_used_in_prospectivity_training_or_scoring
CMB-EVENT-T8-O14,official_critical_mineral_auction_event,betjharan,auction_offer,8,notified for auction,"Betjharan Titanium, Vanadium and Iron Ore Block",Odisha,Mayurbhanj,CL,391.81,22.255969999999994,86.318955,True,"POLYGON ((86.30458 22.26194, 86.33333 22.26194, 86.33333 22.25, 86.30458 22.25, 86.30458 22.26194))",4.0,391.81306222677233,0.0007815591159819334,Polygon,pypdf_text,accepted,True,,"[""Iron"",""Magnetite"",""Titanium"",""Vanadium""]","[""Iron"",""Titanium"",""Vanadium""]",[],"[""iron"",""titanium"",""titanium dioxide"",""vanadium""]","[""Fe"",""Ti"",""TiO2"",""V""]",2026-07-15,,,,,,,2026-07-15,https://www.mstcecommerce.com/auctionhome/download_docs.jsp?FILE_ID=27316_GoI%20MoM%20-%20Tranche%20VIII%20-%20NIT.pdf&path=dynamiclinks&portal=mlcl&mdTyp=-,"https://www.mstcecommerce.com/auctionhome/download_docs.jsp?FILE_ID=27330_Betjharan%20Titanium,%20Vanadium%20and%20Iron%20Ore%20Block_MBS.pdf&path=dynamiclinks&portal=mlcl&mdTyp=-","https://www.mstcecommerce.com/auctionhome/download_docs.jsp?FILE_ID=27330_Betjharan%20Titanium,%20Vanadium%20and%20Iron%20Ore%20Block_MBS.pdf&path=dynamiclinks&portal=mlcl&mdTyp=-",T8_27330_Betjharan_Titanium_Vanadium_and_Iron_Ore_Block_MBS.pdf,8757c4de133c241f1059691f85a23f956fbe2ad640831029ec1bde4ef91631d9,588465.0,5.0,https://www.mstcecommerce.com/auctionhome/download_docs.jsp?FILE_ID=27316_GoI%20MoM%20-%20Tranche%20VIII%20-%20NIT.pdf&path=dynamiclinks&portal=mlcl&mdTyp=-,T8_NIT.pdf,e83b168ec651cd3ae3029dcf1dd330f0631e0b342595fa9ad33f95b0ebb6ae5b,289132.0,4.0,mbs_text_reconciled_to_official_nit,,2026-09-10,geometry_available_for_overlay_not_used_in_prospectivity_training_or_scoring
CMB-EVENT-T8-O15,official_critical_mineral_auction_event,kavtalwadi,auction_offer,8,notified for auction,"Kavtalwadi Vanadium, Gallium, Titanium, Bauxite and Aluminous Laterite Block",Maharashtra,Sindhudurg,CL,638.98,16.474027777777778,73.48666666666666,True,"POLYGON ((73.47333333333333 16.46388888888889, 73.47333333333333 16.484166666666667, 73.5 16.484166666666667, 73.5 16.46388888888889, 73.47333333333333 16.46388888888889))",4.0,638.965441583252,0.0022783837910512446,Polygon,pypdf_text,accepted,True,,"[""Aluminous Laterite"",""Bauxite"",""Gallium"",""Titanium"",""Vanadium""]","[""Aluminium"",""Gallium"",""Titanium"",""Vanadium""]",[],"[""aluminium"",""gallium"",""titanium"",""titanium dioxide"",""vanadium""]","[""Al"",""Ga"",""Ti"",""TiO2"",""V""]",2026-07-15,,,,,,,2026-07-15,https://www.mstcecommerce.com/auctionhome/download_docs.jsp?FILE_ID=27316_GoI%20MoM%20-%20Tranche%20VIII%20-%20NIT.pdf&path=dynamiclinks&portal=mlcl&mdTyp=-,"https://www.mstcecommerce.com/auctionhome/download_docs.jsp?FILE_ID=27329_Kavtalwadi%20Vanadium,%20Gallium,%20Titanium,%20Bauxite%20and%20Aluminous%20Laterite%20Block_MBS.pdf&path=dynamiclinks&portal=mlcl&mdTyp=-","https://www.mstcecommerce.com/auctionhome/download_docs.jsp?FILE_ID=27329_Kavtalwadi%20Vanadium,%20Gallium,%20Titanium,%20Bauxite%20and%20Aluminous%20Laterite%20Block_MBS.pdf&path=dynamiclinks&portal=mlcl&mdTyp=-",T8_27329_Kavtalwadi_Vanadium_Gallium_Titanium_Bauxite_and_Aluminous_Laterite_Block_MBS.pdf,e20702157891bd6c1ca3f80a87c62686bf92dab67e06121663c5b4360d9a0b45,559025.0,5.0,https://www.mstcecommerce.com/auctionhome/download_docs.jsp?FILE_ID=27316_GoI%20MoM%20-%20Tranche%20VIII%20-%20NIT.pdf&path=dynamiclinks&portal=mlcl&mdTyp=-,T8_NIT.pdf,e83b168ec651cd3ae3029dcf1dd330f0631e0b342595fa9ad33f95b0ebb6ae5b,289132.0,4.0,mbs_text_reconciled_to_official_nit,,2026-09-10,geometry_available_for_overlay_not_used_in_prospectivity_training_or_scoring
CMB-EVENT-T8-O16,official_critical_mineral_auction_event,dongarla,auction_offer,8,notified for auction,Dongarla REE and RM Block,Maharashtra,Bhandara,CL,397.845,21.40102361111111,79.77302222222224,True,"POLYGON ((79.76518333333334 21.412074999999998, 79.78086111111111 21.412074999999998, 79.78086111111111 21.389972222222223, 79.76518333333334 21.389972222222223, 79.76518333333334 21.412074999999998))",4.0,397.8358386629105,0.0023027402856769796,Polygon,pypdf_text,accepted,True,,"[""Rare-earth elements"",""Rare metals""]","[""Rare-earth elements""]","[""Rare metals""]","[""cerium"",""dysprosium"",""erbium"",""europium"",""gadolinium"",""holmium"",""lanthanum"",""lutetium"",""neodymium"",""praseodymium"",""promethium"",""samarium"",""scandium"",""terbium"",""thulium"",""ytterbium"",""yttrium""]","[""Ce"",""Dy"",""Er"",""Eu"",""Gd"",""Ho"",""La"",""Lu"",""Nd"",""Pm"",""Pr"",""Sc"",""Sm"",""Tb"",""Tm"",""Y"",""Yb""]",2026-07-15,,,,,,,2026-07-15,https://www.mstcecommerce.com/auctionhome/download_docs.jsp?FILE_ID=27316_GoI%20MoM%20-%20Tranche%20VIII%20-%20NIT.pdf&path=dynamiclinks&portal=mlcl&mdTyp=-,https://www.mstcecommerce.com/auctionhome/download_docs.jsp?FILE_ID=27328_Dongarla%20REE%20and%20RM%20Block_MBS.pdf&path=dynamiclinks&portal=mlcl&mdTyp=-,https://www.mstcecommerce.com/auctionhome/download_docs.jsp?FILE_ID=27328_Dongarla%20REE%20and%20RM%20Block_MBS.pdf&path=dynamiclinks&portal=mlcl&mdTyp=-,T8_27328_Dongarla_REE_and_RM_Block_MBS.pdf,47f647896d9a6de68862cd705e8fde4ff18d37ac4bbd969f0f20b7b79e1b37c1,553421.0,5.0,https://www.mstcecommerce.com/auctionhome/download_docs.jsp?FILE_ID=27316_GoI%20MoM%20-%20Tranche%20VIII%20-%20NIT.pdf&path=dynamiclinks&portal=mlcl&mdTyp=-,T8_NIT.pdf,e83b168ec651cd3ae3029dcf1dd330f0631e0b342595fa9ad33f95b0ebb6ae5b,289132.0,4.0,mbs_text_reconciled_to_official_nit,,2026-09-10,geometry_available_for_overlay_not_used_in_prospectivity_training_or_scoring
CMB-EVENT-T8-O17,official_critical_mineral_auction_event,sambalpur,auction_offer,8,notified for auction,Sambalpur Phosphorite and Limestone Block,Chhattisgarh,Balod,ML,303.866,20.816404166666665,81.06355833333332,True,"POLYGON ((81.04910833333334 20.81183888888889, 81.04910833333334 20.820969444444444, 81.07800833333333 20.820969444444444, 81.07800833333333 20.81183888888889, 81.04910833333334 20.81183888888889))",4.0,304.11538851737976,0.08207187292417407,Polygon,pypdf_text,accepted,True,,"[""Phosphorite""]","[""Phosphorus""]",[],"[""phosphorus""]","[""P""]",2026-07-15,,,,,,,2026-07-15,https://www.mstcecommerce.com/auctionhome/download_docs.jsp?FILE_ID=27316_GoI%20MoM%20-%20Tranche%20VIII%20-%20NIT.pdf&path=dynamiclinks&portal=mlcl&mdTyp=-,https://www.mstcecommerce.com/auctionhome/download_docs.jsp?FILE_ID=27327_Sambalpur%20Phosphorite%20and%20Limestone%20Block_MBS.pdf&path=dynamiclinks&portal=mlcl&mdTyp=-,https://www.mstcecommerce.com/auctionhome/download_docs.jsp?FILE_ID=27327_Sambalpur%20Phosphorite%20and%20Limestone%20Block_MBS.pdf&path=dynamiclinks&portal=mlcl&mdTyp=-,T8_27327_Sambalpur_Phosphorite_and_Limestone_Block_MBS.pdf,392f10cdca7d2c5a436a0f274c64e7ecc1d2f431ff03d0c7e93c4edb6e32d578,570412.0,5.0,https://www.mstcecommerce.com/auctionhome/download_docs.jsp?FILE_ID=27316_GoI%20MoM%20-%20Tranche%20VIII%20-%20NIT.pdf&path=dynamiclinks&portal=mlcl&mdTyp=-,T8_NIT.pdf,e83b168ec651cd3ae3029dcf1dd330f0631e0b342595fa9ad33f95b0ebb6ae5b,289132.0,4.0,mbs_text_reconciled_to_official_nit,,2026-09-10,geometry_available_for_overlay_not_used_in_prospectivity_training_or_scoring
CMB-EVENT-T8-O18,official_critical_mineral_auction_event,sabag-north,auction_offer,8,notified for auction,"Sabag North Vanadium, Gallium, Titanium, REE, Bauxite and Aluminous Laterite Block",Chhattisgarh,Balrampur,CL,319.518,23.53986251460195,83.98211730054742,True,"POLYGON ((83.97249555555555 23.54726638888889, 83.99206472222222 23.546891111111112, 83.99173777777779 23.53245833333333, 83.97217111111111 23.53283361111111, 83.97249555555555 23.54726638888889))",4.0,319.52292283744663,0.0015407073925902638,Polygon,pypdf_text,accepted,True,,"[""Aluminous Laterite"",""Rare-earth elements"",""Bauxite"",""Gallium"",""Titanium"",""Vanadium""]","[""Aluminium"",""Rare-earth elements"",""Gallium"",""Titanium"",""Vanadium""]",[],"[""aluminium"",""cerium"",""dysprosium"",""erbium"",""europium"",""gadolinium"",""gallium"",""holmium"",""lanthanum"",""lutetium"",""neodymium"",""praseodymium"",""promethium"",""samarium"",""scandium"",""terbium"",""thulium"",""titanium"",""titanium dioxide"",""vanadium"",""ytterbium"",""yttrium""]","[""Al"",""Ce"",""Dy"",""Er"",""Eu"",""Ga"",""Gd"",""Ho"",""La"",""Lu"",""Nd"",""Pm"",""Pr"",""Sc"",""Sm"",""Tb"",""Ti"",""TiO2"",""Tm"",""V"",""Y"",""Yb""]",2026-07-15,,,,,,,2026-07-15,https://www.mstcecommerce.com/auctionhome/download_docs.jsp?FILE_ID=27316_GoI%20MoM%20-%20Tranche%20VIII%20-%20NIT.pdf&path=dynamiclinks&portal=mlcl&mdTyp=-,"https://www.mstcecommerce.com/auctionhome/download_docs.jsp?FILE_ID=27326_Sabag%20North%20Vanadium,%20Gallium,%20Titanium,%20REE,%20Bauxite%20and%20Aluminous%20Laterite%20Block_MBS.pdf&path=dynamiclinks&portal=mlcl&mdTyp=-","https://www.mstcecommerce.com/auctionhome/download_docs.jsp?FILE_ID=27326_Sabag%20North%20Vanadium,%20Gallium,%20Titanium,%20REE,%20Bauxite%20and%20Aluminous%20Laterite%20Block_MBS.pdf&path=dynamiclinks&portal=mlcl&mdTyp=-",T8_27326_Sabag_North_Vanadium_Gallium_Titanium_REE_Bauxite_and_Aluminous_Laterite_Block_MBS.pdf,c0eaacacc6989fb46e32e010a93a215b45f35b56e86c6a46884d2956b2294b3e,572432.0,6.0,https://www.mstcecommerce.com/auctionhome/download_docs.jsp?FILE_ID=27316_GoI%20MoM%20-%20Tranche%20VIII%20-%20NIT.pdf&path=dynamiclinks&portal=mlcl&mdTyp=-,T8_NIT.pdf,e83b168ec651cd3ae3029dcf1dd330f0631e0b342595fa9ad33f95b0ebb6ae5b,289132.0,4.0,mbs_text_reconciled_to_official_nit,,2026-09-10,geometry_available_for_overlay_not_used_in_prospectivity_training_or_scoring
CMB-EVENT-T8-O19,official_critical_mineral_auction_event,gohirapali,auction_offer,8,notified for auction,Gohirapali Glauconite Block,Chhattisgarh,Mahasamund,CL,327.219,21.22358813257935,82.97065125484306,True,"POLYGON ((82.96918472222222 21.241387777777778, 82.9763075 21.237365, 82.97416805555555 21.22823111111111, 82.9769725 21.225069444444443, 82.97203972222222 21.204040833333334, 82.9637013888889 21.217641666666665, 82.96918472222222 21.241387777777778))",6.0,327.2237823671579,0.0014615187864792255,Polygon,pypdf_text,accepted,True,,"[""Glauconite""]",[],"[""Glauconite""]",[],[],2026-07-15,,,,,,,2026-07-15,https://www.mstcecommerce.com/auctionhome/download_docs.jsp?FILE_ID=27316_GoI%20MoM%20-%20Tranche%20VIII%20-%20NIT.pdf&path=dynamiclinks&portal=mlcl&mdTyp=-,https://www.mstcecommerce.com/auctionhome/download_docs.jsp?FILE_ID=27325_Gohirapali%20Glauconite%20Block_MBS.pdf&path=dynamiclinks&portal=mlcl&mdTyp=-,https://www.mstcecommerce.com/auctionhome/download_docs.jsp?FILE_ID=27325_Gohirapali%20Glauconite%20Block_MBS.pdf&path=dynamiclinks&portal=mlcl&mdTyp=-,T8_27325_Gohirapali_Glauconite_Block_MBS.pdf,53ed4adce0544e6d6c16641e0b1822e68e1cf34372e8a3fddecdd0bde6f58616,577274.0,5.0,https://www.mstcecommerce.com/auctionhome/download_docs.jsp?FILE_ID=27316_GoI%20MoM%20-%20Tranche%20VIII%20-%20NIT.pdf&path=dynamiclinks&portal=mlcl&mdTyp=-,T8_NIT.pdf,e83b168ec651cd3ae3029dcf1dd330f0631e0b342595fa9ad33f95b0ebb6ae5b,289132.0,4.0,mbs_text_reconciled_to_official_nit,,2026-09-10,geometry_available_for_overlay_not_used_in_prospectivity_training_or_scoring
CMB-EVENT-T8-O20,official_critical_mineral_auction_event,pata-ramavaram,auction_offer,8,notified for auction,Pata Ramavaram Graphite Block,Andhra Pradesh,Alluri Sitharama Raju,CL,105.29,17.321342644320303,81.91532029795158,True,"POLYGON ((81.906 17.316, 81.922 17.33, 81.925 17.328, 81.91 17.313, 81.906 17.316))",4.0,105.2951373491764,0.004879237512008708,Polygon,pypdf_text,accepted,True,,"[""Graphite""]","[""Graphite""]",[],"[""carbon""]","[""C""]",2026-07-15,,,,,,,2026-07-15,https://www.mstcecommerce.com/auctionhome/download_docs.jsp?FILE_ID=27316_GoI%20MoM%20-%20Tranche%20VIII%20-%20NIT.pdf&path=dynamiclinks&portal=mlcl&mdTyp=-,https://www.mstcecommerce.com/auctionhome/download_docs.jsp?FILE_ID=27324_Pata%20Ramavaram%20Graphite%20Block_MBS.pdf&path=dynamiclinks&portal=mlcl&mdTyp=-,https://www.mstcecommerce.com/auctionhome/download_docs.jsp?FILE_ID=27324_Pata%20Ramavaram%20Graphite%20Block_MBS.pdf&path=dynamiclinks&portal=mlcl&mdTyp=-,T8_27324_Pata_Ramavaram_Graphite_Block_MBS.pdf,ea4d3f6b81336e4e3f55f4476706d169118eeb19793c25ed6581c8ec6bb00d77,570555.0,5.0,https://www.mstcecommerce.com/auctionhome/download_docs.jsp?FILE_ID=27316_GoI%20MoM%20-%20Tranche%20VIII%20-%20NIT.pdf&path=dynamiclinks&portal=mlcl&mdTyp=-,T8_NIT.pdf,e83b168ec651cd3ae3029dcf1dd330f0631e0b342595fa9ad33f95b0ebb6ae5b,289132.0,4.0,mbs_text_reconciled_to_official_nit,,2026-09-10,geometry_available_for_overlay_not_used_in_prospectivity_training_or_scoring
CMB-EVENT-T1-R01,official_critical_mineral_auction_event,babja,successful_result,1,successfully auctioned,Babja Graphite and Manganese Block,Odisha,,ML,,,,False,,,,,,,,,,"[""Graphite"",""Manganese""]","[""Graphite"",""Manganese""]",[],"[""carbon"",""manganese""]","[""C"",""Mn""]",2023-11-29,,,,Agrasen Sponge Private Limited,,85.05,2024-06-24,https://www.pib.gov.in/PressReleasePage.aspx?PRID=2028356&lang=2&reg=3,,,,,,,,,,,,,,,inventory_only_not_used_in_prospectivity_training_or_scoring_without_exact_public_coordinates_or_polygon
CMB-EVENT-T1-R02,official_critical_mineral_auction_event,biarpalli,successful_result,1,successfully auctioned,Biarpalli Graphite and Manganese Block,Odisha,,ML,,,,False,,,,,,,,,,"[""Graphite"",""Manganese""]","[""Graphite"",""Manganese""]",[],"[""carbon"",""manganese""]","[""C"",""Mn""]",2023-11-29,,,,Agrasen Sponge Private Limited,,70.05,2024-06-24,https://www.pib.gov.in/PressReleasePage.aspx?PRID=2028356&lang=2&reg=3,,,,,,,,,,,,,,,inventory_only_not_used_in_prospectivity_training_or_scoring_without_exact_public_coordinates_or_polygon
CMB-EVENT-T1-R03,official_critical_mineral_auction_event,akharkata,successful_result,1,successfully auctioned,Akharkata Graphite Block,Odisha,,CL,,,,False,,,,,,,,,,"[""Graphite""]","[""Graphite""]",[],"[""carbon""]","[""C""]",2023-11-29,,,,Kundan Gold Mines Private Limited,,13.05,2024-06-24,https://www.pib.gov.in/PressReleasePage.aspx?PRID=2028356&lang=2&reg=3,,,,,,,,,,,,,,,inventory_only_not_used_in_prospectivity_training_or_scoring_without_exact_public_coordinates_or_polygon
CMB-EVENT-T1-R04,official_critical_mineral_auction_event,iluppakudi,successful_result,1,successfully auctioned,Iluppakudi Graphite Block,Tamil Nadu,,CL,,,,False,,,,,,,,,,"[""Graphite""]","[""Graphite""]",[],"[""carbon""]","[""C""]",2023-11-29,,,,Dalmia Bharat Refractories Limited,,45.0,2024-06-24,https://www.pib.gov.in/PressReleasePage.aspx?PRID=2028356&lang=2&reg=3,,,,,,,,,,,,,,,inventory_only_not_used_in_prospectivity_training_or_scoring_without_exact_public_coordinates_or_polygon
CMB-EVENT-T1-R05,official_critical_mineral_auction_event,pahadi-kalan-gora-kalan,successful_result,1,successfully auctioned,Pahadi Kalan-Gora Kalan Phosphorite Block,Uttar Pradesh,,CL,,,,False,,,,,,,,,,"[""Phosphorite""]","[""Phosphorus""]",[],"[""phosphorus""]","[""P""]",2023-11-29,,,,Sagar Stone Industries,,400.0,2024-06-24,https://www.pib.gov.in/PressReleasePage.aspx?PRID=2028356&lang=2&reg=3,,,,,,,,,,,,,,,inventory_only_not_used_in_prospectivity_training_or_scoring_without_exact_public_coordinates_or_polygon
CMB-EVENT-T1-R06,official_critical_mineral_auction_event,katghora,successful_result,1,successfully auctioned,Katghora Lithium and REE Block,Chhattisgarh,,CL,,,,False,,,,,,,,,,"[""Lithium"",""Rare-earth elements""]","[""Lithium"",""Rare-earth elements""]",[],"[""cerium"",""dysprosium"",""erbium"",""europium"",""gadolinium"",""holmium"",""lanthanum"",""lithium"",""lutetium"",""neodymium"",""praseodymium"",""promethium"",""samarium"",""scandium"",""terbium"",""thulium"",""ytterbium"",""yttrium""]","[""Ce"",""Dy"",""Er"",""Eu"",""Gd"",""Ho"",""La"",""Li"",""Lu"",""Nd"",""Pm"",""Pr"",""Sc"",""Sm"",""Tb"",""Tm"",""Y"",""Yb""]",2023-11-29,,,,Maiki South Mining Private Limited,,76.05,2024-06-24,https://www.pib.gov.in/PressReleasePage.aspx?PRID=2028356&lang=2&reg=3,,,,,,,,,,,,,,,inventory_only_not_used_in_prospectivity_training_or_scoring_without_exact_public_coordinates_or_polygon
CMB-EVENT-T2-R01,official_critical_mineral_auction_event,golighat,successful_result,2,successfully auctioned,Golighat Graphite and Vanadium Block,Madhya Pradesh,Betul,ML,,,,False,,,,,,,,,,"[""Graphite"",""Vanadium""]","[""Graphite"",""Vanadium""]",[],"[""carbon"",""vanadium""]","[""C"",""V""]",2024-02-29,,,,Shanti GD Ispat and Power Pvt. Ltd.,,,2024-07-20,https://www.pib.gov.in/PressReleasePage.aspx?PRID=2034634&lang=2&reg=48,,,,,,,,,,,,,,,inventory_only_not_used_in_prospectivity_training_or_scoring_without_exact_public_coordinates_or_polygon
CMB-EVENT-T2-R02,official_critical_mineral_auction_event,gollarahatti-mallenahalli,successful_result,2,successfully auctioned,"Gollarahatti-Mallenahalli Nickel, Chromium and PGE Block",Karnataka,Hassan,CL,,,,False,,,,,,,,,,"[""Nickel"",""Chromium"",""Platinum-group elements""]","[""Nickel"",""Chromium"",""Platinum-group elements""]",[],"[""chromium"",""iridium"",""nickel"",""osmium"",""palladium"",""platinum"",""rhodium"",""ruthenium""]","[""Cr"",""Ir"",""Ni"",""Os"",""Pd"",""Pt"",""Rh"",""Ru""]",2024-02-29,,,,Vedanta Limited,,,2024-07-20,https://www.pib.gov.in/PressReleasePage.aspx?PRID=2034634&lang=2&reg=48,,,,,,,,,,,,,,,inventory_only_not_used_in_prospectivity_training_or_scoring_without_exact_public_coordinates_or_polygon
CMB-EVENT-T2-R03,official_critical_mineral_auction_event,bahera-goriara,successful_result,2,successfully auctioned,Bahera-Goriara Graphite and Basemetal Block,Madhya Pradesh,Sidhi,CL,,,,False,,,,,,,,,,"[""Graphite"",""Base metals""]","[""Graphite""]","[""Base metals""]","[""carbon""]","[""C""]",2024-02-29,,,,Vinmir Resources Pvt. Ltd.,,,2024-07-20,https://www.pib.gov.in/PressReleasePage.aspx?PRID=2034634&lang=2&reg=48,,,,,,,,,,,,,,,inventory_only_not_used_in_prospectivity_training_or_scoring_without_exact_public_coordinates_or_polygon
CMB-EVENT-T2-R04,official_critical_mineral_auction_event,khattali-chhoti,successful_result,2,successfully auctioned,Khattali Chhoti Graphite Block,Madhya Pradesh,Alirajpur,CL,,,,False,,,,,,,,,,"[""Graphite""]","[""Graphite""]",[],"[""carbon""]","[""C""]",2024-02-29,,,,Coal India Limited,,,2024-07-20,https://www.pib.gov.in/PressReleasePage.aspx?PRID=2034634&lang=2&reg=48,,,,,,,,,,,,,,,inventory_only_not_used_in_prospectivity_training_or_scoring_without_exact_public_coordinates_or_polygon
CMB-EVENT-T3-R01,official_critical_mineral_auction_event,pipradih-bhurwa,successful_result,3,successfully auctioned,Pipradih-Bhurwa Glauconite Block,Bihar,Rohtas,CL,,,,False,,,,,,,,,,"[""Glauconite""]",[],"[""Glauconite""]",[],[],2024-03-14,,,,Rungta Sons Private Limited,,,2024-07-20,https://www.pib.gov.in/PressReleasePage.aspx?PRID=2034634&lang=2&reg=48,,,,,,,,,,,,,,,inventory_only_not_used_in_prospectivity_training_or_scoring_without_exact_public_coordinates_or_polygon
CMB-EVENT-T3-R02,official_critical_mineral_auction_event,kurchha,successful_result,3,successfully auctioned,Kurchha Glauconite Block,Uttar Pradesh,Sonbhadra,CL,,,,False,,,,,,,,,,"[""Glauconite""]",[],"[""Glauconite""]",[],[],2024-03-14,,,,Shobha Minerals,,,2024-07-20,https://www.pib.gov.in/PressReleasePage.aspx?PRID=2034634&lang=2&reg=48,,,,,,,,,,,,,,,inventory_only_not_used_in_prospectivity_training_or_scoring_without_exact_public_coordinates_or_polygon
CMB-EVENT-T3-R03,official_critical_mineral_auction_event,chutia-nauhatta,successful_result,3,successfully auctioned,Chutia-Nauhatta Glauconite Block,Bihar,Rohtas,CL,,,,False,,,,,,,,,,"[""Glauconite""]",[],"[""Glauconite""]",[],[],2024-03-14,,,,Rungta Sons Private Limited,,,2024-07-20,https://www.pib.gov.in/PressReleasePage.aspx?PRID=2034634&lang=2&reg=48,,,,,,,,,,,,,,,inventory_only_not_used_in_prospectivity_training_or_scoring_without_exact_public_coordinates_or_polygon
CMB-EVENT-T3-R04,official_critical_mineral_auction_event,genjana,successful_result,3,successfully auctioned,"Genjana Nickel, Chromium and PGE Block",Bihar,Gaya,CL,,,,False,,,,,,,,,,"[""Nickel"",""Chromium"",""Platinum-group elements""]","[""Nickel"",""Chromium"",""Platinum-group elements""]",[],"[""chromium"",""iridium"",""nickel"",""osmium"",""palladium"",""platinum"",""rhodium"",""ruthenium""]","[""Cr"",""Ir"",""Ni"",""Os"",""Pd"",""Pt"",""Rh"",""Ru""]",2024-03-14,,,,Vedanta Limited,,,2024-07-20,https://www.pib.gov.in/PressReleasePage.aspx?PRID=2034634&lang=2&reg=48,,,,,,,,,,,,,,,inventory_only_not_used_in_prospectivity_training_or_scoring_without_exact_public_coordinates_or_polygon
CMB-EVENT-T4-R01,official_critical_mineral_auction_event,balepalyam,successful_result,4,successfully auctioned,Balepalyam Tungsten and Associated Mineral Block,Andhra Pradesh,,CL,,,,False,,,,,,,,,,"[""Tungsten"",""Molybdenum"",""Gold"",""Lead"",""Zinc""]","[""Tungsten"",""Molybdenum"",""Gold"",""Lead"",""Zinc""]",[],"[""gold"",""lead"",""molybdenum"",""tungsten"",""zinc""]","[""Au"",""Mo"",""Pb"",""W"",""Zn""]",2024-06-24,,,,Hindustan Zinc Limited,,6.55,2024-11-07,https://www.pib.gov.in/PressReleaseIframePage.aspx?PRID=2071441&lang=2&reg=48,,,,,,,,,,,,,,,inventory_only_not_used_in_prospectivity_training_or_scoring_without_exact_public_coordinates_or_polygon
CMB-EVENT-T4-R02,official_critical_mineral_auction_event,depo,successful_result,4,successfully auctioned,Depo Vanadium and Graphite Block,Arunachal Pradesh,,CL,,,,False,,,,,,,,,,"[""Vanadium"",""Graphite""]","[""Vanadium"",""Graphite""]",[],"[""carbon"",""vanadium""]","[""C"",""V""]",2024-06-24,,,,Vedanta Limited,,2.55,2024-11-07,https://www.pib.gov.in/PressReleaseIframePage.aspx?PRID=2071441&lang=2&reg=48,,,,,,,,,,,,,,,inventory_only_not_used_in_prospectivity_training_or_scoring_without_exact_public_coordinates_or_polygon
CMB-EVENT-T4-R03,official_critical_mineral_auction_event,endolin-isholin,successful_result,4,successfully auctioned,Endolin-Isholin Graphite Block,Arunachal Pradesh,,CL,,,,False,,,,,,,,,,"[""Graphite""]","[""Graphite""]",[],"[""carbon""]","[""C""]",2024-06-24,,,,Mamco Mining Private Limited,,237.5,2024-11-07,https://www.pib.gov.in/PressReleaseIframePage.aspx?PRID=2071441&lang=2&reg=48,,,,,,,,,,,,,,,inventory_only_not_used_in_prospectivity_training_or_scoring_without_exact_public_coordinates_or_polygon
CMB-EVENT-T4-R04,official_critical_mineral_auction_event,phop,successful_result,4,successfully auctioned,Phop Graphite and Vanadium Block,Arunachal Pradesh,,CL,,,,False,,,,,,,,,,"[""Graphite"",""Vanadium""]","[""Graphite"",""Vanadium""]",[],"[""carbon"",""vanadium""]","[""C"",""V""]",2024-06-24,,,,Oil India Ltd,,76.05,2024-11-07,https://www.pib.gov.in/PressReleaseIframePage.aspx?PRID=2071441&lang=2&reg=48,,,,,,,,,,,,,,,inventory_only_not_used_in_prospectivity_training_or_scoring_without_exact_public_coordinates_or_polygon
CMB-EVENT-T4-R05,official_critical_mineral_auction_event,radhpu,successful_result,4,successfully auctioned,Radhpu Graphite and Vanadium Block,Arunachal Pradesh,,CL,,,,False,,,,,,,,,,"[""Graphite"",""Vanadium""]","[""Graphite"",""Vanadium""]",[],"[""carbon"",""vanadium""]","[""C"",""V""]",2024-06-24,,,,Orissa Metaliks Private Limited,,95.0,2024-11-07,https://www.pib.gov.in/PressReleaseIframePage.aspx?PRID=2071441&lang=2&reg=48,,,,,,,,,,,,,,,inventory_only_not_used_in_prospectivity_training_or_scoring_without_exact_public_coordinates_or_polygon
CMB-EVENT-T4-R06,official_critical_mineral_auction_event,sanyasikoppa,successful_result,4,successfully auctioned,"Sanyasikoppa Cobalt, Manganese and Iron Block",Karnataka,,CL,,,,False,,,,,,,,,,"[""Cobalt"",""Manganese"",""Iron""]","[""Cobalt"",""Manganese"",""Iron""]",[],"[""cobalt"",""iron"",""manganese""]","[""Co"",""Fe"",""Mn""]",2024-06-24,,,,Vedanta Limited,,45.0,2024-11-07,https://www.pib.gov.in/PressReleaseIframePage.aspx?PRID=2071441&lang=2&reg=48,,,,,,,,,,,,,,,inventory_only_not_used_in_prospectivity_training_or_scoring_without_exact_public_coordinates_or_polygon
CMB-EVENT-T4-R07,official_critical_mineral_auction_event,nayakkarpatti,successful_result,4,successfully auctioned,Nayakkarpatti Tungsten Block,Tamil Nadu,,CL,,,,False,,,,,,,,,,"[""Tungsten""]","[""Tungsten""]",[],"[""tungsten""]","[""W""]",2024-06-24,,,,Hindustan Zinc Limited,,5.05,2024-11-07,https://www.pib.gov.in/PressReleaseIframePage.aspx?PRID=2071441&lang=2&reg=48,,,,,,,,,,,,,,,inventory_only_not_used_in_prospectivity_training_or_scoring_without_exact_public_coordinates_or_polygon
CMB-EVENT-T4-R08,official_critical_mineral_auction_event,barwar,successful_result,4,successfully auctioned,Barwar Phosphorite Block,Uttar Pradesh,,CL,,,,False,,,,,,,,,,"[""Phosphorite""]","[""Phosphorus""]",[],"[""phosphorus""]","[""P""]",2024-06-24,,,,Mamco Mining Private Limited,,320.0,2024-11-07,https://www.pib.gov.in/PressReleaseIframePage.aspx?PRID=2071441&lang=2&reg=48,,,,,,,,,,,,,,,inventory_only_not_used_in_prospectivity_training_or_scoring_without_exact_public_coordinates_or_polygon
CMB-EVENT-T4-R09,official_critical_mineral_auction_event,ponchi,successful_result,4,successfully auctioned,Ponchi Graphite Block,Jharkhand,,ML,,,,False,,,,,,,,,,"[""Graphite""]","[""Graphite""]",[],"[""carbon""]","[""C""]",2024-06-24,,,,Satguru Mining Private Limited,,752.05,2024-11-27,https://www.pib.gov.in/PressReleaseIframePage.aspx?PRID=2077889&lang=2&reg=48,,,,,,,,,,,,,,,inventory_only_not_used_in_prospectivity_training_or_scoring_without_exact_public_coordinates_or_polygon
CMB-EVENT-T4-R10,official_critical_mineral_auction_event,vadakhol-asoli,successful_result,4,successfully auctioned,"Vadakhol-Asoli Ni, Cr, Co and Associated Mineral Block",Maharashtra,,CL,,,,False,,,,,,,,,,"[""Nickel"",""Chromium"",""Cobalt"",""Associated minerals""]","[""Nickel"",""Chromium"",""Cobalt""]","[""Associated minerals""]","[""chromium"",""cobalt"",""nickel""]","[""Co"",""Cr"",""Ni""]",2024-06-24,,,,Assam Mineral Development Corporation Limited,,7.05,2024-11-27,https://www.pib.gov.in/PressReleaseIframePage.aspx?PRID=2077889&lang=2&reg=48,,,,,,,,,,,,,,,inventory_only_not_used_in_prospectivity_training_or_scoring_without_exact_public_coordinates_or_polygon
CMB-EVENT-T5-R01,official_critical_mineral_auction_event,oranga-revatipur,successful_result,5,successfully auctioned,Oranga-Revatipur Graphite and Vanadium Block,Chhattisgarh,,ML,,,,False,,,,,,,,,,"[""Graphite"",""Vanadium""]","[""Graphite"",""Vanadium""]",[],"[""carbon"",""vanadium""]","[""C"",""V""]",2025-01-20,,,,Coal India Limited,,189.75,2025-05-27,https://www.pib.gov.in/Pressreleaseshare.aspx?PRID=2131723&lang=2&reg=48,,,,,,,,,,,,,,,inventory_only_not_used_in_prospectivity_training_or_scoring_without_exact_public_coordinates_or_polygon
CMB-EVENT-T5-R02,official_critical_mineral_auction_event,salepali,successful_result,5,successfully auctioned,Salepali Graphite Block,Odisha,,CL,,,,False,,,,,,,,,,"[""Graphite""]","[""Graphite""]",[],"[""carbon""]","[""C""]",2025-01-20,,,,Vinmir Resources Pvt Ltd,,179.0,2025-05-27,https://www.pib.gov.in/Pressreleaseshare.aspx?PRID=2131723&lang=2&reg=48,,,,,,,,,,,,,,,inventory_only_not_used_in_prospectivity_training_or_scoring_without_exact_public_coordinates_or_polygon
CMB-EVENT-T5-R03,official_critical_mineral_auction_event,ganacharpura,successful_result,5,successfully auctioned,Ganacharpura Graphite Block,Karnataka,,CL,,,,False,,,,,,,,,,"[""Graphite""]","[""Graphite""]",[],"[""carbon""]","[""C""]",2025-01-20,,,,R K Mineral Development Private Limited,,271.0,2025-05-27,https://www.pib.gov.in/Pressreleaseshare.aspx?PRID=2131723&lang=2&reg=48,,,,,,,,,,,,,,,inventory_only_not_used_in_prospectivity_training_or_scoring_without_exact_public_coordinates_or_polygon
CMB-EVENT-T5-R04,official_critical_mineral_auction_event,surajpura,successful_result,5,successfully auctioned,Surajpura Phosphorite Block,Madhya Pradesh,,CL,,,,False,,,,,,,,,,"[""Phosphorite""]","[""Phosphorus""]",[],"[""phosphorus""]","[""P""]",2025-01-20,,,,Sunflag Iron and Steel Company Limited,,70.27,2025-05-27,https://www.pib.gov.in/Pressreleaseshare.aspx?PRID=2131723&lang=2&reg=48,,,,,,,,,,,,,,,inventory_only_not_used_in_prospectivity_training_or_scoring_without_exact_public_coordinates_or_polygon
CMB-EVENT-T5-R05,official_critical_mineral_auction_event,raipura,successful_result,5,successfully auctioned,Raipura Phosphorite and Limestone Block,Chhattisgarh,,CL,,,,False,,,,,,,,,,"[""Phosphorite"",""Limestone""]","[""Phosphorus"",""Calcium and limestone""]",[],"[""calcium"",""calcium carbonate"",""phosphorus""]","[""Ca"",""CaCO3"",""P""]",2025-01-20,,,,NLC India Limited,,8.6,2025-05-27,https://www.pib.gov.in/Pressreleaseshare.aspx?PRID=2131723&lang=2&reg=48,,,,,,,,,,,,,,,inventory_only_not_used_in_prospectivity_training_or_scoring_without_exact_public_coordinates_or_polygon
CMB-EVENT-T5-R06,official_critical_mineral_auction_event,semhardih,successful_result,5,successfully auctioned,Semhardih Phosphorite and Limestone Block,Chhattisgarh,,CL,,,,False,,,,,,,,,,"[""Phosphorite"",""Limestone""]","[""Phosphorus"",""Calcium and limestone""]",[],"[""calcium"",""calcium carbonate"",""phosphorus""]","[""Ca"",""CaCO3"",""P""]",2025-01-20,,,,NLC India Limited,,11.05,2025-05-27,https://www.pib.gov.in/Pressreleaseshare.aspx?PRID=2131723&lang=2&reg=48,,,,,,,,,,,,,,,inventory_only_not_used_in_prospectivity_training_or_scoring_without_exact_public_coordinates_or_polygon
CMB-EVENT-T5-R07,official_critical_mineral_auction_event,dombarahalli,successful_result,5,successfully auctioned,Dombarahalli Phosphate and REE Block,Karnataka,,CL,,,,False,,,,,,,,,,"[""Phosphate"",""Rare-earth elements""]","[""Phosphorus"",""Rare-earth elements""]",[],"[""cerium"",""dysprosium"",""erbium"",""europium"",""gadolinium"",""holmium"",""lanthanum"",""lutetium"",""neodymium"",""phosphorus"",""praseodymium"",""promethium"",""samarium"",""scandium"",""terbium"",""thulium"",""ytterbium"",""yttrium""]","[""Ce"",""Dy"",""Er"",""Eu"",""Gd"",""Ho"",""La"",""Lu"",""Nd"",""P"",""Pm"",""Pr"",""Sc"",""Sm"",""Tb"",""Tm"",""Y"",""Yb""]",2025-01-20,,,,Ramgad Minerals and Mining Limited,,2.3,2025-05-27,https://www.pib.gov.in/Pressreleaseshare.aspx?PRID=2131723&lang=2&reg=48,,,,,,,,,,,,,,,inventory_only_not_used_in_prospectivity_training_or_scoring_without_exact_public_coordinates_or_polygon
CMB-EVENT-T5-R08,official_critical_mineral_auction_event,jhandawali-satipura,successful_result,5,successfully auctioned,Jhandawali - Satipura Amalgamated Potash and Halite Block,Rajasthan,,CL,,,,False,,,,,,,,,,"[""Potash"",""Halite""]","[""Potash""]","[""Halite""]","[""potassium chloride"",""potassium sulfate""]","[""K2SO4"",""KCl""]",2025-01-20,,,,Hindustan Zinc Limited,,3.05,2025-05-27,https://www.pib.gov.in/Pressreleaseshare.aspx?PRID=2131723&lang=2&reg=48,,,,,,,,,,,,,,,inventory_only_not_used_in_prospectivity_training_or_scoring_without_exact_public_coordinates_or_polygon
CMB-EVENT-T5-R09,official_critical_mineral_auction_event,jorkian-satipura-khunja,successful_result,5,successfully auctioned,Jorkian-Satipura-Khunja Amalgamated Potash and Halite Block,Rajasthan,,CL,,,,False,,,,,,,,,,"[""Potash"",""Halite""]","[""Potash""]","[""Halite""]","[""potassium chloride"",""potassium sulfate""]","[""K2SO4"",""KCl""]",2025-01-20,,,,Oil India Ltd,,15.15,2025-05-27,https://www.pib.gov.in/Pressreleaseshare.aspx?PRID=2131723&lang=2&reg=48,,,,,,,,,,,,,,,inventory_only_not_used_in_prospectivity_training_or_scoring_without_exact_public_coordinates_or_polygon
CMB-EVENT-T5-R10,official_critical_mineral_auction_event,nawatola-laband,successful_result,5,successfully auctioned,Nawatola-Laband REE Block,Uttar Pradesh,,CL,,,,False,,,,,,,,,,"[""Rare-earth elements""]","[""Rare-earth elements""]",[],"[""cerium"",""dysprosium"",""erbium"",""europium"",""gadolinium"",""holmium"",""lanthanum"",""lutetium"",""neodymium"",""praseodymium"",""promethium"",""samarium"",""scandium"",""terbium"",""thulium"",""ytterbium"",""yttrium""]","[""Ce"",""Dy"",""Er"",""Eu"",""Gd"",""Ho"",""La"",""Lu"",""Nd"",""Pm"",""Pr"",""Sc"",""Sm"",""Tb"",""Tm"",""Y"",""Yb""]",2025-01-20,,,,Hindustan Zinc Limited,,3.55,2025-05-27,https://www.pib.gov.in/Pressreleaseshare.aspx?PRID=2131723&lang=2&reg=48,,,,,,,,,,,,,,,inventory_only_not_used_in_prospectivity_training_or_scoring_without_exact_public_coordinates_or_polygon
CMB-EVENT-T6-R01,official_critical_mineral_auction_event,bhatikhera,successful_result,6,successfully auctioned,Bhatikhera REE Niobium and Zirconium Block,Rajasthan,,ML,,,,False,,,,,,,,,,"[""Rare-earth elements"",""Niobium"",""Zirconium""]","[""Rare-earth elements"",""Niobium"",""Zirconium""]",[],"[""cerium"",""dysprosium"",""erbium"",""europium"",""gadolinium"",""holmium"",""lanthanum"",""lutetium"",""neodymium"",""niobium"",""praseodymium"",""promethium"",""samarium"",""scandium"",""terbium"",""thulium"",""ytterbium"",""yttrium"",""zirconium""]","[""Ce"",""Dy"",""Er"",""Eu"",""Gd"",""Ho"",""La"",""Lu"",""Nb"",""Nd"",""Pm"",""Pr"",""Sc"",""Sm"",""Tb"",""Tm"",""Y"",""Yb"",""Zr""]",2025-09-16,2026-01-28T14:00:00+05:30,2026-01-28T23:55:51+05:30,MSTC/NRO/Designated Officer Ministry Of Mines/46/Shastri Bhawan/25-26/55330,Team Geo Resources Private Limited,96567,47.3,2026-01-28,https://www.mstcecommerce.com/auctionhome/mlcln/mineral_auction_result.jsp?sellerRefId=31608,,,,,,,,,,,,,,2026-09-10,inventory_only_not_used_in_prospectivity_training_or_scoring_without_exact_public_coordinates_or_polygon
CMB-EVENT-T6-R02,official_critical_mineral_auction_event,laxmipuram,successful_result,6,successfully auctioned,Laxmipuram Cobalt and Manganese Block,Andhra Pradesh,,CL,,,,False,,,,,,,,,,"[""Cobalt"",""Manganese""]","[""Cobalt"",""Manganese""]",[],"[""cobalt"",""manganese""]","[""Co"",""Mn""]",2025-09-16,2026-01-28T14:00:00+05:30,2026-01-28T21:22:41+05:30,MSTC/NRO/Designated Officer Ministry Of Mines/39/Shastri Bhawan/25-26/55323,VNR Minerals LLP,582254,60.05,2026-01-28,https://www.mstcecommerce.com/auctionhome/mlcln/mineral_auction_result.jsp?sellerRefId=31608,,,,,,,,,,,,,,2026-09-10,inventory_only_not_used_in_prospectivity_training_or_scoring_without_exact_public_coordinates_or_polygon
CMB-EVENT-T6-R03,official_critical_mineral_auction_event,kanaital,successful_result,6,successfully auctioned,Kanaital Graphite Manganese and Associated Mineral Block,Odisha,,CL,,,,False,,,,,,,,,,"[""Graphite"",""Manganese"",""Associated minerals""]","[""Graphite"",""Manganese""]","[""Associated minerals""]","[""carbon"",""manganese""]","[""C"",""Mn""]",2025-09-16,2026-01-23T14:00:00+05:30,2026-01-23T20:19:22+05:30,MSTC/NRO/Designated Officer Ministry Of Mines/44/Shastri Bhawan/25-26/55328,Shrinibash Sahoo,564379,835.0,2026-01-23,https://www.mstcecommerce.com/auctionhome/mlcln/mineral_auction_result.jsp?sellerRefId=31608,,,,,,,,,,,,,,2026-09-10,inventory_only_not_used_in_prospectivity_training_or_scoring_without_exact_public_coordinates_or_polygon
CMB-EVENT-T6-R04,official_critical_mineral_auction_event,southeast-of-gugrot,successful_result,6,successfully auctioned,Southeast of Gugrot REE and Nb Block,Rajasthan,,CL,,,,False,,,,,,,,,,"[""Rare-earth elements"",""Niobium""]","[""Rare-earth elements"",""Niobium""]",[],"[""cerium"",""dysprosium"",""erbium"",""europium"",""gadolinium"",""holmium"",""lanthanum"",""lutetium"",""neodymium"",""niobium"",""praseodymium"",""promethium"",""samarium"",""scandium"",""terbium"",""thulium"",""ytterbium"",""yttrium""]","[""Ce"",""Dy"",""Er"",""Eu"",""Gd"",""Ho"",""La"",""Lu"",""Nb"",""Nd"",""Pm"",""Pr"",""Sc"",""Sm"",""Tb"",""Tm"",""Y"",""Yb""]",2025-09-16,2026-01-21T14:00:00+05:30,2026-01-21T22:38:28+05:30,MSTC/NRO/Designated Officer Ministry Of Mines/48/Shastri Bhawan/25-26/55332,Pahel Dynamic Private Limited,590519,205.0,2026-01-21,https://www.mstcecommerce.com/auctionhome/mlcln/mineral_auction_result.jsp?sellerRefId=31608,,,,,,,,,,,,,,2026-09-10,inventory_only_not_used_in_prospectivity_training_or_scoring_without_exact_public_coordinates_or_polygon
CMB-EVENT-T6-R05,official_critical_mineral_auction_event,larambha,successful_result,6,successfully auctioned,Larambha Graphite Manganese and Associated Mineral Block,Odisha,,CL,,,,False,,,,,,,,,,"[""Graphite"",""Manganese"",""Associated minerals""]","[""Graphite"",""Manganese""]","[""Associated minerals""]","[""carbon"",""manganese""]","[""C"",""Mn""]",2025-09-16,2026-01-21T14:00:00+05:30,2026-01-21T17:31:39+05:30,MSTC/NRO/Designated Officer Ministry Of Mines/45/Shastri Bhawan/25-26/55329,VNR Minerals LLP,582254,265.0,2026-01-21,https://www.mstcecommerce.com/auctionhome/mlcln/mineral_auction_result.jsp?sellerRefId=31608,,,,,,,,,,,,,,2026-09-10,inventory_only_not_used_in_prospectivity_training_or_scoring_without_exact_public_coordinates_or_polygon
CMB-EVENT-T6-R06,official_critical_mineral_auction_event,chittalnar-kumakoleng-tin,successful_result,6,successfully auctioned,Chittalnar-Kumakoleng Tin Ore Block,Chhattisgarh,,CL,,,,False,,,,,,,,,,"[""Tin""]","[""Tin""]",[],"[""tin""]","[""Sn""]",2025-09-16,2026-01-19T14:00:00+05:30,2026-01-20T00:35:46+05:30,MSTC/NRO/Designated Officer Ministry Of Mines/41/Shastri Bhawan/25-26/55325,Harban Singh & Sons Enterprises Private Limited,584006,318.64,2026-01-20,https://www.mstcecommerce.com/auctionhome/mlcln/mineral_auction_result.jsp?sellerRefId=31608,,,,,,,,,,,,,,2026-09-10,inventory_only_not_used_in_prospectivity_training_or_scoring_without_exact_public_coordinates_or_polygon
CMB-EVENT-T6-R07,official_critical_mineral_auction_event,sito-sikhe,successful_result,6,successfully auctioned,Sito Sikhe Vanadium and Graphite Block,Arunachal Pradesh,,CL,,,,False,,,,,,,,,,"[""Vanadium"",""Graphite""]","[""Vanadium"",""Graphite""]",[],"[""carbon"",""vanadium""]","[""C"",""V""]",2025-09-16,2026-01-19T14:00:00+05:30,2026-01-19T19:33:14+05:30,MSTC/NRO/Designated Officer Ministry Of Mines/40/Shastri Bhawan/25-26/55324,Yuma Enterprises,568698,254.05,2026-01-19,https://www.mstcecommerce.com/auctionhome/mlcln/mineral_auction_result.jsp?sellerRefId=31608,,,,,,,,,,,,,,2026-09-10,inventory_only_not_used_in_prospectivity_training_or_scoring_without_exact_public_coordinates_or_polygon
CMB-EVENT-T6-R08,official_critical_mineral_auction_event,kawalapur,successful_result,6,successfully auctioned,Kawalapur REE and RM Block,Maharashtra,,CL,,,,False,,,,,,,,,,"[""Rare-earth elements"",""Rare metals""]","[""Rare-earth elements""]","[""Rare metals""]","[""cerium"",""dysprosium"",""erbium"",""europium"",""gadolinium"",""holmium"",""lanthanum"",""lutetium"",""neodymium"",""praseodymium"",""promethium"",""samarium"",""scandium"",""terbium"",""thulium"",""ytterbium"",""yttrium""]","[""Ce"",""Dy"",""Er"",""Eu"",""Gd"",""Ho"",""La"",""Lu"",""Nd"",""Pm"",""Pr"",""Sc"",""Sm"",""Tb"",""Tm"",""Y"",""Yb""]",2025-09-16,2026-01-16T14:00:00+05:30,2026-01-17T11:46:51+05:30,MSTC/NRO/Designated Officer Ministry Of Mines/42/Shastri Bhawan/25-26/55326,Coal India Limited,370758,40.6,2026-01-17,https://www.mstcecommerce.com/auctionhome/mlcln/mineral_auction_result.jsp?sellerRefId=31608,,,,,,,,,,,,,,2026-09-10,inventory_only_not_used_in_prospectivity_training_or_scoring_without_exact_public_coordinates_or_polygon
CMB-EVENT-T6-R09,official_critical_mineral_auction_event,khobna-and-agargaon,successful_result,6,successfully auctioned,Khobna and Agargaon Cluster Tungsten Mine Block,Maharashtra,,ML,,,,False,,,,,,,,,,"[""Tungsten""]","[""Tungsten""]",[],"[""tungsten""]","[""W""]",2025-09-16,2026-01-16T14:00:00+05:30,2026-01-16T23:08:17+05:30,MSTC/NRO/Designated Officer Ministry Of Mines/50/Shastri Bhawan/25-26/55334,R K Earth Resources Private Limited,504019,30.75,2026-01-16,https://www.mstcecommerce.com/auctionhome/mlcln/mineral_auction_result.jsp?sellerRefId=31608,,,,,,,,,,,,,,2026-09-10,inventory_only_not_used_in_prospectivity_training_or_scoring_without_exact_public_coordinates_or_polygon
CMB-EVENT-T6-R10,official_critical_mineral_auction_event,bharatbahal,successful_result,6,successfully auctioned,Bharatbahal Graphite Manganese and Associated Mineral Block,Odisha,,CL,,,,False,,,,,,,,,,"[""Graphite"",""Manganese"",""Associated minerals""]","[""Graphite"",""Manganese""]","[""Associated minerals""]","[""carbon"",""manganese""]","[""C"",""Mn""]",2025-09-16,2026-01-16T14:00:00+05:30,2026-01-16T19:50:59+05:30,MSTC/NRO/Designated Officer Ministry Of Mines/43/Shastri Bhawan/25-26/55327,VNR Minerals LLP,582254,265.0,2026-01-16,https://www.mstcecommerce.com/auctionhome/mlcln/mineral_auction_result.jsp?sellerRefId=31608,,,,,,,,,,,,,,2026-09-10,inventory_only_not_used_in_prospectivity_training_or_scoring_without_exact_public_coordinates_or_polygon
CMB-EVENT-T6-R11,official_critical_mineral_auction_event,nimbli,successful_result,6,successfully auctioned,Nimbli Rock Phosphate Block,Rajasthan,,CL,,,,False,,,,,,,,,,"[""Phosphate""]","[""Phosphorus""]",[],"[""phosphorus""]","[""P""]",2025-09-16,2026-01-16T14:00:00+05:30,2026-01-16T18:27:05+05:30,MSTC/NRO/Designated Officer Ministry Of Mines/47/Shastri Bhawan/25-26/55331,Wonder Cement Limited,70530,34.4,2026-01-16,https://www.mstcecommerce.com/auctionhome/mlcln/mineral_auction_result.jsp?sellerRefId=31608,,,,,,,,,,,,,,2026-09-10,inventory_only_not_used_in_prospectivity_training_or_scoring_without_exact_public_coordinates_or_polygon
CMB-EVENT-T6-R12,official_critical_mineral_auction_event,mincheri,successful_result,6,successfully auctioned,Mincheri REE Mine Block,Karnataka,,CL,,,,False,,,,,,,,,,"[""Rare-earth elements""]","[""Rare-earth elements""]",[],"[""cerium"",""dysprosium"",""erbium"",""europium"",""gadolinium"",""holmium"",""lanthanum"",""lutetium"",""neodymium"",""praseodymium"",""promethium"",""samarium"",""scandium"",""terbium"",""thulium"",""ytterbium"",""yttrium""]","[""Ce"",""Dy"",""Er"",""Eu"",""Gd"",""Ho"",""La"",""Lu"",""Nd"",""Pm"",""Pr"",""Sc"",""Sm"",""Tb"",""Tm"",""Y"",""Yb""]",2025-09-16,2026-01-16T14:00:00+05:30,2026-01-16T16:21:06+05:30,MSTC/NRO/Designated Officer Ministry Of Mines/49/Shastri Bhawan/25-26/55333,FGM Private Limited,580858,7.35,2026-01-16,https://www.mstcecommerce.com/auctionhome/mlcln/mineral_auction_result.jsp?sellerRefId=31608,,,,,,,,,,,,,,2026-09-10,inventory_only_not_used_in_prospectivity_training_or_scoring_without_exact_public_coordinates_or_polygon
CMB-EVENT-T7-R01,official_critical_mineral_auction_event,dindo-belkurta-basera,successful_result,7,successfully auctioned,Dindo Belkurta Basera Graphite Block,Chhattisgarh,,CL,,,,False,,,,,,,,,,"[""Graphite""]","[""Graphite""]",[],"[""carbon""]","[""C""]",2026-03-23,2026-06-16T14:00:00+05:30,2026-06-16T19:37:11+05:30,MSTC/NRO/Designated Officer Ministry Of Mines/11/Shastri Bhawan/26-27/14660,Shri Mahakaal Infrastructure,477521,680.3,2026-06-16,https://www.mstcecommerce.com/auctionhome/mlcln/mineral_auction_result.jsp?sellerRefId=31608,,,,,,,,,,,,,,2026-09-10,inventory_only_not_used_in_prospectivity_training_or_scoring_without_exact_public_coordinates_or_polygon
CMB-EVENT-T7-R02,official_critical_mineral_auction_event,lamer-panga-b,successful_result,7,successfully auctioned,Lamer Panga B Graphite Block,Odisha,,CL,,,,False,,,,,,,,,,"[""Graphite""]","[""Graphite""]",[],"[""carbon""]","[""C""]",2026-03-23,2026-06-12T14:00:00+05:30,2026-06-12T21:25:29+05:30,MSTC/NRO/Designated Officer Ministry Of Mines/9/Shastri Bhawan/26-27/14658,VNR Minerals LLP,582254,309.3,2026-06-12,https://www.mstcecommerce.com/auctionhome/mlcln/mineral_auction_result.jsp?sellerRefId=31608,,,,,,,,,,,,,,2026-09-10,inventory_only_not_used_in_prospectivity_training_or_scoring_without_exact_public_coordinates_or_polygon
CMB-EVENT-T7-R03,official_critical_mineral_auction_event,karna,successful_result,7,successfully auctioned,Karna REE Block,Rajasthan,,CL,,,,False,,,,,,,,,,"[""Rare-earth elements""]","[""Rare-earth elements""]",[],"[""cerium"",""dysprosium"",""erbium"",""europium"",""gadolinium"",""holmium"",""lanthanum"",""lutetium"",""neodymium"",""praseodymium"",""promethium"",""samarium"",""scandium"",""terbium"",""thulium"",""ytterbium"",""yttrium""]","[""Ce"",""Dy"",""Er"",""Eu"",""Gd"",""Ho"",""La"",""Lu"",""Nd"",""Pm"",""Pr"",""Sc"",""Sm"",""Tb"",""Tm"",""Y"",""Yb""]",2026-03-23,2026-06-12T14:00:00+05:30,2026-06-12T19:06:16+05:30,MSTC/NRO/Designated Officer Ministry Of Mines/10/Shastri Bhawan/26-27/14659,SKN Haryana City Gas Distribution Private Limited,574022,25.0,2026-06-12,https://www.mstcecommerce.com/auctionhome/mlcln/mineral_auction_result.jsp?sellerRefId=31608,,,,,,,,,,,,,,2026-09-10,inventory_only_not_used_in_prospectivity_training_or_scoring_without_exact_public_coordinates_or_polygon
CMB-EVENT-T7-R04,official_critical_mineral_auction_event,govindpur,successful_result,7,successfully auctioned,Govindpur Vanadium Titanium and Aluminous Laterite Mine Block,Telangana,,CL,,,,False,,,,,,,,,,"[""Vanadium"",""Titanium"",""Aluminous Laterite""]","[""Vanadium"",""Titanium"",""Aluminium""]",[],"[""aluminium"",""titanium"",""titanium dioxide"",""vanadium""]","[""Al"",""Ti"",""TiO2"",""V""]",2026-03-23,2026-06-12T14:00:00+05:30,2026-06-12T16:00:00+05:30,MSTC/NRO/Designated Officer Ministry Of Mines/8/Shastri Bhawan/26-27/14657,NLC India Limited,469842,7.05,2026-06-12,https://www.mstcecommerce.com/auctionhome/mlcln/mineral_auction_result.jsp?sellerRefId=31608,,,,,,,,,,,,,,2026-09-10,inventory_only_not_used_in_prospectivity_training_or_scoring_without_exact_public_coordinates_or_polygon
CMB-EVENT-T7-R05,official_critical_mineral_auction_event,lamer-panga-a,successful_result,7,successfully auctioned,Lamer Panga A Graphite Block,Odisha,,CL,,,,False,,,,,,,,,,"[""Graphite""]","[""Graphite""]",[],"[""carbon""]","[""C""]",2026-03-23,2026-06-11T14:00:00+05:30,2026-06-12T02:31:40+05:30,MSTC/NRO/Designated Officer Ministry Of Mines/4/Shastri Bhawan/26-27/14509,VNR Minerals LLP,582254,673.6,2026-06-12,https://www.mstcecommerce.com/auctionhome/mlcln/mineral_auction_result.jsp?sellerRefId=31608,,,,,,,,,,,,,,2026-09-10,inventory_only_not_used_in_prospectivity_training_or_scoring_without_exact_public_coordinates_or_polygon
CMB-EVENT-T7-R06,official_critical_mineral_auction_event,gundlupet,successful_result,7,successfully auctioned,Gundlupet REE and Yttrium Mine Block,Karnataka,,ML,,,,False,,,,,,,,,,"[""Rare-earth elements"",""Yttrium""]","[""Rare-earth elements""]",[],"[""cerium"",""dysprosium"",""erbium"",""europium"",""gadolinium"",""holmium"",""lanthanum"",""lutetium"",""neodymium"",""praseodymium"",""promethium"",""samarium"",""scandium"",""terbium"",""thulium"",""ytterbium"",""yttrium""]","[""Ce"",""Dy"",""Er"",""Eu"",""Gd"",""Ho"",""La"",""Lu"",""Nd"",""Pm"",""Pr"",""Sc"",""Sm"",""Tb"",""Tm"",""Y"",""Yb""]",2026-03-23,2026-06-11T14:00:00+05:30,2026-06-11T18:00:40+05:30,MSTC/NRO/Designated Officer Ministry Of Mines/3/Shastri Bhawan/26-27/14507,Hindustan Zinc Limited,299959,10.05,2026-06-11,https://www.mstcecommerce.com/auctionhome/mlcln/mineral_auction_result.jsp?sellerRefId=31608,,,,,,,,,,,,,,2026-09-10,inventory_only_not_used_in_prospectivity_training_or_scoring_without_exact_public_coordinates_or_polygon
CMB-EVENT-T7-R07,official_critical_mineral_auction_event,parvathapur,successful_result,7,successfully auctioned,Parvathapur Vanadium Titanium and Aluminous Laterite Mine Block,Telangana,,CL,,,,False,,,,,,,,,,"[""Vanadium"",""Titanium"",""Aluminous Laterite""]","[""Vanadium"",""Titanium"",""Aluminium""]",[],"[""aluminium"",""titanium"",""titanium dioxide"",""vanadium""]","[""Al"",""Ti"",""TiO2"",""V""]",2026-03-23,2026-06-11T14:00:00+05:30,2026-06-11T16:00:00+05:30,MSTC/NRO/Designated Officer Ministry Of Mines/2/Shastri Bhawan/26-27/14505,NLC India Limited,469842,6.05,2026-06-11,https://www.mstcecommerce.com/auctionhome/mlcln/mineral_auction_result.jsp?sellerRefId=31608,,,,,,,,,,,,,,2026-09-10,inventory_only_not_used_in_prospectivity_training_or_scoring_without_exact_public_coordinates_or_polygon
CMB-EVENT-T7-R08,official_critical_mineral_auction_event,pakro,successful_result,7,successfully auctioned,Pakro Vanadium and Graphite Mine Block,Arunachal Pradesh,,CL,,,,False,,,,,,,,,,"[""Vanadium"",""Graphite""]","[""Vanadium"",""Graphite""]",[],"[""carbon"",""vanadium""]","[""C"",""V""]",2026-03-23,2026-06-11T14:00:00+05:30,2026-06-11T16:00:00+05:30,MSTC/NRO/Designated Officer Ministry Of Mines/5/Shastri Bhawan/26-27/14510,Oilmax Energy Private Limited,587804,235.0,2026-06-11,https://www.mstcecommerce.com/auctionhome/mlcln/mineral_auction_result.jsp?sellerRefId=31608,,,,,,,,,,,,,,2026-09-10,inventory_only_not_used_in_prospectivity_training_or_scoring_without_exact_public_coordinates_or_polygon
CMB-EVENT-T7-R09,official_critical_mineral_auction_event,katesar-guneri,successful_result,7,successfully auctioned,Katesar Guneri Glauconite Block,Gujarat,,CL,,,,False,,,,,,,,,,"[""Glauconite""]",[],"[""Glauconite""]",[],[],2026-03-23,2026-06-11T14:00:00+05:30,2026-06-11T16:00:00+05:30,MSTC/NRO/Designated Officer Ministry Of Mines/6/Shastri Bhawan/26-27/14512,Moti Marbals,632580,3.6,2026-06-11,https://www.mstcecommerce.com/auctionhome/mlcln/mineral_auction_result.jsp?sellerRefId=31608,,,,,,,,,,,,,,2026-09-10,inventory_only_not_used_in_prospectivity_training_or_scoring_without_exact_public_coordinates_or_polygon
CMB-EVENT-T7-R10,official_critical_mineral_auction_event,kathyur,successful_result,7,successfully auctioned,Kathyur Phosphate Mine Block,Uttarakhand,,CL,,,,False,,,,,,,,,,"[""Phosphate""]","[""Phosphorus""]",[],"[""phosphorus""]","[""P""]",2026-03-23,2026-06-11T14:00:00+05:30,2026-06-11T16:00:00+05:30,MSTC/NRO/Designated Officer Ministry Of Mines/7/Shastri Bhawan/26-27/14513,Pahel Dynamic Private Limited,590519,20.1,2026-06-11,https://www.mstcecommerce.com/auctionhome/mlcln/mineral_auction_result.jsp?sellerRefId=31608,,,,,,,,,,,,,,2026-09-10,inventory_only_not_used_in_prospectivity_training_or_scoring_without_exact_public_coordinates_or_polygon
