record_id,source_id,catalog_key,catalog_nid,catalog_uuid,resource_nid,resource_uuid,source_row_position,commodity_source,normalized_material_ids_json,normalized_material_names_json,chemical_names_json,symbols_or_formulae_json,model_target_names_json,metallogenic_province_source,locality_source,source_state_name,toposheet_source,latitude_source,longitude_source,source_latdd,source_londd,latitude_min,latitude_max,longitude_min,longitude_max,representative_latitude,representative_longitude,coordinate_geometry_type,representative_coordinate_method,coordinate_reference_system,coordinate_precision_note,coordinate_span_km,h3_r6,state_or_ut_2011,district_2011,centroid_in_source_state_2011_boundary,host_rock_source,morphogenesis_source,formation_source,source_catalog_total_rows,preview_rows_returned,preview_coverage_pct,source_selection_mechanism,source_catalog_url,source_resource_url,source_preview_endpoint_url,source_workbook_metadata_url,source_release_date,source_updated_timestamp,source_license,source_license_url,nearest_known_site_record_id,nearest_known_site_km,nearest_known_comparable_material_record_id,nearest_known_comparable_material_km,nearest_known_comparable_material_within_25km,exact_normalized_locality_match_in_known_sites,knowledge_independence_status,model_evidence_role,model_exclusion_reason,data_quality_flags_json
GSI-OGD-BARYTE-PREVIEW-001,SRC_GSI_OGD_MINERAL_DEPOSIT_CATALOGS_2013,baryte,88879,e00c942c-acb4-4c3c-9d1a-6639ef38290c,88878,916bae9d-b387-44f4-8aaf-5650c0174e51,1,Baryte,"[""element:barium"",""mineral:baryte""]","[""Barium"",""Baryte""]","[""barium sulfate""]","[""Ba"",""Ba(SO4)""]","[""Barium""]",ARAVALLI BELT,RELPATALIYA,RAJASTHAN,45 H,24 24N,73 51E,,,24.4,24.4,73.85,73.85,24.4,73.85,point,source_published_dms_point_encoded_as_decimal_degrees,EPSG:4326 encoding; source datum not stated,"Source DMS point or range; a range midpoint is representative context, not a surveyed deposit boundary.",0.0,8642cda5fffffff,Rajasthan,Udaipur,True,GNEISSES FLANKED BY METABASICS,"MASSIVE BAND,VEINS",ARAVALLI,9,8,88.888889,first_rows_returned_by_public_portal_preview_not_random,https://www.data.gov.in/catalog/location-baryte-deposits-india-and-its-salient-features,https://www.data.gov.in/resource/location-baryte-deposits-india-and-its-salient-features,https://www.data.gov.in/backend/dms/v1/ogdp/resource/data/preview/88878?_format=json,https://www.data.gov.in/files/ogdpv2dms/s3fs-public/datafile/Baryte_1.xls,2013-05-06,2014-04-17T09:23:38+00:00,Government Open Data License - India,https://www.data.gov.in/godl,MRDS-10183096,7.515113,MRDS-10182981,108.102726,False,False,not_demonstrated_historical_catalog_may_overlap_prior_geological_knowledge,context_only_excluded_from_v0_6_training_validation_scoring,preview_is_incomplete_nonrandom_and_not_proven_knowledge_independent,[]
GSI-OGD-BARYTE-PREVIEW-002,SRC_GSI_OGD_MINERAL_DEPOSIT_CATALOGS_2013,baryte,88879,e00c942c-acb4-4c3c-9d1a-6639ef38290c,88878,916bae9d-b387-44f4-8aaf-5650c0174e51,2,Baryte,"[""element:barium"",""mineral:baryte""]","[""Barium"",""Baryte""]","[""barium sulfate""]","[""Ba"",""Ba(SO4)""]","[""Barium""]",CUDDAPAH BASIN,CHIMALAPENTA,ANDHRA PRADESH,57 J,14 25N,78 35E,,,14.41666667,14.41666667,78.58333333,78.58333333,14.41666667,78.58333333,point,source_published_dms_point_encoded_as_decimal_degrees,EPSG:4326 encoding; source datum not stated,"Source DMS point or range; a range midpoint is representative context, not a surveyed deposit boundary.",0.0,86618b40fffffff,Andhra Pradesh,Y.s.r.,True,"SHEARS WITHIN DOLOMITE,LIMESTONE,TRAP",LENSE ALONG SHEAR,NALLAMALAI Gp(CUDDAPAH Sgp.),9,8,88.888889,first_rows_returned_by_public_portal_preview_not_random,https://www.data.gov.in/catalog/location-baryte-deposits-india-and-its-salient-features,https://www.data.gov.in/resource/location-baryte-deposits-india-and-its-salient-features,https://www.data.gov.in/backend/dms/v1/ogdp/resource/data/preview/88878?_format=json,https://www.data.gov.in/files/ogdpv2dms/s3fs-public/datafile/Baryte_1.xls,2013-05-06,2014-04-17T09:23:38+00:00,Government Open Data License - India,https://www.data.gov.in/godl,MRDS-10256300,4.72638,MRDS-10207218,16.189232,True,False,not_demonstrated_historical_catalog_may_overlap_prior_geological_knowledge,context_only_excluded_from_v0_6_training_validation_scoring,preview_is_incomplete_nonrandom_and_not_proven_knowledge_independent,[]
GSI-OGD-BARYTE-PREVIEW-003,SRC_GSI_OGD_MINERAL_DEPOSIT_CATALOGS_2013,baryte,88879,e00c942c-acb4-4c3c-9d1a-6639ef38290c,88878,916bae9d-b387-44f4-8aaf-5650c0174e51,3,Baryte,"[""element:barium"",""mineral:baryte""]","[""Barium"",""Baryte""]","[""barium sulfate""]","[""Ba"",""Ba(SO4)""]","[""Barium""]",CUDDAPAH BASIN,MANGAMPETA,ANDHRA PRADESH,57 N,14 00N,79 19E,,,14.0,14.0,79.31666667,79.31666667,14.0,79.31666667,point,source_published_dms_point_encoded_as_decimal_degrees,EPSG:4326 encoding; source datum not stated,"Source DMS point or range; a range midpoint is representative context, not a surveyed deposit boundary.",0.0,86618aa27ffffff,Andhra Pradesh,Y.s.r.,True,CARBONACEOUS HORIZON OF PULLAMPET TUFF,STRATIFORM-BEDDED,CUMBUM(CUDDAPAH),9,8,88.888889,first_rows_returned_by_public_portal_preview_not_random,https://www.data.gov.in/catalog/location-baryte-deposits-india-and-its-salient-features,https://www.data.gov.in/resource/location-baryte-deposits-india-and-its-salient-features,https://www.data.gov.in/backend/dms/v1/ogdp/resource/data/preview/88878?_format=json,https://www.data.gov.in/files/ogdpv2dms/s3fs-public/datafile/Baryte_1.xls,2013-05-06,2014-04-17T09:23:38+00:00,Government Open Data License - India,https://www.data.gov.in/godl,MRDS-10182655,55.53016,MRDS-10207218,78.0895,False,False,not_demonstrated_historical_catalog_may_overlap_prior_geological_knowledge,context_only_excluded_from_v0_6_training_validation_scoring,preview_is_incomplete_nonrandom_and_not_proven_knowledge_independent,[]
GSI-OGD-BARYTE-PREVIEW-004,SRC_GSI_OGD_MINERAL_DEPOSIT_CATALOGS_2013,baryte,88879,e00c942c-acb4-4c3c-9d1a-6639ef38290c,88878,916bae9d-b387-44f4-8aaf-5650c0174e51,4,Baryte,"[""element:barium"",""mineral:baryte""]","[""Barium"",""Baryte""]","[""barium sulfate""]","[""Ba"",""Ba(SO4)""]","[""Barium""]",CUDDAPAH BASIN,VEMULA,ANDHRA PRADESH,57 J,14 20N,78 15E,,,14.33333333,14.33333333,78.25,78.25,14.33333333,78.25,point,source_published_dms_point_encoded_as_decimal_degrees,EPSG:4326 encoding; source datum not stated,"Source DMS point or range; a range midpoint is representative context, not a surveyed deposit boundary.",0.0,86618b627ffffff,Andhra Pradesh,Y.s.r.,True,FRACTURED TRAP ROCK,VEIN TYPE DEPOSIT,CHITRAVATI Gp.,9,8,88.888889,first_rows_returned_by_public_portal_preview_not_random,https://www.data.gov.in/catalog/location-baryte-deposits-india-and-its-salient-features,https://www.data.gov.in/resource/location-baryte-deposits-india-and-its-salient-features,https://www.data.gov.in/backend/dms/v1/ogdp/resource/data/preview/88878?_format=json,https://www.data.gov.in/files/ogdpv2dms/s3fs-public/datafile/Baryte_1.xls,2013-05-06,2014-04-17T09:23:38+00:00,Government Open Data License - India,https://www.data.gov.in/godl,MRDS-10256300,40.929729,MRDS-10207218,52.918218,False,False,not_demonstrated_historical_catalog_may_overlap_prior_geological_knowledge,context_only_excluded_from_v0_6_training_validation_scoring,preview_is_incomplete_nonrandom_and_not_proven_knowledge_independent,[]
GSI-OGD-BARYTE-PREVIEW-005,SRC_GSI_OGD_MINERAL_DEPOSIT_CATALOGS_2013,baryte,88879,e00c942c-acb4-4c3c-9d1a-6639ef38290c,88878,916bae9d-b387-44f4-8aaf-5650c0174e51,5,Baryte,"[""element:barium"",""mineral:baryte""]","[""Barium"",""Baryte""]","[""barium sulfate""]","[""Ba"",""Ba(SO4)""]","[""Barium""]",DELHI FOLD BELT,JAMRAULI,RAJASTHAN,54 A,27 05N,76 40E,,,27.08333333,27.08333333,76.66666667,76.66666667,27.08333333,76.66666667,point,source_published_dms_point_encoded_as_decimal_degrees,EPSG:4326 encoding; source datum not stated,"Source DMS point or range; a range midpoint is representative context, not a surveyed deposit boundary.",0.0,863da3517ffffff,Rajasthan,Dausa,True,QUARTZITE,"FISSURE,VEINS",ALWAR Gp.,9,8,88.888889,first_rows_returned_by_public_portal_preview_not_random,https://www.data.gov.in/catalog/location-baryte-deposits-india-and-its-salient-features,https://www.data.gov.in/resource/location-baryte-deposits-india-and-its-salient-features,https://www.data.gov.in/backend/dms/v1/ogdp/resource/data/preview/88878?_format=json,https://www.data.gov.in/files/ogdpv2dms/s3fs-public/datafile/Baryte_1.xls,2013-05-06,2014-04-17T09:23:38+00:00,Government Open Data License - India,https://www.data.gov.in/godl,MRDS-10279780,28.230453,MRDS-10182981,466.683344,False,False,not_demonstrated_historical_catalog_may_overlap_prior_geological_knowledge,context_only_excluded_from_v0_6_training_validation_scoring,preview_is_incomplete_nonrandom_and_not_proven_knowledge_independent,[]
GSI-OGD-BARYTE-PREVIEW-006,SRC_GSI_OGD_MINERAL_DEPOSIT_CATALOGS_2013,baryte,88879,e00c942c-acb4-4c3c-9d1a-6639ef38290c,88878,916bae9d-b387-44f4-8aaf-5650c0174e51,6,Baryte,"[""element:barium"",""mineral:baryte""]","[""Barium"",""Baryte""]","[""barium sulfate""]","[""Ba"",""Ba(SO4)""]","[""Barium""]",GHATTIHOSAHALLI BELT,GHATTIHOSAHALLI,KARNATAKA,57 C,13 59N,76 17E,,,13.98333333,13.98333333,76.28333333,76.28333333,13.98333333,76.28333333,point,source_published_dms_point_encoded_as_decimal_degrees,EPSG:4326 encoding; source datum not stated,"Source DMS point or range; a range midpoint is representative context, not a surveyed deposit boundary.",0.0,866012a77ffffff,Karnataka,Chitradurga,True,"FUCHSITE QUARTZITE,AMPHIBOLITE",BEDDED,BABABUDAN(DHARWAR).,9,8,88.888889,first_rows_returned_by_public_portal_preview_not_random,https://www.data.gov.in/catalog/location-baryte-deposits-india-and-its-salient-features,https://www.data.gov.in/resource/location-baryte-deposits-india-and-its-salient-features,https://www.data.gov.in/backend/dms/v1/ogdp/resource/data/preview/88878?_format=json,https://www.data.gov.in/files/ogdpv2dms/s3fs-public/datafile/Baryte_1.xls,2013-05-06,2014-04-17T09:23:38+00:00,Government Open Data License - India,https://www.data.gov.in/godl,MRDS-10183456,27.311029,MRDS-10207218,268.500005,False,False,not_demonstrated_historical_catalog_may_overlap_prior_geological_knowledge,context_only_excluded_from_v0_6_training_validation_scoring,preview_is_incomplete_nonrandom_and_not_proven_knowledge_independent,[]
GSI-OGD-BARYTE-PREVIEW-007,SRC_GSI_OGD_MINERAL_DEPOSIT_CATALOGS_2013,baryte,88879,e00c942c-acb4-4c3c-9d1a-6639ef38290c,88878,916bae9d-b387-44f4-8aaf-5650c0174e51,7,Baryte,"[""element:barium"",""mineral:baryte""]","[""Barium"",""Baryte""]","[""barium sulfate""]","[""Ba"",""Ba(SO4)""]","[""Barium""]",MAHAKOSHAL BELT,SUKWARI,MADHYA PRADESH,63 H,24 20N,81 50E,,,24.33333333,24.33333333,81.83333333,81.83333333,24.33333333,81.83333333,point,source_published_dms_point_encoded_as_decimal_degrees,EPSG:4326 encoding; source datum not stated,"Source DMS point or range; a range midpoint is representative context, not a surveyed deposit boundary.",0.0,863ca4067ffffff,Madhya Pradesh,Sidhi,True,"TALC-CHLORITE SCHIST,METADOLERITE","VEINS,FRACTURE FILLING",MAHAKOSHAL Gp.,9,8,88.888889,first_rows_returned_by_public_portal_preview_not_random,https://www.data.gov.in/catalog/location-baryte-deposits-india-and-its-salient-features,https://www.data.gov.in/resource/location-baryte-deposits-india-and-its-salient-features,https://www.data.gov.in/backend/dms/v1/ogdp/resource/data/preview/88878?_format=json,https://www.data.gov.in/files/ogdpv2dms/s3fs-public/datafile/Baryte_1.xls,2013-05-06,2014-04-17T09:23:38+00:00,Government Open Data License - India,https://www.data.gov.in/godl,MRDS-10206800,7.011482,MRDS-10182981,776.233557,False,False,not_demonstrated_historical_catalog_may_overlap_prior_geological_knowledge,context_only_excluded_from_v0_6_training_validation_scoring,preview_is_incomplete_nonrandom_and_not_proven_knowledge_independent,[]
GSI-OGD-BARYTE-PREVIEW-008,SRC_GSI_OGD_MINERAL_DEPOSIT_CATALOGS_2013,baryte,88879,e00c942c-acb4-4c3c-9d1a-6639ef38290c,88878,916bae9d-b387-44f4-8aaf-5650c0174e51,8,Baryte,"[""element:barium"",""mineral:baryte""]","[""Barium"",""Baryte""]","[""barium sulfate""]","[""Ba"",""Ba(SO4)""]","[""Barium""]",NELLORE TECTONIC BELT,VINJAMUR-KODANDARMA,ANDHRA PRADESH,57 N,14 45N,79 35E,,,14.75,14.75,79.58333333,79.58333333,14.75,79.58333333,point,source_published_dms_point_encoded_as_decimal_degrees,EPSG:4326 encoding; source datum not stated,"Source DMS point or range; a range midpoint is representative context, not a surveyed deposit boundary.",0.0,86618a457ffffff,Andhra Pradesh,Sri Potti Sriramulu Nellore,True,"VOLCANICS,CARBONATITE,TUFF","MASSIVE BANDS,BEDDED",NELLORE Gp.,9,8,88.888889,first_rows_returned_by_public_portal_preview_not_random,https://www.data.gov.in/catalog/location-baryte-deposits-india-and-its-salient-features,https://www.data.gov.in/resource/location-baryte-deposits-india-and-its-salient-features,https://www.data.gov.in/backend/dms/v1/ogdp/resource/data/preview/88878?_format=json,https://www.data.gov.in/files/ogdpv2dms/s3fs-public/datafile/Baryte_1.xls,2013-05-06,2014-04-17T09:23:38+00:00,Government Open Data License - India,https://www.data.gov.in/godl,MRDS-10231066,24.571894,MRDS-10207218,98.654174,False,False,not_demonstrated_historical_catalog_may_overlap_prior_geological_knowledge,context_only_excluded_from_v0_6_training_validation_scoring,preview_is_incomplete_nonrandom_and_not_proven_knowledge_independent,[]
GSI-OGD-BAUXITE-PREVIEW-001,SRC_GSI_OGD_MINERAL_DEPOSIT_CATALOGS_2013,bauxite,88877,4f0e265b-89ee-473c-9176-d6018fb3a3de,88876,9318a72b-de11-427c-8e3a-7ca878e2a89e,1,Bauxite,"[""element:aluminium"",""ore:bauxite""]","[""Aluminium"",""Bauxite""]","[""aluminium""]","[""Al""]","[""Aluminium""]",EAST COAST PROVINCE,ARAKU,ORISSA,65 J,18 16-18 22N,82 56-82 59E,,,18.26666667,18.36666667,82.93333333,82.98333333,18.31666667,82.95833333,coordinate_range,arithmetic_midpoint_of_source_published_dms_coordinate_ranges,EPSG:4326 encoding; source datum not stated,"Source DMS point or range; a range midpoint is representative context, not a surveyed deposit boundary.",12.308591,863c902d7ffffff,Andhra Pradesh,Visakhapatnam,False,CAPPING ON KHONDALITE,RESIDUAL DEPOSIT,EASTERN GHAT Sgp.,51,10,19.607843,first_rows_returned_by_public_portal_preview_not_random,https://www.data.gov.in/catalog/location-aluminum-deposits-bauxite-india-and-its-salient-features,https://www.data.gov.in/resource/location-aluminum-deposits-bauxite-india-and-its-salient-features,https://www.data.gov.in/backend/dms/v1/ogdp/resource/data/preview/88876?_format=json,https://www.data.gov.in/files/ogdpv2dms/s3fs-public/datafile/Aluminium_Ore_1.xls,2013-05-03,2014-04-17T09:23:38+00:00,Government Open Data License - India,https://www.data.gov.in/godl,MRDS-60000557,15.09201,MRDS-10134233,109.481471,False,False,not_demonstrated_historical_catalog_may_overlap_prior_geological_knowledge,context_only_excluded_from_v0_6_training_validation_scoring,preview_is_incomplete_nonrandom_and_not_proven_knowledge_independent,"[""source_state_differs_from_2011_boundary_at_representative_coordinate""]"
GSI-OGD-BAUXITE-PREVIEW-002,SRC_GSI_OGD_MINERAL_DEPOSIT_CATALOGS_2013,bauxite,88877,4f0e265b-89ee-473c-9176-d6018fb3a3de,88876,9318a72b-de11-427c-8e3a-7ca878e2a89e,2,Bauxite,"[""element:aluminium"",""ore:bauxite""]","[""Aluminium"",""Bauxite""]","[""aluminium""]","[""Al""]","[""Aluminium""]",EAST COAST PROVINCE,KARNAPODIKONDA,ANDHRA PRADESH,65 N,18 48N,83 05E,,,18.8,18.8,83.08333333,83.08333333,18.8,83.08333333,point,source_published_dms_point_encoded_as_decimal_degrees,EPSG:4326 encoding; source datum not stated,"Source DMS point or range; a range midpoint is representative context, not a surveyed deposit boundary.",0.0,863c91c1fffffff,Odisha,Koraput,False,CAPPING ON GRANULITE/GNEISSES,RESIDUAL DEPOSIT,EASTERN GHAT Sgp.,51,10,19.607843,first_rows_returned_by_public_portal_preview_not_random,https://www.data.gov.in/catalog/location-aluminum-deposits-bauxite-india-and-its-salient-features,https://www.data.gov.in/resource/location-aluminum-deposits-bauxite-india-and-its-salient-features,https://www.data.gov.in/backend/dms/v1/ogdp/resource/data/preview/88876?_format=json,https://www.data.gov.in/files/ogdpv2dms/s3fs-public/datafile/Aluminium_Ore_1.xls,2013-05-03,2014-04-17T09:23:38+00:00,Government Open Data License - India,https://www.data.gov.in/godl,MRDS-10003861,48.381819,MRDS-10134233,58.572794,False,False,not_demonstrated_historical_catalog_may_overlap_prior_geological_knowledge,context_only_excluded_from_v0_6_training_validation_scoring,preview_is_incomplete_nonrandom_and_not_proven_knowledge_independent,"[""source_state_differs_from_2011_boundary_at_representative_coordinate""]"
GSI-OGD-BAUXITE-PREVIEW-003,SRC_GSI_OGD_MINERAL_DEPOSIT_CATALOGS_2013,bauxite,88877,4f0e265b-89ee-473c-9176-d6018fb3a3de,88876,9318a72b-de11-427c-8e3a-7ca878e2a89e,3,Bauxite,"[""element:aluminium"",""ore:bauxite""]","[""Aluminium"",""Bauxite""]","[""aluminium""]","[""Al""]","[""Aluminium""]",EAST COAST PROVINCE,SIJIMALI,ORISSA,65 M,19 30N,83 08E,,,19.5,19.5,83.13333333,83.13333333,19.5,83.13333333,point,source_published_dms_point_encoded_as_decimal_degrees,EPSG:4326 encoding; source datum not stated,"Source DMS point or range; a range midpoint is representative context, not a surveyed deposit boundary.",0.0,863c9521fffffff,Odisha,Rayagada,True,CAPPING ON KHONDALITE/GNEISSES,RESIDUAL DEPOSIT,EASTERN GHAT Sgp.,51,10,19.607843,first_rows_returned_by_public_portal_preview_not_random,https://www.data.gov.in/catalog/location-aluminum-deposits-bauxite-india-and-its-salient-features,https://www.data.gov.in/resource/location-aluminum-deposits-bauxite-india-and-its-salient-features,https://www.data.gov.in/backend/dms/v1/ogdp/resource/data/preview/88876?_format=json,https://www.data.gov.in/files/ogdpv2dms/s3fs-public/datafile/Aluminium_Ore_1.xls,2013-05-03,2014-04-17T09:23:38+00:00,Government Open Data License - India,https://www.data.gov.in/godl,MRDS-10183049,5.869972,MRDS-10183049,5.869972,True,False,not_demonstrated_historical_catalog_may_overlap_prior_geological_knowledge,context_only_excluded_from_v0_6_training_validation_scoring,preview_is_incomplete_nonrandom_and_not_proven_knowledge_independent,[]
GSI-OGD-BAUXITE-PREVIEW-004,SRC_GSI_OGD_MINERAL_DEPOSIT_CATALOGS_2013,bauxite,88877,4f0e265b-89ee-473c-9176-d6018fb3a3de,88876,9318a72b-de11-427c-8e3a-7ca878e2a89e,4,Bauxite,"[""element:aluminium"",""ore:bauxite""]","[""Aluminium"",""Bauxite""]","[""aluminium""]","[""Al""]","[""Aluminium""]",EAST COAST PROVINCE,PANCHPATMALI,ORISSA,65 J & N,18 46-18 55N,82 57-83 04E,,,18.76666667,18.91666667,82.95,83.06666667,18.84166667,83.00833333,coordinate_range,arithmetic_midpoint_of_source_published_dms_coordinate_ranges,EPSG:4326 encoding; source datum not stated,"Source DMS point or range; a range midpoint is representative context, not a surveyed deposit boundary.",20.710803,863c91c37ffffff,Odisha,Koraput,True,CAPPING ON KHONDALITE,RESIDUAL DEPOSIT,EASTERN GHAT Sgp.,51,10,19.607843,first_rows_returned_by_public_portal_preview_not_random,https://www.data.gov.in/catalog/location-aluminum-deposits-bauxite-india-and-its-salient-features,https://www.data.gov.in/resource/location-aluminum-deposits-bauxite-india-and-its-salient-features,https://www.data.gov.in/backend/dms/v1/ogdp/resource/data/preview/88876?_format=json,https://www.data.gov.in/files/ogdpv2dms/s3fs-public/datafile/Aluminium_Ore_1.xls,2013-05-03,2014-04-17T09:23:38+00:00,Government Open Data License - India,https://www.data.gov.in/godl,MRDS-10003861,47.08285,MRDS-10134233,61.644121,False,True,not_demonstrated_historical_catalog_may_overlap_prior_geological_knowledge,context_only_excluded_from_v0_6_training_validation_scoring,preview_is_incomplete_nonrandom_and_not_proven_knowledge_independent,[]
GSI-OGD-BAUXITE-PREVIEW-005,SRC_GSI_OGD_MINERAL_DEPOSIT_CATALOGS_2013,bauxite,88877,4f0e265b-89ee-473c-9176-d6018fb3a3de,88876,9318a72b-de11-427c-8e3a-7ca878e2a89e,5,Bauxite,"[""element:aluminium"",""ore:bauxite""]","[""Aluminium"",""Bauxite""]","[""aluminium""]","[""Al""]","[""Aluminium""]",EAST COAST PROVINCE,ANAMINI,ORISSA,65 M,19 51N,83 40E,,,19.85,19.85,83.66666667,83.66666667,19.85,83.66666667,point,source_published_dms_point_encoded_as_decimal_degrees,EPSG:4326 encoding; source datum not stated,"Source DMS point or range; a range midpoint is representative context, not a surveyed deposit boundary.",0.0,863c8219fffffff,Odisha,Kandhamal,True,CAPPING ON KHONDALITE,RESIDUAL DEPOSIT,EASTERN GHAT Sgp.,51,10,19.607843,first_rows_returned_by_public_portal_preview_not_random,https://www.data.gov.in/catalog/location-aluminum-deposits-bauxite-india-and-its-salient-features,https://www.data.gov.in/resource/location-aluminum-deposits-bauxite-india-and-its-salient-features,https://www.data.gov.in/backend/dms/v1/ogdp/resource/data/preview/88876?_format=json,https://www.data.gov.in/files/ogdpv2dms/s3fs-public/datafile/Aluminium_Ore_1.xls,2013-05-03,2014-04-17T09:23:38+00:00,Government Open Data License - India,https://www.data.gov.in/godl,MRDS-60000556,3.949242,MRDS-10183049,70.041889,False,False,not_demonstrated_historical_catalog_may_overlap_prior_geological_knowledge,context_only_excluded_from_v0_6_training_validation_scoring,preview_is_incomplete_nonrandom_and_not_proven_knowledge_independent,[]
GSI-OGD-BAUXITE-PREVIEW-006,SRC_GSI_OGD_MINERAL_DEPOSIT_CATALOGS_2013,bauxite,88877,4f0e265b-89ee-473c-9176-d6018fb3a3de,88876,9318a72b-de11-427c-8e3a-7ca878e2a89e,6,Bauxite,"[""element:aluminium"",""ore:bauxite""]","[""Aluminium"",""Bauxite""]","[""aluminium""]","[""Al""]","[""Aluminium""]",EAST COAST PROVINCE,BOPHLIMATTI,ORISSA,65 I,19 18-19 22N,82 57-82 59E,,,19.3,19.36666667,82.95,82.98333333,19.33333333,82.96666667,coordinate_range,arithmetic_midpoint_of_source_published_dms_coordinate_ranges,EPSG:4326 encoding; source datum not stated,"Source DMS point or range; a range midpoint is representative context, not a surveyed deposit boundary.",8.19665,863c9574fffffff,Odisha,Rayagada,True,CAPPING ON KHONDALITE,RESIDUAL DEPOSIT,EASTERN GHAT Sgp.,51,10,19.607843,first_rows_returned_by_public_portal_preview_not_random,https://www.data.gov.in/catalog/location-aluminum-deposits-bauxite-india-and-its-salient-features,https://www.data.gov.in/resource/location-aluminum-deposits-bauxite-india-and-its-salient-features,https://www.data.gov.in/backend/dms/v1/ogdp/resource/data/preview/88876?_format=json,https://www.data.gov.in/files/ogdpv2dms/s3fs-public/datafile/Aluminium_Ore_1.xls,2013-05-03,2014-04-17T09:23:38+00:00,Government Open Data License - India,https://www.data.gov.in/godl,MRDS-10183049,23.198849,MRDS-10183049,23.198849,True,False,not_demonstrated_historical_catalog_may_overlap_prior_geological_knowledge,context_only_excluded_from_v0_6_training_validation_scoring,preview_is_incomplete_nonrandom_and_not_proven_knowledge_independent,[]
GSI-OGD-BAUXITE-PREVIEW-007,SRC_GSI_OGD_MINERAL_DEPOSIT_CATALOGS_2013,bauxite,88877,4f0e265b-89ee-473c-9176-d6018fb3a3de,88876,9318a72b-de11-427c-8e3a-7ca878e2a89e,7,Bauxite,"[""element:aluminium"",""ore:bauxite""]","[""Aluminium"",""Bauxite""]","[""aluminium""]","[""Al""]","[""Aluminium""]",EAST COAST PROVINCE,DUMKONDA,ANDHRA PRADESH,65 G,17 42-17 46N,81 51-81 57E,,,17.7,17.76666667,81.85,81.95,17.73333333,81.9,coordinate_range,arithmetic_midpoint_of_source_published_dms_coordinate_ranges,EPSG:4326 encoding; source datum not stated,"Source DMS point or range; a range midpoint is representative context, not a surveyed deposit boundary.",12.927694,863c92837ffffff,Andhra Pradesh,East Godavari,True,CAPPINGS ON SILLIMANITE GNEISS,RESIDUAL DEPOSIT,EASTERN GHAT Sgp.,51,10,19.607843,first_rows_returned_by_public_portal_preview_not_random,https://www.data.gov.in/catalog/location-aluminum-deposits-bauxite-india-and-its-salient-features,https://www.data.gov.in/resource/location-aluminum-deposits-bauxite-india-and-its-salient-features,https://www.data.gov.in/backend/dms/v1/ogdp/resource/data/preview/88876?_format=json,https://www.data.gov.in/files/ogdpv2dms/s3fs-public/datafile/Aluminium_Ore_1.xls,2013-05-03,2014-04-17T09:23:38+00:00,Government Open Data License - India,https://www.data.gov.in/godl,MRDS-10158566,36.847676,MRDS-10158566,36.847676,False,False,not_demonstrated_historical_catalog_may_overlap_prior_geological_knowledge,context_only_excluded_from_v0_6_training_validation_scoring,preview_is_incomplete_nonrandom_and_not_proven_knowledge_independent,[]
GSI-OGD-BAUXITE-PREVIEW-008,SRC_GSI_OGD_MINERAL_DEPOSIT_CATALOGS_2013,bauxite,88877,4f0e265b-89ee-473c-9176-d6018fb3a3de,88876,9318a72b-de11-427c-8e3a-7ca878e2a89e,8,Bauxite,"[""element:aluminium"",""ore:bauxite""]","[""Aluminium"",""Bauxite""]","[""aluminium""]","[""Al""]","[""Aluminium""]",EAST COAST PROVINCE,GANDHAMADAN,ORISSA,64 L,20 50-20 55N,82 30-82 45E,,,20.83333333,20.91666667,82.5,82.75,20.875,82.625,coordinate_range,arithmetic_midpoint_of_source_published_dms_coordinate_ranges,EPSG:4326 encoding; source datum not stated,"Source DMS point or range; a range midpoint is representative context, not a surveyed deposit boundary.",27.577436,863c868b7ffffff,Odisha,Nuapada,True,CAPPING ON KHONDALITE/GNEISSES,RESIDUAL DEPOSIT,EASTERN GHAT Sgp.,51,10,19.607843,first_rows_returned_by_public_portal_preview_not_random,https://www.data.gov.in/catalog/location-aluminum-deposits-bauxite-india-and-its-salient-features,https://www.data.gov.in/resource/location-aluminum-deposits-bauxite-india-and-its-salient-features,https://www.data.gov.in/backend/dms/v1/ogdp/resource/data/preview/88876?_format=json,https://www.data.gov.in/files/ogdpv2dms/s3fs-public/datafile/Aluminium_Ore_1.xls,2013-05-03,2014-04-17T09:23:38+00:00,Government Open Data License - India,https://www.data.gov.in/godl,MRDS-10206891,16.538787,MRDS-10182983,18.805849,True,False,not_demonstrated_historical_catalog_may_overlap_prior_geological_knowledge,context_only_excluded_from_v0_6_training_validation_scoring,preview_is_incomplete_nonrandom_and_not_proven_knowledge_independent,[]
GSI-OGD-BAUXITE-PREVIEW-009,SRC_GSI_OGD_MINERAL_DEPOSIT_CATALOGS_2013,bauxite,88877,4f0e265b-89ee-473c-9176-d6018fb3a3de,88876,9318a72b-de11-427c-8e3a-7ca878e2a89e,9,Bauxite,"[""element:aluminium"",""ore:bauxite""]","[""Aluminium"",""Bauxite""]","[""aluminium""]","[""Al""]","[""Aluminium""]",EAST COAST PROVINCE,GUDEM,ORISSA,65 J,17 48-17 51N,82 08-82 10E,,,17.8,17.85,82.13333333,82.16666667,17.825,82.15,coordinate_range,arithmetic_midpoint_of_source_published_dms_coordinate_ranges,EPSG:4326 encoding; source datum not stated,"Source DMS point or range; a range midpoint is representative context, not a surveyed deposit boundary.",6.584961,863c9286fffffff,Andhra Pradesh,Visakhapatnam,False,CAPPINGS ON KHONDALITE,RESIDUAL DEPOSIT,EASTERN GHAT Sgp.,51,10,19.607843,first_rows_returned_by_public_portal_preview_not_random,https://www.data.gov.in/catalog/location-aluminum-deposits-bauxite-india-and-its-salient-features,https://www.data.gov.in/resource/location-aluminum-deposits-bauxite-india-and-its-salient-features,https://www.data.gov.in/backend/dms/v1/ogdp/resource/data/preview/88876?_format=json,https://www.data.gov.in/files/ogdpv2dms/s3fs-public/datafile/Aluminium_Ore_1.xls,2013-05-03,2014-04-17T09:23:38+00:00,Government Open Data License - India,https://www.data.gov.in/godl,MRDS-10158566,31.717275,MRDS-10158566,31.717275,False,False,not_demonstrated_historical_catalog_may_overlap_prior_geological_knowledge,context_only_excluded_from_v0_6_training_validation_scoring,preview_is_incomplete_nonrandom_and_not_proven_knowledge_independent,"[""source_state_differs_from_2011_boundary_at_representative_coordinate""]"
GSI-OGD-BAUXITE-PREVIEW-010,SRC_GSI_OGD_MINERAL_DEPOSIT_CATALOGS_2013,bauxite,88877,4f0e265b-89ee-473c-9176-d6018fb3a3de,88876,9318a72b-de11-427c-8e3a-7ca878e2a89e,10,Bauxite,"[""element:aluminium"",""ore:bauxite""]","[""Aluminium"",""Bauxite""]","[""aluminium""]","[""Al""]","[""Aluminium""]",EAST COAST PROVINCE,GURLIDU,ANDHRA PRADESH,65 G,17 50-17 52N,81 53-81 55E,,,17.83333333,17.86666667,81.88333333,81.91666667,17.85,81.9,coordinate_range,arithmetic_midpoint_of_source_published_dms_coordinate_ranges,EPSG:4326 encoding; source datum not stated,"Source DMS point or range; a range midpoint is representative context, not a surveyed deposit boundary.",5.117178,863c9290fffffff,Andhra Pradesh,East Godavari,True,CAPPING ON SILLIMANITE GNEISS,RESIDUAL DEPOSIT,EASTERN GHAT Sgp.,51,10,19.607843,first_rows_returned_by_public_portal_preview_not_random,https://www.data.gov.in/catalog/location-aluminum-deposits-bauxite-india-and-its-salient-features,https://www.data.gov.in/resource/location-aluminum-deposits-bauxite-india-and-its-salient-features,https://www.data.gov.in/backend/dms/v1/ogdp/resource/data/preview/88876?_format=json,https://www.data.gov.in/files/ogdpv2dms/s3fs-public/datafile/Aluminium_Ore_1.xls,2013-05-03,2014-04-17T09:23:38+00:00,Government Open Data License - India,https://www.data.gov.in/godl,MRDS-10158566,45.59304,MRDS-10158566,45.59304,False,False,not_demonstrated_historical_catalog_may_overlap_prior_geological_knowledge,context_only_excluded_from_v0_6_training_validation_scoring,preview_is_incomplete_nonrandom_and_not_proven_knowledge_independent,[]
GSI-OGD-COPPER-PREVIEW-001,SRC_GSI_OGD_MINERAL_DEPOSIT_CATALOGS_2013,copper,88881,cc3653aa-3af4-4ae0-8698-93e1d7eee2f7,88880,8192ef10-7ed7-42eb-93c7-51708a79b221,1,Copper,"[""element:copper""]","[""Copper""]","[""copper""]","[""Cu""]","[""Copper""]",ADASH RAIMAL BELT,ADASH,ORISSA,73 C,21 23 N,84 38E,,,21.38333333,21.38333333,84.63333333,84.63333333,21.38333333,84.63333333,point,source_published_dms_point_encoded_as_decimal_degrees,EPSG:4326 encoding; source datum not stated,"Source DMS point or range; a range midpoint is representative context, not a surveyed deposit boundary.",0.0,863c81dafffffff,Odisha,Debagarh,True,"KHONDALITE,CHARNOCKITE,AMPHIBOLITE",IN SILICIFIED METABASITE,EASTERN GHAT Sgp.,106,10,9.433962,first_rows_returned_by_public_portal_preview_not_random,https://www.data.gov.in/catalog/location-copper-deposits-india-and-its-salient-features,https://www.data.gov.in/resource/location-copper-deposits-india-and-its-salient-features,https://www.data.gov.in/backend/dms/v1/ogdp/resource/data/preview/88880?_format=json,https://www.data.gov.in/files/ogdpv2dms/s3fs-public/datafile/Copper_Ore.xls,2013-05-03,2014-04-17T09:23:38+00:00,Government Open Data License - India,https://www.data.gov.in/godl,MRDS-10038985,48.249447,MRDS-10069246,100.444388,False,False,not_demonstrated_historical_catalog_may_overlap_prior_geological_knowledge,context_only_excluded_from_v0_6_training_validation_scoring,preview_is_incomplete_nonrandom_and_not_proven_knowledge_independent,[]
GSI-OGD-COPPER-PREVIEW-002,SRC_GSI_OGD_MINERAL_DEPOSIT_CATALOGS_2013,copper,88881,cc3653aa-3af4-4ae0-8698-93e1d7eee2f7,88880,8192ef10-7ed7-42eb-93c7-51708a79b221,2,Copper,"[""element:copper""]","[""Copper""]","[""copper""]","[""Cu""]","[""Copper""]",AGNIGUNDLA BELT,BANDALAMOTTU,ANDHRA PRADESH,56 P,16 13 30 N,79 39 45 E,,,16.225,16.225,79.6625,79.6625,16.225,79.6625,point,source_published_dms_point_encoded_as_decimal_degrees,EPSG:4326 encoding; source datum not stated,"Source DMS point or range; a range midpoint is representative context, not a surveyed deposit boundary.",0.0,86619ba0fffffff,Andhra Pradesh,Guntur,True,DOLOMITE & DOLOMITIC LIMESTONE,ENECHELON LODE-STRATABOUND-SEDIMENTARY,CUMBUM(NALLAMALAI Gp),106,10,9.433962,first_rows_returned_by_public_portal_preview_not_random,https://www.data.gov.in/catalog/location-copper-deposits-india-and-its-salient-features,https://www.data.gov.in/resource/location-copper-deposits-india-and-its-salient-features,https://www.data.gov.in/backend/dms/v1/ogdp/resource/data/preview/88880?_format=json,https://www.data.gov.in/files/ogdpv2dms/s3fs-public/datafile/Copper_Ore.xls,2013-05-03,2014-04-17T09:23:38+00:00,Government Open Data License - India,https://www.data.gov.in/godl,MRDS-10073073,1.045916,MRDS-10073073,1.045916,True,False,not_demonstrated_historical_catalog_may_overlap_prior_geological_knowledge,context_only_excluded_from_v0_6_training_validation_scoring,preview_is_incomplete_nonrandom_and_not_proven_knowledge_independent,[]
GSI-OGD-COPPER-PREVIEW-003,SRC_GSI_OGD_MINERAL_DEPOSIT_CATALOGS_2013,copper,88881,cc3653aa-3af4-4ae0-8698-93e1d7eee2f7,88880,8192ef10-7ed7-42eb-93c7-51708a79b221,3,Copper,"[""element:copper""]","[""Copper""]","[""copper""]","[""Cu""]","[""Copper""]",AGNIGUNDLA BELT,DHUKONDA,ANDHRA PRADESH,56 P,16 13 20 N,79 43 30 E,,,16.22222222,16.22222222,79.725,79.725,16.22222222,79.725,point,source_published_dms_point_encoded_as_decimal_degrees,EPSG:4326 encoding; source datum not stated,"Source DMS point or range; a range midpoint is representative context, not a surveyed deposit boundary.",0.0,86619ba2fffffff,Andhra Pradesh,Guntur,True,"QUARTZITE,Pb SUBORDINATE IN DOLOMITE",DISSEMINATION-STRATABOUND-SEDIMENTARY,CUMBUM(NALLAMALAI),106,10,9.433962,first_rows_returned_by_public_portal_preview_not_random,https://www.data.gov.in/catalog/location-copper-deposits-india-and-its-salient-features,https://www.data.gov.in/resource/location-copper-deposits-india-and-its-salient-features,https://www.data.gov.in/backend/dms/v1/ogdp/resource/data/preview/88880?_format=json,https://www.data.gov.in/files/ogdpv2dms/s3fs-public/datafile/Copper_Ore.xls,2013-05-03,2014-04-17T09:23:38+00:00,Government Open Data License - India,https://www.data.gov.in/godl,MRDS-10230883,5.419765,MRDS-10230883,5.419765,True,False,not_demonstrated_historical_catalog_may_overlap_prior_geological_knowledge,context_only_excluded_from_v0_6_training_validation_scoring,preview_is_incomplete_nonrandom_and_not_proven_knowledge_independent,[]
GSI-OGD-COPPER-PREVIEW-004,SRC_GSI_OGD_MINERAL_DEPOSIT_CATALOGS_2013,copper,88881,cc3653aa-3af4-4ae0-8698-93e1d7eee2f7,88880,8192ef10-7ed7-42eb-93c7-51708a79b221,4,Copper,"[""element:copper""]","[""Copper""]","[""copper""]","[""Cu""]","[""Copper""]",AGNIGUNDLA BELT,NALLAKONDA,ANDHRA PRADESH,56 P,16 12 30 N,79 42 15 E,,,16.20833333,16.20833333,79.70416667,79.70416667,16.20833333,79.70416667,point,source_published_dms_point_encoded_as_decimal_degrees,EPSG:4326 encoding; source datum not stated,"Source DMS point or range; a range midpoint is representative context, not a surveyed deposit boundary.",0.0,86619ba2fffffff,Andhra Pradesh,Guntur,True,CALCAREOUS QUARTZITE,ENECHELON LODE-STRATABOUND-SEDIMENTARY,CUMBUM Fm.,106,10,9.433962,first_rows_returned_by_public_portal_preview_not_random,https://www.data.gov.in/catalog/location-copper-deposits-india-and-its-salient-features,https://www.data.gov.in/resource/location-copper-deposits-india-and-its-salient-features,https://www.data.gov.in/backend/dms/v1/ogdp/resource/data/preview/88880?_format=json,https://www.data.gov.in/files/ogdpv2dms/s3fs-public/datafile/Copper_Ore.xls,2013-05-03,2014-04-17T09:23:38+00:00,Government Open Data License - India,https://www.data.gov.in/godl,MRDS-10073073,4.07369,MRDS-10073073,4.07369,True,False,not_demonstrated_historical_catalog_may_overlap_prior_geological_knowledge,context_only_excluded_from_v0_6_training_validation_scoring,preview_is_incomplete_nonrandom_and_not_proven_knowledge_independent,[]
GSI-OGD-COPPER-PREVIEW-005,SRC_GSI_OGD_MINERAL_DEPOSIT_CATALOGS_2013,copper,88881,cc3653aa-3af4-4ae0-8698-93e1d7eee2f7,88880,8192ef10-7ed7-42eb-93c7-51708a79b221,5,Copper,"[""element:copper""]","[""Copper""]","[""copper""]","[""Cu""]","[""Copper""]",AHIRWALA-BALESWAR,TEJWALA,RAJASTHAN,45 M,27 37N,75 30E,,,27.61666667,27.61666667,75.5,75.5,27.61666667,75.5,point,source_published_dms_point_encoded_as_decimal_degrees,EPSG:4326 encoding; source datum not stated,"Source DMS point or range; a range midpoint is representative context, not a surveyed deposit boundary.",0.0,863da6257ffffff,Rajasthan,Sikar,True,"QUARTZITE,MARBLE,AMPHIBOLE QUARTZITE",DISSEMINATION/STRINGERS WITHIN SHEAR ZONE,DELHI Sgp,106,10,9.433962,first_rows_returned_by_public_portal_preview_not_random,https://www.data.gov.in/catalog/location-copper-deposits-india-and-its-salient-features,https://www.data.gov.in/resource/location-copper-deposits-india-and-its-salient-features,https://www.data.gov.in/backend/dms/v1/ogdp/resource/data/preview/88880?_format=json,https://www.data.gov.in/files/ogdpv2dms/s3fs-public/datafile/Copper_Ore.xls,2013-05-03,2014-04-17T09:23:38+00:00,Government Open Data License - India,https://www.data.gov.in/godl,MRDS-10081078,7.494297,MRDS-10081078,7.494297,True,False,not_demonstrated_historical_catalog_may_overlap_prior_geological_knowledge,context_only_excluded_from_v0_6_training_validation_scoring,preview_is_incomplete_nonrandom_and_not_proven_knowledge_independent,[]
GSI-OGD-COPPER-PREVIEW-006,SRC_GSI_OGD_MINERAL_DEPOSIT_CATALOGS_2013,copper,88881,cc3653aa-3af4-4ae0-8698-93e1d7eee2f7,88880,8192ef10-7ed7-42eb-93c7-51708a79b221,6,Copper,"[""element:copper""]","[""Copper""]","[""copper""]","[""Cu""]","[""Copper""]",AHIRWALA-BALESWAR BELT,AHIRWALA,RAJASTHAN,45 M,27 37N,75 53E,,,27.61666667,27.61666667,75.88333333,75.88333333,27.61666667,75.88333333,point,source_published_dms_point_encoded_as_decimal_degrees,EPSG:4326 encoding; source datum not stated,"Source DMS point or range; a range midpoint is representative context, not a surveyed deposit boundary.",0.0,863da041fffffff,Rajasthan,Sikar,True,"SCHIST,AMPHIBOLITE,QUARTZITE",DISSEMINATION/STRINGERS WITHIN SHEAR ZONE,DELHI Sgp.,106,10,9.433962,first_rows_returned_by_public_portal_preview_not_random,https://www.data.gov.in/catalog/location-copper-deposits-india-and-its-salient-features,https://www.data.gov.in/resource/location-copper-deposits-india-and-its-salient-features,https://www.data.gov.in/backend/dms/v1/ogdp/resource/data/preview/88880?_format=json,https://www.data.gov.in/files/ogdpv2dms/s3fs-public/datafile/Copper_Ore.xls,2013-05-03,2014-04-17T09:23:38+00:00,Government Open Data License - India,https://www.data.gov.in/godl,MRDS-10304074,35.970873,MRDS-10304074,35.970873,False,False,not_demonstrated_historical_catalog_may_overlap_prior_geological_knowledge,context_only_excluded_from_v0_6_training_validation_scoring,preview_is_incomplete_nonrandom_and_not_proven_knowledge_independent,[]
GSI-OGD-COPPER-PREVIEW-007,SRC_GSI_OGD_MINERAL_DEPOSIT_CATALOGS_2013,copper,88881,cc3653aa-3af4-4ae0-8698-93e1d7eee2f7,88880,8192ef10-7ed7-42eb-93c7-51708a79b221,7,Copper,"[""element:copper""]","[""Copper""]","[""copper""]","[""Cu""]","[""Copper""]",AHIRWALA-BALESWAR BELT,BALESWAR,RAJASTHAN,45 M,27 43N,75 54E,,,27.71666667,27.71666667,75.9,75.9,27.71666667,75.9,point,source_published_dms_point_encoded_as_decimal_degrees,EPSG:4326 encoding; source datum not stated,"Source DMS point or range; a range midpoint is representative context, not a surveyed deposit boundary.",0.0,863da0477ffffff,Rajasthan,Sikar,True,"SCHIST,AMPHIBOLITE,QUARTZITE",DISSEMINATION/STRINGERS WITHIN SHEAR ZONE,DELHI Sgp.,106,10,9.433962,first_rows_returned_by_public_portal_preview_not_random,https://www.data.gov.in/catalog/location-copper-deposits-india-and-its-salient-features,https://www.data.gov.in/resource/location-copper-deposits-india-and-its-salient-features,https://www.data.gov.in/backend/dms/v1/ogdp/resource/data/preview/88880?_format=json,https://www.data.gov.in/files/ogdpv2dms/s3fs-public/datafile/Copper_Ore.xls,2013-05-03,2014-04-17T09:23:38+00:00,Government Open Data License - India,https://www.data.gov.in/godl,MRDS-10207281,29.086294,MRDS-10207281,29.086294,False,False,not_demonstrated_historical_catalog_may_overlap_prior_geological_knowledge,context_only_excluded_from_v0_6_training_validation_scoring,preview_is_incomplete_nonrandom_and_not_proven_knowledge_independent,[]
GSI-OGD-COPPER-PREVIEW-008,SRC_GSI_OGD_MINERAL_DEPOSIT_CATALOGS_2013,copper,88881,cc3653aa-3af4-4ae0-8698-93e1d7eee2f7,88880,8192ef10-7ed7-42eb-93c7-51708a79b221,8,Copper,"[""element:copper""]","[""Copper""]","[""copper""]","[""Cu""]","[""Copper""]",AKOLA-WARI-BHIDER BELT,AKOLA,RAJASTHAN,45 L,24 45N,74 12E,,,24.75,24.75,74.2,74.2,24.75,74.2,point,source_published_dms_point_encoded_as_decimal_degrees,EPSG:4326 encoding; source datum not stated,"Source DMS point or range; a range midpoint is representative context, not a surveyed deposit boundary.",0.0,863db2837ffffff,Rajasthan,Chittaurgarh,True,"SCHIST,METAVOLCANICS,GNEISSES,DOLOMITE",LENTICULAR-STRATABOUND,BHILWARA Sgp.,106,10,9.433962,first_rows_returned_by_public_portal_preview_not_random,https://www.data.gov.in/catalog/location-copper-deposits-india-and-its-salient-features,https://www.data.gov.in/resource/location-copper-deposits-india-and-its-salient-features,https://www.data.gov.in/backend/dms/v1/ogdp/resource/data/preview/88880?_format=json,https://www.data.gov.in/files/ogdpv2dms/s3fs-public/datafile/Copper_Ore.xls,2013-05-03,2014-04-17T09:23:38+00:00,Government Open Data License - India,https://www.data.gov.in/godl,MRDS-10073075,1.634046,MRDS-10073075,1.634046,True,False,not_demonstrated_historical_catalog_may_overlap_prior_geological_knowledge,context_only_excluded_from_v0_6_training_validation_scoring,preview_is_incomplete_nonrandom_and_not_proven_knowledge_independent,[]
GSI-OGD-COPPER-PREVIEW-009,SRC_GSI_OGD_MINERAL_DEPOSIT_CATALOGS_2013,copper,88881,cc3653aa-3af4-4ae0-8698-93e1d7eee2f7,88880,8192ef10-7ed7-42eb-93c7-51708a79b221,9,Copper,"[""element:copper""]","[""Copper""]","[""copper""]","[""Cu""]","[""Copper""]",AKOLA-WARI-BHINDER BELT,BHINDER,RAJASTHAN,45 L,24 30N,74 12E,,,24.5,24.5,74.2,74.2,24.5,74.2,point,source_published_dms_point_encoded_as_decimal_degrees,EPSG:4326 encoding; source datum not stated,"Source DMS point or range; a range midpoint is representative context, not a surveyed deposit boundary.",0.0,863db2c67ffffff,Rajasthan,Udaipur,True,"SCHIST AND CALC SILICATE ROCKS,DOLOMITE",LENTICULAR-STRATABOUND,BHILWARA Sgp.,106,10,9.433962,first_rows_returned_by_public_portal_preview_not_random,https://www.data.gov.in/catalog/location-copper-deposits-india-and-its-salient-features,https://www.data.gov.in/resource/location-copper-deposits-india-and-its-salient-features,https://www.data.gov.in/backend/dms/v1/ogdp/resource/data/preview/88880?_format=json,https://www.data.gov.in/files/ogdpv2dms/s3fs-public/datafile/Copper_Ore.xls,2013-05-03,2014-04-17T09:23:38+00:00,Government Open Data License - India,https://www.data.gov.in/godl,MRDS-10073075,27.76236,MRDS-10073075,27.76236,False,False,not_demonstrated_historical_catalog_may_overlap_prior_geological_knowledge,context_only_excluded_from_v0_6_training_validation_scoring,preview_is_incomplete_nonrandom_and_not_proven_knowledge_independent,[]
GSI-OGD-COPPER-PREVIEW-010,SRC_GSI_OGD_MINERAL_DEPOSIT_CATALOGS_2013,copper,88881,cc3653aa-3af4-4ae0-8698-93e1d7eee2f7,88880,8192ef10-7ed7-42eb-93c7-51708a79b221,10,Copper,"[""element:copper""]","[""Copper""]","[""copper""]","[""Cu""]","[""Copper""]",AKOLA-WARI-BHINDER BELT,WARI,RAJASTHAN,45 H,24 53-24 54N,73 09-73 10E,,,24.88333333,24.9,73.15,73.16666667,24.89166667,73.15833333,coordinate_range,arithmetic_midpoint_of_source_published_dms_coordinate_ranges,EPSG:4326 encoding; source datum not stated,"Source DMS point or range; a range midpoint is representative context, not a surveyed deposit boundary.",2.502123,863db6cf7ffffff,Rajasthan,Pali,True,"CALC SCHIST,MARBLE,AMPHIBOLITE",LENTICULAR-STRATABOUND,BHILWARA Sgp.,106,10,9.433962,first_rows_returned_by_public_portal_preview_not_random,https://www.data.gov.in/catalog/location-copper-deposits-india-and-its-salient-features,https://www.data.gov.in/resource/location-copper-deposits-india-and-its-salient-features,https://www.data.gov.in/backend/dms/v1/ogdp/resource/data/preview/88880?_format=json,https://www.data.gov.in/files/ogdpv2dms/s3fs-public/datafile/Copper_Ore.xls,2013-05-03,2014-04-17T09:23:38+00:00,Government Open Data License - India,https://www.data.gov.in/godl,MRDS-10073036,29.382872,MRDS-10073074,68.075335,False,False,not_demonstrated_historical_catalog_may_overlap_prior_geological_knowledge,context_only_excluded_from_v0_6_training_validation_scoring,preview_is_incomplete_nonrandom_and_not_proven_knowledge_independent,[]
GSI-OGD-DIAMOND-PREVIEW-001,SRC_GSI_OGD_MINERAL_DEPOSIT_CATALOGS_2013,diamond,88883,24d6bb35-325a-4885-a3d4-6dc028582178,88882,0e5a3848-6ea5-4ef0-bd3f-3dbeaf96e9e5,1,Diamond,"[""mineral:diamond""]","[""Diamond""]","[""carbon""]","[""C""]",[],BASTAR KIMBERLITE FIELD,BEJRIPADAR,CHATTISGARH,65 E,19 03N,81 51E,,,19.05,19.05,81.85,81.85,19.05,81.85,point,source_published_dms_point_encoded_as_decimal_degrees,EPSG:4326 encoding; source datum not stated,"Source DMS point or range; a range midpoint is representative context, not a surveyed deposit boundary.",0.0,863c9476fffffff,Chhattisgarh,Bastar,True,KIMBERLITE,MAGMATIC DIFFERENTIATION,INDRAVATI Gp.,14,10,71.428571,first_rows_returned_by_public_portal_preview_not_random,https://www.data.gov.in/catalog/location-diamond-deposits-india-and-its-salient-features,https://www.data.gov.in/resource/location-diamond-deposits-india-and-its-salient-features,https://www.data.gov.in/backend/dms/v1/ogdp/resource/data/preview/88882?_format=json,https://www.data.gov.in/files/ogdpv2dms/s3fs-public/datafile/Diamond_1.xls,2013-05-06,2014-04-17T09:23:38+00:00,Government Open Data License - India,https://www.data.gov.in/godl,MRDS-60000714,39.303876,,,False,False,not_demonstrated_historical_catalog_may_overlap_prior_geological_knowledge,context_only_excluded_from_v0_6_training_validation_scoring,preview_is_incomplete_nonrandom_and_not_proven_knowledge_independent,"[""no_comparable_material_rows_in_known_site_layer""]"
GSI-OGD-DIAMOND-PREVIEW-002,SRC_GSI_OGD_MINERAL_DEPOSIT_CATALOGS_2013,diamond,88883,24d6bb35-325a-4885-a3d4-6dc028582178,88882,0e5a3848-6ea5-4ef0-bd3f-3dbeaf96e9e5,2,Diamond,"[""mineral:diamond""]","[""Diamond""]","[""carbon""]","[""C""]",[],BASTAR KIMBERLITE FIELD,DUSANPAL,CHATTISGARH,65 E,19 01N,81 51E,,,19.01666667,19.01666667,81.85,81.85,19.01666667,81.85,point,source_published_dms_point_encoded_as_decimal_degrees,EPSG:4326 encoding; source datum not stated,"Source DMS point or range; a range midpoint is representative context, not a surveyed deposit boundary.",0.0,863c9474fffffff,Chhattisgarh,Bastar,True,KIMBERLITE,MAGMATIC DIFFERENTIATION,INDRAVATI Gp.,14,10,71.428571,first_rows_returned_by_public_portal_preview_not_random,https://www.data.gov.in/catalog/location-diamond-deposits-india-and-its-salient-features,https://www.data.gov.in/resource/location-diamond-deposits-india-and-its-salient-features,https://www.data.gov.in/backend/dms/v1/ogdp/resource/data/preview/88882?_format=json,https://www.data.gov.in/files/ogdpv2dms/s3fs-public/datafile/Diamond_1.xls,2013-05-06,2014-04-17T09:23:38+00:00,Government Open Data License - India,https://www.data.gov.in/godl,MRDS-60000714,35.634687,,,False,False,not_demonstrated_historical_catalog_may_overlap_prior_geological_knowledge,context_only_excluded_from_v0_6_training_validation_scoring,preview_is_incomplete_nonrandom_and_not_proven_knowledge_independent,"[""no_comparable_material_rows_in_known_site_layer""]"
GSI-OGD-DIAMOND-PREVIEW-003,SRC_GSI_OGD_MINERAL_DEPOSIT_CATALOGS_2013,diamond,88883,24d6bb35-325a-4885-a3d4-6dc028582178,88882,0e5a3848-6ea5-4ef0-bd3f-3dbeaf96e9e5,3,Diamond,"[""mineral:diamond""]","[""Diamond""]","[""carbon""]","[""C""]",[],BASTAR KIMBERLITE FIELD,PARAKOT,CHATTISGARH,65 E,19 02N,81 54E,,,19.03333333,19.03333333,81.9,81.9,19.03333333,81.9,point,source_published_dms_point_encoded_as_decimal_degrees,EPSG:4326 encoding; source datum not stated,"Source DMS point or range; a range midpoint is representative context, not a surveyed deposit boundary.",0.0,863c942b7ffffff,Chhattisgarh,Bastar,True,KIMBERLITE,MAGMATIC DIFFERENTIATION,INDRAVATI Gp.,14,10,71.428571,first_rows_returned_by_public_portal_preview_not_random,https://www.data.gov.in/catalog/location-diamond-deposits-india-and-its-salient-features,https://www.data.gov.in/resource/location-diamond-deposits-india-and-its-salient-features,https://www.data.gov.in/backend/dms/v1/ogdp/resource/data/preview/88882?_format=json,https://www.data.gov.in/files/ogdpv2dms/s3fs-public/datafile/Diamond_1.xls,2013-05-06,2014-04-17T09:23:38+00:00,Government Open Data License - India,https://www.data.gov.in/godl,MRDS-60000714,37.092838,,,False,False,not_demonstrated_historical_catalog_may_overlap_prior_geological_knowledge,context_only_excluded_from_v0_6_training_validation_scoring,preview_is_incomplete_nonrandom_and_not_proven_knowledge_independent,"[""no_comparable_material_rows_in_known_site_layer""]"
GSI-OGD-DIAMOND-PREVIEW-004,SRC_GSI_OGD_MINERAL_DEPOSIT_CATALOGS_2013,diamond,88883,24d6bb35-325a-4885-a3d4-6dc028582178,88882,0e5a3848-6ea5-4ef0-bd3f-3dbeaf96e9e5,4,Diamond,"[""mineral:diamond""]","[""Diamond""]","[""carbon""]","[""C""]",[],CHELIMA-ZANGAMARAJUPALLE BELT,CHELIMA,ANDHRA PRADESH,57 I,15 26N,78 42E,,,15.43333333,15.43333333,78.7,78.7,15.43333333,78.7,point,source_published_dms_point_encoded_as_decimal_degrees,EPSG:4326 encoding; source datum not stated,"Source DMS point or range; a range midpoint is representative context, not a surveyed deposit boundary.",0.0,8660a446fffffff,Andhra Pradesh,Kurnool,True,KIMBERLITE DIATREME,MAGMATIC DIFFERENTIATION,KUMBUM FORMATION,14,10,71.428571,first_rows_returned_by_public_portal_preview_not_random,https://www.data.gov.in/catalog/location-diamond-deposits-india-and-its-salient-features,https://www.data.gov.in/resource/location-diamond-deposits-india-and-its-salient-features,https://www.data.gov.in/backend/dms/v1/ogdp/resource/data/preview/88882?_format=json,https://www.data.gov.in/files/ogdpv2dms/s3fs-public/datafile/Diamond_1.xls,2013-05-06,2014-04-17T09:23:38+00:00,Government Open Data License - India,https://www.data.gov.in/godl,MRDS-10255732,46.940558,,,False,False,not_demonstrated_historical_catalog_may_overlap_prior_geological_knowledge,context_only_excluded_from_v0_6_training_validation_scoring,preview_is_incomplete_nonrandom_and_not_proven_knowledge_independent,"[""no_comparable_material_rows_in_known_site_layer""]"
GSI-OGD-DIAMOND-PREVIEW-005,SRC_GSI_OGD_MINERAL_DEPOSIT_CATALOGS_2013,diamond,88883,24d6bb35-325a-4885-a3d4-6dc028582178,88882,0e5a3848-6ea5-4ef0-bd3f-3dbeaf96e9e5,5,Diamond,"[""mineral:diamond""]","[""Diamond""]","[""carbon""]","[""C""]",[],CHELIMA-ZANGAMARAJUPALLE BELT,ZANGAMARAJUPALLE,ANDHRA PRADESH,57 J,14 46N,78 53E,,,14.76666667,14.76666667,78.88333333,78.88333333,14.76666667,78.88333333,point,source_published_dms_point_encoded_as_decimal_degrees,EPSG:4326 encoding; source datum not stated,"Source DMS point or range; a range midpoint is representative context, not a surveyed deposit boundary.",0.0,8660a4807ffffff,Andhra Pradesh,Y.s.r.,True,KIMBERLITE DIATREME,MAGMATIC DIFFERENTIATION,KUMBUM FORMATION,14,10,71.428571,first_rows_returned_by_public_portal_preview_not_random,https://www.data.gov.in/catalog/location-diamond-deposits-india-and-its-salient-features,https://www.data.gov.in/resource/location-diamond-deposits-india-and-its-salient-features,https://www.data.gov.in/backend/dms/v1/ogdp/resource/data/preview/88882?_format=json,https://www.data.gov.in/files/ogdpv2dms/s3fs-public/datafile/Diamond_1.xls,2013-05-06,2014-04-17T09:23:38+00:00,Government Open Data License - India,https://www.data.gov.in/godl,MRDS-10230750,0.795068,,,False,False,not_demonstrated_historical_catalog_may_overlap_prior_geological_knowledge,context_only_excluded_from_v0_6_training_validation_scoring,preview_is_incomplete_nonrandom_and_not_proven_knowledge_independent,"[""no_comparable_material_rows_in_known_site_layer""]"
GSI-OGD-DIAMOND-PREVIEW-006,SRC_GSI_OGD_MINERAL_DEPOSIT_CATALOGS_2013,diamond,88883,24d6bb35-325a-4885-a3d4-6dc028582178,88882,0e5a3848-6ea5-4ef0-bd3f-3dbeaf96e9e5,6,Diamond,"[""mineral:diamond""]","[""Diamond""]","[""carbon""]","[""C""]",[],KRISHNA LAMPROIITE FIELD,KRISHNA,ANDHRA PRADESH,65 D,16 45-17 00N,80 00-80 15E,,,16.75,17.0,80.0,80.25,16.875,80.125,coordinate_range,arithmetic_midpoint_of_source_published_dms_coordinate_ranges,EPSG:4326 encoding; source datum not stated,"Source DMS point or range; a range midpoint is representative context, not a surveyed deposit boundary.",38.476278,86619b55fffffff,Andhra Pradesh,Krishna,True,LAMPROITE,MAGMATIC DIFFERENTIATION,CUDDAPAH Sgp.,14,10,71.428571,first_rows_returned_by_public_portal_preview_not_random,https://www.data.gov.in/catalog/location-diamond-deposits-india-and-its-salient-features,https://www.data.gov.in/resource/location-diamond-deposits-india-and-its-salient-features,https://www.data.gov.in/backend/dms/v1/ogdp/resource/data/preview/88882?_format=json,https://www.data.gov.in/files/ogdpv2dms/s3fs-public/datafile/Diamond_1.xls,2013-05-06,2014-04-17T09:23:38+00:00,Government Open Data License - India,https://www.data.gov.in/godl,MRDS-10008262,19.203682,,,False,False,not_demonstrated_historical_catalog_may_overlap_prior_geological_knowledge,context_only_excluded_from_v0_6_training_validation_scoring,preview_is_incomplete_nonrandom_and_not_proven_knowledge_independent,"[""no_comparable_material_rows_in_known_site_layer""]"
GSI-OGD-DIAMOND-PREVIEW-007,SRC_GSI_OGD_MINERAL_DEPOSIT_CATALOGS_2013,diamond,88883,24d6bb35-325a-4885-a3d4-6dc028582178,88882,0e5a3848-6ea5-4ef0-bd3f-3dbeaf96e9e5,7,Diamond,"[""mineral:diamond""]","[""Diamond""]","[""carbon""]","[""C""]",[],MADDUR-KOTAKONDA BELT,MADDUR-KOTAKONDA,ANDHRA PRADESH,56 H,16 46-16 51N,77 38-77 42E,,,16.76666667,16.85,77.63333333,77.7,16.80833333,77.66666667,coordinate_range,arithmetic_midpoint_of_source_published_dms_coordinate_ranges,EPSG:4326 encoding; source datum not stated,"Source DMS point or range; a range midpoint is representative context, not a surveyed deposit boundary.",11.671376,8660a2377ffffff,Andhra Pradesh,Mahbubnagar,True,KIMBERLITE,PIPE,PENINSULAR GNEISSIC COMPLEX,14,10,71.428571,first_rows_returned_by_public_portal_preview_not_random,https://www.data.gov.in/catalog/location-diamond-deposits-india-and-its-salient-features,https://www.data.gov.in/resource/location-diamond-deposits-india-and-its-salient-features,https://www.data.gov.in/backend/dms/v1/ogdp/resource/data/preview/88882?_format=json,https://www.data.gov.in/files/ogdpv2dms/s3fs-public/datafile/Diamond_1.xls,2013-05-06,2014-04-17T09:23:38+00:00,Government Open Data License - India,https://www.data.gov.in/godl,MRDS-10182528,116.234969,,,False,False,not_demonstrated_historical_catalog_may_overlap_prior_geological_knowledge,context_only_excluded_from_v0_6_training_validation_scoring,preview_is_incomplete_nonrandom_and_not_proven_knowledge_independent,"[""no_comparable_material_rows_in_known_site_layer""]"
GSI-OGD-DIAMOND-PREVIEW-008,SRC_GSI_OGD_MINERAL_DEPOSIT_CATALOGS_2013,diamond,88883,24d6bb35-325a-4885-a3d4-6dc028582178,88882,0e5a3848-6ea5-4ef0-bd3f-3dbeaf96e9e5,8,Diamond,"[""mineral:diamond""]","[""Diamond""]","[""carbon""]","[""C""]",[],PANNA Di (Diamond) BELT,PANNA-MAJHGAWAN-HINOTA,MADHYA PRADESH,63 D,24 46N,80 15E,,,24.76666667,24.76666667,80.25,80.25,24.76666667,80.25,point,source_published_dms_point_encoded_as_decimal_degrees,EPSG:4326 encoding; source datum not stated,"Source DMS point or range; a range midpoint is representative context, not a surveyed deposit boundary.",0.0,863d9d36fffffff,Madhya Pradesh,Panna,True,KIMBERLITE DIATREME,MAGMATIC DIFFERENTIATION,VINDHYAN Sgp.,14,10,71.428571,first_rows_returned_by_public_portal_preview_not_random,https://www.data.gov.in/catalog/location-diamond-deposits-india-and-its-salient-features,https://www.data.gov.in/resource/location-diamond-deposits-india-and-its-salient-features,https://www.data.gov.in/backend/dms/v1/ogdp/resource/data/preview/88882?_format=json,https://www.data.gov.in/files/ogdpv2dms/s3fs-public/datafile/Diamond_1.xls,2013-05-06,2014-04-17T09:23:38+00:00,Government Open Data License - India,https://www.data.gov.in/godl,MRDS-10134229,64.073802,,,False,False,not_demonstrated_historical_catalog_may_overlap_prior_geological_knowledge,context_only_excluded_from_v0_6_training_validation_scoring,preview_is_incomplete_nonrandom_and_not_proven_knowledge_independent,"[""no_comparable_material_rows_in_known_site_layer""]"
GSI-OGD-DIAMOND-PREVIEW-009,SRC_GSI_OGD_MINERAL_DEPOSIT_CATALOGS_2013,diamond,88883,24d6bb35-325a-4885-a3d4-6dc028582178,88882,0e5a3848-6ea5-4ef0-bd3f-3dbeaf96e9e5,9,Diamond,"[""mineral:diamond""]","[""Diamond""]","[""carbon""]","[""C""]",[],SOUTH RAIPUR KIMBERLITE BELT,BAHARADIH,CHATTISGARH,64 L,20 13 30N,82 12 13E,,,20.225,20.225,82.20361111,82.20361111,20.225,82.20361111,point,source_published_dms_point_encoded_as_decimal_degrees,EPSG:4326 encoding; source datum not stated,"Source DMS point or range; a range midpoint is representative context, not a surveyed deposit boundary.",0.0,863cb3217ffffff,Chhattisgarh,Raipur,True,KIMBERLITE DIATREME,PIPE,KIMBERLITE IN CHATTISGARH,14,10,71.428571,first_rows_returned_by_public_portal_preview_not_random,https://www.data.gov.in/catalog/location-diamond-deposits-india-and-its-salient-features,https://www.data.gov.in/resource/location-diamond-deposits-india-and-its-salient-features,https://www.data.gov.in/backend/dms/v1/ogdp/resource/data/preview/88882?_format=json,https://www.data.gov.in/files/ogdpv2dms/s3fs-public/datafile/Diamond_1.xls,2013-05-06,2014-04-17T09:23:38+00:00,Government Open Data License - India,https://www.data.gov.in/godl,MRDS-10206891,81.66477,,,False,False,not_demonstrated_historical_catalog_may_overlap_prior_geological_knowledge,context_only_excluded_from_v0_6_training_validation_scoring,preview_is_incomplete_nonrandom_and_not_proven_knowledge_independent,"[""no_comparable_material_rows_in_known_site_layer""]"
GSI-OGD-DIAMOND-PREVIEW-010,SRC_GSI_OGD_MINERAL_DEPOSIT_CATALOGS_2013,diamond,88883,24d6bb35-325a-4885-a3d4-6dc028582178,88882,0e5a3848-6ea5-4ef0-bd3f-3dbeaf96e9e5,10,Diamond,"[""mineral:diamond""]","[""Diamond""]","[""carbon""]","[""C""]",[],SOUTH RAIPUR KIMBERLITE BELT,KADOMALI,CHATTISGARH,64 L,20 11 35N,82 15E,,,20.19305556,20.19305556,82.25,82.25,20.19305556,82.25,point,source_published_dms_point_encoded_as_decimal_degrees,EPSG:4326 encoding; source datum not stated,"Source DMS point or range; a range midpoint is representative context, not a surveyed deposit boundary.",0.0,863cb32afffffff,Chhattisgarh,Raipur,True,KIMBERLITE DIATREME,PIPE,KIMBERLITE IN CHATTISGARH,14,10,71.428571,first_rows_returned_by_public_portal_preview_not_random,https://www.data.gov.in/catalog/location-diamond-deposits-india-and-its-salient-features,https://www.data.gov.in/resource/location-diamond-deposits-india-and-its-salient-features,https://www.data.gov.in/backend/dms/v1/ogdp/resource/data/preview/88882?_format=json,https://www.data.gov.in/files/ogdpv2dms/s3fs-public/datafile/Diamond_1.xls,2013-05-06,2014-04-17T09:23:38+00:00,Government Open Data License - India,https://www.data.gov.in/godl,MRDS-10206891,81.239083,,,False,False,not_demonstrated_historical_catalog_may_overlap_prior_geological_knowledge,context_only_excluded_from_v0_6_training_validation_scoring,preview_is_incomplete_nonrandom_and_not_proven_knowledge_independent,"[""no_comparable_material_rows_in_known_site_layer""]"
GSI-OGD-GOLD-PREVIEW-001,SRC_GSI_OGD_MINERAL_DEPOSIT_CATALOGS_2013,gold,88885,63a985ee-85ab-4aa5-aaf7-366c3fe2958f,88884,f9ddd1f5-7fc6-44e8-9f5c-6a5fc47527e9,1,Gold,"[""element:gold""]","[""Gold""]","[""gold""]","[""Au""]","[""Gold""]",CHITRADURGA BELT,BELLARY,KARNATAKA,57 C,13 35N,76 35E,,,13.58333333,13.58333333,76.58333333,76.58333333,13.58333333,76.58333333,point,source_published_dms_point_encoded_as_decimal_degrees,EPSG:4326 encoding; source datum not stated,"Source DMS point or range; a range midpoint is representative context, not a surveyed deposit boundary.",0.0,866010557ffffff,Karnataka,Tumkur,True,"METAVOLCANICS,METASEDIMENTS",SHEAR CONTROLLED,CHITRADURGA (DHARWAR),53,10,18.867925,first_rows_returned_by_public_portal_preview_not_random,https://www.data.gov.in/catalog/location-gold-deposits-india-and-its-salient-features,https://www.data.gov.in/resource/location-gold-deposits-india-and-its-salient-features,https://www.data.gov.in/backend/dms/v1/ogdp/resource/data/preview/88884?_format=json,https://www.data.gov.in/files/ogdpv2dms/s3fs-public/datafile/Gold-.xls,2013-05-06,2014-04-17T09:23:38+00:00,Government Open Data License - India,https://www.data.gov.in/godl,MRDS-10231010,54.884642,MRDS-10021423,130.016911,False,True,not_demonstrated_historical_catalog_may_overlap_prior_geological_knowledge,context_only_excluded_from_v0_6_training_validation_scoring,preview_is_incomplete_nonrandom_and_not_proven_knowledge_independent,[]
GSI-OGD-GOLD-PREVIEW-002,SRC_GSI_OGD_MINERAL_DEPOSIT_CATALOGS_2013,gold,88885,63a985ee-85ab-4aa5-aaf7-366c3fe2958f,88884,f9ddd1f5-7fc6-44e8-9f5c-6a5fc47527e9,2,Gold,"[""element:gold""]","[""Gold""]","[""gold""]","[""Au""]","[""Gold""]",CHITRADURGA BELT,C.K.HALLI,KARNATAKA,57B,14 23N,76 22E,,,14.38333333,14.38333333,76.36666667,76.36666667,14.38333333,76.36666667,point,source_published_dms_point_encoded_as_decimal_degrees,EPSG:4326 encoding; source datum not stated,"Source DMS point or range; a range midpoint is representative context, not a surveyed deposit boundary.",0.0,86601205fffffff,Karnataka,Chitradurga,True,SHEARED ARGILLITE,SHEAR CONTROLLED,CHITRADURGA (DHARWAR),53,10,18.867925,first_rows_returned_by_public_portal_preview_not_random,https://www.data.gov.in/catalog/location-gold-deposits-india-and-its-salient-features,https://www.data.gov.in/resource/location-gold-deposits-india-and-its-salient-features,https://www.data.gov.in/backend/dms/v1/ogdp/resource/data/preview/88884?_format=json,https://www.data.gov.in/files/ogdpv2dms/s3fs-public/datafile/Gold-.xls,2013-05-06,2014-04-17T09:23:38+00:00,Government Open Data License - India,https://www.data.gov.in/godl,MRDS-10206713,17.493027,MRDS-10021423,39.008993,False,False,not_demonstrated_historical_catalog_may_overlap_prior_geological_knowledge,context_only_excluded_from_v0_6_training_validation_scoring,preview_is_incomplete_nonrandom_and_not_proven_knowledge_independent,[]
GSI-OGD-GOLD-PREVIEW-003,SRC_GSI_OGD_MINERAL_DEPOSIT_CATALOGS_2013,gold,88885,63a985ee-85ab-4aa5-aaf7-366c3fe2958f,88884,f9ddd1f5-7fc6-44e8-9f5c-6a5fc47527e9,3,Gold,"[""element:gold""]","[""Gold""]","[""gold""]","[""Au""]","[""Gold""]",CHITRADURGA BELT,G.R.HALLI,KARNATAKA,57 B,14 17N,76 24E,,,14.28333333,14.28333333,76.4,76.4,14.28333333,76.4,point,source_published_dms_point_encoded_as_decimal_degrees,EPSG:4326 encoding; source datum not stated,"Source DMS point or range; a range midpoint is representative context, not a surveyed deposit boundary.",0.0,86601206fffffff,Karnataka,Chitradurga,True,"SHEARED METABASALTS,CARB.ARGILLITE",AURIFEROUS QUARTZVEIN,CHITRADURGA (DHARWAR),53,10,18.867925,first_rows_returned_by_public_portal_preview_not_random,https://www.data.gov.in/catalog/location-gold-deposits-india-and-its-salient-features,https://www.data.gov.in/resource/location-gold-deposits-india-and-its-salient-features,https://www.data.gov.in/backend/dms/v1/ogdp/resource/data/preview/88884?_format=json,https://www.data.gov.in/files/ogdpv2dms/s3fs-public/datafile/Gold-.xls,2013-05-06,2014-04-17T09:23:38+00:00,Government Open Data License - India,https://www.data.gov.in/godl,MRDS-10183456,8.403559,MRDS-10021423,50.493721,False,False,not_demonstrated_historical_catalog_may_overlap_prior_geological_knowledge,context_only_excluded_from_v0_6_training_validation_scoring,preview_is_incomplete_nonrandom_and_not_proven_knowledge_independent,[]
GSI-OGD-GOLD-PREVIEW-004,SRC_GSI_OGD_MINERAL_DEPOSIT_CATALOGS_2013,gold,88885,63a985ee-85ab-4aa5-aaf7-366c3fe2958f,88884,f9ddd1f5-7fc6-44e8-9f5c-6a5fc47527e9,4,Gold,"[""element:gold""]","[""Gold""]","[""gold""]","[""Au""]","[""Gold""]",CHITRADURGA BELT,AJJANAHALLI,KARNATAKA,57 C,13 45 N,76 44 E,,,13.75,13.75,76.73333333,76.73333333,13.75,76.73333333,point,source_published_dms_point_encoded_as_decimal_degrees,EPSG:4326 encoding; source datum not stated,"Source DMS point or range; a range midpoint is representative context, not a surveyed deposit boundary.",0.0,866010597ffffff,Karnataka,Tumkur,True,METAVOLCANICS,BIF HOSTED DEPOSIT,BABABUDAN (DHARWAR),53,10,18.867925,first_rows_returned_by_public_portal_preview_not_random,https://www.data.gov.in/catalog/location-gold-deposits-india-and-its-salient-features,https://www.data.gov.in/resource/location-gold-deposits-india-and-its-salient-features,https://www.data.gov.in/backend/dms/v1/ogdp/resource/data/preview/88884?_format=json,https://www.data.gov.in/files/ogdpv2dms/s3fs-public/datafile/Gold-.xls,2013-05-06,2014-04-17T09:23:38+00:00,Government Open Data License - India,https://www.data.gov.in/godl,MRDS-10183456,63.784088,MRDS-10021423,119.775989,False,False,not_demonstrated_historical_catalog_may_overlap_prior_geological_knowledge,context_only_excluded_from_v0_6_training_validation_scoring,preview_is_incomplete_nonrandom_and_not_proven_knowledge_independent,[]
GSI-OGD-GOLD-PREVIEW-005,SRC_GSI_OGD_MINERAL_DEPOSIT_CATALOGS_2013,gold,88885,63a985ee-85ab-4aa5-aaf7-366c3fe2958f,88884,f9ddd1f5-7fc6-44e8-9f5c-6a5fc47527e9,5,Gold,"[""element:gold""]","[""Gold""]","[""gold""]","[""Au""]","[""Gold""]",GADAG SCHIST BELT,ATTIKATTI,KARNATAKA,48 M,15 20N,75 39E,,,15.33333333,15.33333333,75.65,75.65,15.33333333,75.65,point,source_published_dms_point_encoded_as_decimal_degrees,EPSG:4326 encoding; source datum not stated,"Source DMS point or range; a range midpoint is representative context, not a surveyed deposit boundary.",0.0,8660ac72fffffff,Karnataka,Gadag,True,"PHYLLITE,GRAPHITE SCHIST",QUARTZ VEIN AL0NG SHEAR,CHITRADURGA(DHARWAR).,53,10,18.867925,first_rows_returned_by_public_portal_preview_not_random,https://www.data.gov.in/catalog/location-gold-deposits-india-and-its-salient-features,https://www.data.gov.in/resource/location-gold-deposits-india-and-its-salient-features,https://www.data.gov.in/backend/dms/v1/ogdp/resource/data/preview/88884?_format=json,https://www.data.gov.in/files/ogdpv2dms/s3fs-public/datafile/Gold-.xls,2013-05-06,2014-04-17T09:23:38+00:00,Government Open Data License - India,https://www.data.gov.in/godl,MRDS-10231459,7.462409,MRDS-10109575,72.286661,False,False,not_demonstrated_historical_catalog_may_overlap_prior_geological_knowledge,context_only_excluded_from_v0_6_training_validation_scoring,preview_is_incomplete_nonrandom_and_not_proven_knowledge_independent,[]
GSI-OGD-GOLD-PREVIEW-006,SRC_GSI_OGD_MINERAL_DEPOSIT_CATALOGS_2013,gold,88885,63a985ee-85ab-4aa5-aaf7-366c3fe2958f,88884,f9ddd1f5-7fc6-44e8-9f5c-6a5fc47527e9,6,Gold,"[""element:gold""]","[""Gold""]","[""gold""]","[""Au""]","[""Gold""]",GADAG SCHIST BELT,HOSUR-YELISHIRUR,KARNATAKA,48 M,15 18 N,75 34 E,,,15.3,15.3,75.56666667,75.56666667,15.3,75.56666667,point,source_published_dms_point_encoded_as_decimal_degrees,EPSG:4326 encoding; source datum not stated,"Source DMS point or range; a range midpoint is representative context, not a surveyed deposit boundary.",0.0,8660ac777ffffff,Karnataka,Gadag,True,"METAVOLCANICS,PHYLLITE,BMQ",STRATABOUND-CONCORDANT,CHITRADURGA(DHARWAR).,53,10,18.867925,first_rows_returned_by_public_portal_preview_not_random,https://www.data.gov.in/catalog/location-gold-deposits-india-and-its-salient-features,https://www.data.gov.in/resource/location-gold-deposits-india-and-its-salient-features,https://www.data.gov.in/backend/dms/v1/ogdp/resource/data/preview/88884?_format=json,https://www.data.gov.in/files/ogdpv2dms/s3fs-public/datafile/Gold-.xls,2013-05-06,2014-04-17T09:23:38+00:00,Government Open Data License - India,https://www.data.gov.in/godl,MRDS-10118317,11.488725,MRDS-10109575,64.232131,False,False,not_demonstrated_historical_catalog_may_overlap_prior_geological_knowledge,context_only_excluded_from_v0_6_training_validation_scoring,preview_is_incomplete_nonrandom_and_not_proven_knowledge_independent,[]
GSI-OGD-GOLD-PREVIEW-007,SRC_GSI_OGD_MINERAL_DEPOSIT_CATALOGS_2013,gold,88885,63a985ee-85ab-4aa5-aaf7-366c3fe2958f,88884,f9ddd1f5-7fc6-44e8-9f5c-6a5fc47527e9,7,Gold,"[""element:gold""]","[""Gold""]","[""gold""]","[""Au""]","[""Gold""]",GADAG SCHIST BELT,KABULIYATKATTI,KARNATAKA,48 M,15 17N,75 40E,,,15.28333333,15.28333333,75.66666667,75.66666667,15.28333333,75.66666667,point,source_published_dms_point_encoded_as_decimal_degrees,EPSG:4326 encoding; source datum not stated,"Source DMS point or range; a range midpoint is representative context, not a surveyed deposit boundary.",0.0,8660ac0d7ffffff,Karnataka,Gadag,True,"GREYWACKE,PHYLLITE",QUARTZ VEIN ALONG SHEAR,CHITRADURGA(DHARWAR).,53,10,18.867925,first_rows_returned_by_public_portal_preview_not_random,https://www.data.gov.in/catalog/location-gold-deposits-india-and-its-salient-features,https://www.data.gov.in/resource/location-gold-deposits-india-and-its-salient-features,https://www.data.gov.in/backend/dms/v1/ogdp/resource/data/preview/88884?_format=json,https://www.data.gov.in/files/ogdpv2dms/s3fs-public/datafile/Gold-.xls,2013-05-06,2014-04-17T09:23:38+00:00,Government Open Data License - India,https://www.data.gov.in/godl,MRDS-10118317,3.757452,MRDS-10109575,75.098117,False,False,not_demonstrated_historical_catalog_may_overlap_prior_geological_knowledge,context_only_excluded_from_v0_6_training_validation_scoring,preview_is_incomplete_nonrandom_and_not_proven_knowledge_independent,[]
GSI-OGD-GOLD-PREVIEW-008,SRC_GSI_OGD_MINERAL_DEPOSIT_CATALOGS_2013,gold,88885,63a985ee-85ab-4aa5-aaf7-366c3fe2958f,88884,f9ddd1f5-7fc6-44e8-9f5c-6a5fc47527e9,8,Gold,"[""element:gold""]","[""Gold""]","[""gold""]","[""Au""]","[""Gold""]",GADAG SCHIST BELT,MYSORE,KARNATAKA,48 M,15 14 30 N,75 40 E,,,15.24166667,15.24166667,75.66666667,75.66666667,15.24166667,75.66666667,point,source_published_dms_point_encoded_as_decimal_degrees,EPSG:4326 encoding; source datum not stated,"Source DMS point or range; a range midpoint is representative context, not a surveyed deposit boundary.",0.0,8660ac0d7ffffff,Karnataka,Gadag,True,"META ANDESITE,PHYLLITE,BMQ",VEINS/STRINGERS-STRATABOUND,CHITRADURGA(DHARWAR).,53,10,18.867925,first_rows_returned_by_public_portal_preview_not_random,https://www.data.gov.in/catalog/location-gold-deposits-india-and-its-salient-features,https://www.data.gov.in/resource/location-gold-deposits-india-and-its-salient-features,https://www.data.gov.in/backend/dms/v1/ogdp/resource/data/preview/88884?_format=json,https://www.data.gov.in/files/ogdpv2dms/s3fs-public/datafile/Gold-.xls,2013-05-06,2014-04-17T09:23:38+00:00,Government Open Data License - India,https://www.data.gov.in/godl,MRDS-10118317,1.149536,MRDS-10109575,76.268499,False,True,not_demonstrated_historical_catalog_may_overlap_prior_geological_knowledge,context_only_excluded_from_v0_6_training_validation_scoring,preview_is_incomplete_nonrandom_and_not_proven_knowledge_independent,[]
GSI-OGD-GOLD-PREVIEW-009,SRC_GSI_OGD_MINERAL_DEPOSIT_CATALOGS_2013,gold,88885,63a985ee-85ab-4aa5-aaf7-366c3fe2958f,88884,f9ddd1f5-7fc6-44e8-9f5c-6a5fc47527e9,9,Gold,"[""element:gold""]","[""Gold""]","[""gold""]","[""Au""]","[""Gold""]",GADAG SCHIST BELT,SANGLI,KARNATAKA,48 M,15 18N,75 41 30E,,,15.3,15.3,75.69166667,75.69166667,15.3,75.69166667,point,source_published_dms_point_encoded_as_decimal_degrees,EPSG:4326 encoding; source datum not stated,"Source DMS point or range; a range midpoint is representative context, not a surveyed deposit boundary.",0.0,8660ac727ffffff,Karnataka,Gadag,True,"METASEDIMENTS,METAVOLCANICS",STRATABOUND-SHEAR CONTROL,CHITRADURGA(DHARWAR).,53,10,18.867925,first_rows_returned_by_public_portal_preview_not_random,https://www.data.gov.in/catalog/location-gold-deposits-india-and-its-salient-features,https://www.data.gov.in/resource/location-gold-deposits-india-and-its-salient-features,https://www.data.gov.in/backend/dms/v1/ogdp/resource/data/preview/88884?_format=json,https://www.data.gov.in/files/ogdpv2dms/s3fs-public/datafile/Gold-.xls,2013-05-06,2014-04-17T09:23:38+00:00,Government Open Data License - India,https://www.data.gov.in/godl,MRDS-10231459,2.013535,MRDS-10109575,77.334271,False,False,not_demonstrated_historical_catalog_may_overlap_prior_geological_knowledge,context_only_excluded_from_v0_6_training_validation_scoring,preview_is_incomplete_nonrandom_and_not_proven_knowledge_independent,[]
GSI-OGD-GOLD-PREVIEW-010,SRC_GSI_OGD_MINERAL_DEPOSIT_CATALOGS_2013,gold,88885,63a985ee-85ab-4aa5-aaf7-366c3fe2958f,88884,f9ddd1f5-7fc6-44e8-9f5c-6a5fc47527e9,10,Gold,"[""element:gold""]","[""Gold""]","[""gold""]","[""Au""]","[""Gold""]",GARUMAHISANI PROVINCE,KUNDERKOCHA-POROJHARNA,ORISSA,73 J,22 10N,86 16E,,,22.16666667,22.16666667,86.26666667,86.26666667,22.16666667,86.26666667,point,source_published_dms_point_encoded_as_decimal_degrees,EPSG:4326 encoding; source datum not stated,"Source DMS point or range; a range midpoint is representative context, not a surveyed deposit boundary.",0.0,863c8c877ffffff,Odisha,Mayurbhanj,True,CHERT AND TALC-CHLORITE SCHIST,STRATABOUND-REMOBILISED,GARUMAHISANI Gp.,53,10,18.867925,first_rows_returned_by_public_portal_preview_not_random,https://www.data.gov.in/catalog/location-gold-deposits-india-and-its-salient-features,https://www.data.gov.in/resource/location-gold-deposits-india-and-its-salient-features,https://www.data.gov.in/backend/dms/v1/ogdp/resource/data/preview/88884?_format=json,https://www.data.gov.in/files/ogdpv2dms/s3fs-public/datafile/Gold-.xls,2013-05-06,2014-04-17T09:23:38+00:00,Government Open Data License - India,https://www.data.gov.in/godl,MRDS-10158619,14.274992,MRDS-10304337,44.334273,False,False,not_demonstrated_historical_catalog_may_overlap_prior_geological_knowledge,context_only_excluded_from_v0_6_training_validation_scoring,preview_is_incomplete_nonrandom_and_not_proven_knowledge_independent,[]
GSI-OGD-IRON-PREVIEW-001,SRC_GSI_OGD_MINERAL_DEPOSIT_CATALOGS_2013,iron,88887,b14cb14b-51f1-4269-a6c4-b8fb728c57d2,88886,4c540e9e-e7b9-4ea7-91da-70c1f4fe12bb,1,Iron,"[""element:iron""]","[""Iron""]","[""iron""]","[""Fe""]","[""Iron""]",BABABUDAN RANGE,ATTIGUNDI-GALLIKERA,KARNATAKA,48 O,13 25 N,75 45 E,13.41666666670,75.75000000000,13.41666667,13.41666667,75.75,75.75,13.41666667,75.75,point,source_published_dms_point_encoded_as_decimal_degrees,EPSG:4326 encoding; source datum not stated,"Source DMS point or range; a range midpoint is representative context, not a surveyed deposit boundary.",0.0,8660102cfffffff,Karnataka,Chikmagalur,True,"BHQ,METAPELITE,METAVOLCANICS",VOLCANOSEDIMENTARY-BEDDED,BABABUDAN Sgp.,81,10,12.345679,first_rows_returned_by_public_portal_preview_not_random,https://www.data.gov.in/catalog/location-iron-ore-deposits-india-and-its-salient-features,https://www.data.gov.in/resource/location-iron-ore-deposits-india-and-its-salient-features,https://www.data.gov.in/backend/dms/v1/ogdp/resource/data/preview/88886?_format=json,https://www.data.gov.in/files/ogdpv2dms/s3fs-public/datafile/Iron_Ore_1.xls,2013-06-03,2014-04-17T09:23:38+00:00,Government Open Data License - India,https://www.data.gov.in/godl,MRDS-10183106,40.16015,MRDS-10183106,40.16015,False,False,not_demonstrated_historical_catalog_may_overlap_prior_geological_knowledge,context_only_excluded_from_v0_6_training_validation_scoring,preview_is_incomplete_nonrandom_and_not_proven_knowledge_independent,[]
GSI-OGD-IRON-PREVIEW-002,SRC_GSI_OGD_MINERAL_DEPOSIT_CATALOGS_2013,iron,88887,b14cb14b-51f1-4269-a6c4-b8fb728c57d2,88886,4c540e9e-e7b9-4ea7-91da-70c1f4fe12bb,2,Iron,"[""element:iron""]","[""Iron""]","[""iron""]","[""Fe""]","[""Iron""]",BABABUDAN RANGE,KEMMANAGUNDI,KARNATAKA,48 O,13 32-33 N,75 45 E,13.53333333330,75.75000000000,13.53333333,13.55,75.75,75.75,13.54166667,75.75,coordinate_range,arithmetic_midpoint_of_source_published_dms_coordinate_ranges,EPSG:4326 encoding; source datum not stated,"Source DMS point or range; a range midpoint is representative context, not a surveyed deposit boundary.",1.853251,866013957ffffff,Karnataka,Chikmagalur,True,"BHQ,METAPELITE,METAVOLCANICS",VOLCANOSEDIMENTARY-BEDDED,DHARWAR Sgp.,81,10,12.345679,first_rows_returned_by_public_portal_preview_not_random,https://www.data.gov.in/catalog/location-iron-ore-deposits-india-and-its-salient-features,https://www.data.gov.in/resource/location-iron-ore-deposits-india-and-its-salient-features,https://www.data.gov.in/backend/dms/v1/ogdp/resource/data/preview/88886?_format=json,https://www.data.gov.in/files/ogdpv2dms/s3fs-public/datafile/Iron_Ore_1.xls,2013-06-03,2014-04-17T09:23:38+00:00,Government Open Data License - India,https://www.data.gov.in/godl,MRDS-10183106,33.842378,MRDS-10183106,33.842378,False,False,not_demonstrated_historical_catalog_may_overlap_prior_geological_knowledge,context_only_excluded_from_v0_6_training_validation_scoring,preview_is_incomplete_nonrandom_and_not_proven_knowledge_independent,[]
GSI-OGD-IRON-PREVIEW-003,SRC_GSI_OGD_MINERAL_DEPOSIT_CATALOGS_2013,iron,88887,b14cb14b-51f1-4269-a6c4-b8fb728c57d2,88886,4c540e9e-e7b9-4ea7-91da-70c1f4fe12bb,3,Iron,"[""element:iron""]","[""Iron""]","[""iron""]","[""Fe""]","[""Iron""]",BAILADILA BELT,BAILADILA,CHATTISGARH,65 F,18 40-50 N,81 11-14 E,18.66666666670,81.18333333330,18.66666667,18.83333333,81.18333333,81.23333333,18.75,81.20833333,coordinate_range,arithmetic_midpoint_of_source_published_dms_coordinate_ranges,EPSG:4326 encoding; source datum not stated,"Source DMS point or range; a range midpoint is representative context, not a surveyed deposit boundary.",19.265801,863c9459fffffff,Chhattisgarh,Dakshin Bastar Dantewada,True,"BHQ,METAPELITE,METAVOLCANICS",VOLCANOSEDIMENTARY-BEDDED,BAILADILA Gp.,81,10,12.345679,first_rows_returned_by_public_portal_preview_not_random,https://www.data.gov.in/catalog/location-iron-ore-deposits-india-and-its-salient-features,https://www.data.gov.in/resource/location-iron-ore-deposits-india-and-its-salient-features,https://www.data.gov.in/backend/dms/v1/ogdp/resource/data/preview/88886?_format=json,https://www.data.gov.in/files/ogdpv2dms/s3fs-public/datafile/Iron_Ore_1.xls,2013-06-03,2014-04-17T09:23:38+00:00,Government Open Data License - India,https://www.data.gov.in/godl,MRDS-10279861,6.18253,MRDS-10279861,6.18253,True,False,not_demonstrated_historical_catalog_may_overlap_prior_geological_knowledge,context_only_excluded_from_v0_6_training_validation_scoring,preview_is_incomplete_nonrandom_and_not_proven_knowledge_independent,[]
GSI-OGD-IRON-PREVIEW-004,SRC_GSI_OGD_MINERAL_DEPOSIT_CATALOGS_2013,iron,88887,b14cb14b-51f1-4269-a6c4-b8fb728c57d2,88886,4c540e9e-e7b9-4ea7-91da-70c1f4fe12bb,4,Iron,"[""element:iron""]","[""Iron""]","[""iron""]","[""Fe""]","[""Iron""]",BELLARY (SANDUR SCHIST BELT),OBULAPURAM,KARNATAKA,57 A,15 04 15 N,76 50 20 E,15.07083333330,76.83888888890,15.07083333,15.07083333,76.83888889,76.83888889,15.07083333,76.83888889,point,source_published_dms_point_encoded_as_decimal_degrees,EPSG:4326 encoding; source datum not stated,"Source DMS point or range; a range midpoint is representative context, not a surveyed deposit boundary.",0.0,8660a1847ffffff,Andhra Pradesh,Anantapur,False,"SHALE,PHYLLITE,BHQ",BEDDED,EASTERN GREENSTONE,81,10,12.345679,first_rows_returned_by_public_portal_preview_not_random,https://www.data.gov.in/catalog/location-iron-ore-deposits-india-and-its-salient-features,https://www.data.gov.in/resource/location-iron-ore-deposits-india-and-its-salient-features,https://www.data.gov.in/backend/dms/v1/ogdp/resource/data/preview/88886?_format=json,https://www.data.gov.in/files/ogdpv2dms/s3fs-public/datafile/Iron_Ore_1.xls,2013-06-03,2014-04-17T09:23:38+00:00,Government Open Data License - India,https://www.data.gov.in/godl,MRDS-10159189,10.117815,MRDS-10084929,13.573027,True,False,not_demonstrated_historical_catalog_may_overlap_prior_geological_knowledge,context_only_excluded_from_v0_6_training_validation_scoring,preview_is_incomplete_nonrandom_and_not_proven_knowledge_independent,"[""source_state_differs_from_2011_boundary_at_representative_coordinate""]"
GSI-OGD-IRON-PREVIEW-005,SRC_GSI_OGD_MINERAL_DEPOSIT_CATALOGS_2013,iron,88887,b14cb14b-51f1-4269-a6c4-b8fb728c57d2,88886,4c540e9e-e7b9-4ea7-91da-70c1f4fe12bb,5,Iron,"[""element:iron""]","[""Iron""]","[""iron""]","[""Fe""]","[""Iron""]",BONAI-BADAMPAHAR BELT,BADAMGARH,ORISSA,73 G,21 48N,85 16E,21.80000000000,85.26666666670,21.8,21.8,85.26666667,85.26666667,21.8,85.26666667,point,source_published_dms_point_encoded_as_decimal_degrees,EPSG:4326 encoding; source datum not stated,"Source DMS point or range; a range midpoint is representative context, not a surveyed deposit boundary.",0.0,863c81b17ffffff,Odisha,Kendujhar,True,"BHQ,SHALE INTERLAYERED WITH LAVA",BEDDED-VOLCANOSEDIMENTARY,BONAI Gp.,81,10,12.345679,first_rows_returned_by_public_portal_preview_not_random,https://www.data.gov.in/catalog/location-iron-ore-deposits-india-and-its-salient-features,https://www.data.gov.in/resource/location-iron-ore-deposits-india-and-its-salient-features,https://www.data.gov.in/backend/dms/v1/ogdp/resource/data/preview/88886?_format=json,https://www.data.gov.in/files/ogdpv2dms/s3fs-public/datafile/Iron_Ore_1.xls,2013-06-03,2014-04-17T09:23:38+00:00,Government Open Data License - India,https://www.data.gov.in/godl,MRDS-10183025,1.700061,MRDS-10183025,1.700061,True,True,not_demonstrated_historical_catalog_may_overlap_prior_geological_knowledge,context_only_excluded_from_v0_6_training_validation_scoring,preview_is_incomplete_nonrandom_and_not_proven_knowledge_independent,[]
GSI-OGD-IRON-PREVIEW-006,SRC_GSI_OGD_MINERAL_DEPOSIT_CATALOGS_2013,iron,88887,b14cb14b-51f1-4269-a6c4-b8fb728c57d2,88886,4c540e9e-e7b9-4ea7-91da-70c1f4fe12bb,6,Iron,"[""element:iron""]","[""Iron""]","[""iron""]","[""Fe""]","[""Iron""]",BONAI-BADAMPAHAR BELT,BALIA-KHEJURDARI,ORISSA,73 G,21 50N,85 16E,21.83333333330,85.26666666670,21.83333333,21.83333333,85.26666667,85.26666667,21.83333333,85.26666667,point,source_published_dms_point_encoded_as_decimal_degrees,EPSG:4326 encoding; source datum not stated,"Source DMS point or range; a range midpoint is representative context, not a surveyed deposit boundary.",0.0,863c81b17ffffff,Odisha,Sundargarh,True,"BHQ,SHALE INTERLAYERED WITH LAVA",BEDDED-VOLCANOSEDIMENTARY,BONAI Gp.,81,10,12.345679,first_rows_returned_by_public_portal_preview_not_random,https://www.data.gov.in/catalog/location-iron-ore-deposits-india-and-its-salient-features,https://www.data.gov.in/resource/location-iron-ore-deposits-india-and-its-salient-features,https://www.data.gov.in/backend/dms/v1/ogdp/resource/data/preview/88886?_format=json,https://www.data.gov.in/files/ogdpv2dms/s3fs-public/datafile/Iron_Ore_1.xls,2013-06-03,2014-04-17T09:23:38+00:00,Government Open Data License - India,https://www.data.gov.in/godl,MRDS-10255772,1.461805,MRDS-10255772,1.461805,True,False,not_demonstrated_historical_catalog_may_overlap_prior_geological_knowledge,context_only_excluded_from_v0_6_training_validation_scoring,preview_is_incomplete_nonrandom_and_not_proven_knowledge_independent,[]
GSI-OGD-IRON-PREVIEW-007,SRC_GSI_OGD_MINERAL_DEPOSIT_CATALOGS_2013,iron,88887,b14cb14b-51f1-4269-a6c4-b8fb728c57d2,88886,4c540e9e-e7b9-4ea7-91da-70c1f4fe12bb,7,Iron,"[""element:iron""]","[""Iron""]","[""iron""]","[""Fe""]","[""Iron""]",BONAI-BADAMPAHAR BELT,FULIHARI-KURMITAR-SILJORA,ORISSA,73 G,21 45-21 46N,85 09-85 11E,21.75000000000,85.15000000000,21.75,21.76666667,85.15,85.18333333,21.75833333,85.16666667,coordinate_range,arithmetic_midpoint_of_source_published_dms_coordinate_ranges,EPSG:4326 encoding; source datum not stated,"Source DMS point or range; a range midpoint is representative context, not a surveyed deposit boundary.",3.909591,863c8185fffffff,Odisha,Sundargarh,True,"BHQ,SHALE INTERLAYERED WITH LAVA",BEDDED-VOLCANOSEDIMENTARY,BONAI Gp.,81,10,12.345679,first_rows_returned_by_public_portal_preview_not_random,https://www.data.gov.in/catalog/location-iron-ore-deposits-india-and-its-salient-features,https://www.data.gov.in/resource/location-iron-ore-deposits-india-and-its-salient-features,https://www.data.gov.in/backend/dms/v1/ogdp/resource/data/preview/88886?_format=json,https://www.data.gov.in/files/ogdpv2dms/s3fs-public/datafile/Iron_Ore_1.xls,2013-06-03,2014-04-17T09:23:38+00:00,Government Open Data License - India,https://www.data.gov.in/godl,MRDS-10230999,2.443038,MRDS-10230999,2.443038,True,False,not_demonstrated_historical_catalog_may_overlap_prior_geological_knowledge,context_only_excluded_from_v0_6_training_validation_scoring,preview_is_incomplete_nonrandom_and_not_proven_knowledge_independent,[]
GSI-OGD-IRON-PREVIEW-008,SRC_GSI_OGD_MINERAL_DEPOSIT_CATALOGS_2013,iron,88887,b14cb14b-51f1-4269-a6c4-b8fb728c57d2,88886,4c540e9e-e7b9-4ea7-91da-70c1f4fe12bb,8,Iron,"[""element:iron""]","[""Iron""]","[""iron""]","[""Fe""]","[""Iron""]",BONAI-BADAMPAHAR BELT,KALTA,ORISSA,73 G,21 51N,85 08E,21.85000000000,85.13333333330,21.85,21.85,85.13333333,85.13333333,21.85,85.13333333,point,source_published_dms_point_encoded_as_decimal_degrees,EPSG:4326 encoding; source datum not stated,"Source DMS point or range; a range midpoint is representative context, not a surveyed deposit boundary.",0.0,863c81867ffffff,Odisha,Sundargarh,True,"BHQ,SHALE INTERLAYERED WITH LAVA",BEDDED-VOLCANOSEDIMENTARY,BONAI Gp.,81,10,12.345679,first_rows_returned_by_public_portal_preview_not_random,https://www.data.gov.in/catalog/location-iron-ore-deposits-india-and-its-salient-features,https://www.data.gov.in/resource/location-iron-ore-deposits-india-and-its-salient-features,https://www.data.gov.in/backend/dms/v1/ogdp/resource/data/preview/88886?_format=json,https://www.data.gov.in/files/ogdpv2dms/s3fs-public/datafile/Iron_Ore_1.xls,2013-06-03,2014-04-17T09:23:38+00:00,Government Open Data License - India,https://www.data.gov.in/godl,MRDS-10279893,1.742828,MRDS-10279893,1.742828,True,False,not_demonstrated_historical_catalog_may_overlap_prior_geological_knowledge,context_only_excluded_from_v0_6_training_validation_scoring,preview_is_incomplete_nonrandom_and_not_proven_knowledge_independent,[]
GSI-OGD-IRON-PREVIEW-009,SRC_GSI_OGD_MINERAL_DEPOSIT_CATALOGS_2013,iron,88887,b14cb14b-51f1-4269-a6c4-b8fb728c57d2,88886,4c540e9e-e7b9-4ea7-91da-70c1f4fe12bb,9,Iron,"[""element:iron""]","[""Iron""]","[""iron""]","[""Fe""]","[""Iron""]",BONAI-BADAMPAHAR BELT,MANKAMACHA,ORISSA,73 G,21 48N,85 18E,21.80000000000,85.30000000000,21.8,21.8,85.3,85.3,21.8,85.3,point,source_published_dms_point_encoded_as_decimal_degrees,EPSG:4326 encoding; source datum not stated,"Source DMS point or range; a range midpoint is representative context, not a surveyed deposit boundary.",0.0,863c81b17ffffff,Odisha,Kendujhar,True,"BHQ,SHALE INTERLAYERED WITH LAVA",BEDDED-VOLCANOSEDIMENTARY,BONAI Gp.,81,10,12.345679,first_rows_returned_by_public_portal_preview_not_random,https://www.data.gov.in/catalog/location-iron-ore-deposits-india-and-its-salient-features,https://www.data.gov.in/resource/location-iron-ore-deposits-india-and-its-salient-features,https://www.data.gov.in/backend/dms/v1/ogdp/resource/data/preview/88886?_format=json,https://www.data.gov.in/files/ogdpv2dms/s3fs-public/datafile/Iron_Ore_1.xls,2013-06-03,2014-04-17T09:23:38+00:00,Government Open Data License - India,https://www.data.gov.in/godl,MRDS-10255783,2.282928,MRDS-10255783,2.282928,True,False,not_demonstrated_historical_catalog_may_overlap_prior_geological_knowledge,context_only_excluded_from_v0_6_training_validation_scoring,preview_is_incomplete_nonrandom_and_not_proven_knowledge_independent,[]
GSI-OGD-IRON-PREVIEW-010,SRC_GSI_OGD_MINERAL_DEPOSIT_CATALOGS_2013,iron,88887,b14cb14b-51f1-4269-a6c4-b8fb728c57d2,88886,4c540e9e-e7b9-4ea7-91da-70c1f4fe12bb,10,Iron,"[""element:iron""]","[""Iron""]","[""iron""]","[""Fe""]","[""Iron""]",BONAI-KEONJHAR RANGE BELT,KHANDBAND,ORISSA,73 G,21 57N,85 24E,21.95000000000,85.40000000000,21.95,21.95,85.4,85.4,21.95,85.4,point,source_published_dms_point_encoded_as_decimal_degrees,EPSG:4326 encoding; source datum not stated,"Source DMS point or range; a range midpoint is representative context, not a surveyed deposit boundary.",0.0,863caa4dfffffff,Odisha,Kendujhar,True,"BHQ,SHALE",BEDDED-VOLCANOSEDIMENTARY,BONAI Gp.,81,10,12.345679,first_rows_returned_by_public_portal_preview_not_random,https://www.data.gov.in/catalog/location-iron-ore-deposits-india-and-its-salient-features,https://www.data.gov.in/resource/location-iron-ore-deposits-india-and-its-salient-features,https://www.data.gov.in/backend/dms/v1/ogdp/resource/data/preview/88886?_format=json,https://www.data.gov.in/files/ogdpv2dms/s3fs-public/datafile/Iron_Ore_1.xls,2013-06-03,2014-04-17T09:23:38+00:00,Government Open Data License - India,https://www.data.gov.in/godl,MRDS-10256271,0.064542,MRDS-10256271,0.064542,True,False,not_demonstrated_historical_catalog_may_overlap_prior_geological_knowledge,context_only_excluded_from_v0_6_training_validation_scoring,preview_is_incomplete_nonrandom_and_not_proven_knowledge_independent,[]
GSI-OGD-LEAD_ZINC-PREVIEW-001,SRC_GSI_OGD_MINERAL_DEPOSIT_CATALOGS_2013,lead_zinc,88889,61feacce-4312-4515-bda8-1df6416487c4,88888,4886e5de-e06f-440f-a41d-05f96b9682ec,1,Lead-Zinc,"[""element:lead"",""element:zinc""]","[""Lead"",""Zinc""]","[""lead"",""zinc""]","[""Pb"",""Zn""]","[""Lead"",""Zinc""]",AGNIGUNDLA BELT,KAREMPUDI,ANDHRA PRADESH,56 P,16 23 30 N,79 40 24 E,,,16.39166667,16.39166667,79.67333333,79.67333333,16.39166667,79.67333333,point,source_published_dms_point_encoded_as_decimal_degrees,EPSG:4326 encoding; source datum not stated,"Source DMS point or range; a range midpoint is representative context, not a surveyed deposit boundary.",0.0,86619bad7ffffff,Andhra Pradesh,Guntur,True,DOLOMITE,ENECHELON LODE-STRATABOUND-SEDIMENTARY,CUMBUM(NALLAMALAI),33,10,30.30303,first_rows_returned_by_public_portal_preview_not_random,https://www.data.gov.in/catalog/location-lead-zinc-ore-deposits-india-and-its-salient-features,https://www.data.gov.in/resource/location-lead-zinc-ore-deposits-india-and-its-salient-features,https://www.data.gov.in/backend/dms/v1/ogdp/resource/data/preview/88888?_format=json,https://www.data.gov.in/files/ogdpv2dms/s3fs-public/datafile/Lead_Zinc_Ore_1.xls,2013-06-03,2014-04-17T09:23:38+00:00,Government Open Data License - India,https://www.data.gov.in/godl,MRDS-10073073,19.47269,MRDS-10073073,19.47269,True,False,not_demonstrated_historical_catalog_may_overlap_prior_geological_knowledge,context_only_excluded_from_v0_6_training_validation_scoring,preview_is_incomplete_nonrandom_and_not_proven_knowledge_independent,[]
GSI-OGD-LEAD_ZINC-PREVIEW-002,SRC_GSI_OGD_MINERAL_DEPOSIT_CATALOGS_2013,lead_zinc,88889,61feacce-4312-4515-bda8-1df6416487c4,88888,4886e5de-e06f-440f-a41d-05f96b9682ec,2,Lead-Zinc,"[""element:lead"",""element:zinc""]","[""Lead"",""Zinc""]","[""lead"",""zinc""]","[""Pb"",""Zn""]","[""Lead"",""Zinc""]",GHUGRA-KAYAR BELT,GHUGRA-KAYAR,RAJASTHAN,45 J,26 31 26 32N,74 40-74 41E,,,26.51666667,26.53333333,74.66666667,74.68333333,26.525,74.675,coordinate_range,arithmetic_midpoint_of_source_published_dms_coordinate_ranges,EPSG:4326 encoding; source datum not stated,"Source DMS point or range; a range midpoint is representative context, not a surveyed deposit boundary.",2.486784,863db5037ffffff,Rajasthan,Ajmer,True,"DOLOMITE,QTZT,QTZ-BIO SCHIST",SHMS-CARBONATE HOSTED,DELHI SUPERGROUP,33,10,30.30303,first_rows_returned_by_public_portal_preview_not_random,https://www.data.gov.in/catalog/location-lead-zinc-ore-deposits-india-and-its-salient-features,https://www.data.gov.in/resource/location-lead-zinc-ore-deposits-india-and-its-salient-features,https://www.data.gov.in/backend/dms/v1/ogdp/resource/data/preview/88888?_format=json,https://www.data.gov.in/files/ogdpv2dms/s3fs-public/datafile/Lead_Zinc_Ore_1.xls,2013-06-03,2014-04-17T09:23:38+00:00,Government Open Data License - India,https://www.data.gov.in/godl,MRDS-10159245,3.838229,MRDS-10134293,51.694793,False,False,not_demonstrated_historical_catalog_may_overlap_prior_geological_knowledge,context_only_excluded_from_v0_6_training_validation_scoring,preview_is_incomplete_nonrandom_and_not_proven_knowledge_independent,"[""source_range_separator_missing_interpreted_as_two_degree_minute_endpoints""]"
GSI-OGD-LEAD_ZINC-PREVIEW-003,SRC_GSI_OGD_MINERAL_DEPOSIT_CATALOGS_2013,lead_zinc,88889,61feacce-4312-4515-bda8-1df6416487c4,88888,4886e5de-e06f-440f-a41d-05f96b9682ec,3,Lead-Zinc,"[""element:lead"",""element:zinc""]","[""Lead"",""Zinc""]","[""lead"",""zinc""]","[""Pb"",""Zn""]","[""Lead"",""Zinc""]",HESATHU-BELBATHAN BELT,BELBATHAN,JHARKHAND,72 P,24 43N,87 18E,,,24.71666667,24.71666667,87.3,87.3,24.71666667,87.3,point,source_published_dms_point_encoded_as_decimal_degrees,EPSG:4326 encoding; source datum not stated,"Source DMS point or range; a range midpoint is representative context, not a surveyed deposit boundary.",0.0,863c1a717ffffff,Jharkhand,Godda,True,TALC-TREMOLITE SCHIST,DISCORDANT VEINS,ENCLAVES IN CHOTANAGPUR GNEISSIC COMPLEX,33,10,30.30303,first_rows_returned_by_public_portal_preview_not_random,https://www.data.gov.in/catalog/location-lead-zinc-ore-deposits-india-and-its-salient-features,https://www.data.gov.in/resource/location-lead-zinc-ore-deposits-india-and-its-salient-features,https://www.data.gov.in/backend/dms/v1/ogdp/resource/data/preview/88888?_format=json,https://www.data.gov.in/files/ogdpv2dms/s3fs-public/datafile/Lead_Zinc_Ore_1.xls,2013-06-03,2014-04-17T09:23:38+00:00,Government Open Data License - India,https://www.data.gov.in/godl,MRDS-10231068,62.701525,MRDS-10231068,62.701525,False,False,not_demonstrated_historical_catalog_may_overlap_prior_geological_knowledge,context_only_excluded_from_v0_6_training_validation_scoring,preview_is_incomplete_nonrandom_and_not_proven_knowledge_independent,[]
GSI-OGD-LEAD_ZINC-PREVIEW-004,SRC_GSI_OGD_MINERAL_DEPOSIT_CATALOGS_2013,lead_zinc,88889,61feacce-4312-4515-bda8-1df6416487c4,88888,4886e5de-e06f-440f-a41d-05f96b9682ec,4,Lead-Zinc,"[""element:lead"",""element:zinc""]","[""Lead"",""Zinc""]","[""lead"",""zinc""]","[""Pb"",""Zn""]","[""Lead"",""Zinc""]",HESATHU-BELBATHAN BELT,HESATU,JHARKHAND,73 I,23 59N,86 01E,,,23.98333333,23.98333333,86.01666667,86.01666667,23.98333333,86.01666667,point,source_published_dms_point_encoded_as_decimal_degrees,EPSG:4326 encoding; source datum not stated,"Source DMS point or range; a range midpoint is representative context, not a surveyed deposit boundary.",0.0,863ca8a2fffffff,Jharkhand,Giridih,True,TALC-TREMOLITE SCHIST & GRANULITE,DISCORDANT-HYDROTHERMAL VEINS,ENCLAVES IN CHOTANAGPUR GNEISSIC COMPLEX,33,10,30.30303,first_rows_returned_by_public_portal_preview_not_random,https://www.data.gov.in/catalog/location-lead-zinc-ore-deposits-india-and-its-salient-features,https://www.data.gov.in/resource/location-lead-zinc-ore-deposits-india-and-its-salient-features,https://www.data.gov.in/backend/dms/v1/ogdp/resource/data/preview/88888?_format=json,https://www.data.gov.in/files/ogdpv2dms/s3fs-public/datafile/Lead_Zinc_Ore_1.xls,2013-06-03,2014-04-17T09:23:38+00:00,Government Open Data License - India,https://www.data.gov.in/godl,MRDS-10264350,7.459384,MRDS-10159004,59.145934,False,False,not_demonstrated_historical_catalog_may_overlap_prior_geological_knowledge,context_only_excluded_from_v0_6_training_validation_scoring,preview_is_incomplete_nonrandom_and_not_proven_knowledge_independent,[]
GSI-OGD-LEAD_ZINC-PREVIEW-005,SRC_GSI_OGD_MINERAL_DEPOSIT_CATALOGS_2013,lead_zinc,88889,61feacce-4312-4515-bda8-1df6416487c4,88888,4886e5de-e06f-440f-a41d-05f96b9682ec,5,Lead-Zinc,"[""element:lead"",""element:zinc""]","[""Lead"",""Zinc""]","[""lead"",""zinc""]","[""Pb"",""Zn""]","[""Lead"",""Zinc""]",PUR BANERA BELT(EASTERN ZONE),GADERIAKHERA,RAJASTHAN,45 K,25 26-25 28N,74 38-74 40E,,,25.43333333,25.46666667,74.63333333,74.66666667,25.45,74.65,coordinate_range,arithmetic_midpoint_of_source_published_dms_coordinate_ranges,EPSG:4326 encoding; source datum not stated,"Source DMS point or range; a range midpoint is representative context, not a surveyed deposit boundary.",4.993937,863db0017ffffff,Rajasthan,Bhilwara,True,"AMPHIBOLITE,CALCSCHIST,Fe(MAgnetite) ROCK",STRATABOUND-DISSEMINATION,BHILWARA Sgp.,33,10,30.30303,first_rows_returned_by_public_portal_preview_not_random,https://www.data.gov.in/catalog/location-lead-zinc-ore-deposits-india-and-its-salient-features,https://www.data.gov.in/resource/location-lead-zinc-ore-deposits-india-and-its-salient-features,https://www.data.gov.in/backend/dms/v1/ogdp/resource/data/preview/88888?_format=json,https://www.data.gov.in/files/ogdpv2dms/s3fs-public/datafile/Lead_Zinc_Ore_1.xls,2013-06-03,2014-04-17T09:23:38+00:00,Government Open Data License - India,https://www.data.gov.in/godl,MRDS-10280025,59.629005,MRDS-10304017,69.791636,False,False,not_demonstrated_historical_catalog_may_overlap_prior_geological_knowledge,context_only_excluded_from_v0_6_training_validation_scoring,preview_is_incomplete_nonrandom_and_not_proven_knowledge_independent,[]
GSI-OGD-LEAD_ZINC-PREVIEW-006,SRC_GSI_OGD_MINERAL_DEPOSIT_CATALOGS_2013,lead_zinc,88889,61feacce-4312-4515-bda8-1df6416487c4,88888,4886e5de-e06f-440f-a41d-05f96b9682ec,6,Lead-Zinc,"[""element:lead"",""element:zinc""]","[""Lead"",""Zinc""]","[""lead"",""zinc""]","[""Pb"",""Zn""]","[""Lead"",""Zinc""]",PUR-BANERA BELT,KHERJI-KHERA,RAJASTHAN,45 K,25 07N,74 23E,,,25.11666667,25.11666667,74.38333333,74.38333333,25.11666667,74.38333333,point,source_published_dms_point_encoded_as_decimal_degrees,EPSG:4326 encoding; source datum not stated,"Source DMS point or range; a range midpoint is representative context, not a surveyed deposit boundary.",0.0,863db0437ffffff,Rajasthan,Chittaurgarh,True,"DOLOMITE,SCHIST AND QUARTZITE",STRATABOUND-CONCORDANT(THIN BANDS),BHILWARA Sgp.,33,10,30.30303,first_rows_returned_by_public_portal_preview_not_random,https://www.data.gov.in/catalog/location-lead-zinc-ore-deposits-india-and-its-salient-features,https://www.data.gov.in/resource/location-lead-zinc-ore-deposits-india-and-its-salient-features,https://www.data.gov.in/backend/dms/v1/ogdp/resource/data/preview/88888?_format=json,https://www.data.gov.in/files/ogdpv2dms/s3fs-public/datafile/Lead_Zinc_Ore_1.xls,2013-06-03,2014-04-17T09:23:38+00:00,Government Open Data License - India,https://www.data.gov.in/godl,MRDS-10304017,25.38607,MRDS-10304017,25.38607,False,False,not_demonstrated_historical_catalog_may_overlap_prior_geological_knowledge,context_only_excluded_from_v0_6_training_validation_scoring,preview_is_incomplete_nonrandom_and_not_proven_knowledge_independent,[]
GSI-OGD-LEAD_ZINC-PREVIEW-007,SRC_GSI_OGD_MINERAL_DEPOSIT_CATALOGS_2013,lead_zinc,88889,61feacce-4312-4515-bda8-1df6416487c4,88888,4886e5de-e06f-440f-a41d-05f96b9682ec,7,Lead-Zinc,"[""element:lead"",""element:zinc""]","[""Lead"",""Zinc""]","[""lead"",""zinc""]","[""Pb"",""Zn""]","[""Lead"",""Zinc""]",PUR-BANERA BELT,MALIKHERA,RAJASTHAN,45 K,25 27N,74 37E,,,25.45,25.45,74.61666667,74.61666667,25.45,74.61666667,point,source_published_dms_point_encoded_as_decimal_degrees,EPSG:4326 encoding; source datum not stated,"Source DMS point or range; a range midpoint is representative context, not a surveyed deposit boundary.",0.0,863db0017ffffff,Rajasthan,Bhilwara,True,"QTZ.-BIO.-MUS.SCHIST,AMPH.-MAG.SCHIST",STRATABOUND CONCORDANT,BHILWARA Sgp.,33,10,30.30303,first_rows_returned_by_public_portal_preview_not_random,https://www.data.gov.in/catalog/location-lead-zinc-ore-deposits-india-and-its-salient-features,https://www.data.gov.in/resource/location-lead-zinc-ore-deposits-india-and-its-salient-features,https://www.data.gov.in/backend/dms/v1/ogdp/resource/data/preview/88888?_format=json,https://www.data.gov.in/files/ogdpv2dms/s3fs-public/datafile/Lead_Zinc_Ore_1.xls,2013-06-03,2014-04-17T09:23:38+00:00,Government Open Data License - India,https://www.data.gov.in/godl,MRDS-10280025,57.02739,MRDS-10304017,67.501385,False,False,not_demonstrated_historical_catalog_may_overlap_prior_geological_knowledge,context_only_excluded_from_v0_6_training_validation_scoring,preview_is_incomplete_nonrandom_and_not_proven_knowledge_independent,[]
GSI-OGD-LEAD_ZINC-PREVIEW-008,SRC_GSI_OGD_MINERAL_DEPOSIT_CATALOGS_2013,lead_zinc,88889,61feacce-4312-4515-bda8-1df6416487c4,88888,4886e5de-e06f-440f-a41d-05f96b9682ec,8,Lead-Zinc,"[""element:lead"",""element:zinc""]","[""Lead"",""Zinc""]","[""lead"",""zinc""]","[""Pb"",""Zn""]","[""Lead"",""Zinc""]",PUR-BANERA BELT (EASTERN ZONE),DEVPURA-BANERA,RAJASTHAN,45 K,25 27N,74 38E,,,25.45,25.45,74.63333333,74.63333333,25.45,74.63333333,point,source_published_dms_point_encoded_as_decimal_degrees,EPSG:4326 encoding; source datum not stated,"Source DMS point or range; a range midpoint is representative context, not a surveyed deposit boundary.",0.0,863db0017ffffff,Rajasthan,Bhilwara,True,SCHIST AND AMPHIBOLITE,STRATABOUND-CONCORDANT,BHILWARA Sgp.,33,10,30.30303,first_rows_returned_by_public_portal_preview_not_random,https://www.data.gov.in/catalog/location-lead-zinc-ore-deposits-india-and-its-salient-features,https://www.data.gov.in/resource/location-lead-zinc-ore-deposits-india-and-its-salient-features,https://www.data.gov.in/backend/dms/v1/ogdp/resource/data/preview/88888?_format=json,https://www.data.gov.in/files/ogdpv2dms/s3fs-public/datafile/Lead_Zinc_Ore_1.xls,2013-06-03,2014-04-17T09:23:38+00:00,Government Open Data License - India,https://www.data.gov.in/godl,MRDS-10280025,58.318763,MRDS-10304017,68.635588,False,False,not_demonstrated_historical_catalog_may_overlap_prior_geological_knowledge,context_only_excluded_from_v0_6_training_validation_scoring,preview_is_incomplete_nonrandom_and_not_proven_knowledge_independent,[]
GSI-OGD-LEAD_ZINC-PREVIEW-009,SRC_GSI_OGD_MINERAL_DEPOSIT_CATALOGS_2013,lead_zinc,88889,61feacce-4312-4515-bda8-1df6416487c4,88888,4886e5de-e06f-440f-a41d-05f96b9682ec,9,Lead-Zinc,"[""element:lead"",""element:zinc""]","[""Lead"",""Zinc""]","[""lead"",""zinc""]","[""Pb"",""Zn""]","[""Lead"",""Zinc""]",PUR-BANERA BELT(EASTERN ZONE),DEVPURA-RANNINGPURA,RAJASTHAN,45 K,25 27N,74 38E,,,25.45,25.45,74.63333333,74.63333333,25.45,74.63333333,point,source_published_dms_point_encoded_as_decimal_degrees,EPSG:4326 encoding; source datum not stated,"Source DMS point or range; a range midpoint is representative context, not a surveyed deposit boundary.",0.0,863db0017ffffff,Rajasthan,Bhilwara,True,QUARTZ-AMPHIBOLE-Fe(MAgnetite) GNEISS,STRATABOUND-CONCORDANT,BHILWARA Sgp.,33,10,30.30303,first_rows_returned_by_public_portal_preview_not_random,https://www.data.gov.in/catalog/location-lead-zinc-ore-deposits-india-and-its-salient-features,https://www.data.gov.in/resource/location-lead-zinc-ore-deposits-india-and-its-salient-features,https://www.data.gov.in/backend/dms/v1/ogdp/resource/data/preview/88888?_format=json,https://www.data.gov.in/files/ogdpv2dms/s3fs-public/datafile/Lead_Zinc_Ore_1.xls,2013-06-03,2014-04-17T09:23:38+00:00,Government Open Data License - India,https://www.data.gov.in/godl,MRDS-10280025,58.318763,MRDS-10304017,68.635588,False,False,not_demonstrated_historical_catalog_may_overlap_prior_geological_knowledge,context_only_excluded_from_v0_6_training_validation_scoring,preview_is_incomplete_nonrandom_and_not_proven_knowledge_independent,[]
GSI-OGD-LEAD_ZINC-PREVIEW-010,SRC_GSI_OGD_MINERAL_DEPOSIT_CATALOGS_2013,lead_zinc,88889,61feacce-4312-4515-bda8-1df6416487c4,88888,4886e5de-e06f-440f-a41d-05f96b9682ec,10,Lead-Zinc,"[""element:lead"",""element:zinc""]","[""Lead"",""Zinc""]","[""lead"",""zinc""]","[""Pb"",""Zn""]","[""Lead"",""Zinc""]",PUR-BANERA BELT(EASTERN ZONE),MALIKHERA,RAJASTHAN,45 K,25 27N,74 37E,,,25.45,25.45,74.61666667,74.61666667,25.45,74.61666667,point,source_published_dms_point_encoded_as_decimal_degrees,EPSG:4326 encoding; source datum not stated,"Source DMS point or range; a range midpoint is representative context, not a surveyed deposit boundary.",0.0,863db0017ffffff,Rajasthan,Bhilwara,True,"GAR-BIO.SCHIST,MARBLE,Fe(MAgnetite) ROCK",STRATABOUND-CONCORDANT,BHILWARA Sgp.,33,10,30.30303,first_rows_returned_by_public_portal_preview_not_random,https://www.data.gov.in/catalog/location-lead-zinc-ore-deposits-india-and-its-salient-features,https://www.data.gov.in/resource/location-lead-zinc-ore-deposits-india-and-its-salient-features,https://www.data.gov.in/backend/dms/v1/ogdp/resource/data/preview/88888?_format=json,https://www.data.gov.in/files/ogdpv2dms/s3fs-public/datafile/Lead_Zinc_Ore_1.xls,2013-06-03,2014-04-17T09:23:38+00:00,Government Open Data License - India,https://www.data.gov.in/godl,MRDS-10280025,57.02739,MRDS-10304017,67.501385,False,False,not_demonstrated_historical_catalog_may_overlap_prior_geological_knowledge,context_only_excluded_from_v0_6_training_validation_scoring,preview_is_incomplete_nonrandom_and_not_proven_knowledge_independent,[]
GSI-OGD-MANGANESE-PREVIEW-001,SRC_GSI_OGD_MINERAL_DEPOSIT_CATALOGS_2013,manganese,88891,4574036c-1538-4100-84e6-41a9280f669f,88890,fd58a160-2b76-4547-b5e6-10431152b88f,1,Manganese,"[""element:manganese""]","[""Manganese""]","[""manganese""]","[""Mn""]","[""Manganese""]",BALAGHAT BELT,BALAGHAT,CHATTISGARH,64 C,21 49N,80 10E,21.81666666670,80.16666666670,21.81666667,21.81666667,80.16666667,80.16666667,21.81666667,80.16666667,point,source_published_dms_point_encoded_as_decimal_degrees,EPSG:4326 encoding; source datum not stated,"Source DMS point or range; a range midpoint is representative context, not a surveyed deposit boundary.",0.0,863cb415fffffff,Madhya Pradesh,Balaghat,False,"PHYLLITE,QUARTZITE",BEDDED-CONCORDANT,LOHANGI Fm..,34,10,29.411765,first_rows_returned_by_public_portal_preview_not_random,https://www.data.gov.in/catalog/location-manganese-ore-deposits-india-and-its-salient-features,https://www.data.gov.in/resource/location-manganese-ore-deposits-india-and-its-salient-features,https://www.data.gov.in/backend/dms/v1/ogdp/resource/data/preview/88890?_format=json,https://www.data.gov.in/files/ogdpv2dms/s3fs-public/datafile/Manganese_Ore_1.xls,2013-06-03,2014-04-17T09:23:38+00:00,Government Open Data License - India,https://www.data.gov.in/godl,MRDS-10003837,1.756252,MRDS-10003837,1.756252,True,False,not_demonstrated_historical_catalog_may_overlap_prior_geological_knowledge,context_only_excluded_from_v0_6_training_validation_scoring,preview_is_incomplete_nonrandom_and_not_proven_knowledge_independent,"[""source_state_differs_from_2011_boundary_at_representative_coordinate""]"
GSI-OGD-MANGANESE-PREVIEW-002,SRC_GSI_OGD_MINERAL_DEPOSIT_CATALOGS_2013,manganese,88891,4574036c-1538-4100-84e6-41a9280f669f,88890,fd58a160-2b76-4547-b5e6-10431152b88f,2,Manganese,"[""element:manganese""]","[""Manganese""]","[""manganese""]","[""Mn""]","[""Manganese""]",CHITRADURGA BELT,HARENABALLI,KARNATAKA,57 C,13 19N,76 43E,13.31666666670,76.71666666670,13.31666667,13.31666667,76.71666667,76.71666667,13.31666667,76.71666667,point,source_published_dms_point_encoded_as_decimal_degrees,EPSG:4326 encoding; source datum not stated,"Source DMS point or range; a range midpoint is representative context, not a surveyed deposit boundary.",0.0,866010c0fffffff,Karnataka,Tumkur,True,METAVOLCANICS-METASEDIMENTS,VOLCANOSEDIMENTARY-BEDDED,BABABUDAN (DHARWAR),34,10,29.411765,first_rows_returned_by_public_portal_preview_not_random,https://www.data.gov.in/catalog/location-manganese-ore-deposits-india-and-its-salient-features,https://www.data.gov.in/resource/location-manganese-ore-deposits-india-and-its-salient-features,https://www.data.gov.in/backend/dms/v1/ogdp/resource/data/preview/88890?_format=json,https://www.data.gov.in/files/ogdpv2dms/s3fs-public/datafile/Manganese_Ore_1.xls,2013-06-03,2014-04-17T09:23:38+00:00,Government Open Data License - India,https://www.data.gov.in/godl,MRDS-10231010,39.298982,MRDS-60000573,146.655144,False,False,not_demonstrated_historical_catalog_may_overlap_prior_geological_knowledge,context_only_excluded_from_v0_6_training_validation_scoring,preview_is_incomplete_nonrandom_and_not_proven_knowledge_independent,[]
GSI-OGD-MANGANESE-PREVIEW-003,SRC_GSI_OGD_MINERAL_DEPOSIT_CATALOGS_2013,manganese,88891,4574036c-1538-4100-84e6-41a9280f669f,88890,fd58a160-2b76-4547-b5e6-10431152b88f,3,Manganese,"[""element:manganese""]","[""Manganese""]","[""manganese""]","[""Mn""]","[""Manganese""]",CHITRADURGA BELT,HULLIKATTE,KARNATAKA,57 B,14 30N,76 07E,14.50000000000,76.11666666670,14.5,14.5,76.11666667,76.11666667,14.5,76.11666667,point,source_published_dms_point_encoded_as_decimal_degrees,EPSG:4326 encoding; source datum not stated,"Source DMS point or range; a range midpoint is representative context, not a surveyed deposit boundary.",0.0,8660122f7ffffff,Karnataka,Davanagere,True,"BFQ,PHYLLITE",VOLCANOSEDIMENTARY-BEDDED,BABABUDAN (DHARWAR),34,10,29.411765,first_rows_returned_by_public_portal_preview_not_random,https://www.data.gov.in/catalog/location-manganese-ore-deposits-india-and-its-salient-features,https://www.data.gov.in/resource/location-manganese-ore-deposits-india-and-its-salient-features,https://www.data.gov.in/backend/dms/v1/ogdp/resource/data/preview/88890?_format=json,https://www.data.gov.in/files/ogdpv2dms/s3fs-public/datafile/Manganese_Ore_1.xls,2013-06-03,2014-04-17T09:23:38+00:00,Government Open Data License - India,https://www.data.gov.in/godl,MRDS-10003868,22.072414,MRDS-10003868,22.072414,True,False,not_demonstrated_historical_catalog_may_overlap_prior_geological_knowledge,context_only_excluded_from_v0_6_training_validation_scoring,preview_is_incomplete_nonrandom_and_not_proven_knowledge_independent,[]
GSI-OGD-MANGANESE-PREVIEW-004,SRC_GSI_OGD_MINERAL_DEPOSIT_CATALOGS_2013,manganese,88891,4574036c-1538-4100-84e6-41a9280f669f,88890,fd58a160-2b76-4547-b5e6-10431152b88f,4,Manganese,"[""element:manganese""]","[""Manganese""]","[""manganese""]","[""Mn""]","[""Manganese""]",CHITRADURGA BELT,KAREKUCHI,KARNATAKA,57 C,13 20 N,76 42 10 E,13.33333333330,76.70277777780,13.33333333,13.33333333,76.70277778,76.70277778,13.33333333,76.70277778,point,source_published_dms_point_encoded_as_decimal_degrees,EPSG:4326 encoding; source datum not stated,"Source DMS point or range; a range midpoint is representative context, not a surveyed deposit boundary.",0.0,866010c0fffffff,Karnataka,Tumkur,True,"BHQ,METAPELITE,METAVOLCANICS",VOLCANOSEDIMENTARY-BEDDED,BABABUDAN (DHARWAR),34,10,29.411765,first_rows_returned_by_public_portal_preview_not_random,https://www.data.gov.in/catalog/location-manganese-ore-deposits-india-and-its-salient-features,https://www.data.gov.in/resource/location-manganese-ore-deposits-india-and-its-salient-features,https://www.data.gov.in/backend/dms/v1/ogdp/resource/data/preview/88890?_format=json,https://www.data.gov.in/files/ogdpv2dms/s3fs-public/datafile/Manganese_Ore_1.xls,2013-06-03,2014-04-17T09:23:38+00:00,Government Open Data License - India,https://www.data.gov.in/godl,MRDS-10231010,39.176942,MRDS-60000573,144.460815,False,False,not_demonstrated_historical_catalog_may_overlap_prior_geological_knowledge,context_only_excluded_from_v0_6_training_validation_scoring,preview_is_incomplete_nonrandom_and_not_proven_knowledge_independent,[]
GSI-OGD-MANGANESE-PREVIEW-005,SRC_GSI_OGD_MINERAL_DEPOSIT_CATALOGS_2013,manganese,88891,4574036c-1538-4100-84e6-41a9280f669f,88890,fd58a160-2b76-4547-b5e6-10431152b88f,5,Manganese,"[""element:manganese""]","[""Manganese""]","[""manganese""]","[""Mn""]","[""Manganese""]",EASTERN GHAT BELT,DEVADA,ANDHRA PRADESH,65 N,18 16N,83 33E,18.26666666670,83.55000000000,18.26666667,18.26666667,83.55,83.55,18.26666667,83.55,point,source_published_dms_point_encoded_as_decimal_degrees,EPSG:4326 encoding; source datum not stated,"Source DMS point or range; a range midpoint is representative context, not a surveyed deposit boundary.",0.0,863c93b47ffffff,Andhra Pradesh,Srikakulam,True,KHONDALITE,SEDIMENTARY-BEDDED,EASTERN GHAT Sgp.,34,10,29.411765,first_rows_returned_by_public_portal_preview_not_random,https://www.data.gov.in/catalog/location-manganese-ore-deposits-india-and-its-salient-features,https://www.data.gov.in/resource/location-manganese-ore-deposits-india-and-its-salient-features,https://www.data.gov.in/backend/dms/v1/ogdp/resource/data/preview/88890?_format=json,https://www.data.gov.in/files/ogdpv2dms/s3fs-public/datafile/Manganese_Ore_1.xls,2013-06-03,2014-04-17T09:23:38+00:00,Government Open Data License - India,https://www.data.gov.in/godl,MRDS-10304411,0.90366,MRDS-10304411,0.90366,True,False,not_demonstrated_historical_catalog_may_overlap_prior_geological_knowledge,context_only_excluded_from_v0_6_training_validation_scoring,preview_is_incomplete_nonrandom_and_not_proven_knowledge_independent,[]
GSI-OGD-MANGANESE-PREVIEW-006,SRC_GSI_OGD_MINERAL_DEPOSIT_CATALOGS_2013,manganese,88891,4574036c-1538-4100-84e6-41a9280f669f,88890,fd58a160-2b76-4547-b5e6-10431152b88f,6,Manganese,"[""element:manganese""]","[""Manganese""]","[""manganese""]","[""Mn""]","[""Manganese""]",EASTERN GHAT BELT,GARBHAM,ANDHRA PRADESH,65 N,18 22-18 23N,83 27-83 30E,18.36666666670,83.48333333330,18.36666667,18.38333333,83.45,83.5,18.375,83.475,coordinate_range,arithmetic_midpoint_of_source_published_dms_coordinate_ranges,EPSG:4326 encoding; source datum not stated,"Source DMS point or range; a range midpoint is representative context, not a surveyed deposit boundary.",5.592289,863c914cfffffff,Andhra Pradesh,Srikakulam,True,KHONDALITE,SEDIMENTARY-BEDDED,EASTERN GHAT Sgp.,34,10,29.411765,first_rows_returned_by_public_portal_preview_not_random,https://www.data.gov.in/catalog/location-manganese-ore-deposits-india-and-its-salient-features,https://www.data.gov.in/resource/location-manganese-ore-deposits-india-and-its-salient-features,https://www.data.gov.in/backend/dms/v1/ogdp/resource/data/preview/88890?_format=json,https://www.data.gov.in/files/ogdpv2dms/s3fs-public/datafile/Manganese_Ore_1.xls,2013-06-03,2014-04-17T09:23:38+00:00,Government Open Data License - India,https://www.data.gov.in/godl,MRDS-60000575,2.778337,MRDS-60000575,2.778337,True,True,not_demonstrated_historical_catalog_may_overlap_prior_geological_knowledge,context_only_excluded_from_v0_6_training_validation_scoring,preview_is_incomplete_nonrandom_and_not_proven_knowledge_independent,"[""source_londd_does_not_match_parsed_extent_endpoint_or_midpoint""]"
GSI-OGD-MANGANESE-PREVIEW-007,SRC_GSI_OGD_MINERAL_DEPOSIT_CATALOGS_2013,manganese,88891,4574036c-1538-4100-84e6-41a9280f669f,88890,fd58a160-2b76-4547-b5e6-10431152b88f,7,Manganese,"[""element:manganese""]","[""Manganese""]","[""manganese""]","[""Mn""]","[""Manganese""]",EASTERN GHAT BELT,NISHIKHAL,ORISSA,65 M,19 13N,83 13E,19.21666666670,83.21666666670,19.21666667,19.21666667,83.21666667,83.21666667,19.21666667,83.21666667,point,source_published_dms_point_encoded_as_decimal_degrees,EPSG:4326 encoding; source datum not stated,"Source DMS point or range; a range midpoint is representative context, not a surveyed deposit boundary.",0.0,863c919afffffff,Odisha,Rayagada,True,KHONDALITE,SEDIMENTARY-BEDDED,EASTERN GHAT Sgp.,34,10,29.411765,first_rows_returned_by_public_portal_preview_not_random,https://www.data.gov.in/catalog/location-manganese-ore-deposits-india-and-its-salient-features,https://www.data.gov.in/resource/location-manganese-ore-deposits-india-and-its-salient-features,https://www.data.gov.in/backend/dms/v1/ogdp/resource/data/preview/88890?_format=json,https://www.data.gov.in/files/ogdpv2dms/s3fs-public/datafile/Manganese_Ore_1.xls,2013-06-03,2014-04-17T09:23:38+00:00,Government Open Data License - India,https://www.data.gov.in/godl,MRDS-10003861,0.043043,MRDS-10003861,0.043043,True,False,not_demonstrated_historical_catalog_may_overlap_prior_geological_knowledge,context_only_excluded_from_v0_6_training_validation_scoring,preview_is_incomplete_nonrandom_and_not_proven_knowledge_independent,[]
GSI-OGD-MANGANESE-PREVIEW-008,SRC_GSI_OGD_MINERAL_DEPOSIT_CATALOGS_2013,manganese,88891,4574036c-1538-4100-84e6-41a9280f669f,88890,fd58a160-2b76-4547-b5e6-10431152b88f,8,Manganese,"[""element:manganese""]","[""Manganese""]","[""manganese""]","[""Mn""]","[""Manganese""]",GOA Fe - Mn PROVINCE,CODGUI,GOA,48 I,15 30 30N,74 08E,15.50833333330,74.13333333330,15.50833333,15.50833333,74.13333333,74.13333333,15.50833333,74.13333333,point,source_published_dms_point_encoded_as_decimal_degrees,EPSG:4326 encoding; source datum not stated,"Source DMS point or range; a range midpoint is representative context, not a surveyed deposit boundary.",0.0,8660a91b7ffffff,Goa,North Goa,True,LATERITE,SUPERGENE ENRICHMENT,DHARWAR Sgp.,34,10,29.411765,first_rows_returned_by_public_portal_preview_not_random,https://www.data.gov.in/catalog/location-manganese-ore-deposits-india-and-its-salient-features,https://www.data.gov.in/resource/location-manganese-ore-deposits-india-and-its-salient-features,https://www.data.gov.in/backend/dms/v1/ogdp/resource/data/preview/88890?_format=json,https://www.data.gov.in/files/ogdpv2dms/s3fs-public/datafile/Manganese_Ore_1.xls,2013-06-03,2014-04-17T09:23:38+00:00,Government Open Data License - India,https://www.data.gov.in/godl,MRDS-10084927,7.726627,MRDS-60000576,23.17883,True,False,not_demonstrated_historical_catalog_may_overlap_prior_geological_knowledge,context_only_excluded_from_v0_6_training_validation_scoring,preview_is_incomplete_nonrandom_and_not_proven_knowledge_independent,[]
GSI-OGD-MANGANESE-PREVIEW-009,SRC_GSI_OGD_MINERAL_DEPOSIT_CATALOGS_2013,manganese,88891,4574036c-1538-4100-84e6-41a9280f669f,88890,fd58a160-2b76-4547-b5e6-10431152b88f,9,Manganese,"[""element:manganese""]","[""Manganese""]","[""manganese""]","[""Mn""]","[""Manganese""]",GOA Fe - Mn PROVINCE,COLAMBA,GOA,48 I,15 07-15 09N,74 07 00-42E,15.13333333330,74.11666666670,15.11666667,15.15,74.11666667,74.12833333,15.13333333,74.1225,coordinate_range,arithmetic_midpoint_of_source_published_dms_coordinate_ranges,EPSG:4326 encoding; source datum not stated,"Source DMS point or range; a range midpoint is representative context, not a surveyed deposit boundary.",3.912338,8660a981fffffff,Goa,South Goa,True,MANGANIFEROUS PHYLLITE,LATERITISED,DHARWAR Sgp.,34,10,29.411765,first_rows_returned_by_public_portal_preview_not_random,https://www.data.gov.in/catalog/location-manganese-ore-deposits-india-and-its-salient-features,https://www.data.gov.in/resource/location-manganese-ore-deposits-india-and-its-salient-features,https://www.data.gov.in/backend/dms/v1/ogdp/resource/data/preview/88890?_format=json,https://www.data.gov.in/files/ogdpv2dms/s3fs-public/datafile/Manganese_Ore_1.xls,2013-06-03,2014-04-17T09:23:38+00:00,Government Open Data License - India,https://www.data.gov.in/godl,MRDS-10003841,2.299368,MRDS-10003841,2.299368,True,False,not_demonstrated_historical_catalog_may_overlap_prior_geological_knowledge,context_only_excluded_from_v0_6_training_validation_scoring,preview_is_incomplete_nonrandom_and_not_proven_knowledge_independent,[]
GSI-OGD-MANGANESE-PREVIEW-010,SRC_GSI_OGD_MINERAL_DEPOSIT_CATALOGS_2013,manganese,88891,4574036c-1538-4100-84e6-41a9280f669f,88890,fd58a160-2b76-4547-b5e6-10431152b88f,10,Manganese,"[""element:manganese""]","[""Manganese""]","[""manganese""]","[""Mn""]","[""Manganese""]",GOA Fe - Mn PROVINCE,SULKORNA,GOA,48 I,15 05-06N,74 10-11E,15.00000000000,74.16666666670,15.08333333,15.1,74.16666667,74.18333333,15.09166667,74.175,coordinate_range,arithmetic_midpoint_of_source_published_dms_coordinate_ranges,EPSG:4326 encoding; source datum not stated,"Source DMS point or range; a range midpoint is representative context, not a surveyed deposit boundary.",2.576093,8660a9807ffffff,Goa,South Goa,True,MANGANIFEROUS PHYLLITE,BEDDED-SEDIMENTARY,DHARWAR Sgp.,34,10,29.411765,first_rows_returned_by_public_portal_preview_not_random,https://www.data.gov.in/catalog/location-manganese-ore-deposits-india-and-its-salient-features,https://www.data.gov.in/resource/location-manganese-ore-deposits-india-and-its-salient-features,https://www.data.gov.in/backend/dms/v1/ogdp/resource/data/preview/88890?_format=json,https://www.data.gov.in/files/ogdpv2dms/s3fs-public/datafile/Manganese_Ore_1.xls,2013-06-03,2014-04-17T09:23:38+00:00,Government Open Data License - India,https://www.data.gov.in/godl,MRDS-10003860,3.642047,MRDS-10003860,3.642047,True,False,not_demonstrated_historical_catalog_may_overlap_prior_geological_knowledge,context_only_excluded_from_v0_6_training_validation_scoring,preview_is_incomplete_nonrandom_and_not_proven_knowledge_independent,"[""source_latdd_does_not_match_parsed_extent_endpoint_or_midpoint""]"
