{
  "type": "FeatureCollection",
  "features": [
    {
      "type": "Feature",
      "geometry": {
        "type": "Polygon",
        "coordinates": [
          [
            [
              83.0,
              21.279597222222222
            ],
            [
              83.04599999999999,
              21.279597222222222
            ],
            [
              83.0365,
              21.2938
            ],
            [
              83.04099722222222,
              21.296197222222222
            ],
            [
              83.05719722222221,
              21.270297222222222
            ],
            [
              83.05049722222222,
              21.267097222222223
            ],
            [
              83.04739722222222,
              21.271597222222223
            ],
            [
              83.03509722222222,
              21.2698
            ],
            [
              83.01309722222223,
              21.272399999999998
            ],
            [
              83.0,
              21.2743
            ],
            [
              83.0,
              21.279597222222222
            ]
          ]
        ]
      },
      "properties": {
        "record_id": "IBM-IMYB2024-AUCTION-006",
        "record_type": "official_state_mbs_boundary_context",
        "state_or_ut": "Chhattisgarh",
        "block_name": "North of Arjunda",
        "block_name_mbs": "Mineral Block Summary for North of Arjunda Glauconite Block dtd 28-04-2023",
        "mineral_source_ibm": "Glauconite (Potash)",
        "normalized_material_ids_json": "[\"group:glauconite-group\",\"group:potash\"]",
        "normalized_material_names_json": "[\"Glauconite group\",\"Potash\"]",
        "chemical_or_english_names_json": "[\"Glauconite group\",\"potassium chloride\",\"potassium sulfate\"]",
        "formulae_or_symbols_json": "[]",
        "auction_date_ibm": "2023-07-04",
        "concession_type_code_ibm": "CL",
        "ibm_area_ha": "600.0",
        "mbs_area_ha": 600.0,
        "exploration_level": "G4",
        "borehole_count": 0,
        "drilled_meterage_m": 0.0,
        "exploration_agency_source": "Geological Survey of India, State Unit Chhattisgarh, Behind Ayurvedic College, Pt. Ravishanker Shukla University, Raipur - 492010 (C.G.).",
        "borehole_summary_source": "Nil",
        "mineral_source_mbs": "Glauconite (Potash) and associated mineralization",
        "geological_resources_source": "Resources have not been estimated.",
        "grade_source": "K2O ranges from 0.60% to 7.5% (average 1.88%) in pitting-trenching samples.",
        "mineral_zones_source": "",
        "dip_strike_source": "The general trend of bedding plane in Singhora and Chandarpur Groups varies from NNW to NNE and dipping gently (5\u00b0 -15\u00b0) towards southeast to south west and NNW to NS with dip 10\u00b0-25\u00b0 towards north-east respectively.",
        "thickness_source": "At some places pitting and trenching was carried out to know the depth persistence of glauconitic sandstone which is assessed to be between 1 to 4m. 6",
        "accessibility_source": "Nearest Rail Head Gundardehi. Road Saraipali and Pithora are the major townships near the block area. These towns are connected with all major cities of Central India like Raipur, Jabalpur, Nagpur via metaled state highway Airport Raipur 7",
        "hydrography_source": "Local Surface Drainage Pattern (Channels) - Rivers/Streams - 8",
        "climate_source": "Mean annual rainfall 1200 mm; December temperature 8 C; June temperature up to 48 C.",
        "topography_source": "Physiography is represented by plain and cultivated land. Villages and settlements are well scattered throughout the area. Highest elevation is 377m above MSL on Bhaludongar, located in the south east of Bhothaldih village while 257 m above MSL in the nala bed in the east marks the lowest elevation.",
        "coordinate_method": "source_table_visual_transcription_dms_wgs84",
        "coordinate_source_pdf_pages_json": "[1]",
        "boundary_point_ids_json": "[1, 2, 3, 4, 5, 6, 7, 8, 9, 10]",
        "boundary_vertex_count": 10,
        "centroid_latitude": 21.27713894,
        "centroid_longitude": 83.03215832,
        "computed_geodesic_area_ha": 625.07221,
        "computed_to_mbs_area_difference_pct": 4.178702,
        "ibm_to_mbs_area_difference_pct": 0.0,
        "polygon_valid": true,
        "centroid_in_source_state": true,
        "footprint_in_source_state_2011_boundary": true,
        "geometry_quality_flags_json": "[]",
        "geometry_admission_status": "admitted_authoritative_source_footprint",
        "geometry_admission_reason": "Source-labelled boundary table passed polygon validity, state-centroid and 5% area reconciliation checks.",
        "geometry_crs": "EPSG:4326",
        "coordinate_datum_source": "WGS 84",
        "selected_mbs_file_id": "9821",
        "selected_mbs_url": "https://www.mstcecommerce.com/auctionhome/download_docs.jsp?FILE_ID=9821_Mineral_Block_Summary_of+North_of_Arjunda_Glauconite_Block_dtd_28_04_2023.pdf&path=dynamiclinks&portal=mlcl&mdTyp=-",
        "source_access_date": "2026-09-10",
        "selected_mbs_pdf_sha256": "6ec0a239169e76839043eef4b6d91ae9306137a6128130465e56910eef4fe992",
        "selected_mbs_pdf_bytes": 208633,
        "selected_mbs_pdf_page_count": 4,
        "current_legal_or_operational_status_verified": false,
        "model_evidence_role": "context_only",
        "model_exclusion_reason": "Geometry and technical context are authoritative to the MBS, but current operation and present legal status are not independently verified."
      }
    },
    {
      "type": "Feature",
      "geometry": {
        "type": "Polygon",
        "coordinates": [
          [
            [
              82.14060722222223,
              21.728938888888887
            ],
            [
              82.14058555555556,
              21.749532222222225
            ],
            [
              82.16686750000001,
              21.749750000000002
            ],
            [
              82.16681972222223,
              21.72864138888889
            ],
            [
              82.14060722222223,
              21.728938888888887
            ]
          ]
        ]
      },
      "properties": {
        "record_id": "IBM-IMYB2024-AUCTION-008",
        "record_type": "official_state_mbs_boundary_context",
        "state_or_ut": "Chhattisgarh",
        "block_name": "Devri Limestone Block",
        "block_name_mbs": "Mineral Block Summary of Devri Limestone Block dated 06-07-2023",
        "mineral_source_ibm": "Limestone",
        "normalized_material_ids_json": "[\"group:calcium-and-limestone\",\"rock:limestone\"]",
        "normalized_material_names_json": "[\"Calcium and limestone\",\"Limestone\"]",
        "chemical_or_english_names_json": "[\"calcium\",\"calcium carbonate\",\"Limestone\"]",
        "formulae_or_symbols_json": "[]",
        "auction_date_ibm": "2023-09-19",
        "concession_type_code_ibm": "CL",
        "ibm_area_ha": "630.0",
        "mbs_area_ha": 630.0,
        "exploration_level": "G4",
        "borehole_count": 0,
        "drilled_meterage_m": 0.0,
        "exploration_agency_source": "Geological Survey of India",
        "borehole_summary_source": "Drilling not carried out.",
        "mineral_source_mbs": "Limestone",
        "geological_resources_source": "Tentative resource: 51.03 MnT.",
        "grade_source": "Cement (Portland) grade.",
        "mineral_zones_source": "Not available",
        "dip_strike_source": "Not available",
        "thickness_source": "Not available 6",
        "accessibility_source": "Nearest Rail Head Nearest railway station is Nipania Railway Station is about 19 kms from the block area. Road The area is well connected with Raipur city which is 97 kms away from the Deori village. The State highway is approachable from Baloda Bazar which is situated in the south of the block at 12.8 kms Airport Nearest airport is Bilasa Devi Kevat Airport, Bilaspur which is situated about 35 kms from the block area. 7",
        "hydrography_source": "Local Surface Drainage Pattern (Channels) There are two nalas flowing from the block area which are originating from Sonbarsa RF in the south of the block, one nala is flowing through SW corner while other is along the western boundary of the block; both the nalas joins Jamunia Nadi in the north of the block. Small waterbodies are located in the NW part of the block. Rivers/ Streams Jamunia Nadi is about ~ 1.1 kms from the block area. It is flowing W to E and joins Seonath/ Shivnath river in the E. 8",
        "climate_source": "Mean annual rainfall 1223 mm (IMD, 2021); December temperature 6 C; June temperature 46 C.",
        "topography_source": "The topography of the block area more or less flat , the elevation range is in between 240 m to 250 m from MSL. There are two nalas flowing from the block area which is originating from Sonbarsa RF in the south of the block, one nala is flowing through SW corner while other is along the western boundary of the block; both the nalas joins Jamunia Nadi in the north of the block. Small waterbodies are located in the NW part of the block",
        "coordinate_method": "source_table_visual_transcription_dms_wgs84",
        "coordinate_source_pdf_pages_json": "[1]",
        "boundary_point_ids_json": "[1, 2, 3, 4]",
        "boundary_vertex_count": 4,
        "centroid_latitude": 21.73922012,
        "centroid_longitude": 82.15377407,
        "computed_geodesic_area_ha": 626.891991,
        "computed_to_mbs_area_difference_pct": 0.493335,
        "ibm_to_mbs_area_difference_pct": 0.0,
        "polygon_valid": true,
        "centroid_in_source_state": true,
        "footprint_in_source_state_2011_boundary": true,
        "geometry_quality_flags_json": "[]",
        "geometry_admission_status": "admitted_authoritative_source_footprint",
        "geometry_admission_reason": "Source-labelled boundary table passed polygon validity, state-centroid and 5% area reconciliation checks.",
        "geometry_crs": "EPSG:4326",
        "coordinate_datum_source": "WGS 84",
        "selected_mbs_file_id": "10828",
        "selected_mbs_url": "https://www.mstcecommerce.com/auctionhome/download_docs.jsp?FILE_ID=10828_Mineral+Block+Summary+of+Devri+Limestone+Block+dated+06-07-2023.pdf&path=dynamiclinks&portal=mlcl&mdTyp=-",
        "source_access_date": "2026-09-10",
        "selected_mbs_pdf_sha256": "ed3d6521e2db97a5d7b45c7956cf7848445d4fbece6ea6fff3540711c06c59c9",
        "selected_mbs_pdf_bytes": 726059,
        "selected_mbs_pdf_page_count": 4,
        "current_legal_or_operational_status_verified": false,
        "model_evidence_role": "context_only",
        "model_exclusion_reason": "Geometry and technical context are authoritative to the MBS, but current operation and present legal status are not independently verified."
      }
    },
    {
      "type": "Feature",
      "geometry": {
        "type": "Polygon",
        "coordinates": [
          [
            [
              82.50385263888889,
              21.606610444444446
            ],
            [
              82.51628302777777,
              21.606642222222224
            ],
            [
              82.51628302777777,
              21.617016666666668
            ],
            [
              82.55235566666667,
              21.617028583333333
            ],
            [
              82.55235566666667,
              21.607225194444446
            ],
            [
              82.57367563888889,
              21.60741555555556
            ],
            [
              82.57358044444445,
              21.623786250000002
            ],
            [
              82.586,
              21.623786250000002
            ],
            [
              82.586,
              21.594918916666664
            ],
            [
              82.56244980555556,
              21.59356261111111
            ],
            [
              82.52775725,
              21.59163525
            ],
            [
              82.51910552777778,
              21.576049777777776
            ],
            [
              82.50378602777778,
              21.575048111111112
            ],
            [
              82.50385263888889,
              21.606610444444446
            ]
          ]
        ]
      },
      "properties": {
        "record_id": "IBM-IMYB2024-AUCTION-010",
        "record_type": "official_state_mbs_boundary_context",
        "state_or_ut": "Chhattisgarh",
        "block_name": "Giroud Uprani Block",
        "block_name_mbs": "Mineral Block Summary of Giroud-Uprani Block dated 06-07-2023",
        "mineral_source_ibm": "Glauconite",
        "normalized_material_ids_json": "[\"group:glauconite-group\"]",
        "normalized_material_names_json": "[\"Glauconite group\"]",
        "chemical_or_english_names_json": "[\"Glauconite group\"]",
        "formulae_or_symbols_json": "[]",
        "auction_date_ibm": "2023-09-27",
        "concession_type_code_ibm": "CL",
        "ibm_area_ha": "",
        "mbs_area_ha": 2400.0,
        "exploration_level": "G4",
        "borehole_count": 0,
        "drilled_meterage_m": 0.0,
        "exploration_agency_source": "Geological Survey of India, State Unit Chhattisgarh, Behind Ayurvedic College, Pt. Ravishanker Shukla University, Raipur - 492010 (C.G.).",
        "borehole_summary_source": "Nil",
        "mineral_source_mbs": "Glauconite (Potash) and associated mineralization",
        "geological_resources_source": "Resources have not been estimated.",
        "grade_source": "K2O ranges from 0.20% to 5.08% in pitting-trenching samples; EPMA values reach 8.26 wt% in altered glauconite.",
        "mineral_zones_source": "",
        "dip_strike_source": "Glauconite in the study area is present as an important mineral in quartz arenite. General strike of the glauconitic sandstone is E-W to ENE-WSW, dipping 5 to 7\u00b0 towards North.",
        "thickness_source": "The glauconitic sandstone extends in ENE-WSW trend with approximate width varying from 0.35 Km to a maximum of 4.5 Km. It shows glauconites of various sizes (0.5mm to 2mm) and shapes (spherical, sub-spherical, cubic, mainly elliptical), color of glauconite grains varies from pale green to green 6",
        "accessibility_source": "Nearest Rail Head Bagbahra Road District headquarter Baloda Bazar is 65 Km away from the block area Airport Raipur 7",
        "hydrography_source": "Local Surface Drainage Pattern (Channels) The lower order nalas exhibit parallel, dendritic drainage pattern being coarse textured in the east to medium textured in the west. All the nalas in this area are seasonal. Rivers/Streams The area is drained by Jonk River and its tributaries and distributaries. Jonk flows from south-east to north- west in the western part of the study area 8",
        "climate_source": "Mean annual rainfall 1200-1500 mm; December temperature 8 C; June temperature up to 46 C.",
        "topography_source": "The general elevation of the area varies from 362 m to 238 m above MSL. Highest point within the block (362 m above MSL) is in the southern part of the block. It is part of the Gindola Reserved Forest hill system. The lowest point within the block (238 m above msl) is in the Jonk riverbed in the north -western part of the block.",
        "coordinate_method": "source_table_visual_transcription_dms_wgs84",
        "coordinate_source_pdf_pages_json": "[1]",
        "boundary_point_ids_json": "[1, 2, 3, 4, 5, 6, 7, 8, 9, 10, 11, 12, 13]",
        "boundary_vertex_count": 13,
        "centroid_latitude": 21.60118487,
        "centroid_longitude": 82.54094601,
        "computed_geodesic_area_ha": 2353.347627,
        "computed_to_mbs_area_difference_pct": 1.943849,
        "ibm_to_mbs_area_difference_pct": "",
        "polygon_valid": true,
        "centroid_in_source_state": true,
        "footprint_in_source_state_2011_boundary": true,
        "geometry_quality_flags_json": "[]",
        "geometry_admission_status": "admitted_authoritative_source_footprint",
        "geometry_admission_reason": "Source-labelled boundary table passed polygon validity, state-centroid and 5% area reconciliation checks.",
        "geometry_crs": "EPSG:4326",
        "coordinate_datum_source": "WGS 84",
        "selected_mbs_file_id": "10829",
        "selected_mbs_url": "https://www.mstcecommerce.com/auctionhome/download_docs.jsp?FILE_ID=10829_Mineral+Block+Summary+of+Giroud-Uprani+Block+dated+06-07-2023.pdf&path=dynamiclinks&portal=mlcl&mdTyp=-",
        "source_access_date": "2026-09-10",
        "selected_mbs_pdf_sha256": "0809a4c90696d4098f19f91a3246acd6b242293e1a6a6f3af9a63a49a4e1e650",
        "selected_mbs_pdf_bytes": 233938,
        "selected_mbs_pdf_page_count": 4,
        "current_legal_or_operational_status_verified": false,
        "model_evidence_role": "context_only",
        "model_exclusion_reason": "Geometry and technical context are authoritative to the MBS, but current operation and present legal status are not independently verified."
      }
    },
    {
      "type": "Feature",
      "geometry": {
        "type": "Polygon",
        "coordinates": [
          [
            [
              80.88715,
              20.18861111111111
            ],
            [
              80.894525,
              20.18861111111111
            ],
            [
              80.894525,
              20.21675722222222
            ],
            [
              80.88715,
              20.21675722222222
            ],
            [
              80.88715,
              20.18861111111111
            ]
          ]
        ]
      },
      "properties": {
        "record_id": "IBM-IMYB2024-AUCTION-011",
        "record_type": "official_state_mbs_boundary_context",
        "state_or_ut": "Chhattisgarh",
        "block_name": "Tumrisur Garda II",
        "block_name_mbs": "Mineral Block Summary of Tumrisur-Garda II Gold Block dated 06-07-2023",
        "mineral_source_ibm": "Gold",
        "normalized_material_ids_json": "[\"element:gold\"]",
        "normalized_material_names_json": "[\"Gold\"]",
        "chemical_or_english_names_json": "[\"gold\"]",
        "formulae_or_symbols_json": "[\"Au\"]",
        "auction_date_ibm": "2023-12-20",
        "concession_type_code_ibm": "CL",
        "ibm_area_ha": "240.0",
        "mbs_area_ha": 240.0,
        "exploration_level": "G4",
        "borehole_count": 0,
        "drilled_meterage_m": 0.0,
        "exploration_agency_source": "Geological Survey of India",
        "borehole_summary_source": "Nil",
        "mineral_source_mbs": "Gold",
        "geological_resources_source": "Nil.",
        "grade_source": "0.55-0.73 ppm Au in trench samples, with isolated high values of 1.2 ppm Au.",
        "mineral_zones_source": "One (strike length of 13 m with width varying from 7 m to 13 m)",
        "dip_strike_source": "In the altered mafic rocks , foliation trends in N15\u00b0W direction with subvertical easterly dip. One quartz vein of 1 m thickness and 10 m length, trending in N -S direction intrudes purple coloured altered mafic rock. In Bailadila group , the bedding in BIF trends in NNW -SSE direction with steep dip towards east. Banded Chert trends in N-S direction with steep dip towards east. The mafic volcanics are highly altered and have a general trend of N -S to NNE -SSW with intermediate easterly dip. Foliation trend in meta basalt is N15\u00b0W/S15\u00b0E direction with subvertical easterly dip. Two NW -SE trending mafic dykes Sl. No. Features Details are exposed in the northern part of the mapped area. Vein quartz trend in NW -SE, N-S and NE- SW directions.",
        "thickness_source": "6",
        "accessibility_source": "Nearest Rail Head Dalli-Rajhara (60 km from the study area) Road Bhuski village is located 34 km away from Bhanupratappur, the tehsil headquarters in SSW direction. It can be approached by Bhanupratappur- Pakhanjore Road. Durgokondal the block headquarter is located 8 km east of Bhuski village and is approachable by the same road mentioned above. Garda village is located around 5 km NNE of Bhuski village and can be approached by forest road only. Tumrisur village is located around 8 k m NNE of village Bhuski and is approachable by fair weathered road and forest road. Airport Raipur (300 Km.) 7",
        "hydrography_source": "Local Surface Drainage Pattern (Channels) The westerly flowing Kotri river with its 1st, 2nd, 3rd order tributaries constitutes the main drainage system of the area. Rivers/Streams - 8",
        "climate_source": "Mean annual rainfall around 140 cm; December-January temperature down to 10 C; May-June temperature up to 45 C.",
        "topography_source": "The area is moderate to thickly forested under classified protected forest. The maximum elevation is about 646 m and minimum is 335 m above MSL. The northern part of the study area is occupied by north -south trending linear hills, occupied by BIF.",
        "coordinate_method": "source_table_visual_transcription_dms_wgs84",
        "coordinate_source_pdf_pages_json": "[1]",
        "boundary_point_ids_json": "[1, 2, 3, 4]",
        "boundary_vertex_count": 4,
        "centroid_latitude": 20.20268417,
        "centroid_longitude": 80.8908375,
        "computed_geodesic_area_ha": 240.172366,
        "computed_to_mbs_area_difference_pct": 0.071819,
        "ibm_to_mbs_area_difference_pct": 0.0,
        "polygon_valid": true,
        "centroid_in_source_state": true,
        "footprint_in_source_state_2011_boundary": true,
        "geometry_quality_flags_json": "[]",
        "geometry_admission_status": "admitted_authoritative_source_footprint",
        "geometry_admission_reason": "Source-labelled boundary table passed polygon validity, state-centroid and 5% area reconciliation checks.",
        "geometry_crs": "EPSG:4326",
        "coordinate_datum_source": "WGS 84",
        "selected_mbs_file_id": "10832",
        "selected_mbs_url": "https://www.mstcecommerce.com/auctionhome/download_docs.jsp?FILE_ID=10832_Mineral+Block+Summary+of+Tumrisur-Garda+II+Gold+Block+dated+06-07-2023.pdf&path=dynamiclinks&portal=mlcl&mdTyp=-",
        "source_access_date": "2026-09-10",
        "selected_mbs_pdf_sha256": "d44c1965659a39b7551469398126fc13ba6887338a02f1c5de9717789183819c",
        "selected_mbs_pdf_bytes": 1822257,
        "selected_mbs_pdf_page_count": 4,
        "current_legal_or_operational_status_verified": false,
        "model_evidence_role": "context_only",
        "model_exclusion_reason": "Geometry and technical context are authoritative to the MBS, but current operation and present legal status are not independently verified."
      }
    },
    {
      "type": "Feature",
      "geometry": {
        "type": "Polygon",
        "coordinates": [
          [
            [
              69.29513055555556,
              22.240555555555556
            ],
            [
              69.29656666666666,
              22.24067777777778
            ],
            [
              69.29671944444445,
              22.240036111111113
            ],
            [
              69.297,
              22.23946666666667
            ],
            [
              69.29711666666667,
              22.239050000000002
            ],
            [
              69.29661944444445,
              22.238111111111113
            ],
            [
              69.295675,
              22.23736388888889
            ],
            [
              69.29516111111111,
              22.237255555555556
            ],
            [
              69.2949111111111,
              22.237619444444444
            ],
            [
              69.29523333333333,
              22.2389
            ],
            [
              69.29503055555556,
              22.239344444444445
            ],
            [
              69.29513055555556,
              22.240555555555556
            ]
          ]
        ]
      },
      "properties": {
        "record_id": "IBM-IMYB2024-AUCTION-012",
        "record_type": "official_state_mbs_boundary_context",
        "state_or_ut": "Gujarat",
        "block_name": "Mevasa Block-1",
        "block_name_mbs": "Mevasa Block-1 Summary",
        "mineral_source_ibm": "Bauxite (Aluminous Laterite) and Laterite (minor mineral)",
        "normalized_material_ids_json": "[\"element:aluminium\",\"ore:bauxite\",\"ore:aluminous-laterite\",\"rock:laterite\"]",
        "normalized_material_names_json": "[\"Aluminium\",\"Bauxite\",\"Aluminous laterite\",\"Laterite\"]",
        "chemical_or_english_names_json": "[\"aluminium\",\"Bauxite\",\"Aluminous laterite\",\"Laterite\"]",
        "formulae_or_symbols_json": "[\"Al\"]",
        "auction_date_ibm": "2023-07-18",
        "concession_type_code_ibm": "ML",
        "ibm_area_ha": "5.99",
        "mbs_area_ha": 5.9933,
        "exploration_level": "G2",
        "borehole_count": 2,
        "drilled_meterage_m": 89.0,
        "exploration_agency_source": "M. K. Soil Testing Laboratory, Ahmedabad.",
        "borehole_summary_source": "2 boreholes with cumulative meterage of 89.00 m (40 m and 49 m).",
        "mineral_source_mbs": "Laterite and aluminous laterite (bauxite), described as cement grade.",
        "geological_resources_source": "Indicated resource (332): 2,357,197 tonnes aluminous laterite (bauxite) and 2,776,165 tonnes laterite.",
        "grade_source": "Aluminous laterite (bauxite): 25.75% Al2O3, 37.73% SiO2 and 16.29% Fe2O3; laterite: 16.66% Al2O3, 50.32% SiO2 and 15.22% Fe2O3.",
        "mineral_zones_source": "Aluminous laterite (bauxite) and laterite.",
        "dip_strike_source": "Horizontal bedded.",
        "thickness_source": "Average thickness 18.18 m for aluminous laterite (bauxite) and 19.44 m for laterite.",
        "accessibility_source": "Bhatiya Railway Station 16.73 km; State Highway 6 at 8.37 km; Porbandar Airport 75.36 km.",
        "hydrography_source": "Dendritic drainage; seasonal tributaries.",
        "climate_source": "Mean annual rainfall 2,594 mm; December temperature 10.6-25.2 C; June temperature 29.6-41.7 C.",
        "topography_source": "Flat terrain; Survey of India toposheet 41 F/08.",
        "coordinate_method": "source_table_visual_transcription_geographic_dms_encoded_epsg4326",
        "coordinate_source_pdf_pages_json": "[2]",
        "boundary_point_ids_json": "[1, 2, 3, 4, 5, 6, 7, 8, 9, 10, 11]",
        "boundary_vertex_count": 11,
        "centroid_latitude": 22.23907401,
        "centroid_longitude": 69.29591995,
        "computed_geodesic_area_ha": 6.006522,
        "computed_to_mbs_area_difference_pct": 0.220618,
        "ibm_to_mbs_area_difference_pct": 0.055061,
        "polygon_valid": true,
        "centroid_in_source_state": true,
        "footprint_in_source_state_2011_boundary": true,
        "geometry_quality_flags_json": "[\"source_coordinate_datum_not_stated\"]",
        "geometry_admission_status": "admitted_authoritative_source_footprint",
        "geometry_admission_reason": "Source-labelled boundary table passed polygon validity, state-centroid and 5% area reconciliation checks.",
        "geometry_crs": "EPSG:4326",
        "coordinate_datum_source": "Not stated; source publishes UTM and geographic coordinate columns",
        "selected_mbs_file_id": "8880",
        "selected_mbs_url": "https://www.mstcecommerce.com/auctionhome/download_docs.jsp?FILE_ID=8880_Mevasa Block-1.pdf&path=dynamiclinks&portal=mlcl&mdTyp=-",
        "source_access_date": "2026-09-10",
        "selected_mbs_pdf_sha256": "785c8ebab24f24cdecb29a845d9f1f37bc8dea7157bbeae69b8a9c1dd5a28831",
        "selected_mbs_pdf_bytes": 627221,
        "selected_mbs_pdf_page_count": 4,
        "current_legal_or_operational_status_verified": false,
        "model_evidence_role": "context_only",
        "model_exclusion_reason": "Geometry and technical context are authoritative to the MBS, but current operation and present legal status are not independently verified."
      }
    },
    {
      "type": "Feature",
      "geometry": {
        "type": "Polygon",
        "coordinates": [
          [
            [
              69.30156111111111,
              22.252927777777778
            ],
            [
              69.30220277777778,
              22.253605555555556
            ],
            [
              69.30409722222223,
              22.254125
            ],
            [
              69.30505833333333,
              22.254141666666666
            ],
            [
              69.30518333333333,
              22.254025
            ],
            [
              69.30515,
              22.25191111111111
            ],
            [
              69.30464444444443,
              22.251722222222224
            ],
            [
              69.30461666666666,
              22.25265277777778
            ],
            [
              69.30380277777778,
              22.252444444444443
            ],
            [
              69.30362222222222,
              22.252480555555554
            ],
            [
              69.30347222222223,
              22.252680555555557
            ],
            [
              69.30293333333333,
              22.252577777777777
            ],
            [
              69.302875,
              22.252619444444445
            ],
            [
              69.30261944444445,
              22.252605555555554
            ],
            [
              69.30205555555555,
              22.252594444444444
            ],
            [
              69.30156111111111,
              22.252927777777778
            ]
          ]
        ]
      },
      "properties": {
        "record_id": "IBM-IMYB2024-AUCTION-013",
        "record_type": "official_state_mbs_boundary_context",
        "state_or_ut": "Gujarat",
        "block_name": "Mevasa Block",
        "block_name_mbs": "Mevasa Block Summary",
        "mineral_source_ibm": "Bauxite, and Marl",
        "normalized_material_ids_json": "[\"element:aluminium\",\"ore:bauxite\",\"rock:marl\"]",
        "normalized_material_names_json": "[\"Aluminium\",\"Bauxite\",\"Marl\"]",
        "chemical_or_english_names_json": "[\"aluminium\",\"Bauxite\",\"Marl\"]",
        "formulae_or_symbols_json": "[\"Al\"]",
        "auction_date_ibm": "2023-07-18",
        "concession_type_code_ibm": "ML",
        "ibm_area_ha": "5.53",
        "mbs_area_ha": 5.532,
        "exploration_level": "G2",
        "borehole_count": 5,
        "drilled_meterage_m": 134.0,
        "exploration_agency_source": "Vinayak Engimech Pvt. Ltd.",
        "borehole_summary_source": "5 boreholes with cumulative meterage of 134.00 m.",
        "mineral_source_mbs": "Bauxite and marl.",
        "geological_resources_source": "Indicated resource (332): 217,740.12 tonnes bauxite; 1,692,208.95 tonnes aluminous laterite (major mineral); 88,575.98 tonnes marl.",
        "grade_source": "Bauxite: 44.64% Al2O3 and 6.15% SiO2; aluminous laterite: 39.10% Al2O3 and 16.57% SiO2; marl: 30.50% CaO and 2.10% MgO.",
        "mineral_zones_source": "Bauxite and marl.",
        "dip_strike_source": "Not stated in the MBS.",
        "thickness_source": "Average thickness 1.20 m bauxite, 12.07 m aluminous laterite and 0.49 m marl.",
        "accessibility_source": "Bhatiya Railway Station approximately 22 km; Gujarat State Highways 29 and 6; Jamnagar Airport approximately 92 km.",
        "hydrography_source": "Dendritic drainage; seasonal tributaries.",
        "climate_source": "Mean annual rainfall 580.60 mm; temperature 15-42 C.",
        "topography_source": "Undulatory terrain with small hillocks; Survey of India toposheets 41F/6 and 41F/7.",
        "coordinate_method": "source_table_visual_transcription_dms_wgs84",
        "coordinate_source_pdf_pages_json": "[4]",
        "boundary_point_ids_json": "[1, 2, 3, 4, 5, 6, 7, 8, 9, 10, 11, 12, 13, 14, 15]",
        "boundary_vertex_count": 15,
        "centroid_latitude": 22.25317289,
        "centroid_longitude": 69.30375751,
        "computed_geodesic_area_ha": 5.536095,
        "computed_to_mbs_area_difference_pct": 0.074027,
        "ibm_to_mbs_area_difference_pct": 0.036153,
        "polygon_valid": true,
        "centroid_in_source_state": true,
        "footprint_in_source_state_2011_boundary": true,
        "geometry_quality_flags_json": "[]",
        "geometry_admission_status": "admitted_authoritative_source_footprint",
        "geometry_admission_reason": "Source-labelled boundary table passed polygon validity, state-centroid and 5% area reconciliation checks.",
        "geometry_crs": "EPSG:4326",
        "coordinate_datum_source": "WGS 84",
        "selected_mbs_file_id": "8879",
        "selected_mbs_url": "https://www.mstcecommerce.com/auctionhome/download_docs.jsp?FILE_ID=8879_Mevasa Block.pdf&path=dynamiclinks&portal=mlcl&mdTyp=-",
        "source_access_date": "2026-09-10",
        "selected_mbs_pdf_sha256": "5bf26dff88d005fb55f0eccfc97059ff3dbb73a99a07475cd339b403c7762fc4",
        "selected_mbs_pdf_bytes": 510136,
        "selected_mbs_pdf_page_count": 4,
        "current_legal_or_operational_status_verified": false,
        "model_evidence_role": "context_only",
        "model_exclusion_reason": "Geometry and technical context are authoritative to the MBS, but current operation and present legal status are not independently verified."
      }
    },
    {
      "type": "Feature",
      "geometry": {
        "type": "Polygon",
        "coordinates": [
          [
            [
              70.52486666666667,
              20.94687777777778
            ],
            [
              70.52515833333334,
              20.945355555555555
            ],
            [
              70.52550833333333,
              20.944097222222222
            ],
            [
              70.52603055555555,
              20.944419444444446
            ],
            [
              70.52615,
              20.944491666666668
            ],
            [
              70.52661944444445,
              20.94452777777778
            ],
            [
              70.52755833333333,
              20.944872222222223
            ],
            [
              70.52750833333333,
              20.94526388888889
            ],
            [
              70.52857777777778,
              20.945805555555555
            ],
            [
              70.52854722222222,
              20.945933333333333
            ],
            [
              70.5291111111111,
              20.94609722222222
            ],
            [
              70.529725,
              20.945883333333335
            ],
            [
              70.53043333333333,
              20.945819444444446
            ],
            [
              70.53074166666667,
              20.94576388888889
            ],
            [
              70.53129722222222,
              20.945758333333334
            ],
            [
              70.53202222222222,
              20.945758333333334
            ],
            [
              70.53248333333333,
              20.947352777777777
            ],
            [
              70.53294722222222,
              20.94935277777778
            ],
            [
              70.53315555555555,
              20.950238888888887
            ],
            [
              70.53132222222222,
              20.950222222222223
            ],
            [
              70.5312611111111,
              20.948983333333334
            ],
            [
              70.53125833333333,
              20.948333333333334
            ],
            [
              70.53165277777778,
              20.947033333333334
            ],
            [
              70.5295,
              20.946838888888887
            ],
            [
              70.5293638888889,
              20.94812222222222
            ],
            [
              70.52928888888889,
              20.948383333333332
            ],
            [
              70.52927777777778,
              20.94878611111111
            ],
            [
              70.52921666666667,
              20.948847222222224
            ],
            [
              70.52881944444444,
              20.94922777777778
            ],
            [
              70.52844722222223,
              20.949791666666666
            ],
            [
              70.52840277777777,
              20.94986111111111
            ],
            [
              70.52830277777778,
              20.950430555555556
            ],
            [
              70.52714444444445,
              20.950444444444443
            ],
            [
              70.52694444444444,
              20.950680555555554
            ],
            [
              70.52601666666666,
              20.950594444444445
            ],
            [
              70.52580833333333,
              20.95053611111111
            ],
            [
              70.5258,
              20.949461111111113
            ],
            [
              70.52609166666666,
              20.949458333333332
            ],
            [
              70.52612222222223,
              20.949213888888888
            ],
            [
              70.52633055555556,
              20.948663888888888
            ],
            [
              70.52625,
              20.94863888888889
            ],
            [
              70.52725,
              20.947544444444446
            ],
            [
              70.52689444444444,
              20.947169444444445
            ],
            [
              70.5256888888889,
              20.946952777777778
            ],
            [
              70.52524166666666,
              20.946919444444443
            ],
            [
              70.52498055555556,
              20.9469
            ],
            [
              70.52486666666667,
              20.94687777777778
            ]
          ]
        ]
      },
      "properties": {
        "record_id": "IBM-IMYB2024-AUCTION-014",
        "record_type": "official_state_mbs_boundary_context",
        "state_or_ut": "Gujarat",
        "block_name": "Kukaras block (Private)",
        "block_name_mbs": "Kukaras Block Summary",
        "mineral_source_ibm": "Limestone and Marl",
        "normalized_material_ids_json": "[\"group:calcium-and-limestone\",\"rock:limestone\",\"rock:marl\"]",
        "normalized_material_names_json": "[\"Calcium and limestone\",\"Limestone\",\"Marl\"]",
        "chemical_or_english_names_json": "[\"calcium\",\"calcium carbonate\",\"Limestone\",\"Marl\"]",
        "formulae_or_symbols_json": "[]",
        "auction_date_ibm": "2023-07-18",
        "concession_type_code_ibm": "ML",
        "ibm_area_ha": "29.17",
        "mbs_area_ha": 29.1681,
        "exploration_level": "G2",
        "borehole_count": 7,
        "drilled_meterage_m": 488.0,
        "exploration_agency_source": "Vinayak Engimech Pvt. Ltd.",
        "borehole_summary_source": "7 boreholes with cumulative meterage of 488.00 m.",
        "mineral_source_mbs": "Limestone and marl.",
        "geological_resources_source": "Indicated resource (332): 7,138,102.29 tonnes cement-grade limestone, 1,868,408.99 tonnes limestone and 1,164,058.58 tonnes marl.",
        "grade_source": "Cement-grade limestone: 44.74% CaO and 0.53% MgO; limestone: 37.86% CaO and 1.13% MgO; marl: 30.34% CaO and 1.00% MgO.",
        "mineral_zones_source": "Limestone and marl.",
        "dip_strike_source": "Not stated in the MBS.",
        "thickness_source": "Average thickness 9.15 m cement-grade limestone, 2.72 m limestone and 1.49 m marl.",
        "accessibility_source": "Veraval Junction Railway Station; NH-8D; Diu Airport; Veraval (Mangrol) seaport.",
        "hydrography_source": "Sub-dendritic drainage; seasonal tributaries.",
        "climate_source": "Mean annual rainfall 1,135.75 mm; December temperature 11-28 C; June temperature 28-42 C.",
        "topography_source": "Flat terrain with small undulations; Survey of India toposheets 41L/9 and 41L/10.",
        "coordinate_method": "source_table_visual_transcription_dms_wgs84",
        "coordinate_source_pdf_pages_json": "[3]",
        "boundary_point_ids_json": "[1, 2, 3, 4, 5, 6, 7, 8, 9, 10, 11, 12, 13, 14, 15, 16, 17, 18, 19, 20, 21, 22, 23, 24, 25, 26, 27, 28, 29, 30, 31, 32, 33, 34, 35, 36, 37, 38, 39, 40, 41, 42, 43, 44, 45, 46]",
        "boundary_vertex_count": 46,
        "centroid_latitude": 20.9475575,
        "centroid_longitude": 70.52859673,
        "computed_geodesic_area_ha": 29.329768,
        "computed_to_mbs_area_difference_pct": 0.554262,
        "ibm_to_mbs_area_difference_pct": 0.006514,
        "polygon_valid": true,
        "centroid_in_source_state": true,
        "footprint_in_source_state_2011_boundary": true,
        "geometry_quality_flags_json": "[]",
        "geometry_admission_status": "admitted_authoritative_source_footprint",
        "geometry_admission_reason": "Source-labelled boundary table passed polygon validity, state-centroid and 5% area reconciliation checks.",
        "geometry_crs": "EPSG:4326",
        "coordinate_datum_source": "WGS 84",
        "selected_mbs_file_id": "8883",
        "selected_mbs_url": "https://www.mstcecommerce.com/auctionhome/download_docs.jsp?FILE_ID=8883_Kukaras Block.pdf&path=dynamiclinks&portal=mlcl&mdTyp=-",
        "source_access_date": "2026-09-10",
        "selected_mbs_pdf_sha256": "39c652b74aa41a3803e15396028ae7582f2a69b0bc55053fe43d840d7aad30cb",
        "selected_mbs_pdf_bytes": 540793,
        "selected_mbs_pdf_page_count": 4,
        "current_legal_or_operational_status_verified": false,
        "model_evidence_role": "context_only",
        "model_exclusion_reason": "Geometry and technical context are authoritative to the MBS, but current operation and present legal status are not independently verified."
      }
    },
    {
      "type": "Feature",
      "geometry": {
        "type": "Polygon",
        "coordinates": [
          [
            [
              76.64058916388889,
              15.026973897222224
            ],
            [
              76.6383105388889,
              15.024878669444446
            ],
            [
              76.63356660555556,
              15.030694027777779
            ],
            [
              76.63333970555556,
              15.032261608333334
            ],
            [
              76.63688982222223,
              15.033433641666667
            ],
            [
              76.6378220388889,
              15.032338283333335
            ],
            [
              76.6385849888889,
              15.032561719444445
            ],
            [
              76.64058916388889,
              15.026973897222224
            ]
          ]
        ]
      },
      "properties": {
        "record_id": "IBM-IMYB2024-AUCTION-021",
        "record_type": "official_state_mbs_boundary_context",
        "state_or_ut": "Karnataka",
        "block_name": "Block No. 04, HRG",
        "block_name_mbs": "Summary of mine block - Block No.4, HRG",
        "mineral_source_ibm": "Iron Ore",
        "normalized_material_ids_json": "[\"element:iron\",\"ore:iron-ore\"]",
        "normalized_material_names_json": "[\"Iron\",\"Iron ore\"]",
        "chemical_or_english_names_json": "[\"iron\",\"Iron ore\"]",
        "formulae_or_symbols_json": "[\"Fe\"]",
        "auction_date_ibm": "2023-07-24",
        "concession_type_code_ibm": "ML",
        "ibm_area_ha": "40.04",
        "mbs_area_ha": 40.04,
        "exploration_level": "G3",
        "borehole_count": 16,
        "drilled_meterage_m": 727.0,
        "exploration_agency_source": "KIOCL, based on erstwhile-lessee exploration data for 32.00 ha.",
        "borehole_summary_source": "16 core boreholes with cumulative meterage of 727.00 m, drilled by the erstwhile lessee in 32.00 ha.",
        "mineral_source_mbs": "Iron ore and banded hematite quartzite (BHQ)",
        "geological_resources_source": "5.32 million tonnes of iron ore.",
        "grade_source": "Average 64.66% Fe.",
        "mineral_zones_source": "One band, flanked by shale on either side.",
        "dip_strike_source": "N35W-S35E strike with steep 75-80 degree dips toward ENE.",
        "thickness_source": "Refer to the Geological Report.",
        "accessibility_source": "Ranjithpura Railway Station; 15 km from Sandur and 60 km from Ballari; Vidyanagar Airport, Toranagallu.",
        "hydrography_source": "Dendritic drainage; Tungabhadra River and Narihalla stream.",
        "climate_source": "Mean annual rainfall 40-80 cm; December temperature 21-26 C; June temperature 24-29 C.",
        "topography_source": "Undulating, hilly terrain.",
        "coordinate_method": "source_table_visual_transcription_geographic_dms_encoded_epsg4326",
        "coordinate_source_pdf_pages_json": "[1]",
        "boundary_point_ids_json": "[1, 2, 3, 4, 5, 6, 7]",
        "boundary_vertex_count": 7,
        "centroid_latitude": 15.02957138,
        "centroid_longitude": 76.63714937,
        "computed_geodesic_area_ha": 40.041658,
        "computed_to_mbs_area_difference_pct": 0.004141,
        "ibm_to_mbs_area_difference_pct": 0.0,
        "polygon_valid": true,
        "centroid_in_source_state": true,
        "footprint_in_source_state_2011_boundary": true,
        "geometry_quality_flags_json": "[\"source_coordinate_datum_not_stated\"]",
        "geometry_admission_status": "admitted_authoritative_source_footprint",
        "geometry_admission_reason": "Source-labelled boundary table passed polygon validity, state-centroid and 5% area reconciliation checks.",
        "geometry_crs": "EPSG:4326",
        "coordinate_datum_source": "Not stated; source labels DGPS latitude/longitude",
        "selected_mbs_file_id": "9324",
        "selected_mbs_url": "https://www.mstcecommerce.com/auctionhome/download_docs.jsp?FILE_ID=9324_Summary_of_mine_block.pdf&path=dynamiclinks&portal=mlcl&mdTyp=-",
        "source_access_date": "2026-09-10",
        "selected_mbs_pdf_sha256": "841eead6506c2bbca039bf18d110e708d17ee76a5e08563ab753b0d655cb5c1b",
        "selected_mbs_pdf_bytes": 567602,
        "selected_mbs_pdf_page_count": 3,
        "current_legal_or_operational_status_verified": false,
        "model_evidence_role": "context_only",
        "model_exclusion_reason": "Geometry and technical context are authoritative to the MBS, but current operation and present legal status are not independently verified."
      }
    },
    {
      "type": "Feature",
      "geometry": {
        "type": "Polygon",
        "coordinates": [
          [
            [
              76.4575525,
              15.191768333333334
            ],
            [
              76.45118916666667,
              15.195886666666667
            ],
            [
              76.453075,
              15.197924722222222
            ],
            [
              76.45043166666667,
              15.201210277777777
            ],
            [
              76.44073694444445,
              15.207410555555555
            ],
            [
              76.43490277777778,
              15.212113888888888
            ],
            [
              76.43772055555556,
              15.213328333333333
            ],
            [
              76.43890861111112,
              15.215216944444444
            ],
            [
              76.44341833333334,
              15.212581666666665
            ],
            [
              76.45751,
              15.207405555555555
            ],
            [
              76.46508361111111,
              15.2027325
            ],
            [
              76.4575525,
              15.191768333333334
            ]
          ]
        ]
      },
      "properties": {
        "record_id": "IBM-IMYB2024-AUCTION-023",
        "record_type": "official_state_mbs_boundary_context",
        "state_or_ut": "Karnataka",
        "block_name": "Jaisinghpura North Block",
        "block_name_mbs": "Summary of mine block - Jaisinghpura North Iron Ore",
        "mineral_source_ibm": "Iron Ore",
        "normalized_material_ids_json": "[\"element:iron\",\"ore:iron-ore\"]",
        "normalized_material_names_json": "[\"Iron\",\"Iron ore\"]",
        "chemical_or_english_names_json": "[\"iron\",\"Iron ore\"]",
        "formulae_or_symbols_json": "[\"Fe\"]",
        "auction_date_ibm": "2023-08-21",
        "concession_type_code_ibm": "ML",
        "ibm_area_ha": "298.59",
        "mbs_area_ha": 298.59,
        "exploration_level": "G3",
        "borehole_count": 61,
        "drilled_meterage_m": 3956.3,
        "exploration_agency_source": "Mineral Exploration and Consultancy Limited (MECL).",
        "borehole_summary_source": "61 boreholes (37 core and 24 reverse-circulation) with cumulative meterage of 3,956.30 m; 40 by MECL and 21 by erstwhile lessees.",
        "mineral_source_mbs": "Iron ore",
        "geological_resources_source": "17.66 million tonnes total: 9.89 million tonnes massive, 5.64 million tonnes laminated, and 2.13 million tonnes siliceous iron ore.",
        "grade_source": "Massive iron ore averages 66.61% Fe; laminated 56.56% Fe; siliceous 40.57% Fe.",
        "mineral_zones_source": "Three prominent, approximately parallel BIF reefs trending northwest-southeast.",
        "dip_strike_source": "Northwest-southeast strike with 65-85 degree dips toward southwest.",
        "thickness_source": "Refer to the Geological Report.",
        "accessibility_source": "Ingaligi Railway Station; 20 km from Hosapete and Sandur and 75 km from Ballari; Vidyanagar Airport, Toranagallu.",
        "hydrography_source": "Dendritic drainage; Tungabhadra River and Narihalla stream.",
        "climate_source": "Mean annual rainfall 40-80 cm; December temperature 21-26 C; June temperature 24-29 C.",
        "topography_source": "Undulating, hilly terrain.",
        "coordinate_method": "source_table_visual_transcription_geographic_dms_encoded_epsg4326",
        "coordinate_source_pdf_pages_json": "[1]",
        "boundary_point_ids_json": "[1, 2, 3, 4, 5, 6, 7, 8, 9, 10, 11]",
        "boundary_vertex_count": 11,
        "centroid_latitude": 15.20412704,
        "centroid_longitude": 76.45177221,
        "computed_geodesic_area_ha": 298.717231,
        "computed_to_mbs_area_difference_pct": 0.042611,
        "ibm_to_mbs_area_difference_pct": 0.0,
        "polygon_valid": true,
        "centroid_in_source_state": true,
        "footprint_in_source_state_2011_boundary": true,
        "geometry_quality_flags_json": "[\"source_coordinate_datum_not_stated\"]",
        "geometry_admission_status": "admitted_authoritative_source_footprint",
        "geometry_admission_reason": "Source-labelled boundary table passed polygon validity, state-centroid and 5% area reconciliation checks.",
        "geometry_crs": "EPSG:4326",
        "coordinate_datum_source": "Not stated; source labels DGPS latitude/longitude",
        "selected_mbs_file_id": "10084",
        "selected_mbs_url": "https://www.mstcecommerce.com/auctionhome/download_docs.jsp?FILE_ID=10084_Summary_minebl_JaisingpuraNorth (1).pdf&path=dynamiclinks&portal=mlcl&mdTyp=-",
        "source_access_date": "2026-09-10",
        "selected_mbs_pdf_sha256": "971fce43e6fbdc915aa03aca1e823c736c9f00f789c654685cc3b488580a49b8",
        "selected_mbs_pdf_bytes": 561446,
        "selected_mbs_pdf_page_count": 3,
        "current_legal_or_operational_status_verified": false,
        "model_evidence_role": "context_only",
        "model_exclusion_reason": "Geometry and technical context are authoritative to the MBS, but current operation and present legal status are not independently verified."
      }
    },
    {
      "type": "Feature",
      "geometry": {
        "type": "Polygon",
        "coordinates": [
          [
            [
              76.70197906666667,
              13.73998416111111
            ],
            [
              76.68804334166667,
              13.659974344444445
            ],
            [
              76.66591346111112,
              13.661130383333333
            ],
            [
              76.67497811111112,
              13.744998472222221
            ],
            [
              76.6969809888889,
              13.739995358333333
            ],
            [
              76.70197906666667,
              13.73998416111111
            ]
          ]
        ]
      },
      "properties": {
        "record_id": "IBM-IMYB2024-AUCTION-024",
        "record_type": "official_state_mbs_boundary_context",
        "state_or_ut": "Karnataka",
        "block_name": "Basavanagudda",
        "block_name_mbs": "Summary of mine block Basavangudda Block_2nd attempt",
        "mineral_source_ibm": "Gold",
        "normalized_material_ids_json": "[\"element:gold\"]",
        "normalized_material_names_json": "[\"Gold\"]",
        "chemical_or_english_names_json": "[\"gold\"]",
        "formulae_or_symbols_json": "[\"Au\"]",
        "auction_date_ibm": "2023-08-21",
        "concession_type_code_ibm": "CL",
        "ibm_area_ha": "2501.9",
        "mbs_area_ha": 2501.9,
        "exploration_level": "G4",
        "borehole_count": 0,
        "drilled_meterage_m": 0.0,
        "exploration_agency_source": "Geological Survey of India.",
        "borehole_summary_source": "Nil.",
        "mineral_source_mbs": "Gold ore",
        "geological_resources_source": "Mineral resources have not been estimated at G4 level.",
        "grade_source": "A 240 m mineralized zone has a reported weighted average of 0.178 g/t Au over 3.5 m.",
        "mineral_zones_source": "One 240 m mineralized zone was established in earlier work; the source notes scope for additional zones.",
        "dip_strike_source": "North-south to NNE-SSW strike; east dipping.",
        "thickness_source": "Not applicable.",
        "accessibility_source": "Tumkur Railway Station; State Highway 69 passes 5 km south of the block; Bengaluru Airport.",
        "hydrography_source": "Dendritic drainage; Chikka Tore stream flows northwest through the block toward the Suvarna Mukhi River.",
        "climate_source": "Mean annual rainfall 55-65 cm; December temperature 26-28 C; June temperature 35-38 C.",
        "topography_source": "Undulating, hilly terrain.",
        "coordinate_method": "source_table_visual_transcription_geographic_dms_encoded_epsg4326",
        "coordinate_source_pdf_pages_json": "[1]",
        "boundary_point_ids_json": "[\"A\", \"B\", \"C\", \"D\", \"E\"]",
        "boundary_vertex_count": 5,
        "centroid_latitude": 13.70277527,
        "centroid_longitude": 76.68280487,
        "computed_geodesic_area_ha": 2436.562934,
        "computed_to_mbs_area_difference_pct": 2.611498,
        "ibm_to_mbs_area_difference_pct": 0.0,
        "polygon_valid": true,
        "centroid_in_source_state": true,
        "footprint_in_source_state_2011_boundary": true,
        "geometry_quality_flags_json": "[\"source_coordinate_datum_not_stated\"]",
        "geometry_admission_status": "admitted_authoritative_source_footprint",
        "geometry_admission_reason": "Source-labelled boundary table passed polygon validity, state-centroid and 5% area reconciliation checks.",
        "geometry_crs": "EPSG:4326",
        "coordinate_datum_source": "Not stated; source labels DGPS latitude/longitude",
        "selected_mbs_file_id": "8522",
        "selected_mbs_url": "https://www.mstcecommerce.com/auctionhome/download_docs.jsp?FILE_ID=8522_Summary of mine block - Basavangudda Block.pdf&path=dynamiclinks&portal=mlcl&mdTyp=-",
        "source_access_date": "2026-09-10",
        "selected_mbs_pdf_sha256": "82dd134d6418b02617224da6b79d22f47ded811556f13be69614542d1c1cefda",
        "selected_mbs_pdf_bytes": 451350,
        "selected_mbs_pdf_page_count": 4,
        "current_legal_or_operational_status_verified": false,
        "model_evidence_role": "context_only",
        "model_exclusion_reason": "Geometry and technical context are authoritative to the MBS, but current operation and present legal status are not independently verified."
      }
    },
    {
      "type": "Feature",
      "geometry": {
        "type": "Polygon",
        "coordinates": [
          [
            [
              74.92300791666668,
              13.045916305555556
            ],
            [
              74.92659950000001,
              13.053045722222222
            ],
            [
              74.93211058333334,
              13.049385222222222
            ],
            [
              74.92785,
              13.04384
            ],
            [
              74.92300791666668,
              13.045916305555556
            ]
          ]
        ]
      },
      "properties": {
        "record_id": "IBM-IMYB2024-AUCTION-025",
        "record_type": "official_state_mbs_boundary_context",
        "state_or_ut": "Karnataka",
        "block_name": "Nidodi Bauxite Block",
        "block_name_mbs": "Summary of mine block Niddodi_2nd attempt",
        "mineral_source_ibm": "Bauxite",
        "normalized_material_ids_json": "[\"element:aluminium\",\"ore:bauxite\"]",
        "normalized_material_names_json": "[\"Aluminium\",\"Bauxite\"]",
        "chemical_or_english_names_json": "[\"aluminium\",\"Bauxite\"]",
        "formulae_or_symbols_json": "[\"Al\"]",
        "auction_date_ibm": "2023-09-21",
        "concession_type_code_ibm": "CL",
        "ibm_area_ha": "52.82",
        "mbs_area_ha": 52.82,
        "exploration_level": "G4",
        "borehole_count": 0,
        "drilled_meterage_m": 0.0,
        "exploration_agency_source": "Geological Survey of India.",
        "borehole_summary_source": "Nil.",
        "mineral_source_mbs": "Bauxite in the block title and grade text; the quantity row anomalously prints 'Iron ore'.",
        "geological_resources_source": "145,000 tonnes (0.145 million tonnes); the source quantity row contains the mineral-label anomaly noted separately.",
        "grade_source": "Bauxite grade bands by Al2O3: Grade I above 51%; Grade II 48-51%; Grade III 45-48%; Grade IV 38-45%.",
        "mineral_zones_source": "Four bauxite grade classes calculated by area of influence around pits using a tonnage factor of two.",
        "dip_strike_source": "Not applicable for the bulk commodity; mineralization is controlled by weathering.",
        "thickness_source": "Not applicable.",
        "accessibility_source": "Mangaluru Railway Station; Niddodi is 35 km from Mangalore and 32 km south-southwest of Karkala; Mangaluru Airport.",
        "hydrography_source": "Plateau with sparse first-order drainage; no river or stream is listed.",
        "climate_source": "Mean annual rainfall 3,635 mm; December temperature 21 C; June temperature 42 C.",
        "topography_source": "Undulating plateau.",
        "coordinate_method": "source_table_visual_transcription_geographic_dms_encoded_epsg4326",
        "coordinate_source_pdf_pages_json": "[1]",
        "boundary_point_ids_json": "[\"A\", \"B\", \"C\", \"D\"]",
        "boundary_vertex_count": 4,
        "centroid_latitude": 13.04820623,
        "centroid_longitude": 74.92740816,
        "computed_geodesic_area_ha": 52.878349,
        "computed_to_mbs_area_difference_pct": 0.110468,
        "ibm_to_mbs_area_difference_pct": 0.0,
        "polygon_valid": true,
        "centroid_in_source_state": true,
        "footprint_in_source_state_2011_boundary": true,
        "geometry_quality_flags_json": "[\"source_coordinate_datum_not_stated\"]",
        "geometry_admission_status": "admitted_authoritative_source_footprint",
        "geometry_admission_reason": "Source-labelled boundary table passed polygon validity, state-centroid and 5% area reconciliation checks.",
        "geometry_crs": "EPSG:4326",
        "coordinate_datum_source": "Not stated; source labels DGPS latitude/longitude",
        "selected_mbs_file_id": "9168",
        "selected_mbs_url": "https://www.mstcecommerce.com/auctionhome/download_docs.jsp?FILE_ID=9168_Summary_Niddodi_17032023.pdf&path=dynamiclinks&portal=mlcl&mdTyp=-",
        "source_access_date": "2026-09-10",
        "selected_mbs_pdf_sha256": "7e6ca278e3634a81a64b249965619d027c4dd0b34d65e9704478093be4cbf020",
        "selected_mbs_pdf_bytes": 451916,
        "selected_mbs_pdf_page_count": 3,
        "current_legal_or_operational_status_verified": false,
        "model_evidence_role": "context_only",
        "model_exclusion_reason": "Geometry and technical context are authoritative to the MBS, but current operation and present legal status are not independently verified."
      }
    },
    {
      "type": "Feature",
      "geometry": {
        "type": "Polygon",
        "coordinates": [
          [
            [
              82.86152277777778,
              24.563351944444445
            ],
            [
              82.87305916666666,
              24.56631416666667
            ],
            [
              82.88680583333334,
              24.568710555555555
            ],
            [
              82.88777555555556,
              24.5635625
            ],
            [
              82.87554194444444,
              24.562013333333333
            ],
            [
              82.86254277777778,
              24.5594575
            ],
            [
              82.86152277777778,
              24.563351944444445
            ]
          ]
        ]
      },
      "properties": {
        "record_id": "IBM-IMYB2024-AUCTION-091",
        "record_type": "official_state_mbs_boundary_context",
        "state_or_ut": "Uttar Pradesh",
        "block_name": "Bharhari",
        "block_name_mbs": "2_Phase_4_MBS_Bharhari_Iron_Ore_Block",
        "mineral_source_ibm": "Iron Ore",
        "normalized_material_ids_json": "[\"element:iron\",\"ore:iron-ore\"]",
        "normalized_material_names_json": "[\"Iron\",\"Iron ore\"]",
        "chemical_or_english_names_json": "[\"iron\",\"Iron ore\"]",
        "formulae_or_symbols_json": "[\"Fe\"]",
        "auction_date_ibm": "2023-11-24",
        "concession_type_code_ibm": "CL",
        "ibm_area_ha": "134.77",
        "mbs_area_ha": 134.77,
        "exploration_level": "G3",
        "borehole_count": 8,
        "drilled_meterage_m": 822.7,
        "exploration_agency_source": "Geological Survey of India, Northern Region, Lucknow.",
        "borehole_summary_source": "8 boreholes (Meterage: 822.70M)",
        "mineral_source_mbs": "Iron ore",
        "geological_resources_source": "14.89 million tonnes inferred iron ore resource over 7.9 ha.",
        "grade_source": "Average 34.73% Fe at 30% Fe cut-off; approximately 90% lumps and 10% fines.",
        "mineral_zones_source": "1 to 4 zones",
        "dip_strike_source": "General trend of the ore zone is ENE-WSW with diping towards south 50\u00b0-75\u00b0.",
        "thickness_source": "1.48m to 30.40 m Strike length: 2.62 km, Strike width:30m 6 Grade 14.89 MT (14892538.98 Ton) with an average grade of 34.73 % Fe with 30% Fe cutoff (Approx. 90% Lumps, and 10% Fines) 2 7",
        "accessibility_source": "Nearest Rail Head Chopan (about 18 km from block) Road SH 5 Airport Babatpur, Varanasi 8",
        "hydrography_source": "Local Surface Drainage pattern (Channels) Sub Dendritic Rivers/ Streams Son River 9",
        "climate_source": "Mean annual rainfall 125 cm; temperature 30-46 C; source also prints average 25 C.",
        "topography_source": "Rugged terrain.",
        "coordinate_method": "source_table_visual_transcription_dms_wgs84",
        "coordinate_source_pdf_pages_json": "[1]",
        "boundary_point_ids_json": "[\"A\", \"B\", \"C\", \"D\", \"E\", \"F\"]",
        "boundary_vertex_count": 6,
        "centroid_latitude": 24.5641042,
        "centroid_longitude": 82.87513626,
        "computed_geodesic_area_ha": 134.51511,
        "computed_to_mbs_area_difference_pct": 0.18913,
        "ibm_to_mbs_area_difference_pct": 0.0,
        "polygon_valid": true,
        "centroid_in_source_state": true,
        "footprint_in_source_state_2011_boundary": true,
        "geometry_quality_flags_json": "[]",
        "geometry_admission_status": "admitted_authoritative_source_footprint",
        "geometry_admission_reason": "Source-labelled boundary table passed polygon validity, state-centroid and 5% area reconciliation checks.",
        "geometry_crs": "EPSG:4326",
        "coordinate_datum_source": "WGS 84",
        "selected_mbs_file_id": "11742",
        "selected_mbs_url": "https://www.mstcecommerce.com/auctionhome/download_docs.jsp?FILE_ID=11742_2_Phase_4_MBS_Bharhari_Iron_Ore_Block.pdf&path=dynamiclinks&portal=mlcl&mdTyp=-",
        "source_access_date": "2026-09-10",
        "selected_mbs_pdf_sha256": "dc4d98263c4ef6f716413f4a198f0d38aabb3a42538d8ff6d576d275bbab902a",
        "selected_mbs_pdf_bytes": 482923,
        "selected_mbs_pdf_page_count": 3,
        "current_legal_or_operational_status_verified": false,
        "model_evidence_role": "context_only",
        "model_exclusion_reason": "Geometry and technical context are authoritative to the MBS, but current operation and present legal status are not independently verified."
      }
    },
    {
      "type": "Feature",
      "geometry": {
        "type": "Polygon",
        "coordinates": [
          [
            [
              83.02812694444444,
              24.36388888888889
            ],
            [
              83.02806194444445,
              24.366111111111113
            ],
            [
              83.02410611111111,
              24.366111111111113
            ],
            [
              83.02402777777777,
              24.369083333333332
            ],
            [
              83.02566666666667,
              24.370250000000002
            ],
            [
              83.029385,
              24.3696625
            ],
            [
              83.03097583333333,
              24.370181388888888
            ],
            [
              83.03696305555556,
              24.370175
            ],
            [
              83.03714333333333,
              24.36388888888889
            ],
            [
              83.02812694444444,
              24.36388888888889
            ]
          ]
        ]
      },
      "properties": {
        "record_id": "IBM-IMYB2024-AUCTION-092",
        "record_type": "official_state_mbs_boundary_context",
        "state_or_ut": "Uttar Pradesh",
        "block_name": "Sona Pahari",
        "block_name_mbs": "5_Phase_4_MBS_Sonapahari_Gold_Block",
        "mineral_source_ibm": "Gold",
        "normalized_material_ids_json": "[\"element:gold\"]",
        "normalized_material_names_json": "[\"Gold\"]",
        "chemical_or_english_names_json": "[\"gold\"]",
        "formulae_or_symbols_json": "[\"Au\"]",
        "auction_date_ibm": "2023-11-23",
        "concession_type_code_ibm": "CL",
        "ibm_area_ha": "79.0",
        "mbs_area_ha": 79.0,
        "exploration_level": "G3",
        "borehole_count": 19,
        "drilled_meterage_m": 2359.9,
        "exploration_agency_source": "Geological Survey of India, Northern Region, Lucknow.",
        "borehole_summary_source": "19 boreholes Inclined (Meterage: 2359.90M)",
        "mineral_source_mbs": "Gold",
        "geological_resources_source": "52,806.25 tonnes inferred gold-ore resource over 16.8 ha in sub-block H.",
        "grade_source": "Average 3.03 g/t Au at 0.5 g/t cut-off.",
        "mineral_zones_source": "1 zones",
        "dip_strike_source": "Zone 1 located in sub block H is about 170 m long. Subsidiary shear developed in the sub block H trend N65W and S65E. It is quiet important from the point of view of mineralization and have shown good 2 concentration of sulfides and high value of Au in the area.",
        "thickness_source": "1.26 m to 3.9 m 6 Grade 3.03g/t of Au 7",
        "accessibility_source": "Nearest Rail Head Chopan Road SH5 and 5A Airport Babatpur, Varanasi 8",
        "hydrography_source": "Local Surface Drainage pattern (Channels) Dendritic Rivers/ Streams Son river 9",
        "climate_source": "Mean annual rainfall 110-115 cm; December temperature 5-28 C; May-June temperature 24-41 C.",
        "topography_source": "Rugged terrain.",
        "coordinate_method": "source_table_visual_transcription_dms_wgs84",
        "coordinate_source_pdf_pages_json": "[1]",
        "boundary_point_ids_json": "[\"A\", \"B\", \"C\", \"D\", \"E\", \"F\", \"G\", \"H\", \"I\"]",
        "boundary_vertex_count": 9,
        "centroid_latitude": 24.3672006,
        "centroid_longitude": 83.03122403,
        "computed_geodesic_area_ha": 79.448935,
        "computed_to_mbs_area_difference_pct": 0.568272,
        "ibm_to_mbs_area_difference_pct": 0.0,
        "polygon_valid": true,
        "centroid_in_source_state": true,
        "footprint_in_source_state_2011_boundary": true,
        "geometry_quality_flags_json": "[]",
        "geometry_admission_status": "admitted_authoritative_source_footprint",
        "geometry_admission_reason": "Source-labelled boundary table passed polygon validity, state-centroid and 5% area reconciliation checks.",
        "geometry_crs": "EPSG:4326",
        "coordinate_datum_source": "WGS 84",
        "selected_mbs_file_id": "11745",
        "selected_mbs_url": "https://www.mstcecommerce.com/auctionhome/download_docs.jsp?FILE_ID=11745_5_Phase_4_MBS_Sonapahari_Gold_Block.pdf&path=dynamiclinks&portal=mlcl&mdTyp=-",
        "source_access_date": "2026-09-10",
        "selected_mbs_pdf_sha256": "8341f0c83f22217c5838c845418e08e73ade01ed9bfe6db89c2a3bd9df08b2a3",
        "selected_mbs_pdf_bytes": 173068,
        "selected_mbs_pdf_page_count": 3,
        "current_legal_or_operational_status_verified": false,
        "model_evidence_role": "context_only",
        "model_exclusion_reason": "Geometry and technical context are authoritative to the MBS, but current operation and present legal status are not independently verified."
      }
    },
    {
      "type": "Feature",
      "geometry": {
        "type": "Polygon",
        "coordinates": [
          [
            [
              73.88779058646064,
              15.645044152895293
            ],
            [
              73.88026903602045,
              15.648356866411572
            ],
            [
              73.88030389701645,
              15.647959416445063
            ],
            [
              73.88025831906444,
              15.646063336368783
            ],
            [
              73.88024128848069,
              15.645559708700466
            ],
            [
              73.88082844179362,
              15.645251327360572
            ],
            [
              73.8813856412276,
              15.644888624848207
            ],
            [
              73.88277446708055,
              15.643899710999692
            ],
            [
              73.88532396631099,
              15.640124247089396
            ],
            [
              73.88655602941381,
              15.639428135226854
            ],
            [
              73.8869501300821,
              15.64166635689203
            ],
            [
              73.88779058646064,
              15.645044152895293
            ]
          ]
        ]
      },
      "properties": {
        "record_id": "IBM-IMYB2024-AUCTION-093",
        "record_type": "official_state_mbs_boundary_context",
        "state_or_ut": "Goa",
        "block_name": "Block V- Advalpale-Thivim Mineral Block",
        "block_name_mbs": "Block V- Advalpale-Thivim Mineral Block",
        "mineral_source_ibm": "Iron Ore",
        "normalized_material_ids_json": "[\"element:iron\",\"ore:iron-ore\"]",
        "normalized_material_names_json": "[\"Iron\",\"Iron ore\"]",
        "chemical_or_english_names_json": "[\"iron\",\"Iron ore\"]",
        "formulae_or_symbols_json": "[\"Fe\"]",
        "auction_date_ibm": "2023-04-21",
        "concession_type_code_ibm": "ML",
        "ibm_area_ha": "36.22",
        "mbs_area_ha": 36.2202,
        "exploration_level": "G1; G2; G3",
        "borehole_count": 120,
        "drilled_meterage_m": 6504.9,
        "exploration_agency_source": "Exploration was carried out by Ms Lithoferro. Their office is located at Khalap Chambers, Market Road, Mapusa, Goa, Pin code 403507.",
        "borehole_summary_source": "120 Boreholes with cumulative meterage of 6504.90 m",
        "mineral_source_mbs": "Iron ore (hematite)",
        "geological_resources_source": "In-situ geological resource 3.828 million tons; estimated resource in dumps 417,020 tons, as on 2022-06-01.",
        "grade_source": "In-situ fines Fe 57.43%; lumps Fe 59.58%. Dump material is 45% to below 51% Fe.",
        "mineral_zones_source": "The Geological investigation in the said lease area including subsurface data obtained from the boreholes drilled and study of opencast workings reveal that it is a single ore band having strike length around 900m to 1000m , width of the deposit is 20m to 25m and average thickness is 25m with vertical explored thickness 40m to 50m.",
        "dip_strike_source": "The general strike is NW -SE to WNW -ESE with dip varying from 35 0 to 45 0 north to north easterly. The deposit is traversed by as many as seven dip and oblique faults ranging in throw from 15m to 90m. Generally the faults are filled by barren laterite dykes or fault gouge.",
        "thickness_source": "is 25m with vertical explored thickness 40m to 50m. Trend (Dip and Strike) The general strike is NW -SE to WNW -ESE with dip varying from 35 0 to 45 0 north to north easterly. The deposit is traversed by as many as seven dip and oblique faults ranging in throw from 15m to 90m. Generally the faults are filled by barren laterite dykes or fault gouge. Average Thickness 25 m (Inclusive low grade and powdery ore) 6",
        "accessibility_source": "Nearest Rail Head Tivim railway station at a distance of 4.2 kms. Road Mine is located at a distance of about 2.7 kms due North from State Highway (Mapusa-Bicholim) Page 3 of 4 Features Details Barge loading jetty and port Sircaim Jetty is at 4kms and Marmugoa Harbour is about 50 kms Airport Dabolim Airport is at 50 kms and Mopa Airport is about 40 kms 7",
        "hydrography_source": "Local Surface Drainage Pattern (Channels) There is no perennial source of water within the lease area. The surface drainage is diverted in to series of settling ponds through garland drains. Rivers/ Streams No River or streams within the lease 8",
        "climate_source": "Mean annual rainfall 3500 mm; winter temperature 16-21 C; summer temperature 36-38 C.",
        "topography_source": "The area comprises of plateau top hill running Northwest - Southeast direction with northeastern part of plateau top hill range having a moderate slope in comparison to southwest part of hill. The highest elevation is 115 m from MSL while the lowest in -situ level is 28 m from MSL located in the village. However the present pit bottom is 12.33 m from MSL in the Northwestern side of the lease. Page 4 of 4",
        "coordinate_method": "source_table_text_extraction_utm43n_to_wgs84",
        "coordinate_source_pdf_pages_json": "[1]",
        "boundary_point_ids_json": "[1, 2, 3, 4, 5, 6, 7, 8, 9, 10, 11]",
        "boundary_vertex_count": 11,
        "centroid_latitude": 15.64430004,
        "centroid_longitude": 73.88427949,
        "computed_geodesic_area_ha": 36.236388,
        "computed_to_mbs_area_difference_pct": 0.044693,
        "ibm_to_mbs_area_difference_pct": 0.000552,
        "polygon_valid": true,
        "centroid_in_source_state": true,
        "footprint_in_source_state_2011_boundary": true,
        "geometry_quality_flags_json": "[]",
        "geometry_admission_status": "admitted_authoritative_source_footprint",
        "geometry_admission_reason": "Source-labelled boundary table passed polygon validity, state-centroid and 5% area reconciliation checks.",
        "geometry_crs": "EPSG:4326",
        "coordinate_datum_source": "WGS 84",
        "selected_mbs_file_id": "8366",
        "selected_mbs_url": "https://www.mstcecommerce.com/auctionhome/download_docs.jsp?FILE_ID=8366_Block_V_Advalpale_Thivim_Mineral_Block.pdf&path=dynamiclinks&portal=mlcl&mdTyp=-",
        "source_access_date": "2026-09-10",
        "selected_mbs_pdf_sha256": "49f4d609e6a458c305f1afdf03a31a2d935f6a02ec4b68dda166dba93bc2e301",
        "selected_mbs_pdf_bytes": 538380,
        "selected_mbs_pdf_page_count": 4,
        "current_legal_or_operational_status_verified": false,
        "model_evidence_role": "context_only",
        "model_exclusion_reason": "Geometry and technical context are authoritative to the MBS, but current operation and present legal status are not independently verified."
      }
    },
    {
      "type": "Feature",
      "geometry": {
        "type": "Polygon",
        "coordinates": [
          [
            [
              74.03960883616378,
              15.543002613510119
            ],
            [
              74.03519395111786,
              15.539515439958748
            ],
            [
              74.03335214041995,
              15.53809630856782
            ],
            [
              74.03207947015625,
              15.534580926106289
            ],
            [
              74.03297785593526,
              15.529619221859345
            ],
            [
              74.03428485276335,
              15.53017444137005
            ],
            [
              74.0372336096704,
              15.530866095757172
            ],
            [
              74.03999609344362,
              15.537208424932265
            ],
            [
              74.03960883616378,
              15.543002613510119
            ]
          ]
        ]
      },
      "properties": {
        "record_id": "IBM-IMYB2024-AUCTION-095",
        "record_type": "official_state_mbs_boundary_context",
        "state_or_ut": "Goa",
        "block_name": "Block VII-Cudnem Mineral Block",
        "block_name_mbs": "Block VII-Cudnem Mineral Block Final",
        "mineral_source_ibm": "Iron Ore",
        "normalized_material_ids_json": "[\"element:iron\",\"ore:iron-ore\"]",
        "normalized_material_names_json": "[\"Iron\",\"Iron ore\"]",
        "chemical_or_english_names_json": "[\"iron\",\"Iron ore\"]",
        "formulae_or_symbols_json": "[\"Fe\"]",
        "auction_date_ibm": "2023-04-26",
        "concession_type_code_ibm": "ML",
        "ibm_area_ha": "75.3",
        "mbs_area_ha": 75.3004,
        "exploration_level": "G1; G2; G3",
        "borehole_count": 94,
        "drilled_meterage_m": 5886.9,
        "exploration_agency_source": "Sociade De Fomento Industrial Pvt. Ltd P.O. Box No 31Erasmo Cavalho Street, Margao South Goa District, Goa..",
        "borehole_summary_source": "94 Boreholes with cumulative meterage 5886.90m Out of total drilled 94 boreholes 62 boreholes were considered for resources estimation",
        "mineral_source_mbs": "Iron ore (hematite)",
        "geological_resources_source": "In-situ geological resource 8.282 million tons; estimated resource in dumps 2,221,350 tons, as on 2022-06-01.",
        "grade_source": "In-situ fines Fe 55.72%; lumps Fe 57.87%. Dump material is 45% to below 51% Fe.",
        "mineral_zones_source": "Two ore bands First band in the south and west part of the lease belongs to Cudnem - Dignem-Surla deposit having the strike length of 500m, width of 50m to 80m and average thickness is 25m with vertical explored thickness 50m to 55m Second band in the east and no rth-west portion of the lease belongs to Pissurlem -Sonshi deposit having strike length around 600m , width of 100m to 120m .and average thickness is 35m with a maximum vertical explored depth of 134m along section 5P -5P\u2019",
        "dip_strike_source": "Cudnem-Dignem-Surla deposit: The general strike is NW -SE In general the dip on the north -eastern limb ranges from 42 0 to 85 0' towards N.35 0E direction and the maximum amount of dip is in the north-western tip of the deposit. The dip of the south -western limb varies from 200 to 450 towards S 350 W. Pissurlem-Sonshi deposit: The general strike is NW -SE dipping toward NE at 45 0 to 700.",
        "thickness_source": "is 25m with vertical explored thickness 50m to 55m Second band in the east and no rth-west portion of the lease belongs to Pissurlem -Sonshi deposit having strike length around 600m , width of 100m to 120m .and average thickness is 35m with a maximum vertical explored depth of 134m along section 5P -5P\u2019 Trend (Dip and Strike) Cudnem-Dignem-Surla deposit: The general strike is NW -SE In general the dip on the north -eastern limb ranges from 42 0 to 85 0' towards N.35 0E direction and the maximum amount of dip is in the north-western tip of the deposit. The dip of the south -western limb varies from 200 to 450 towards S 350 W. Pissurlem-Sonshi deposit: The general strike is NW -SE dipping toward NE at 45 0 to 700. Average Thickness Cudnem-Dignem-Surla Bands ea has 25m average thicknes. Pissurlem-Sonshi band has 25m to 40m average thickness 6",
        "accessibility_source": "Nearest Rail Head The nearest Railway st ation is Tivim which is about 29 km due north west and is connected by a metal road. Road The mining lease can be appro ached by road at a distance of 5kms from Sanquelim town towards South East through Sanquelim -Honda- Usgao Road. The nearest railway stat ion is Tivim which is at about 29kms and the nearest Goa International Airport (Daboli m Airport) is at a distance of 49kms from the lease area. Barge loading Jetty and port name Nearest barge loading jetty is in Ammona at a distance of 12kms from the block. Nearest Port is Marmugoa at 50kms from the block. Airport Dabolim at 49 km, Mopa Airport (about 55 km) Page 3 of 5 Features Details 7",
        "hydrography_source": "Local Surface Drainage Pattern (Channels) During monsoon the rainwater runoff from the mine working area and waste dump are diverted to the mine pits through trenches and garland drains where primary settling of sediment take place. Pumped out water will be diverted into settling ponds and filter beds, where lime & flocculants is added to expedite the sediment settling rate and only clear water is allowed to flow out of mining lease area. Trenches are cleared before the onset of monsoon every year, so that all the water from dumps and mine working faces is diverted to a settling pond. Rivers/ Streams Towards north of the lease, a Nalla flows from east to northwest ultimately joining the main river downstream. There is a perennial river (Cudnem River) is running along the northern boundary of the lease which is one of the tributaries to Madei River. 8",
        "climate_source": "Annual rainfall printed as around 4000 m in the MBS (source-unit anomaly retained); winter temperature 16-21 C; summer temperature 36-38 C.",
        "topography_source": "The mining lease comprises of a two hills running NW-SE direction separated by gently dipping valley about 150m wide. The mining lease is situated in the intermediate highlands between seacoast on the west and Sayadhri hill ranges in the east. Thus the climate of this lease area is different from that of coastal area. The highest elevation is 85m (MSL) in the Southern side of the lease area and the lowest elevation is seen in Pit No 4 with 7.5m (MSL) is seen in pit 4 in south western side of block area. [Note*: Supportive evidence of estimating of resources/reserve provided by lessee is only in the form of geological sections/planes which are enclosed in Plates. No Summarized geological litholog of boreholes drilled and the chemical analytical results of core samples collected from the boreholes drilled are available in department. Only some chemical analytical sheets are available with mining plan annexure which is provided in the annexure of GR.] Page 4 of 5",
        "coordinate_method": "source_table_text_extraction_utm43n_to_wgs84",
        "coordinate_source_pdf_pages_json": "[1]",
        "boundary_point_ids_json": "[1, 2, 3, 4, 5, 6, 7, 8]",
        "boundary_vertex_count": 8,
        "centroid_latitude": 15.53582406,
        "centroid_longitude": 74.03615222,
        "computed_geodesic_area_ha": 75.340714,
        "computed_to_mbs_area_difference_pct": 0.053537,
        "ibm_to_mbs_area_difference_pct": 0.000531,
        "polygon_valid": true,
        "centroid_in_source_state": true,
        "footprint_in_source_state_2011_boundary": true,
        "geometry_quality_flags_json": "[]",
        "geometry_admission_status": "admitted_authoritative_source_footprint",
        "geometry_admission_reason": "Source-labelled boundary table passed polygon validity, state-centroid and 5% area reconciliation checks.",
        "geometry_crs": "EPSG:4326",
        "coordinate_datum_source": "WGS 84",
        "selected_mbs_file_id": "8368",
        "selected_mbs_url": "https://www.mstcecommerce.com/auctionhome/download_docs.jsp?FILE_ID=8368_Block_VII_Cudnem_Mineral_Block_Final.pdf&path=dynamiclinks&portal=mlcl&mdTyp=-",
        "source_access_date": "2026-09-10",
        "selected_mbs_pdf_sha256": "41ba1f7862a90e5ba7ba230e0a6cdb8cfc6e0b3698fe5104e0386f24a8830144",
        "selected_mbs_pdf_bytes": 540375,
        "selected_mbs_pdf_page_count": 5,
        "current_legal_or_operational_status_verified": false,
        "model_evidence_role": "context_only",
        "model_exclusion_reason": "Geometry and technical context are authoritative to the MBS, but current operation and present legal status are not independently verified."
      }
    },
    {
      "type": "Feature",
      "geometry": {
        "type": "Polygon",
        "coordinates": [
          [
            [
              73.8787011111111,
              15.655777500000001
            ],
            [
              73.87394444444443,
              15.65581
            ],
            [
              73.87380444444443,
              15.654551666666666
            ],
            [
              73.87294555555555,
              15.64833
            ],
            [
              73.87548361111111,
              15.645598055555554
            ],
            [
              73.88024138888888,
              15.645559722222222
            ],
            [
              73.88025833333333,
              15.646063333333332
            ],
            [
              73.88030388888889,
              15.647959444444444
            ],
            [
              73.88026916666666,
              15.648356944444444
            ],
            [
              73.87916305555555,
              15.652592777777778
            ],
            [
              73.8787011111111,
              15.655777500000001
            ]
          ]
        ]
      },
      "properties": {
        "record_id": "IBM-IMYB2024-AUCTION-096",
        "record_type": "official_state_mbs_boundary_context",
        "state_or_ut": "Goa",
        "block_name": "Block VIII-Thivim-Pirna Mineral Block",
        "block_name_mbs": "Block VIII-Thivim-Pirna Mineral Block",
        "mineral_source_ibm": "Iron Ore",
        "normalized_material_ids_json": "[\"element:iron\",\"ore:iron-ore\"]",
        "normalized_material_names_json": "[\"Iron\",\"Iron ore\"]",
        "chemical_or_english_names_json": "[\"iron\",\"Iron ore\"]",
        "formulae_or_symbols_json": "[\"Fe\"]",
        "auction_date_ibm": "2023-04-27",
        "concession_type_code_ibm": "ML",
        "ibm_area_ha": "72.05",
        "mbs_area_ha": 72.0544,
        "exploration_level": "G1; G2",
        "borehole_count": 35,
        "drilled_meterage_m": 1583.6,
        "exploration_agency_source": "Exploration was carried out by Ms Salgaocar Mining Industries. Salgaocar Bhavan, Altinho, Panjim, Goa, Pin code 400 001.",
        "borehole_summary_source": "35 Boreholes with cumulative meterage of 1583.60 m",
        "mineral_source_mbs": "Iron ore (hematite)",
        "geological_resources_source": "In-situ geological resource 1.687 million tons; estimated resource in dumps 208,210 tons, as on 2022-06-01.",
        "grade_source": "In-situ fines Fe 54.13%; lumps Fe 55.63%. Dump material is 45% to below 51% Fe.",
        "mineral_zones_source": "The geological investigation in the said lease area including subsurface data obtained from the boreholes drilled and study of opencast workings reveals that there are 3 parallel iron ore band are present in the south-eastern part of the lease area. The general strike direction is N300W-S300E with local variation and dipping 350 to 600 towards East. Band 1 is having strike length of 150m and average width of 15m and an average thickness of 20m. Band 2 is having strike length of 250m and average width of 30 m and Page 3 of 5 Features Details an average thickness of 20 m. Band 3 is having strike length of 90m and average width of 60m and average thickness of 20m.",
        "dip_strike_source": "The deposit has a general strike is NW -SE to WNW -ESE with dip varying from 350 to 600 towards East.",
        "thickness_source": "of 20m. Band 2 is having strike length of 250m and average width of 30 m and Page 3 of 5 Features Details an average thickness of 20 m. Band 3 is having strike length of 90m and average width of 60m and average thickness of 20m. Trend (Dip and Strike) The deposit has a general strike is NW -SE to WNW -ESE with dip varying from 350 to 600 towards East. Average Thickness Band 1- Average thickness 20m (150m Length and 15m width) Band 2 - Average thickness 20m (250m Length and 30m width) Band 3- Average thickness 20m (90m Length and 60m width) 6",
        "accessibility_source": "Nearest Rail Head Thivim railway station at a distance of 5.2 kms. Road Mine is located at a distance of about 3 .7 kms due North from State Highway (Mapusa-Bicholim) Barge Loading and Port Nearest barge loading Jetty is Sircaim Jetty at Sircaim Village at a distance of 4kms and nearest harbor is Marmugoa Harbour at about 60kms from the lease Airport Mopa Airport is about 40kms & Dabolim is at 6 0 kms. from the block/lease. 7",
        "hydrography_source": "Local Surface Drainage Pattern (Channels) There is no perennial source of water within the lease area. The surface drainage is diverted in to series of settling ponds through garland drains. Rivers/ Streams No River or streams within the lease 8",
        "climate_source": "Mean annual rainfall 3500 mm; winter temperature 16-21 C; summer temperature 36-38 C.",
        "topography_source": "The mining lease falls in Pirna and Tivim villages of Bardez Taluka, north Goa District. The lease area occupies a hill rage, the two articulated parts of which are almost right to each other with intervening valley. The southern hill range is about 300m long and trends East -West direction while Northern hill extends over a length of 800m which trends North -South direction which trends North -South direction. Hill rises about 75m from the general ground level. The highest elevation is 115m above MSL towards North-Western boundary whereas the lowest elevation is 24.60m above MSL (Pit bottom) towards south -Eastern part of the mining lease. Page 4 of 5",
        "coordinate_method": "source_table_visual_transcription_dms_wgs84",
        "coordinate_source_pdf_pages_json": "[1]",
        "boundary_point_ids_json": "[1, 2, 3, 4, 5, 7, 8, 9, 10, 11]",
        "boundary_vertex_count": 10,
        "centroid_latitude": 15.65049139,
        "centroid_longitude": 73.87664289,
        "computed_geodesic_area_ha": 72.210291,
        "computed_to_mbs_area_difference_pct": 0.216352,
        "ibm_to_mbs_area_difference_pct": 0.006106,
        "polygon_valid": true,
        "centroid_in_source_state": true,
        "footprint_in_source_state_2011_boundary": true,
        "geometry_quality_flags_json": "[\"source_point_id_6_absent\"]",
        "geometry_admission_status": "admitted_authoritative_source_footprint",
        "geometry_admission_reason": "Source-labelled boundary table passed polygon validity, state-centroid and 5% area reconciliation checks.",
        "geometry_crs": "EPSG:4326",
        "coordinate_datum_source": "WGS 84",
        "selected_mbs_file_id": "8369",
        "selected_mbs_url": "https://www.mstcecommerce.com/auctionhome/download_docs.jsp?FILE_ID=8369_Block_VIII_Thivim_Pirna_Mineral_Block.pdf&path=dynamiclinks&portal=mlcl&mdTyp=-",
        "source_access_date": "2026-09-10",
        "selected_mbs_pdf_sha256": "c2b450d8c0215c3a3b3c8fc46a4b8263677c870b050be36d26f749c2c540b28f",
        "selected_mbs_pdf_bytes": 542909,
        "selected_mbs_pdf_page_count": 5,
        "current_legal_or_operational_status_verified": false,
        "model_evidence_role": "context_only",
        "model_exclusion_reason": "Geometry and technical context are authoritative to the MBS, but current operation and present legal status are not independently verified."
      }
    },
    {
      "type": "Feature",
      "geometry": {
        "type": "Polygon",
        "coordinates": [
          [
            [
              74.04565137047415,
              15.530961341777342
            ],
            [
              74.04622803888837,
              15.530527508214998
            ],
            [
              74.04656866920867,
              15.529962069231887
            ],
            [
              74.0476033905867,
              15.529310514890003
            ],
            [
              74.04807595003284,
              15.528990711249577
            ],
            [
              74.04826639476529,
              15.528795061299817
            ],
            [
              74.04890363326743,
              15.527902636329072
            ],
            [
              74.0494069837028,
              15.527164906285318
            ],
            [
              74.04979837238776,
              15.526812609975122
            ],
            [
              74.05035735293691,
              15.52649451890407
            ],
            [
              74.05069909480311,
              15.52620897631438
            ],
            [
              74.05106661963515,
              15.525679584100297
            ],
            [
              74.05146985001461,
              15.525113794196605
            ],
            [
              74.05169676915334,
              15.524509582994948
            ],
            [
              74.05198863344903,
              15.52418730511067
            ],
            [
              74.05252306650178,
              15.523866360781604
            ],
            [
              74.05321182268295,
              15.523366263762394
            ],
            [
              74.05355310592262,
              15.523377830719102
            ],
            [
              74.05372645027879,
              15.523120166317293
            ],
            [
              74.05434948101241,
              15.522594047591188
            ],
            [
              74.05476877242022,
              15.522410000237382
            ],
            [
              74.05492072225903,
              15.522336039310712
            ],
            [
              74.05545233628513,
              15.522080002381097
            ],
            [
              74.0556752721815,
              15.52194979730878
            ],
            [
              74.05588257512797,
              15.52181278873189
            ],
            [
              74.05612038287998,
              15.521654825125403
            ],
            [
              74.05644403330938,
              15.521466305797158
            ],
            [
              74.05711872756574,
              15.520955294119606
            ],
            [
              74.05721293890062,
              15.52071538898961
            ],
            [
              74.05766958882157,
              15.520495266638315
            ],
            [
              74.05781990019426,
              15.520342999649452
            ],
            [
              74.05810312748928,
              15.52011221701024
            ],
            [
              74.05863909740428,
              15.51974515238433
            ],
            [
              74.05897564478158,
              15.519295555220697
            ],
            [
              74.05927472253084,
              15.519016111440305
            ],
            [
              74.05945916678843,
              15.518819166748356
            ],
            [
              74.05978055510295,
              15.518360000093434
            ],
            [
              74.06032666651305,
              15.518048055185464
            ],
            [
              74.06081365182926,
              15.517806823177871
            ],
            [
              74.06146444404173,
              15.517484444657633
            ],
            [
              74.06220916643879,
              15.517830277573625
            ],
            [
              74.0629533499739,
              15.517950058257508
            ],
            [
              74.06360611121468,
              15.517911388498089
            ],
            [
              74.06409165234871,
              15.517701794778166
            ],
            [
              74.06483861080278,
              15.517475833080145
            ],
            [
              74.06533388892917,
              15.517326944562198
            ],
            [
              74.06623638932037,
              15.517030833006537
            ],
            [
              74.0670566667126,
              15.516900833342957
            ],
            [
              74.06481194431983,
              15.511314722534483
            ],
            [
              74.05477722482122,
              15.515878079780338
            ],
            [
              74.05164544732109,
              15.520475250304909
            ],
            [
              74.0483578779785,
              15.51662615292714
            ],
            [
              74.04689111831104,
              15.518215636059892
            ],
            [
              74.04632798671055,
              15.519051262281536
            ],
            [
              74.04605279597386,
              15.52013253795577
            ],
            [
              74.0454334901212,
              15.520603507339144
            ],
            [
              74.04509349624585,
              15.521289392830576
            ],
            [
              74.04459421849484,
              15.521946019345108
            ],
            [
              74.04419199728737,
              15.522442850071823
            ],
            [
              74.04057685901859,
              15.516494021454882
            ],
            [
              74.03408399991037,
              15.521607840086642
            ],
            [
              74.0362097565992,
              15.522962788337026
            ],
            [
              74.03675366584604,
              15.522908781265375
            ],
            [
              74.03774581398362,
              15.523227192094213
            ],
            [
              74.0413856457408,
              15.526647083601295
            ],
            [
              74.04565137047415,
              15.530961341777342
            ]
          ]
        ]
      },
      "properties": {
        "record_id": "IBM-IMYB2024-AUCTION-097",
        "record_type": "official_state_mbs_boundary_context",
        "state_or_ut": "Goa",
        "block_name": "Block IX-Surla-Sonshi Mineral Block",
        "block_name_mbs": "Block IX-Surla-Sonshi Mineral Block Final",
        "mineral_source_ibm": "Iron Ore",
        "normalized_material_ids_json": "[\"element:iron\",\"ore:iron-ore\"]",
        "normalized_material_names_json": "[\"Iron\",\"Iron ore\"]",
        "chemical_or_english_names_json": "[\"iron\",\"Iron ore\"]",
        "formulae_or_symbols_json": "[\"Fe\"]",
        "auction_date_ibm": "2023-04-28",
        "concession_type_code_ibm": "ML",
        "ibm_area_ha": "254.51",
        "mbs_area_ha": 254.51,
        "exploration_level": "G1; G2",
        "borehole_count": 494,
        "drilled_meterage_m": 53453.6,
        "exploration_agency_source": "Sesa Resources Limited, 20 EDC Complex, Patto Panaji , North Goa District, Goa 403001",
        "borehole_summary_source": "494 Boreholes with cumulative meterage 53453.60m Total 494 boreholes were considered for resources estimation",
        "mineral_source_mbs": "Iron ore (hematite)",
        "geological_resources_source": "In-situ geological resource 65.728 million tons; estimated resource in dumps 2,686,620 tons, as on 2022-06-01.",
        "grade_source": "In-situ fines Fe 44.63%; lumps Fe 46.38%. Dump material is 45% to below 51% Fe.",
        "mineral_zones_source": "Surla-Sonshi comprises two major nearly parallel ore bodies called as Southern Ore Body (exposed in Surla Pit) and Northern Ore body (Exposed along north-eastern side of the lease boundary. Ore body strike length of 700m and width of 120m.",
        "dip_strike_source": "The general strike is NW -SE with occasional dips varying 35\u00b0 to 50\u00b0.There are two ore bodies named northern and southern bands. The southern ore band is the part of Surla-Dignem deposit and folded forming an anticline about 600m len gth with an average width of 120m. The northern band is the part of Pissurlem-Sonshi deposit. This portion of the deposit generally dipping north-easterly with minor role forms westerly dips at palaces and it is the western limb of bottom most (Delhi band) of Pissurlem deposit.",
        "thickness_source": "Surla-Dignem deposit with an average width of 120m. 6",
        "accessibility_source": "Nearest Rail Head The nearest railway station is Tivim which is at about 27kms. Road The mining lease can be approached by road at a distance of 8 kms from Sanquelim town towards South East through Sanquelim -HondaUsgao Road. Airport Goa International Airport (Dabolim Airport) is at a distance of 50kms and Mopa Airport is at a distance of around 60kms Page 5 of 7 7",
        "hydrography_source": "Local Surface Drainage Pattern (Channels) The area is charcterised by dentritic type of drainage pattern. Locally the mining lease has no distinct drainage pattern except localized surface flows from elevations during monsoon. Small seasonal nallah/stream exist at central part of the lease boundar y During monsoon most of the surface flow of water is collected through series of settling ponds and clear water is allowed to the seasonal nalah. Rivers/ Streams There is one seasonal nalla by name Advoi Nala is running outside the lease in the southern part of the lease 8",
        "climate_source": "Mean annual rainfall 3750 mm (minimum 3500 mm, maximum 4000 mm); winter temperature 20 C; summer temperature 38 C.",
        "topography_source": "Surla Sonshi Iron Ore Mine (M.L. No 04/AMLG (ML -3)/SRL/17), comprising TC No. 21/54, 20/54 & 5/54 is occupying slopes & valleys of Dignem and Pissurlem ridges. Sonshi valley forms centre of leasehold area. Lease is disposed in a general northwest -southeast direction. The highest elevation is 191m (MSL) in the south east part of lease area close to BP 37. The lowest elevation is about -15m (MSL) in the pit bottom on the North Eastern.Surla Sonshi Iron Ore Mine is situated in the intermediate highlands between seacoast on the west and Sayadhri hill ranges in the east. [Note*: Supportive evidence of estimating of resources/reserve provided by lessee is only in the form of geological sections/planes which are enclosed in Plates. No Summarized geological litholog of boreholes drilled and the chemical analytical results of core samples collected from the boreholes drilled are available in department. Only some chemical analytical sheets are available with mining plan annexure which is provided in the annexure of GR.] Page 6 of 7",
        "coordinate_method": "source_table_text_extraction_utm43n_to_wgs84",
        "coordinate_source_pdf_pages_json": "[1, 2, 3]",
        "boundary_point_ids_json": "[1, 2, 3, 4, 5, 6, 7, 8, 9, 10, 11, 12, 13, 14, 15, 16, 17, 18, 19, 20, 21, 22, 23, 24, 25, 26, 27, 28, 29, 30, 31, 32, 33, 34, 35, 36, 37, 38, 39, 40, 41, 42, 43, 44, 45, 46, 47, 48, 49, 50, 51, 52, 53, 54, 55, 56, 57, 58, 59, 60, 61, 62, 63, 64, 65]",
        "boundary_vertex_count": 65,
        "centroid_latitude": 15.52088745,
        "centroid_longitude": 74.0499469,
        "computed_geodesic_area_ha": 248.023417,
        "computed_to_mbs_area_difference_pct": 2.548656,
        "ibm_to_mbs_area_difference_pct": 0.0,
        "polygon_valid": true,
        "centroid_in_source_state": true,
        "footprint_in_source_state_2011_boundary": true,
        "geometry_quality_flags_json": "[]",
        "geometry_admission_status": "admitted_authoritative_source_footprint",
        "geometry_admission_reason": "Source-labelled boundary table passed polygon validity, state-centroid and 5% area reconciliation checks.",
        "geometry_crs": "EPSG:4326",
        "coordinate_datum_source": "WGS 84",
        "selected_mbs_file_id": "8370",
        "selected_mbs_url": "https://www.mstcecommerce.com/auctionhome/download_docs.jsp?FILE_ID=8370_Block_IX_Surla_Sonshi_Mineral_Block_Final.pdf&path=dynamiclinks&portal=mlcl&mdTyp=-",
        "source_access_date": "2026-09-10",
        "selected_mbs_pdf_sha256": "c9502ea0af3a12650a4fef1ec933acd6fcf92cc199697a34b089dff53eaa7e6c",
        "selected_mbs_pdf_bytes": 592050,
        "selected_mbs_pdf_page_count": 7,
        "current_legal_or_operational_status_verified": false,
        "model_evidence_role": "context_only",
        "model_exclusion_reason": "Geometry and technical context are authoritative to the MBS, but current operation and present legal status are not independently verified."
      }
    }
  ]
}
