record_id,record_type,source_id,source_serial_number,state_or_ut,state_source,block_name,block_name_source,mineral_source,normalized_material_ids_json,normalized_material_names_json,chemical_or_english_names_json,formulae_or_symbols_json,auction_date,concession_type_code,concession_type,area_ha,area_ha_source,area_available,published_status,published_status_scope,latitude,longitude,coordinates_published,geometry_published,current_legal_or_operational_status_verified,model_evidence_role,model_exclusion_reason,source_table,source_pdf_page,source_printed_page,source_url,source_access_date,source_document_sha256,quality_flags_json,notes
IBM-IMYB2024-AUCTION-001,official_auction_granted_concession_context,SRC_IBM_INDIAN_MINERALS_YEARBOOK_2024_CONCESSIONS,1,Andhra Pradesh,Andhra Pradesh,Adakula,Adakula,Semi-Precious stone,"[""group:semi-precious-gemstones""]","[""Semi-precious gemstones""]","[""Semi-precious gemstones""]",[],2024-03-19,CL,composite_licence,36.997,36.997,True,granted_through_auction_during_2023_24_per_ibm_table_title,IBM Table 5 yearbook compilation; not independently reconciled to a controlling current state grant record,,,False,False,False,excluded_context_only,"The source publishes no coordinate or footprint and does not independently establish current operation, production, reserves/resources, or controlling legal status.",Table 5,40,25,https://ibm.gov.in/writereaddata/files/17690756386971f3b675b8aFINAL_IMYB2024_as_on_21.01.2026.pdf,2026-09-10,5b3208e019f95f8976bdb1e7dd7e7dcebba41af78e149ba162a97c98cc070ded,"[""coordinates_not_published"",""geometry_not_published"",""current_status_not_independently_verified""]",Source wording is preserved. Auction date is the source column; it must not be reinterpreted as commencement of mining or present validity.
IBM-IMYB2024-AUCTION-002,official_auction_granted_concession_context,SRC_IBM_INDIAN_MINERALS_YEARBOOK_2024_CONCESSIONS,2,Andhra Pradesh,Andhra Pradesh,Addankivaripalem,Addankivaripalem,Iron Ore,"[""element:iron"",""ore:iron-ore""]","[""Iron"",""Iron ore""]","[""iron"",""Iron ore""]","[""Fe""]",2023-07-28,CL,composite_licence,,N.A.,False,granted_through_auction_during_2023_24_per_ibm_table_title,IBM Table 5 yearbook compilation; not independently reconciled to a controlling current state grant record,,,False,False,False,excluded_context_only,"The source publishes no coordinate or footprint and does not independently establish current operation, production, reserves/resources, or controlling legal status.",Table 5,40,25,https://ibm.gov.in/writereaddata/files/17690756386971f3b675b8aFINAL_IMYB2024_as_on_21.01.2026.pdf,2026-09-10,5b3208e019f95f8976bdb1e7dd7e7dcebba41af78e149ba162a97c98cc070ded,"[""coordinates_not_published"",""geometry_not_published"",""current_status_not_independently_verified"",""area_not_available_in_source""]",Source wording is preserved. Auction date is the source column; it must not be reinterpreted as commencement of mining or present validity.
IBM-IMYB2024-AUCTION-003,official_auction_granted_concession_context,SRC_IBM_INDIAN_MINERALS_YEARBOOK_2024_CONCESSIONS,3,Andhra Pradesh,Andhra Pradesh,Lakshmakapalle (North),Lakshmakapalle (North),Iron Ore,"[""element:iron"",""ore:iron-ore""]","[""Iron"",""Iron ore""]","[""iron"",""Iron ore""]","[""Fe""]",2023-07-28,CL,composite_licence,,N.A.,False,granted_through_auction_during_2023_24_per_ibm_table_title,IBM Table 5 yearbook compilation; not independently reconciled to a controlling current state grant record,,,False,False,False,excluded_context_only,"The source publishes no coordinate or footprint and does not independently establish current operation, production, reserves/resources, or controlling legal status.",Table 5,40,25,https://ibm.gov.in/writereaddata/files/17690756386971f3b675b8aFINAL_IMYB2024_as_on_21.01.2026.pdf,2026-09-10,5b3208e019f95f8976bdb1e7dd7e7dcebba41af78e149ba162a97c98cc070ded,"[""coordinates_not_published"",""geometry_not_published"",""current_status_not_independently_verified"",""area_not_available_in_source""]",Source wording is preserved. Auction date is the source column; it must not be reinterpreted as commencement of mining or present validity.
IBM-IMYB2024-AUCTION-004,official_auction_granted_concession_context,SRC_IBM_INDIAN_MINERALS_YEARBOOK_2024_CONCESSIONS,4,Andhra Pradesh,Andhra Pradesh,Lakshmakapalle (South),Lakshmakapalle (South),Iron Ore,"[""element:iron"",""ore:iron-ore""]","[""Iron"",""Iron ore""]","[""iron"",""Iron ore""]","[""Fe""]",2023-07-28,CL,composite_licence,,N.A.,False,granted_through_auction_during_2023_24_per_ibm_table_title,IBM Table 5 yearbook compilation; not independently reconciled to a controlling current state grant record,,,False,False,False,excluded_context_only,"The source publishes no coordinate or footprint and does not independently establish current operation, production, reserves/resources, or controlling legal status.",Table 5,40,25,https://ibm.gov.in/writereaddata/files/17690756386971f3b675b8aFINAL_IMYB2024_as_on_21.01.2026.pdf,2026-09-10,5b3208e019f95f8976bdb1e7dd7e7dcebba41af78e149ba162a97c98cc070ded,"[""coordinates_not_published"",""geometry_not_published"",""current_status_not_independently_verified"",""area_not_available_in_source""]",Source wording is preserved. Auction date is the source column; it must not be reinterpreted as commencement of mining or present validity.
IBM-IMYB2024-AUCTION-005,official_auction_granted_concession_context,SRC_IBM_INDIAN_MINERALS_YEARBOOK_2024_CONCESSIONS,5,Andhra Pradesh,Andhra Pradesh,Mincheri RF,Mincheri RF,Iron Ore,"[""element:iron"",""ore:iron-ore""]","[""Iron"",""Iron ore""]","[""iron"",""Iron ore""]","[""Fe""]",2024-03-11,CL,composite_licence,1327.0,1327,True,granted_through_auction_during_2023_24_per_ibm_table_title,IBM Table 5 yearbook compilation; not independently reconciled to a controlling current state grant record,,,False,False,False,excluded_context_only,"The source publishes no coordinate or footprint and does not independently establish current operation, production, reserves/resources, or controlling legal status.",Table 5,40,25,https://ibm.gov.in/writereaddata/files/17690756386971f3b675b8aFINAL_IMYB2024_as_on_21.01.2026.pdf,2026-09-10,5b3208e019f95f8976bdb1e7dd7e7dcebba41af78e149ba162a97c98cc070ded,"[""coordinates_not_published"",""geometry_not_published"",""current_status_not_independently_verified""]",Source wording is preserved. Auction date is the source column; it must not be reinterpreted as commencement of mining or present validity.
IBM-IMYB2024-AUCTION-006,official_auction_granted_concession_context,SRC_IBM_INDIAN_MINERALS_YEARBOOK_2024_CONCESSIONS,6,Chhattisgarh,Chhattisgarh,North of Arjunda,North of Arjunda,Glauconite (Potash),"[""group:glauconite-group"",""group:potash""]","[""Glauconite group"",""Potash""]","[""Glauconite group"",""potassium chloride"",""potassium sulfate""]",[],2023-07-04,CL,composite_licence,600.0,600,True,granted_through_auction_during_2023_24_per_ibm_table_title,IBM Table 5 yearbook compilation; not independently reconciled to a controlling current state grant record,,,False,False,False,excluded_context_only,"The source publishes no coordinate or footprint and does not independently establish current operation, production, reserves/resources, or controlling legal status.",Table 5,40,25,https://ibm.gov.in/writereaddata/files/17690756386971f3b675b8aFINAL_IMYB2024_as_on_21.01.2026.pdf,2026-09-10,5b3208e019f95f8976bdb1e7dd7e7dcebba41af78e149ba162a97c98cc070ded,"[""coordinates_not_published"",""geometry_not_published"",""current_status_not_independently_verified""]",Source wording is preserved. Auction date is the source column; it must not be reinterpreted as commencement of mining or present validity.
IBM-IMYB2024-AUCTION-007,official_auction_granted_concession_context,SRC_IBM_INDIAN_MINERALS_YEARBOOK_2024_CONCESSIONS,7,Chhattisgarh,Chhattisgarh,Saloni Block,Saloni Block,Limestone,"[""group:calcium-and-limestone"",""rock:limestone""]","[""Calcium and limestone"",""Limestone""]","[""calcium"",""calcium carbonate"",""Limestone""]",[],2023-09-21,CL,composite_licence,600.0,600,True,granted_through_auction_during_2023_24_per_ibm_table_title,IBM Table 5 yearbook compilation; not independently reconciled to a controlling current state grant record,,,False,False,False,excluded_context_only,"The source publishes no coordinate or footprint and does not independently establish current operation, production, reserves/resources, or controlling legal status.",Table 5,40,25,https://ibm.gov.in/writereaddata/files/17690756386971f3b675b8aFINAL_IMYB2024_as_on_21.01.2026.pdf,2026-09-10,5b3208e019f95f8976bdb1e7dd7e7dcebba41af78e149ba162a97c98cc070ded,"[""coordinates_not_published"",""geometry_not_published"",""current_status_not_independently_verified""]",Source wording is preserved. Auction date is the source column; it must not be reinterpreted as commencement of mining or present validity.
IBM-IMYB2024-AUCTION-008,official_auction_granted_concession_context,SRC_IBM_INDIAN_MINERALS_YEARBOOK_2024_CONCESSIONS,8,Chhattisgarh,Chhattisgarh,Devri Limestone Block,Devri Limestone Block,Limestone,"[""group:calcium-and-limestone"",""rock:limestone""]","[""Calcium and limestone"",""Limestone""]","[""calcium"",""calcium carbonate"",""Limestone""]",[],2023-09-19,CL,composite_licence,630.0,630,True,granted_through_auction_during_2023_24_per_ibm_table_title,IBM Table 5 yearbook compilation; not independently reconciled to a controlling current state grant record,,,False,False,False,excluded_context_only,"The source publishes no coordinate or footprint and does not independently establish current operation, production, reserves/resources, or controlling legal status.",Table 5,40,25,https://ibm.gov.in/writereaddata/files/17690756386971f3b675b8aFINAL_IMYB2024_as_on_21.01.2026.pdf,2026-09-10,5b3208e019f95f8976bdb1e7dd7e7dcebba41af78e149ba162a97c98cc070ded,"[""coordinates_not_published"",""geometry_not_published"",""current_status_not_independently_verified""]",Source wording is preserved. Auction date is the source column; it must not be reinterpreted as commencement of mining or present validity.
IBM-IMYB2024-AUCTION-009,official_auction_granted_concession_context,SRC_IBM_INDIAN_MINERALS_YEARBOOK_2024_CONCESSIONS,9,Chhattisgarh,Chhattisgarh,Kareli Chandi Block,Kareli Chandi Block,Limestone,"[""group:calcium-and-limestone"",""rock:limestone""]","[""Calcium and limestone"",""Limestone""]","[""calcium"",""calcium carbonate"",""Limestone""]",[],2023-09-20,CL,composite_licence,500.0,500,True,granted_through_auction_during_2023_24_per_ibm_table_title,IBM Table 5 yearbook compilation; not independently reconciled to a controlling current state grant record,,,False,False,False,excluded_context_only,"The source publishes no coordinate or footprint and does not independently establish current operation, production, reserves/resources, or controlling legal status.",Table 5,40,25,https://ibm.gov.in/writereaddata/files/17690756386971f3b675b8aFINAL_IMYB2024_as_on_21.01.2026.pdf,2026-09-10,5b3208e019f95f8976bdb1e7dd7e7dcebba41af78e149ba162a97c98cc070ded,"[""coordinates_not_published"",""geometry_not_published"",""current_status_not_independently_verified""]",Source wording is preserved. Auction date is the source column; it must not be reinterpreted as commencement of mining or present validity.
IBM-IMYB2024-AUCTION-010,official_auction_granted_concession_context,SRC_IBM_INDIAN_MINERALS_YEARBOOK_2024_CONCESSIONS,10,Chhattisgarh,Chhattisgarh,Giroud Uprani Block,Giroud Uprani Block,Glauconite,"[""group:glauconite-group""]","[""Glauconite group""]","[""Glauconite group""]",[],2023-09-27,CL,composite_licence,,N.A.,False,granted_through_auction_during_2023_24_per_ibm_table_title,IBM Table 5 yearbook compilation; not independently reconciled to a controlling current state grant record,,,False,False,False,excluded_context_only,"The source publishes no coordinate or footprint and does not independently establish current operation, production, reserves/resources, or controlling legal status.",Table 5,40,25,https://ibm.gov.in/writereaddata/files/17690756386971f3b675b8aFINAL_IMYB2024_as_on_21.01.2026.pdf,2026-09-10,5b3208e019f95f8976bdb1e7dd7e7dcebba41af78e149ba162a97c98cc070ded,"[""coordinates_not_published"",""geometry_not_published"",""current_status_not_independently_verified"",""area_not_available_in_source""]",Source wording is preserved. Auction date is the source column; it must not be reinterpreted as commencement of mining or present validity.
IBM-IMYB2024-AUCTION-011,official_auction_granted_concession_context,SRC_IBM_INDIAN_MINERALS_YEARBOOK_2024_CONCESSIONS,11,Chhattisgarh,Chhattisgarh,Tumrisur Garda II,Tumrisur Garda II,Gold,"[""element:gold""]","[""Gold""]","[""gold""]","[""Au""]",2023-12-20,CL,composite_licence,240.0,240,True,granted_through_auction_during_2023_24_per_ibm_table_title,IBM Table 5 yearbook compilation; not independently reconciled to a controlling current state grant record,,,False,False,False,excluded_context_only,"The source publishes no coordinate or footprint and does not independently establish current operation, production, reserves/resources, or controlling legal status.",Table 5,40,25,https://ibm.gov.in/writereaddata/files/17690756386971f3b675b8aFINAL_IMYB2024_as_on_21.01.2026.pdf,2026-09-10,5b3208e019f95f8976bdb1e7dd7e7dcebba41af78e149ba162a97c98cc070ded,"[""coordinates_not_published"",""geometry_not_published"",""current_status_not_independently_verified""]",Source wording is preserved. Auction date is the source column; it must not be reinterpreted as commencement of mining or present validity.
IBM-IMYB2024-AUCTION-012,official_auction_granted_concession_context,SRC_IBM_INDIAN_MINERALS_YEARBOOK_2024_CONCESSIONS,12,Gujarat,Gujarat,Mevasa Block-1,Mevasa Block-1,Bauxite (Aluminous Laterite) and Laterite (minor mineral),"[""element:aluminium"",""ore:bauxite"",""ore:aluminous-laterite"",""rock:laterite""]","[""Aluminium"",""Bauxite"",""Aluminous laterite"",""Laterite""]","[""aluminium"",""Bauxite"",""Aluminous laterite"",""Laterite""]","[""Al""]",2023-07-18,ML,mining_lease,5.99,5.99,True,granted_through_auction_during_2023_24_per_ibm_table_title,IBM Table 5 yearbook compilation; not independently reconciled to a controlling current state grant record,,,False,False,False,excluded_context_only,"The source publishes no coordinate or footprint and does not independently establish current operation, production, reserves/resources, or controlling legal status.",Table 5,41,26,https://ibm.gov.in/writereaddata/files/17690756386971f3b675b8aFINAL_IMYB2024_as_on_21.01.2026.pdf,2026-09-10,5b3208e019f95f8976bdb1e7dd7e7dcebba41af78e149ba162a97c98cc070ded,"[""coordinates_not_published"",""geometry_not_published"",""current_status_not_independently_verified""]",Source wording is preserved. Auction date is the source column; it must not be reinterpreted as commencement of mining or present validity.
IBM-IMYB2024-AUCTION-013,official_auction_granted_concession_context,SRC_IBM_INDIAN_MINERALS_YEARBOOK_2024_CONCESSIONS,13,Gujarat,Gujarat,Mevasa Block,Mevasa Block,"Bauxite, and Marl","[""element:aluminium"",""ore:bauxite"",""rock:marl""]","[""Aluminium"",""Bauxite"",""Marl""]","[""aluminium"",""Bauxite"",""Marl""]","[""Al""]",2023-07-18,ML,mining_lease,5.53,5.53,True,granted_through_auction_during_2023_24_per_ibm_table_title,IBM Table 5 yearbook compilation; not independently reconciled to a controlling current state grant record,,,False,False,False,excluded_context_only,"The source publishes no coordinate or footprint and does not independently establish current operation, production, reserves/resources, or controlling legal status.",Table 5,41,26,https://ibm.gov.in/writereaddata/files/17690756386971f3b675b8aFINAL_IMYB2024_as_on_21.01.2026.pdf,2026-09-10,5b3208e019f95f8976bdb1e7dd7e7dcebba41af78e149ba162a97c98cc070ded,"[""coordinates_not_published"",""geometry_not_published"",""current_status_not_independently_verified""]",Source wording is preserved. Auction date is the source column; it must not be reinterpreted as commencement of mining or present validity.
IBM-IMYB2024-AUCTION-014,official_auction_granted_concession_context,SRC_IBM_INDIAN_MINERALS_YEARBOOK_2024_CONCESSIONS,14,Gujarat,Gujarat,Kukaras block (Private),Kukaras block (Private),Limestone and Marl,"[""group:calcium-and-limestone"",""rock:limestone"",""rock:marl""]","[""Calcium and limestone"",""Limestone"",""Marl""]","[""calcium"",""calcium carbonate"",""Limestone"",""Marl""]",[],2023-07-18,ML,mining_lease,29.17,29.17,True,granted_through_auction_during_2023_24_per_ibm_table_title,IBM Table 5 yearbook compilation; not independently reconciled to a controlling current state grant record,,,False,False,False,excluded_context_only,"The source publishes no coordinate or footprint and does not independently establish current operation, production, reserves/resources, or controlling legal status.",Table 5,41,26,https://ibm.gov.in/writereaddata/files/17690756386971f3b675b8aFINAL_IMYB2024_as_on_21.01.2026.pdf,2026-09-10,5b3208e019f95f8976bdb1e7dd7e7dcebba41af78e149ba162a97c98cc070ded,"[""coordinates_not_published"",""geometry_not_published"",""current_status_not_independently_verified""]",Source wording is preserved. Auction date is the source column; it must not be reinterpreted as commencement of mining or present validity.
IBM-IMYB2024-AUCTION-015,official_auction_granted_concession_context,SRC_IBM_INDIAN_MINERALS_YEARBOOK_2024_CONCESSIONS,15,Gujarat,Gujarat,Nandana Block,Nandana Block,Bauxite Limestone and Marl,"[""element:aluminium"",""ore:bauxite"",""group:calcium-and-limestone"",""rock:limestone"",""rock:marl""]","[""Aluminium"",""Bauxite"",""Calcium and limestone"",""Limestone"",""Marl""]","[""aluminium"",""Bauxite"",""calcium"",""calcium carbonate"",""Limestone"",""Marl""]","[""Al""]",2023-07-19,ML,mining_lease,29.17,29.17,True,granted_through_auction_during_2023_24_per_ibm_table_title,IBM Table 5 yearbook compilation; not independently reconciled to a controlling current state grant record,,,False,False,False,excluded_context_only,"The source publishes no coordinate or footprint and does not independently establish current operation, production, reserves/resources, or controlling legal status.",Table 5,41,26,https://ibm.gov.in/writereaddata/files/17690756386971f3b675b8aFINAL_IMYB2024_as_on_21.01.2026.pdf,2026-09-10,5b3208e019f95f8976bdb1e7dd7e7dcebba41af78e149ba162a97c98cc070ded,"[""coordinates_not_published"",""geometry_not_published"",""current_status_not_independently_verified""]",Source wording is preserved. Auction date is the source column; it must not be reinterpreted as commencement of mining or present validity.
IBM-IMYB2024-AUCTION-016,official_auction_granted_concession_context,SRC_IBM_INDIAN_MINERALS_YEARBOOK_2024_CONCESSIONS,16,Gujarat,Gujarat,Kodidra Block,Kodidra Block,Limestone and Marl,"[""group:calcium-and-limestone"",""rock:limestone"",""rock:marl""]","[""Calcium and limestone"",""Limestone"",""Marl""]","[""calcium"",""calcium carbonate"",""Limestone"",""Marl""]",[],2023-07-19,ML,mining_lease,29.17,29.17,True,granted_through_auction_during_2023_24_per_ibm_table_title,IBM Table 5 yearbook compilation; not independently reconciled to a controlling current state grant record,,,False,False,False,excluded_context_only,"The source publishes no coordinate or footprint and does not independently establish current operation, production, reserves/resources, or controlling legal status.",Table 5,41,26,https://ibm.gov.in/writereaddata/files/17690756386971f3b675b8aFINAL_IMYB2024_as_on_21.01.2026.pdf,2026-09-10,5b3208e019f95f8976bdb1e7dd7e7dcebba41af78e149ba162a97c98cc070ded,"[""coordinates_not_published"",""geometry_not_published"",""current_status_not_independently_verified""]",Source wording is preserved. Auction date is the source column; it must not be reinterpreted as commencement of mining or present validity.
IBM-IMYB2024-AUCTION-017,official_auction_granted_concession_context,SRC_IBM_INDIAN_MINERALS_YEARBOOK_2024_CONCESSIONS,17,Gujarat,Gujarat,Virpur Lusari Block,Virpur Lusari Block,"Bauxite (Aluminous Laterite), Limestone and Marl","[""element:aluminium"",""ore:bauxite"",""ore:aluminous-laterite"",""rock:laterite"",""group:calcium-and-limestone"",""rock:limestone"",""rock:marl""]","[""Aluminium"",""Bauxite"",""Aluminous laterite"",""Laterite"",""Calcium and limestone"",""Limestone"",""Marl""]","[""aluminium"",""Bauxite"",""Aluminous laterite"",""Laterite"",""calcium"",""calcium carbonate"",""Limestone"",""Marl""]","[""Al""]",2023-07-21,ML,mining_lease,29.17,29.17,True,granted_through_auction_during_2023_24_per_ibm_table_title,IBM Table 5 yearbook compilation; not independently reconciled to a controlling current state grant record,,,False,False,False,excluded_context_only,"The source publishes no coordinate or footprint and does not independently establish current operation, production, reserves/resources, or controlling legal status.",Table 5,41,26,https://ibm.gov.in/writereaddata/files/17690756386971f3b675b8aFINAL_IMYB2024_as_on_21.01.2026.pdf,2026-09-10,5b3208e019f95f8976bdb1e7dd7e7dcebba41af78e149ba162a97c98cc070ded,"[""coordinates_not_published"",""geometry_not_published"",""current_status_not_independently_verified""]",Source wording is preserved. Auction date is the source column; it must not be reinterpreted as commencement of mining or present validity.
IBM-IMYB2024-AUCTION-018,official_auction_granted_concession_context,SRC_IBM_INDIAN_MINERALS_YEARBOOK_2024_CONCESSIONS,18,Jharkhand,Jharkhand,Chiropat Bauxite Block/Gumla&Lohardaga,Chiropat Bauxite Block/Gumla&Lohardaga,Bauxite,"[""element:aluminium"",""ore:bauxite""]","[""Aluminium"",""Bauxite""]","[""aluminium"",""Bauxite""]","[""Al""]",2023-04-20,ML,mining_lease,63.0,63,True,granted_through_auction_during_2023_24_per_ibm_table_title,IBM Table 5 yearbook compilation; not independently reconciled to a controlling current state grant record,,,False,False,False,excluded_context_only,"The source publishes no coordinate or footprint and does not independently establish current operation, production, reserves/resources, or controlling legal status.",Table 5,41,26,https://ibm.gov.in/writereaddata/files/17690756386971f3b675b8aFINAL_IMYB2024_as_on_21.01.2026.pdf,2026-09-10,5b3208e019f95f8976bdb1e7dd7e7dcebba41af78e149ba162a97c98cc070ded,"[""coordinates_not_published"",""geometry_not_published"",""current_status_not_independently_verified""]",Source wording is preserved. Auction date is the source column; it must not be reinterpreted as commencement of mining or present validity.
IBM-IMYB2024-AUCTION-019,official_auction_granted_concession_context,SRC_IBM_INDIAN_MINERALS_YEARBOOK_2024_CONCESSIONS,19,Jharkhand,Jharkhand,Baraiburu - Tatiba Iron and Manganese Ore Block,Baraiburu - Tatiba Iron and Manganese Ore Block,Iron and Manganese Ore,"[""element:iron"",""ore:iron-ore"",""element:manganese""]","[""Iron"",""Iron ore"",""Manganese""]","[""iron"",""Iron ore"",""manganese""]","[""Fe"",""Mn""]",2023-08-18,CL,composite_licence,258.99,258.99,True,granted_through_auction_during_2023_24_per_ibm_table_title,IBM Table 5 yearbook compilation; not independently reconciled to a controlling current state grant record,,,False,False,False,excluded_context_only,"The source publishes no coordinate or footprint and does not independently establish current operation, production, reserves/resources, or controlling legal status.",Table 5,41,26,https://ibm.gov.in/writereaddata/files/17690756386971f3b675b8aFINAL_IMYB2024_as_on_21.01.2026.pdf,2026-09-10,5b3208e019f95f8976bdb1e7dd7e7dcebba41af78e149ba162a97c98cc070ded,"[""coordinates_not_published"",""geometry_not_published"",""current_status_not_independently_verified""]",Source wording is preserved. Auction date is the source column; it must not be reinterpreted as commencement of mining or present validity.
IBM-IMYB2024-AUCTION-020,official_auction_granted_concession_context,SRC_IBM_INDIAN_MINERALS_YEARBOOK_2024_CONCESSIONS,20,Jharkhand,Jharkhand,Meralgara-Barabaljori Iron Ore Block,Meralgara-Barabaljori Iron Ore Block,Iron Ore Block,"[""element:iron"",""ore:iron-ore""]","[""Iron"",""Iron ore""]","[""iron"",""Iron ore""]","[""Fe""]",2023-08-10,ML,mining_lease,115.22,115.22,True,granted_through_auction_during_2023_24_per_ibm_table_title,IBM Table 5 yearbook compilation; not independently reconciled to a controlling current state grant record,,,False,False,False,excluded_context_only,"The source publishes no coordinate or footprint and does not independently establish current operation, production, reserves/resources, or controlling legal status.",Table 5,41,26,https://ibm.gov.in/writereaddata/files/17690756386971f3b675b8aFINAL_IMYB2024_as_on_21.01.2026.pdf,2026-09-10,5b3208e019f95f8976bdb1e7dd7e7dcebba41af78e149ba162a97c98cc070ded,"[""coordinates_not_published"",""geometry_not_published"",""current_status_not_independently_verified""]",Source wording is preserved. Auction date is the source column; it must not be reinterpreted as commencement of mining or present validity.
IBM-IMYB2024-AUCTION-021,official_auction_granted_concession_context,SRC_IBM_INDIAN_MINERALS_YEARBOOK_2024_CONCESSIONS,21,Karnataka,Karnataka,"Block No. 04, HRG","Block No. 04, HRG",Iron Ore,"[""element:iron"",""ore:iron-ore""]","[""Iron"",""Iron ore""]","[""iron"",""Iron ore""]","[""Fe""]",2023-07-24,ML,mining_lease,40.04,40.04,True,granted_through_auction_during_2023_24_per_ibm_table_title,IBM Table 5 yearbook compilation; not independently reconciled to a controlling current state grant record,,,False,False,False,excluded_context_only,"The source publishes no coordinate or footprint and does not independently establish current operation, production, reserves/resources, or controlling legal status.",Table 5,41,26,https://ibm.gov.in/writereaddata/files/17690756386971f3b675b8aFINAL_IMYB2024_as_on_21.01.2026.pdf,2026-09-10,5b3208e019f95f8976bdb1e7dd7e7dcebba41af78e149ba162a97c98cc070ded,"[""coordinates_not_published"",""geometry_not_published"",""current_status_not_independently_verified""]",Source wording is preserved. Auction date is the source column; it must not be reinterpreted as commencement of mining or present validity.
IBM-IMYB2024-AUCTION-022,official_auction_granted_concession_context,SRC_IBM_INDIAN_MINERALS_YEARBOOK_2024_CONCESSIONS,22,Karnataka,Karnataka,Thimmanahalli Gold block,Thimmanahalli Gold block,Gold,"[""element:gold""]","[""Gold""]","[""gold""]","[""Au""]",2023-08-21,CL,composite_licence,,N.A.,False,granted_through_auction_during_2023_24_per_ibm_table_title,IBM Table 5 yearbook compilation; not independently reconciled to a controlling current state grant record,,,False,False,False,excluded_context_only,"The source publishes no coordinate or footprint and does not independently establish current operation, production, reserves/resources, or controlling legal status.",Table 5,41,26,https://ibm.gov.in/writereaddata/files/17690756386971f3b675b8aFINAL_IMYB2024_as_on_21.01.2026.pdf,2026-09-10,5b3208e019f95f8976bdb1e7dd7e7dcebba41af78e149ba162a97c98cc070ded,"[""coordinates_not_published"",""geometry_not_published"",""current_status_not_independently_verified"",""area_not_available_in_source""]",Source wording is preserved. Auction date is the source column; it must not be reinterpreted as commencement of mining or present validity.
IBM-IMYB2024-AUCTION-023,official_auction_granted_concession_context,SRC_IBM_INDIAN_MINERALS_YEARBOOK_2024_CONCESSIONS,23,Karnataka,Karnataka,Jaisinghpura North Block,Jaisinghpura North Block,Iron Ore,"[""element:iron"",""ore:iron-ore""]","[""Iron"",""Iron ore""]","[""iron"",""Iron ore""]","[""Fe""]",2023-08-21,ML,mining_lease,298.59,298.59,True,granted_through_auction_during_2023_24_per_ibm_table_title,IBM Table 5 yearbook compilation; not independently reconciled to a controlling current state grant record,,,False,False,False,excluded_context_only,"The source publishes no coordinate or footprint and does not independently establish current operation, production, reserves/resources, or controlling legal status.",Table 5,41,26,https://ibm.gov.in/writereaddata/files/17690756386971f3b675b8aFINAL_IMYB2024_as_on_21.01.2026.pdf,2026-09-10,5b3208e019f95f8976bdb1e7dd7e7dcebba41af78e149ba162a97c98cc070ded,"[""coordinates_not_published"",""geometry_not_published"",""current_status_not_independently_verified""]",Source wording is preserved. Auction date is the source column; it must not be reinterpreted as commencement of mining or present validity.
IBM-IMYB2024-AUCTION-024,official_auction_granted_concession_context,SRC_IBM_INDIAN_MINERALS_YEARBOOK_2024_CONCESSIONS,24,Karnataka,Karnataka,Basavanagudda,Basavanagudda,Gold,"[""element:gold""]","[""Gold""]","[""gold""]","[""Au""]",2023-08-21,CL,composite_licence,2501.9,2501.9,True,granted_through_auction_during_2023_24_per_ibm_table_title,IBM Table 5 yearbook compilation; not independently reconciled to a controlling current state grant record,,,False,False,False,excluded_context_only,"The source publishes no coordinate or footprint and does not independently establish current operation, production, reserves/resources, or controlling legal status.",Table 5,41,26,https://ibm.gov.in/writereaddata/files/17690756386971f3b675b8aFINAL_IMYB2024_as_on_21.01.2026.pdf,2026-09-10,5b3208e019f95f8976bdb1e7dd7e7dcebba41af78e149ba162a97c98cc070ded,"[""coordinates_not_published"",""geometry_not_published"",""current_status_not_independently_verified""]",Source wording is preserved. Auction date is the source column; it must not be reinterpreted as commencement of mining or present validity.
IBM-IMYB2024-AUCTION-025,official_auction_granted_concession_context,SRC_IBM_INDIAN_MINERALS_YEARBOOK_2024_CONCESSIONS,25,Karnataka,Karnataka,Nidodi Bauxite Block,Nidodi Bauxite Block,Bauxite,"[""element:aluminium"",""ore:bauxite""]","[""Aluminium"",""Bauxite""]","[""aluminium"",""Bauxite""]","[""Al""]",2023-09-21,CL,composite_licence,52.82,52.82,True,granted_through_auction_during_2023_24_per_ibm_table_title,IBM Table 5 yearbook compilation; not independently reconciled to a controlling current state grant record,,,False,False,False,excluded_context_only,"The source publishes no coordinate or footprint and does not independently establish current operation, production, reserves/resources, or controlling legal status.",Table 5,41,26,https://ibm.gov.in/writereaddata/files/17690756386971f3b675b8aFINAL_IMYB2024_as_on_21.01.2026.pdf,2026-09-10,5b3208e019f95f8976bdb1e7dd7e7dcebba41af78e149ba162a97c98cc070ded,"[""coordinates_not_published"",""geometry_not_published"",""current_status_not_independently_verified""]",Source wording is preserved. Auction date is the source column; it must not be reinterpreted as commencement of mining or present validity.
IBM-IMYB2024-AUCTION-026,official_auction_granted_concession_context,SRC_IBM_INDIAN_MINERALS_YEARBOOK_2024_CONCESSIONS,26,Karnataka,Karnataka,Kuddarka Bauxite Block,Kuddarka Bauxite Block,Bauxite,"[""element:aluminium"",""ore:bauxite""]","[""Aluminium"",""Bauxite""]","[""aluminium"",""Bauxite""]","[""Al""]",2023-09-22,CL,composite_licence,52.0,52,True,granted_through_auction_during_2023_24_per_ibm_table_title,IBM Table 5 yearbook compilation; not independently reconciled to a controlling current state grant record,,,False,False,False,excluded_context_only,"The source publishes no coordinate or footprint and does not independently establish current operation, production, reserves/resources, or controlling legal status.",Table 5,41,26,https://ibm.gov.in/writereaddata/files/17690756386971f3b675b8aFINAL_IMYB2024_as_on_21.01.2026.pdf,2026-09-10,5b3208e019f95f8976bdb1e7dd7e7dcebba41af78e149ba162a97c98cc070ded,"[""coordinates_not_published"",""geometry_not_published"",""current_status_not_independently_verified""]",Source wording is preserved. Auction date is the source column; it must not be reinterpreted as commencement of mining or present validity.
IBM-IMYB2024-AUCTION-027,official_auction_granted_concession_context,SRC_IBM_INDIAN_MINERALS_YEARBOOK_2024_CONCESSIONS,27,Madhya Pradesh,Madhya Pradesh,Katni Limestone Block*(10A2b Case),Katni Limestone Block*(10A2b Case),Limestone,"[""group:calcium-and-limestone"",""rock:limestone""]","[""Calcium and limestone"",""Limestone""]","[""calcium"",""calcium carbonate"",""Limestone""]",[],2023-09-05,ML,mining_lease,120.949,120.949,True,granted_through_auction_during_2023_24_per_ibm_table_title,IBM Table 5 yearbook compilation; not independently reconciled to a controlling current state grant record,,,False,False,False,excluded_context_only,"The source publishes no coordinate or footprint and does not independently establish current operation, production, reserves/resources, or controlling legal status.",Table 5,41,26,https://ibm.gov.in/writereaddata/files/17690756386971f3b675b8aFINAL_IMYB2024_as_on_21.01.2026.pdf,2026-09-10,5b3208e019f95f8976bdb1e7dd7e7dcebba41af78e149ba162a97c98cc070ded,"[""coordinates_not_published"",""geometry_not_published"",""current_status_not_independently_verified""]",Source wording is preserved. Auction date is the source column; it must not be reinterpreted as commencement of mining or present validity.
IBM-IMYB2024-AUCTION-028,official_auction_granted_concession_context,SRC_IBM_INDIAN_MINERALS_YEARBOOK_2024_CONCESSIONS,28,Madhya Pradesh,Madhya Pradesh,Pahari Limestone Block (10A2d Case),Pahari Limestone Block (10A2d Case),Limestone,"[""group:calcium-and-limestone"",""rock:limestone""]","[""Calcium and limestone"",""Limestone""]","[""calcium"",""calcium carbonate"",""Limestone""]",[],2023-09-11,ML,mining_lease,100.144,100.144,True,granted_through_auction_during_2023_24_per_ibm_table_title,IBM Table 5 yearbook compilation; not independently reconciled to a controlling current state grant record,,,False,False,False,excluded_context_only,"The source publishes no coordinate or footprint and does not independently establish current operation, production, reserves/resources, or controlling legal status.",Table 5,41,26,https://ibm.gov.in/writereaddata/files/17690756386971f3b675b8aFINAL_IMYB2024_as_on_21.01.2026.pdf,2026-09-10,5b3208e019f95f8976bdb1e7dd7e7dcebba41af78e149ba162a97c98cc070ded,"[""coordinates_not_published"",""geometry_not_published"",""current_status_not_independently_verified""]",Source wording is preserved. Auction date is the source column; it must not be reinterpreted as commencement of mining or present validity.
IBM-IMYB2024-AUCTION-029,official_auction_granted_concession_context,SRC_IBM_INDIAN_MINERALS_YEARBOOK_2024_CONCESSIONS,29,Madhya Pradesh,Madhya Pradesh,Pipartola Manganese Ore Block*(10A2b Case),Pipartola Manganese Ore Block*(10A2b Case),Manganese Ore,"[""element:manganese""]","[""Manganese""]","[""manganese""]","[""Mn""]",2023-09-12,ML,mining_lease,4.653,4.653,True,granted_through_auction_during_2023_24_per_ibm_table_title,IBM Table 5 yearbook compilation; not independently reconciled to a controlling current state grant record,,,False,False,False,excluded_context_only,"The source publishes no coordinate or footprint and does not independently establish current operation, production, reserves/resources, or controlling legal status.",Table 5,41,26,https://ibm.gov.in/writereaddata/files/17690756386971f3b675b8aFINAL_IMYB2024_as_on_21.01.2026.pdf,2026-09-10,5b3208e019f95f8976bdb1e7dd7e7dcebba41af78e149ba162a97c98cc070ded,"[""coordinates_not_published"",""geometry_not_published"",""current_status_not_independently_verified""]",Source wording is preserved. Auction date is the source column; it must not be reinterpreted as commencement of mining or present validity.
IBM-IMYB2024-AUCTION-030,official_auction_granted_concession_context,SRC_IBM_INDIAN_MINERALS_YEARBOOK_2024_CONCESSIONS,30,Madhya Pradesh,Madhya Pradesh,Chorgadi-Puraina Limestone Block,Chorgadi-Puraina Limestone Block,Limestone,"[""group:calcium-and-limestone"",""rock:limestone""]","[""Calcium and limestone"",""Limestone""]","[""calcium"",""calcium carbonate"",""Limestone""]",[],2023-09-06,ML,mining_lease,378.404,378.404,True,granted_through_auction_during_2023_24_per_ibm_table_title,IBM Table 5 yearbook compilation; not independently reconciled to a controlling current state grant record,,,False,False,False,excluded_context_only,"The source publishes no coordinate or footprint and does not independently establish current operation, production, reserves/resources, or controlling legal status.",Table 5,41,26,https://ibm.gov.in/writereaddata/files/17690756386971f3b675b8aFINAL_IMYB2024_as_on_21.01.2026.pdf,2026-09-10,5b3208e019f95f8976bdb1e7dd7e7dcebba41af78e149ba162a97c98cc070ded,"[""coordinates_not_published"",""geometry_not_published"",""current_status_not_independently_verified""]",Source wording is preserved. Auction date is the source column; it must not be reinterpreted as commencement of mining or present validity.
IBM-IMYB2024-AUCTION-031,official_auction_granted_concession_context,SRC_IBM_INDIAN_MINERALS_YEARBOOK_2024_CONCESSIONS,31,Madhya Pradesh,Madhya Pradesh,Bhilapar Manganese Ore & Dolomite Block(10A2b Case),Bhilapar Manganese Ore & Dolomite Block(10A2b Case),Manganese Ore & Dolomite,"[""element:manganese"",""mineral:dolomite""]","[""Manganese"",""Dolomite""]","[""manganese"",""dolomite""]","[""Mn"",""CaMg(CO3)2""]",2023-09-05,CL,composite_licence,9.037,9.037,True,granted_through_auction_during_2023_24_per_ibm_table_title,IBM Table 5 yearbook compilation; not independently reconciled to a controlling current state grant record,,,False,False,False,excluded_context_only,"The source publishes no coordinate or footprint and does not independently establish current operation, production, reserves/resources, or controlling legal status.",Table 5,41,26,https://ibm.gov.in/writereaddata/files/17690756386971f3b675b8aFINAL_IMYB2024_as_on_21.01.2026.pdf,2026-09-10,5b3208e019f95f8976bdb1e7dd7e7dcebba41af78e149ba162a97c98cc070ded,"[""coordinates_not_published"",""geometry_not_published"",""current_status_not_independently_verified""]",Source wording is preserved. Auction date is the source column; it must not be reinterpreted as commencement of mining or present validity.
IBM-IMYB2024-AUCTION-032,official_auction_granted_concession_context,SRC_IBM_INDIAN_MINERALS_YEARBOOK_2024_CONCESSIONS,32,Madhya Pradesh,Madhya Pradesh,Dhamani Nana Manganese Ore Block*(10A2b Case),Dhamani Nana Manganese Ore Block*(10A2b Case),Manganese Ore,"[""element:manganese""]","[""Manganese""]","[""manganese""]","[""Mn""]",2023-09-08,CL,composite_licence,4.7,4.7,True,granted_through_auction_during_2023_24_per_ibm_table_title,IBM Table 5 yearbook compilation; not independently reconciled to a controlling current state grant record,,,False,False,False,excluded_context_only,"The source publishes no coordinate or footprint and does not independently establish current operation, production, reserves/resources, or controlling legal status.",Table 5,41,26,https://ibm.gov.in/writereaddata/files/17690756386971f3b675b8aFINAL_IMYB2024_as_on_21.01.2026.pdf,2026-09-10,5b3208e019f95f8976bdb1e7dd7e7dcebba41af78e149ba162a97c98cc070ded,"[""coordinates_not_published"",""geometry_not_published"",""current_status_not_independently_verified""]",Source wording is preserved. Auction date is the source column; it must not be reinterpreted as commencement of mining or present validity.
IBM-IMYB2024-AUCTION-033,official_auction_granted_concession_context,SRC_IBM_INDIAN_MINERALS_YEARBOOK_2024_CONCESSIONS,33,Madhya Pradesh,Madhya Pradesh,Guvali Manganese Ore Block*(10A2b Case),Guvali Manganese Ore Block*(10A2b Case),Manganese Ore,"[""element:manganese""]","[""Manganese""]","[""manganese""]","[""Mn""]",2023-09-05,CL,composite_licence,4.61,4.61,True,granted_through_auction_during_2023_24_per_ibm_table_title,IBM Table 5 yearbook compilation; not independently reconciled to a controlling current state grant record,,,False,False,False,excluded_context_only,"The source publishes no coordinate or footprint and does not independently establish current operation, production, reserves/resources, or controlling legal status.",Table 5,41,26,https://ibm.gov.in/writereaddata/files/17690756386971f3b675b8aFINAL_IMYB2024_as_on_21.01.2026.pdf,2026-09-10,5b3208e019f95f8976bdb1e7dd7e7dcebba41af78e149ba162a97c98cc070ded,"[""coordinates_not_published"",""geometry_not_published"",""current_status_not_independently_verified""]",Source wording is preserved. Auction date is the source column; it must not be reinterpreted as commencement of mining or present validity.
IBM-IMYB2024-AUCTION-034,official_auction_granted_concession_context,SRC_IBM_INDIAN_MINERALS_YEARBOOK_2024_CONCESSIONS,34,Madhya Pradesh,Madhya Pradesh,Katangjhari Manganese Ore Block*(10A2b Case),Katangjhari Manganese Ore Block*(10A2b Case),Manganese Ore,"[""element:manganese""]","[""Manganese""]","[""manganese""]","[""Mn""]",2023-09-08,CL,composite_licence,5.101,5.101,True,granted_through_auction_during_2023_24_per_ibm_table_title,IBM Table 5 yearbook compilation; not independently reconciled to a controlling current state grant record,,,False,False,False,excluded_context_only,"The source publishes no coordinate or footprint and does not independently establish current operation, production, reserves/resources, or controlling legal status.",Table 5,41,26,https://ibm.gov.in/writereaddata/files/17690756386971f3b675b8aFINAL_IMYB2024_as_on_21.01.2026.pdf,2026-09-10,5b3208e019f95f8976bdb1e7dd7e7dcebba41af78e149ba162a97c98cc070ded,"[""coordinates_not_published"",""geometry_not_published"",""current_status_not_independently_verified""]",Source wording is preserved. Auction date is the source column; it must not be reinterpreted as commencement of mining or present validity.
IBM-IMYB2024-AUCTION-035,official_auction_granted_concession_context,SRC_IBM_INDIAN_MINERALS_YEARBOOK_2024_CONCESSIONS,35,Madhya Pradesh,Madhya Pradesh,Lingaponar Manganese Ore Block(10A2b Case),Lingaponar Manganese Ore Block(10A2b Case),Manganese Ore,"[""element:manganese""]","[""Manganese""]","[""manganese""]","[""Mn""]",2023-09-11,CL,composite_licence,9.712,9.712,True,granted_through_auction_during_2023_24_per_ibm_table_title,IBM Table 5 yearbook compilation; not independently reconciled to a controlling current state grant record,,,False,False,False,excluded_context_only,"The source publishes no coordinate or footprint and does not independently establish current operation, production, reserves/resources, or controlling legal status.",Table 5,41,26,https://ibm.gov.in/writereaddata/files/17690756386971f3b675b8aFINAL_IMYB2024_as_on_21.01.2026.pdf,2026-09-10,5b3208e019f95f8976bdb1e7dd7e7dcebba41af78e149ba162a97c98cc070ded,"[""coordinates_not_published"",""geometry_not_published"",""current_status_not_independently_verified""]",Source wording is preserved. Auction date is the source column; it must not be reinterpreted as commencement of mining or present validity.
IBM-IMYB2024-AUCTION-036,official_auction_granted_concession_context,SRC_IBM_INDIAN_MINERALS_YEARBOOK_2024_CONCESSIONS,36,Madhya Pradesh,Madhya Pradesh,Naganwat-Chhoti Manganese Ore Block*(10A2b Case),Naganwat-Chhoti Manganese Ore Block*(10A2b Case),Manganese Ore,"[""element:manganese""]","[""Manganese""]","[""manganese""]","[""Mn""]",2023-09-08,CL,composite_licence,11.86,11.86,True,granted_through_auction_during_2023_24_per_ibm_table_title,IBM Table 5 yearbook compilation; not independently reconciled to a controlling current state grant record,,,False,False,False,excluded_context_only,"The source publishes no coordinate or footprint and does not independently establish current operation, production, reserves/resources, or controlling legal status.",Table 5,41,26,https://ibm.gov.in/writereaddata/files/17690756386971f3b675b8aFINAL_IMYB2024_as_on_21.01.2026.pdf,2026-09-10,5b3208e019f95f8976bdb1e7dd7e7dcebba41af78e149ba162a97c98cc070ded,"[""coordinates_not_published"",""geometry_not_published"",""current_status_not_independently_verified""]",Source wording is preserved. Auction date is the source column; it must not be reinterpreted as commencement of mining or present validity.
IBM-IMYB2024-AUCTION-037,official_auction_granted_concession_context,SRC_IBM_INDIAN_MINERALS_YEARBOOK_2024_CONCESSIONS,37,Madhya Pradesh,Madhya Pradesh,Uberao Manganese Ore Block*,Uberao Manganese Ore Block*,Manganese Ore,"[""element:manganese""]","[""Manganese""]","[""manganese""]","[""Mn""]",2023-09-06,CL,composite_licence,4.68,4.68,True,granted_through_auction_during_2023_24_per_ibm_table_title,IBM Table 5 yearbook compilation; not independently reconciled to a controlling current state grant record,,,False,False,False,excluded_context_only,"The source publishes no coordinate or footprint and does not independently establish current operation, production, reserves/resources, or controlling legal status.",Table 5,41,26,https://ibm.gov.in/writereaddata/files/17690756386971f3b675b8aFINAL_IMYB2024_as_on_21.01.2026.pdf,2026-09-10,5b3208e019f95f8976bdb1e7dd7e7dcebba41af78e149ba162a97c98cc070ded,"[""coordinates_not_published"",""geometry_not_published"",""current_status_not_independently_verified""]",Source wording is preserved. Auction date is the source column; it must not be reinterpreted as commencement of mining or present validity.
IBM-IMYB2024-AUCTION-038,official_auction_granted_concession_context,SRC_IBM_INDIAN_MINERALS_YEARBOOK_2024_CONCESSIONS,38,Madhya Pradesh,Madhya Pradesh,Bamanbardi Limestone Block,Bamanbardi Limestone Block,Limestone,"[""group:calcium-and-limestone"",""rock:limestone""]","[""Calcium and limestone"",""Limestone""]","[""calcium"",""calcium carbonate"",""Limestone""]",[],2023-09-05,CL,composite_licence,913.3954,913.3954,True,granted_through_auction_during_2023_24_per_ibm_table_title,IBM Table 5 yearbook compilation; not independently reconciled to a controlling current state grant record,,,False,False,False,excluded_context_only,"The source publishes no coordinate or footprint and does not independently establish current operation, production, reserves/resources, or controlling legal status.",Table 5,41,26,https://ibm.gov.in/writereaddata/files/17690756386971f3b675b8aFINAL_IMYB2024_as_on_21.01.2026.pdf,2026-09-10,5b3208e019f95f8976bdb1e7dd7e7dcebba41af78e149ba162a97c98cc070ded,"[""coordinates_not_published"",""geometry_not_published"",""current_status_not_independently_verified""]",Source wording is preserved. Auction date is the source column; it must not be reinterpreted as commencement of mining or present validity.
IBM-IMYB2024-AUCTION-039,official_auction_granted_concession_context,SRC_IBM_INDIAN_MINERALS_YEARBOOK_2024_CONCESSIONS,39,Madhya Pradesh,Madhya Pradesh,Doter Guvali Manganese Ore Block,Doter Guvali Manganese Ore Block,Manganese Ore,"[""element:manganese""]","[""Manganese""]","[""manganese""]","[""Mn""]",2023-09-09,CL,composite_licence,736.4,736.4,True,granted_through_auction_during_2023_24_per_ibm_table_title,IBM Table 5 yearbook compilation; not independently reconciled to a controlling current state grant record,,,False,False,False,excluded_context_only,"The source publishes no coordinate or footprint and does not independently establish current operation, production, reserves/resources, or controlling legal status.",Table 5,41,26,https://ibm.gov.in/writereaddata/files/17690756386971f3b675b8aFINAL_IMYB2024_as_on_21.01.2026.pdf,2026-09-10,5b3208e019f95f8976bdb1e7dd7e7dcebba41af78e149ba162a97c98cc070ded,"[""coordinates_not_published"",""geometry_not_published"",""current_status_not_independently_verified""]",Source wording is preserved. Auction date is the source column; it must not be reinterpreted as commencement of mining or present validity.
IBM-IMYB2024-AUCTION-040,official_auction_granted_concession_context,SRC_IBM_INDIAN_MINERALS_YEARBOOK_2024_CONCESSIONS,40,Madhya Pradesh,Madhya Pradesh,East of Dabri Limestone Block,East of Dabri Limestone Block,Limestone,"[""group:calcium-and-limestone"",""rock:limestone""]","[""Calcium and limestone"",""Limestone""]","[""calcium"",""calcium carbonate"",""Limestone""]",[],2023-09-08,CL,composite_licence,815.0,815,True,granted_through_auction_during_2023_24_per_ibm_table_title,IBM Table 5 yearbook compilation; not independently reconciled to a controlling current state grant record,,,False,False,False,excluded_context_only,"The source publishes no coordinate or footprint and does not independently establish current operation, production, reserves/resources, or controlling legal status.",Table 5,41,26,https://ibm.gov.in/writereaddata/files/17690756386971f3b675b8aFINAL_IMYB2024_as_on_21.01.2026.pdf,2026-09-10,5b3208e019f95f8976bdb1e7dd7e7dcebba41af78e149ba162a97c98cc070ded,"[""coordinates_not_published"",""geometry_not_published"",""current_status_not_independently_verified""]",Source wording is preserved. Auction date is the source column; it must not be reinterpreted as commencement of mining or present validity.
IBM-IMYB2024-AUCTION-041,official_auction_granted_concession_context,SRC_IBM_INDIAN_MINERALS_YEARBOOK_2024_CONCESSIONS,41,Madhya Pradesh,Madhya Pradesh,Garhi-Upcha Limestone Block,Garhi-Upcha Limestone Block,Limestone,"[""group:calcium-and-limestone"",""rock:limestone""]","[""Calcium and limestone"",""Limestone""]","[""calcium"",""calcium carbonate"",""Limestone""]",[],2023-09-09,CL,composite_licence,1001.95,1001.95,True,granted_through_auction_during_2023_24_per_ibm_table_title,IBM Table 5 yearbook compilation; not independently reconciled to a controlling current state grant record,,,False,False,False,excluded_context_only,"The source publishes no coordinate or footprint and does not independently establish current operation, production, reserves/resources, or controlling legal status.",Table 5,41,26,https://ibm.gov.in/writereaddata/files/17690756386971f3b675b8aFINAL_IMYB2024_as_on_21.01.2026.pdf,2026-09-10,5b3208e019f95f8976bdb1e7dd7e7dcebba41af78e149ba162a97c98cc070ded,"[""coordinates_not_published"",""geometry_not_published"",""current_status_not_independently_verified""]",Source wording is preserved. Auction date is the source column; it must not be reinterpreted as commencement of mining or present validity.
IBM-IMYB2024-AUCTION-042,official_auction_granted_concession_context,SRC_IBM_INDIAN_MINERALS_YEARBOOK_2024_CONCESSIONS,42,Madhya Pradesh,Madhya Pradesh,Nawapara Rampura Manganese Ore Block,Nawapara Rampura Manganese Ore Block,Manganese Ore,"[""element:manganese""]","[""Manganese""]","[""manganese""]","[""Mn""]",2023-09-11,CL,composite_licence,725.7,725.7,True,granted_through_auction_during_2023_24_per_ibm_table_title,IBM Table 5 yearbook compilation; not independently reconciled to a controlling current state grant record,,,False,False,False,excluded_context_only,"The source publishes no coordinate or footprint and does not independently establish current operation, production, reserves/resources, or controlling legal status.",Table 5,41,26,https://ibm.gov.in/writereaddata/files/17690756386971f3b675b8aFINAL_IMYB2024_as_on_21.01.2026.pdf,2026-09-10,5b3208e019f95f8976bdb1e7dd7e7dcebba41af78e149ba162a97c98cc070ded,"[""coordinates_not_published"",""geometry_not_published"",""current_status_not_independently_verified""]",Source wording is preserved. Auction date is the source column; it must not be reinterpreted as commencement of mining or present validity.
IBM-IMYB2024-AUCTION-043,official_auction_granted_concession_context,SRC_IBM_INDIAN_MINERALS_YEARBOOK_2024_CONCESSIONS,43,Madhya Pradesh,Madhya Pradesh,Piploda Phosphorite Block,Piploda Phosphorite Block,Phosphorite,"[""element:phosphorus"",""ore:phosphorite""]","[""Phosphorus"",""Phosphorite""]","[""phosphorus"",""Phosphorite""]","[""P""]",2023-09-05,CL,composite_licence,464.0,464,True,granted_through_auction_during_2023_24_per_ibm_table_title,IBM Table 5 yearbook compilation; not independently reconciled to a controlling current state grant record,,,False,False,False,excluded_context_only,"The source publishes no coordinate or footprint and does not independently establish current operation, production, reserves/resources, or controlling legal status.",Table 5,42,27,https://ibm.gov.in/writereaddata/files/17690756386971f3b675b8aFINAL_IMYB2024_as_on_21.01.2026.pdf,2026-09-10,5b3208e019f95f8976bdb1e7dd7e7dcebba41af78e149ba162a97c98cc070ded,"[""coordinates_not_published"",""geometry_not_published"",""current_status_not_independently_verified""]",Source wording is preserved. Auction date is the source column; it must not be reinterpreted as commencement of mining or present validity.
IBM-IMYB2024-AUCTION-044,official_auction_granted_concession_context,SRC_IBM_INDIAN_MINERALS_YEARBOOK_2024_CONCESSIONS,44,Madhya Pradesh,Madhya Pradesh,Shitalpani Copper Block*,Shitalpani Copper Block*,Copper,"[""element:copper""]","[""Copper""]","[""copper""]","[""Cu""]",2023-09-09,CL,composite_licence,220.971,220.971,True,granted_through_auction_during_2023_24_per_ibm_table_title,IBM Table 5 yearbook compilation; not independently reconciled to a controlling current state grant record,,,False,False,False,excluded_context_only,"The source publishes no coordinate or footprint and does not independently establish current operation, production, reserves/resources, or controlling legal status.",Table 5,42,27,https://ibm.gov.in/writereaddata/files/17690756386971f3b675b8aFINAL_IMYB2024_as_on_21.01.2026.pdf,2026-09-10,5b3208e019f95f8976bdb1e7dd7e7dcebba41af78e149ba162a97c98cc070ded,"[""coordinates_not_published"",""geometry_not_published"",""current_status_not_independently_verified""]",Source wording is preserved. Auction date is the source column; it must not be reinterpreted as commencement of mining or present validity.
IBM-IMYB2024-AUCTION-045,official_auction_granted_concession_context,SRC_IBM_INDIAN_MINERALS_YEARBOOK_2024_CONCESSIONS,45,Madhya Pradesh,Madhya Pradesh,Siluwa and Jhansi Iron Ore Block,Siluwa and Jhansi Iron Ore Block,Iron Ore,"[""element:iron"",""ore:iron-ore""]","[""Iron"",""Iron ore""]","[""iron"",""Iron ore""]","[""Fe""]",2023-09-13,ML,mining_lease,4.59,4.59,True,granted_through_auction_during_2023_24_per_ibm_table_title,IBM Table 5 yearbook compilation; not independently reconciled to a controlling current state grant record,,,False,False,False,excluded_context_only,"The source publishes no coordinate or footprint and does not independently establish current operation, production, reserves/resources, or controlling legal status.",Table 5,42,27,https://ibm.gov.in/writereaddata/files/17690756386971f3b675b8aFINAL_IMYB2024_as_on_21.01.2026.pdf,2026-09-10,5b3208e019f95f8976bdb1e7dd7e7dcebba41af78e149ba162a97c98cc070ded,"[""coordinates_not_published"",""geometry_not_published"",""current_status_not_independently_verified""]",Source wording is preserved. Auction date is the source column; it must not be reinterpreted as commencement of mining or present validity.
IBM-IMYB2024-AUCTION-046,official_auction_granted_concession_context,SRC_IBM_INDIAN_MINERALS_YEARBOOK_2024_CONCESSIONS,46,Madhya Pradesh,Madhya Pradesh,Modri Phosphorite Block,Modri Phosphorite Block,Phosphorite,"[""element:phosphorus"",""ore:phosphorite""]","[""Phosphorus"",""Phosphorite""]","[""phosphorus"",""Phosphorite""]","[""P""]",2023-09-13,CL,composite_licence,699.55,699.55,True,granted_through_auction_during_2023_24_per_ibm_table_title,IBM Table 5 yearbook compilation; not independently reconciled to a controlling current state grant record,,,False,False,False,excluded_context_only,"The source publishes no coordinate or footprint and does not independently establish current operation, production, reserves/resources, or controlling legal status.",Table 5,42,27,https://ibm.gov.in/writereaddata/files/17690756386971f3b675b8aFINAL_IMYB2024_as_on_21.01.2026.pdf,2026-09-10,5b3208e019f95f8976bdb1e7dd7e7dcebba41af78e149ba162a97c98cc070ded,"[""coordinates_not_published"",""geometry_not_published"",""current_status_not_independently_verified""]",Source wording is preserved. Auction date is the source column; it must not be reinterpreted as commencement of mining or present validity.
IBM-IMYB2024-AUCTION-047,official_auction_granted_concession_context,SRC_IBM_INDIAN_MINERALS_YEARBOOK_2024_CONCESSIONS,47,Madhya Pradesh,Madhya Pradesh,Pindrai Iron Ore Block,Pindrai Iron Ore Block,Iron Ore,"[""element:iron"",""ore:iron-ore""]","[""Iron"",""Iron ore""]","[""iron"",""Iron ore""]","[""Fe""]",2023-09-14,ML,mining_lease,6.0,6,True,granted_through_auction_during_2023_24_per_ibm_table_title,IBM Table 5 yearbook compilation; not independently reconciled to a controlling current state grant record,,,False,False,False,excluded_context_only,"The source publishes no coordinate or footprint and does not independently establish current operation, production, reserves/resources, or controlling legal status.",Table 5,42,27,https://ibm.gov.in/writereaddata/files/17690756386971f3b675b8aFINAL_IMYB2024_as_on_21.01.2026.pdf,2026-09-10,5b3208e019f95f8976bdb1e7dd7e7dcebba41af78e149ba162a97c98cc070ded,"[""coordinates_not_published"",""geometry_not_published"",""current_status_not_independently_verified""]",Source wording is preserved. Auction date is the source column; it must not be reinterpreted as commencement of mining or present validity.
IBM-IMYB2024-AUCTION-048,official_auction_granted_concession_context,SRC_IBM_INDIAN_MINERALS_YEARBOOK_2024_CONCESSIONS,48,Madhya Pradesh,Madhya Pradesh,Makra Block,Makra Block,Graphite Vanadium,"[""mineral:graphite"",""element:vanadium""]","[""Graphite"",""Vanadium""]","[""carbon"",""vanadium""]","[""C"",""V""]",2023-09-14,CL,composite_licence,37.5,37.5,True,granted_through_auction_during_2023_24_per_ibm_table_title,IBM Table 5 yearbook compilation; not independently reconciled to a controlling current state grant record,,,False,False,False,excluded_context_only,"The source publishes no coordinate or footprint and does not independently establish current operation, production, reserves/resources, or controlling legal status.",Table 5,42,27,https://ibm.gov.in/writereaddata/files/17690756386971f3b675b8aFINAL_IMYB2024_as_on_21.01.2026.pdf,2026-09-10,5b3208e019f95f8976bdb1e7dd7e7dcebba41af78e149ba162a97c98cc070ded,"[""coordinates_not_published"",""geometry_not_published"",""current_status_not_independently_verified""]",Source wording is preserved. Auction date is the source column; it must not be reinterpreted as commencement of mining or present validity.
IBM-IMYB2024-AUCTION-049,official_auction_granted_concession_context,SRC_IBM_INDIAN_MINERALS_YEARBOOK_2024_CONCESSIONS,49,Maharashtra,Maharashtra,DevalmariKatepalli Limestone Block,DevalmariKatepalli Limestone Block,Limestone,"[""group:calcium-and-limestone"",""rock:limestone""]","[""Calcium and limestone"",""Limestone""]","[""calcium"",""calcium carbonate"",""Limestone""]",[],2023-05-09,ML,mining_lease,537.54,537.54,True,granted_through_auction_during_2023_24_per_ibm_table_title,IBM Table 5 yearbook compilation; not independently reconciled to a controlling current state grant record,,,False,False,False,excluded_context_only,"The source publishes no coordinate or footprint and does not independently establish current operation, production, reserves/resources, or controlling legal status.",Table 5,42,27,https://ibm.gov.in/writereaddata/files/17690756386971f3b675b8aFINAL_IMYB2024_as_on_21.01.2026.pdf,2026-09-10,5b3208e019f95f8976bdb1e7dd7e7dcebba41af78e149ba162a97c98cc070ded,"[""coordinates_not_published"",""geometry_not_published"",""current_status_not_independently_verified""]",Source wording is preserved. Auction date is the source column; it must not be reinterpreted as commencement of mining or present validity.
IBM-IMYB2024-AUCTION-050,official_auction_granted_concession_context,SRC_IBM_INDIAN_MINERALS_YEARBOOK_2024_CONCESSIONS,50,Maharashtra,Maharashtra,Surjagad – 1 Iron Ore Block,Surjagad – 1 Iron Ore Block,Iron Ore,"[""element:iron"",""ore:iron-ore""]","[""Iron"",""Iron ore""]","[""iron"",""Iron ore""]","[""Fe""]",2023-05-09,CL,composite_licence,1526.0,1526,True,granted_through_auction_during_2023_24_per_ibm_table_title,IBM Table 5 yearbook compilation; not independently reconciled to a controlling current state grant record,,,False,False,False,excluded_context_only,"The source publishes no coordinate or footprint and does not independently establish current operation, production, reserves/resources, or controlling legal status.",Table 5,42,27,https://ibm.gov.in/writereaddata/files/17690756386971f3b675b8aFINAL_IMYB2024_as_on_21.01.2026.pdf,2026-09-10,5b3208e019f95f8976bdb1e7dd7e7dcebba41af78e149ba162a97c98cc070ded,"[""coordinates_not_published"",""geometry_not_published"",""current_status_not_independently_verified""]",Source wording is preserved. Auction date is the source column; it must not be reinterpreted as commencement of mining or present validity.
IBM-IMYB2024-AUCTION-051,official_auction_granted_concession_context,SRC_IBM_INDIAN_MINERALS_YEARBOOK_2024_CONCESSIONS,51,Maharashtra,Maharashtra,Surjagad – 2 Iron Ore Block,Surjagad – 2 Iron Ore Block,Iron Ore,"[""element:iron"",""ore:iron-ore""]","[""Iron"",""Iron ore""]","[""iron"",""Iron ore""]","[""Fe""]",2023-05-09,CL,composite_licence,886.0,886,True,granted_through_auction_during_2023_24_per_ibm_table_title,IBM Table 5 yearbook compilation; not independently reconciled to a controlling current state grant record,,,False,False,False,excluded_context_only,"The source publishes no coordinate or footprint and does not independently establish current operation, production, reserves/resources, or controlling legal status.",Table 5,42,27,https://ibm.gov.in/writereaddata/files/17690756386971f3b675b8aFINAL_IMYB2024_as_on_21.01.2026.pdf,2026-09-10,5b3208e019f95f8976bdb1e7dd7e7dcebba41af78e149ba162a97c98cc070ded,"[""coordinates_not_published"",""geometry_not_published"",""current_status_not_independently_verified""]",Source wording is preserved. Auction date is the source column; it must not be reinterpreted as commencement of mining or present validity.
IBM-IMYB2024-AUCTION-052,official_auction_granted_concession_context,SRC_IBM_INDIAN_MINERALS_YEARBOOK_2024_CONCESSIONS,52,Maharashtra,Maharashtra,Surjagad – 3 Iron Ore Block,Surjagad – 3 Iron Ore Block,Iron Ore,"[""element:iron"",""ore:iron-ore""]","[""Iron"",""Iron ore""]","[""iron"",""Iron ore""]","[""Fe""]",2023-05-09,CL,composite_licence,640.0,640,True,granted_through_auction_during_2023_24_per_ibm_table_title,IBM Table 5 yearbook compilation; not independently reconciled to a controlling current state grant record,,,False,False,False,excluded_context_only,"The source publishes no coordinate or footprint and does not independently establish current operation, production, reserves/resources, or controlling legal status.",Table 5,42,27,https://ibm.gov.in/writereaddata/files/17690756386971f3b675b8aFINAL_IMYB2024_as_on_21.01.2026.pdf,2026-09-10,5b3208e019f95f8976bdb1e7dd7e7dcebba41af78e149ba162a97c98cc070ded,"[""coordinates_not_published"",""geometry_not_published"",""current_status_not_independently_verified""]",Source wording is preserved. Auction date is the source column; it must not be reinterpreted as commencement of mining or present validity.
IBM-IMYB2024-AUCTION-053,official_auction_granted_concession_context,SRC_IBM_INDIAN_MINERALS_YEARBOOK_2024_CONCESSIONS,53,Maharashtra,Maharashtra,Surjagad – 4 Iron Ore Block,Surjagad – 4 Iron Ore Block,Iron Ore,"[""element:iron"",""ore:iron-ore""]","[""Iron"",""Iron ore""]","[""iron"",""Iron ore""]","[""Fe""]",2023-05-12,CL,composite_licence,397.0,397,True,granted_through_auction_during_2023_24_per_ibm_table_title,IBM Table 5 yearbook compilation; not independently reconciled to a controlling current state grant record,,,False,False,False,excluded_context_only,"The source publishes no coordinate or footprint and does not independently establish current operation, production, reserves/resources, or controlling legal status.",Table 5,42,27,https://ibm.gov.in/writereaddata/files/17690756386971f3b675b8aFINAL_IMYB2024_as_on_21.01.2026.pdf,2026-09-10,5b3208e019f95f8976bdb1e7dd7e7dcebba41af78e149ba162a97c98cc070ded,"[""coordinates_not_published"",""geometry_not_published"",""current_status_not_independently_verified""]",Source wording is preserved. Auction date is the source column; it must not be reinterpreted as commencement of mining or present validity.
IBM-IMYB2024-AUCTION-054,official_auction_granted_concession_context,SRC_IBM_INDIAN_MINERALS_YEARBOOK_2024_CONCESSIONS,54,Maharashtra,Maharashtra,South Padve,South Padve,Bauxite,"[""element:aluminium"",""ore:bauxite""]","[""Aluminium"",""Bauxite""]","[""aluminium"",""Bauxite""]","[""Al""]",2023-05-09,CL,composite_licence,500.0,500,True,granted_through_auction_during_2023_24_per_ibm_table_title,IBM Table 5 yearbook compilation; not independently reconciled to a controlling current state grant record,,,False,False,False,excluded_context_only,"The source publishes no coordinate or footprint and does not independently establish current operation, production, reserves/resources, or controlling legal status.",Table 5,42,27,https://ibm.gov.in/writereaddata/files/17690756386971f3b675b8aFINAL_IMYB2024_as_on_21.01.2026.pdf,2026-09-10,5b3208e019f95f8976bdb1e7dd7e7dcebba41af78e149ba162a97c98cc070ded,"[""coordinates_not_published"",""geometry_not_published"",""current_status_not_independently_verified""]",Source wording is preserved. Auction date is the source column; it must not be reinterpreted as commencement of mining or present validity.
IBM-IMYB2024-AUCTION-055,official_auction_granted_concession_context,SRC_IBM_INDIAN_MINERALS_YEARBOOK_2024_CONCESSIONS,55,Maharashtra,Maharshtra,Surjagad – 6 Iron Ore Block,Surjagad – 6 Iron Ore Block,Iron Ore,"[""element:iron"",""ore:iron-ore""]","[""Iron"",""Iron ore""]","[""iron"",""Iron ore""]","[""Fe""]",2023-05-17,CL,composite_licence,658.0,658,True,granted_through_auction_during_2023_24_per_ibm_table_title,IBM Table 5 yearbook compilation; not independently reconciled to a controlling current state grant record,,,False,False,False,excluded_context_only,"The source publishes no coordinate or footprint and does not independently establish current operation, production, reserves/resources, or controlling legal status.",Table 5,42,27,https://ibm.gov.in/writereaddata/files/17690756386971f3b675b8aFINAL_IMYB2024_as_on_21.01.2026.pdf,2026-09-10,5b3208e019f95f8976bdb1e7dd7e7dcebba41af78e149ba162a97c98cc070ded,"[""coordinates_not_published"",""geometry_not_published"",""current_status_not_independently_verified"",""source_state_spelling_preserved_and_normalized""]",Source wording is preserved. Auction date is the source column; it must not be reinterpreted as commencement of mining or present validity.
IBM-IMYB2024-AUCTION-056,official_auction_granted_concession_context,SRC_IBM_INDIAN_MINERALS_YEARBOOK_2024_CONCESSIONS,56,Maharashtra,Maharashtra,Kondhala,Kondhala,Limestone,"[""group:calcium-and-limestone"",""rock:limestone""]","[""Calcium and limestone"",""Limestone""]","[""calcium"",""calcium carbonate"",""Limestone""]",[],2023-05-19,ML,mining_lease,105.0,105,True,granted_through_auction_during_2023_24_per_ibm_table_title,IBM Table 5 yearbook compilation; not independently reconciled to a controlling current state grant record,,,False,False,False,excluded_context_only,"The source publishes no coordinate or footprint and does not independently establish current operation, production, reserves/resources, or controlling legal status.",Table 5,42,27,https://ibm.gov.in/writereaddata/files/17690756386971f3b675b8aFINAL_IMYB2024_as_on_21.01.2026.pdf,2026-09-10,5b3208e019f95f8976bdb1e7dd7e7dcebba41af78e149ba162a97c98cc070ded,"[""coordinates_not_published"",""geometry_not_published"",""current_status_not_independently_verified""]",Source wording is preserved. Auction date is the source column; it must not be reinterpreted as commencement of mining or present validity.
IBM-IMYB2024-AUCTION-057,official_auction_granted_concession_context,SRC_IBM_INDIAN_MINERALS_YEARBOOK_2024_CONCESSIONS,57,Maharashtra,Maharashtra,Minzhari Copper Block,Minzhari Copper Block,Copper,"[""element:copper""]","[""Copper""]","[""copper""]","[""Cu""]",2023-11-21,CL,composite_licence,1743.0,1743,True,granted_through_auction_during_2023_24_per_ibm_table_title,IBM Table 5 yearbook compilation; not independently reconciled to a controlling current state grant record,,,False,False,False,excluded_context_only,"The source publishes no coordinate or footprint and does not independently establish current operation, production, reserves/resources, or controlling legal status.",Table 5,42,27,https://ibm.gov.in/writereaddata/files/17690756386971f3b675b8aFINAL_IMYB2024_as_on_21.01.2026.pdf,2026-09-10,5b3208e019f95f8976bdb1e7dd7e7dcebba41af78e149ba162a97c98cc070ded,"[""coordinates_not_published"",""geometry_not_published"",""current_status_not_independently_verified""]",Source wording is preserved. Auction date is the source column; it must not be reinterpreted as commencement of mining or present validity.
IBM-IMYB2024-AUCTION-058,official_auction_granted_concession_context,SRC_IBM_INDIAN_MINERALS_YEARBOOK_2024_CONCESSIONS,58,Maharashtra,Maharashtra,Savali Manganese Block,Savali Manganese Block,Manganese,"[""element:manganese""]","[""Manganese""]","[""manganese""]","[""Mn""]",2023-11-22,CL,composite_licence,1200.0,1200,True,granted_through_auction_during_2023_24_per_ibm_table_title,IBM Table 5 yearbook compilation; not independently reconciled to a controlling current state grant record,,,False,False,False,excluded_context_only,"The source publishes no coordinate or footprint and does not independently establish current operation, production, reserves/resources, or controlling legal status.",Table 5,42,27,https://ibm.gov.in/writereaddata/files/17690756386971f3b675b8aFINAL_IMYB2024_as_on_21.01.2026.pdf,2026-09-10,5b3208e019f95f8976bdb1e7dd7e7dcebba41af78e149ba162a97c98cc070ded,"[""coordinates_not_published"",""geometry_not_published"",""current_status_not_independently_verified""]",Source wording is preserved. Auction date is the source column; it must not be reinterpreted as commencement of mining or present validity.
IBM-IMYB2024-AUCTION-059,official_auction_granted_concession_context,SRC_IBM_INDIAN_MINERALS_YEARBOOK_2024_CONCESSIONS,59,Rajasthan,Rajasthan,Nayorana-Dandela,Nayorana-Dandela,Iron Ore,"[""element:iron"",""ore:iron-ore""]","[""Iron"",""Iron ore""]","[""iron"",""Iron ore""]","[""Fe""]",2023-07-11,CL,composite_licence,16.78,16.78,True,granted_through_auction_during_2023_24_per_ibm_table_title,IBM Table 5 yearbook compilation; not independently reconciled to a controlling current state grant record,,,False,False,False,excluded_context_only,"The source publishes no coordinate or footprint and does not independently establish current operation, production, reserves/resources, or controlling legal status.",Table 5,42,27,https://ibm.gov.in/writereaddata/files/17690756386971f3b675b8aFINAL_IMYB2024_as_on_21.01.2026.pdf,2026-09-10,5b3208e019f95f8976bdb1e7dd7e7dcebba41af78e149ba162a97c98cc070ded,"[""coordinates_not_published"",""geometry_not_published"",""current_status_not_independently_verified""]",Source wording is preserved. Auction date is the source column; it must not be reinterpreted as commencement of mining or present validity.
IBM-IMYB2024-AUCTION-060,official_auction_granted_concession_context,SRC_IBM_INDIAN_MINERALS_YEARBOOK_2024_CONCESSIONS,60,Rajasthan,Rajasthan,Hariyav Jashpura,Hariyav Jashpura,Limestone,"[""group:calcium-and-limestone"",""rock:limestone""]","[""Calcium and limestone"",""Limestone""]","[""calcium"",""calcium carbonate"",""Limestone""]",[],2023-07-10,ML,mining_lease,94.62,94.62,True,granted_through_auction_during_2023_24_per_ibm_table_title,IBM Table 5 yearbook compilation; not independently reconciled to a controlling current state grant record,,,False,False,False,excluded_context_only,"The source publishes no coordinate or footprint and does not independently establish current operation, production, reserves/resources, or controlling legal status.",Table 5,42,27,https://ibm.gov.in/writereaddata/files/17690756386971f3b675b8aFINAL_IMYB2024_as_on_21.01.2026.pdf,2026-09-10,5b3208e019f95f8976bdb1e7dd7e7dcebba41af78e149ba162a97c98cc070ded,"[""coordinates_not_published"",""geometry_not_published"",""current_status_not_independently_verified""]",Source wording is preserved. Auction date is the source column; it must not be reinterpreted as commencement of mining or present validity.
IBM-IMYB2024-AUCTION-061,official_auction_granted_concession_context,SRC_IBM_INDIAN_MINERALS_YEARBOOK_2024_CONCESSIONS,61,Rajasthan,Rajasthan,"Khakhiliya Khera Block Rajasmand, CL","Khakhiliya Khera Block Rajasmand, CL",Basemetal& Associated Minerals,[],[],"[""Basemetal& Associated Minerals""]",[],2023-08-24,CL,composite_licence,642.45,642.45,True,granted_through_auction_during_2023_24_per_ibm_table_title,IBM Table 5 yearbook compilation; not independently reconciled to a controlling current state grant record,,,False,False,False,excluded_context_only,"The source publishes no coordinate or footprint and does not independently establish current operation, production, reserves/resources, or controlling legal status.",Table 5,42,27,https://ibm.gov.in/writereaddata/files/17690756386971f3b675b8aFINAL_IMYB2024_as_on_21.01.2026.pdf,2026-09-10,5b3208e019f95f8976bdb1e7dd7e7dcebba41af78e149ba162a97c98cc070ded,"[""coordinates_not_published"",""geometry_not_published"",""current_status_not_independently_verified"",""material_term_unresolved_or_nonspecific""]",Source wording is preserved. Auction date is the source column; it must not be reinterpreted as commencement of mining or present validity.
IBM-IMYB2024-AUCTION-062,official_auction_granted_concession_context,SRC_IBM_INDIAN_MINERALS_YEARBOOK_2024_CONCESSIONS,62,Rajasthan,Rajasthan,"Pipliyan Block, Udaipur, CL","Pipliyan Block, Udaipur, CL",Basemetal,[],[],"[""Basemetal""]",[],2023-08-25,CL,composite_licence,518.65,518.65,True,granted_through_auction_during_2023_24_per_ibm_table_title,IBM Table 5 yearbook compilation; not independently reconciled to a controlling current state grant record,,,False,False,False,excluded_context_only,"The source publishes no coordinate or footprint and does not independently establish current operation, production, reserves/resources, or controlling legal status.",Table 5,42,27,https://ibm.gov.in/writereaddata/files/17690756386971f3b675b8aFINAL_IMYB2024_as_on_21.01.2026.pdf,2026-09-10,5b3208e019f95f8976bdb1e7dd7e7dcebba41af78e149ba162a97c98cc070ded,"[""coordinates_not_published"",""geometry_not_published"",""current_status_not_independently_verified"",""material_term_unresolved_or_nonspecific""]",Source wording is preserved. Auction date is the source column; it must not be reinterpreted as commencement of mining or present validity.
IBM-IMYB2024-AUCTION-063,official_auction_granted_concession_context,SRC_IBM_INDIAN_MINERALS_YEARBOOK_2024_CONCESSIONS,63,Rajasthan,Rajasthan,"Manpura Block, Banera, CL","Manpura Block, Banera, CL",Basemetal& Associated Minerals,[],[],"[""Basemetal& Associated Minerals""]",[],2023-08-28,CL,composite_licence,1150.0,1150,True,granted_through_auction_during_2023_24_per_ibm_table_title,IBM Table 5 yearbook compilation; not independently reconciled to a controlling current state grant record,,,False,False,False,excluded_context_only,"The source publishes no coordinate or footprint and does not independently establish current operation, production, reserves/resources, or controlling legal status.",Table 5,42,27,https://ibm.gov.in/writereaddata/files/17690756386971f3b675b8aFINAL_IMYB2024_as_on_21.01.2026.pdf,2026-09-10,5b3208e019f95f8976bdb1e7dd7e7dcebba41af78e149ba162a97c98cc070ded,"[""coordinates_not_published"",""geometry_not_published"",""current_status_not_independently_verified"",""material_term_unresolved_or_nonspecific""]",Source wording is preserved. Auction date is the source column; it must not be reinterpreted as commencement of mining or present validity.
IBM-IMYB2024-AUCTION-064,official_auction_granted_concession_context,SRC_IBM_INDIAN_MINERALS_YEARBOOK_2024_CONCESSIONS,64,Rajasthan,Rajasthan,Ladi Ka Bas Block Tehsil Neem ka Thana & District Sikar,Ladi Ka Bas Block Tehsil Neem ka Thana & District Sikar,Iron Ore,"[""element:iron"",""ore:iron-ore""]","[""Iron"",""Iron ore""]","[""iron"",""Iron ore""]","[""Fe""]",2023-08-28,CL,composite_licence,38.75,38.75,True,granted_through_auction_during_2023_24_per_ibm_table_title,IBM Table 5 yearbook compilation; not independently reconciled to a controlling current state grant record,,,False,False,False,excluded_context_only,"The source publishes no coordinate or footprint and does not independently establish current operation, production, reserves/resources, or controlling legal status.",Table 5,42,27,https://ibm.gov.in/writereaddata/files/17690756386971f3b675b8aFINAL_IMYB2024_as_on_21.01.2026.pdf,2026-09-10,5b3208e019f95f8976bdb1e7dd7e7dcebba41af78e149ba162a97c98cc070ded,"[""coordinates_not_published"",""geometry_not_published"",""current_status_not_independently_verified""]",Source wording is preserved. Auction date is the source column; it must not be reinterpreted as commencement of mining or present validity.
IBM-IMYB2024-AUCTION-065,official_auction_granted_concession_context,SRC_IBM_INDIAN_MINERALS_YEARBOOK_2024_CONCESSIONS,65,Rajasthan,Rajasthan,Kalakota Block Tehsil Neem ka Thana & District Sikar,Kalakota Block Tehsil Neem ka Thana & District Sikar,Iron Ore,"[""element:iron"",""ore:iron-ore""]","[""Iron"",""Iron ore""]","[""iron"",""Iron ore""]","[""Fe""]",2023-08-29,CL,composite_licence,34.44,34.44,True,granted_through_auction_during_2023_24_per_ibm_table_title,IBM Table 5 yearbook compilation; not independently reconciled to a controlling current state grant record,,,False,False,False,excluded_context_only,"The source publishes no coordinate or footprint and does not independently establish current operation, production, reserves/resources, or controlling legal status.",Table 5,42,27,https://ibm.gov.in/writereaddata/files/17690756386971f3b675b8aFINAL_IMYB2024_as_on_21.01.2026.pdf,2026-09-10,5b3208e019f95f8976bdb1e7dd7e7dcebba41af78e149ba162a97c98cc070ded,"[""coordinates_not_published"",""geometry_not_published"",""current_status_not_independently_verified""]",Source wording is preserved. Auction date is the source column; it must not be reinterpreted as commencement of mining or present validity.
IBM-IMYB2024-AUCTION-066,official_auction_granted_concession_context,SRC_IBM_INDIAN_MINERALS_YEARBOOK_2024_CONCESSIONS,66,Rajasthan,Rajasthan,"Ladanan/v Ladana-Ladani, Tehsil Mavli, District - Udaipur(Raj)","Ladanan/v Ladana-Ladani, Tehsil Mavli, District - Udaipur(Raj)",Basemetal,[],[],"[""Basemetal""]",[],2023-08-31,CL,composite_licence,300.0,300,True,granted_through_auction_during_2023_24_per_ibm_table_title,IBM Table 5 yearbook compilation; not independently reconciled to a controlling current state grant record,,,False,False,False,excluded_context_only,"The source publishes no coordinate or footprint and does not independently establish current operation, production, reserves/resources, or controlling legal status.",Table 5,42,27,https://ibm.gov.in/writereaddata/files/17690756386971f3b675b8aFINAL_IMYB2024_as_on_21.01.2026.pdf,2026-09-10,5b3208e019f95f8976bdb1e7dd7e7dcebba41af78e149ba162a97c98cc070ded,"[""coordinates_not_published"",""geometry_not_published"",""current_status_not_independently_verified"",""material_term_unresolved_or_nonspecific""]",Source wording is preserved. Auction date is the source column; it must not be reinterpreted as commencement of mining or present validity.
IBM-IMYB2024-AUCTION-067,official_auction_granted_concession_context,SRC_IBM_INDIAN_MINERALS_YEARBOOK_2024_CONCESSIONS,67,Rajasthan,Rajasthan,Bhabhriya ka Kheda Block n/v Lakha Ka Khera District Chittaurgarh,Bhabhriya ka Kheda Block n/v Lakha Ka Khera District Chittaurgarh,Basemetal,[],[],"[""Basemetal""]",[],2023-09-04,CL,composite_licence,970.0,970,True,granted_through_auction_during_2023_24_per_ibm_table_title,IBM Table 5 yearbook compilation; not independently reconciled to a controlling current state grant record,,,False,False,False,excluded_context_only,"The source publishes no coordinate or footprint and does not independently establish current operation, production, reserves/resources, or controlling legal status.",Table 5,42,27,https://ibm.gov.in/writereaddata/files/17690756386971f3b675b8aFINAL_IMYB2024_as_on_21.01.2026.pdf,2026-09-10,5b3208e019f95f8976bdb1e7dd7e7dcebba41af78e149ba162a97c98cc070ded,"[""coordinates_not_published"",""geometry_not_published"",""current_status_not_independently_verified"",""material_term_unresolved_or_nonspecific""]",Source wording is preserved. Auction date is the source column; it must not be reinterpreted as commencement of mining or present validity.
IBM-IMYB2024-AUCTION-068,official_auction_granted_concession_context,SRC_IBM_INDIAN_MINERALS_YEARBOOK_2024_CONCESSIONS,68,Rajasthan,Rajasthan,"Toda Block n/v Toda, Tehsil Neem ka Thana, District Sikar","Toda Block n/v Toda, Tehsil Neem ka Thana, District Sikar",Iron Ore,"[""element:iron"",""ore:iron-ore""]","[""Iron"",""Iron ore""]","[""iron"",""Iron ore""]","[""Fe""]",2023-09-12,CL,composite_licence,18.43,18.43,True,granted_through_auction_during_2023_24_per_ibm_table_title,IBM Table 5 yearbook compilation; not independently reconciled to a controlling current state grant record,,,False,False,False,excluded_context_only,"The source publishes no coordinate or footprint and does not independently establish current operation, production, reserves/resources, or controlling legal status.",Table 5,42,27,https://ibm.gov.in/writereaddata/files/17690756386971f3b675b8aFINAL_IMYB2024_as_on_21.01.2026.pdf,2026-09-10,5b3208e019f95f8976bdb1e7dd7e7dcebba41af78e149ba162a97c98cc070ded,"[""coordinates_not_published"",""geometry_not_published"",""current_status_not_independently_verified""]",Source wording is preserved. Auction date is the source column; it must not be reinterpreted as commencement of mining or present validity.
IBM-IMYB2024-AUCTION-069,official_auction_granted_concession_context,SRC_IBM_INDIAN_MINERALS_YEARBOOK_2024_CONCESSIONS,69,Rajasthan,Rajasthan,"PSB02 n/V Harima Tehsil, District Nagaur","PSB02 n/V Harima Tehsil, District Nagaur",Limestone,"[""group:calcium-and-limestone"",""rock:limestone""]","[""Calcium and limestone"",""Limestone""]","[""calcium"",""calcium carbonate"",""Limestone""]",[],2023-09-12,ML,mining_lease,4.9,4.9,True,granted_through_auction_during_2023_24_per_ibm_table_title,IBM Table 5 yearbook compilation; not independently reconciled to a controlling current state grant record,,,False,False,False,excluded_context_only,"The source publishes no coordinate or footprint and does not independently establish current operation, production, reserves/resources, or controlling legal status.",Table 5,42,27,https://ibm.gov.in/writereaddata/files/17690756386971f3b675b8aFINAL_IMYB2024_as_on_21.01.2026.pdf,2026-09-10,5b3208e019f95f8976bdb1e7dd7e7dcebba41af78e149ba162a97c98cc070ded,"[""coordinates_not_published"",""geometry_not_published"",""current_status_not_independently_verified""]",Source wording is preserved. Auction date is the source column; it must not be reinterpreted as commencement of mining or present validity.
IBM-IMYB2024-AUCTION-070,official_auction_granted_concession_context,SRC_IBM_INDIAN_MINERALS_YEARBOOK_2024_CONCESSIONS,70,Rajasthan,Rajasthan,PSB01 n/V Tehsil & District Nagaur,PSB01 n/V Tehsil & District Nagaur,Limestone,"[""group:calcium-and-limestone"",""rock:limestone""]","[""Calcium and limestone"",""Limestone""]","[""calcium"",""calcium carbonate"",""Limestone""]",[],2023-09-11,ML,mining_lease,4.9,4.9,True,granted_through_auction_during_2023_24_per_ibm_table_title,IBM Table 5 yearbook compilation; not independently reconciled to a controlling current state grant record,,,False,False,False,excluded_context_only,"The source publishes no coordinate or footprint and does not independently establish current operation, production, reserves/resources, or controlling legal status.",Table 5,42,27,https://ibm.gov.in/writereaddata/files/17690756386971f3b675b8aFINAL_IMYB2024_as_on_21.01.2026.pdf,2026-09-10,5b3208e019f95f8976bdb1e7dd7e7dcebba41af78e149ba162a97c98cc070ded,"[""coordinates_not_published"",""geometry_not_published"",""current_status_not_independently_verified""]",Source wording is preserved. Auction date is the source column; it must not be reinterpreted as commencement of mining or present validity.
IBM-IMYB2024-AUCTION-071,official_auction_granted_concession_context,SRC_IBM_INDIAN_MINERALS_YEARBOOK_2024_CONCESSIONS,71,Rajasthan,Rajasthan,PSB06 n/V Tehsil & District Nagaur,PSB06 n/V Tehsil & District Nagaur,Limestone,"[""group:calcium-and-limestone"",""rock:limestone""]","[""Calcium and limestone"",""Limestone""]","[""calcium"",""calcium carbonate"",""Limestone""]",[],2023-09-18,ML,mining_lease,4.8,4.8,True,granted_through_auction_during_2023_24_per_ibm_table_title,IBM Table 5 yearbook compilation; not independently reconciled to a controlling current state grant record,,,False,False,False,excluded_context_only,"The source publishes no coordinate or footprint and does not independently establish current operation, production, reserves/resources, or controlling legal status.",Table 5,42,27,https://ibm.gov.in/writereaddata/files/17690756386971f3b675b8aFINAL_IMYB2024_as_on_21.01.2026.pdf,2026-09-10,5b3208e019f95f8976bdb1e7dd7e7dcebba41af78e149ba162a97c98cc070ded,"[""coordinates_not_published"",""geometry_not_published"",""current_status_not_independently_verified""]",Source wording is preserved. Auction date is the source column; it must not be reinterpreted as commencement of mining or present validity.
IBM-IMYB2024-AUCTION-072,official_auction_granted_concession_context,SRC_IBM_INDIAN_MINERALS_YEARBOOK_2024_CONCESSIONS,72,Rajasthan,Rajasthan,PSB07 n/V Tehsil & District Nagaur,PSB07 n/V Tehsil & District Nagaur,Limestone,"[""group:calcium-and-limestone"",""rock:limestone""]","[""Calcium and limestone"",""Limestone""]","[""calcium"",""calcium carbonate"",""Limestone""]",[],2023-09-19,ML,mining_lease,4.8,4.8,True,granted_through_auction_during_2023_24_per_ibm_table_title,IBM Table 5 yearbook compilation; not independently reconciled to a controlling current state grant record,,,False,False,False,excluded_context_only,"The source publishes no coordinate or footprint and does not independently establish current operation, production, reserves/resources, or controlling legal status.",Table 5,42,27,https://ibm.gov.in/writereaddata/files/17690756386971f3b675b8aFINAL_IMYB2024_as_on_21.01.2026.pdf,2026-09-10,5b3208e019f95f8976bdb1e7dd7e7dcebba41af78e149ba162a97c98cc070ded,"[""coordinates_not_published"",""geometry_not_published"",""current_status_not_independently_verified""]",Source wording is preserved. Auction date is the source column; it must not be reinterpreted as commencement of mining or present validity.
IBM-IMYB2024-AUCTION-073,official_auction_granted_concession_context,SRC_IBM_INDIAN_MINERALS_YEARBOOK_2024_CONCESSIONS,73,Rajasthan,Rajasthan,"HPB 19 n/V Harima Khetolaw, Pithasia, Sarasani","HPB 19 n/V Harima Khetolaw, Pithasia, Sarasani",Limestone,"[""group:calcium-and-limestone"",""rock:limestone""]","[""Calcium and limestone"",""Limestone""]","[""calcium"",""calcium carbonate"",""Limestone""]",[],2023-10-03,ML,mining_lease,476.8,476.8,True,granted_through_auction_during_2023_24_per_ibm_table_title,IBM Table 5 yearbook compilation; not independently reconciled to a controlling current state grant record,,,False,False,False,excluded_context_only,"The source publishes no coordinate or footprint and does not independently establish current operation, production, reserves/resources, or controlling legal status.",Table 5,42,27,https://ibm.gov.in/writereaddata/files/17690756386971f3b675b8aFINAL_IMYB2024_as_on_21.01.2026.pdf,2026-09-10,5b3208e019f95f8976bdb1e7dd7e7dcebba41af78e149ba162a97c98cc070ded,"[""coordinates_not_published"",""geometry_not_published"",""current_status_not_independently_verified""]",Source wording is preserved. Auction date is the source column; it must not be reinterpreted as commencement of mining or present validity.
IBM-IMYB2024-AUCTION-074,official_auction_granted_concession_context,SRC_IBM_INDIAN_MINERALS_YEARBOOK_2024_CONCESSIONS,74,Rajasthan,Rajasthan,"HPB 20 n/V Harima Khetolaw, Pithasia, Sarasani","HPB 20 n/V Harima Khetolaw, Pithasia, Sarasani",Limestone,"[""group:calcium-and-limestone"",""rock:limestone""]","[""Calcium and limestone"",""Limestone""]","[""calcium"",""calcium carbonate"",""Limestone""]",[],2023-10-04,ML,mining_lease,547.55,547.55,True,granted_through_auction_during_2023_24_per_ibm_table_title,IBM Table 5 yearbook compilation; not independently reconciled to a controlling current state grant record,,,False,False,False,excluded_context_only,"The source publishes no coordinate or footprint and does not independently establish current operation, production, reserves/resources, or controlling legal status.",Table 5,42,27,https://ibm.gov.in/writereaddata/files/17690756386971f3b675b8aFINAL_IMYB2024_as_on_21.01.2026.pdf,2026-09-10,5b3208e019f95f8976bdb1e7dd7e7dcebba41af78e149ba162a97c98cc070ded,"[""coordinates_not_published"",""geometry_not_published"",""current_status_not_independently_verified""]",Source wording is preserved. Auction date is the source column; it must not be reinterpreted as commencement of mining or present validity.
IBM-IMYB2024-AUCTION-075,official_auction_granted_concession_context,SRC_IBM_INDIAN_MINERALS_YEARBOOK_2024_CONCESSIONS,75,Rajasthan,Rajasthan,PSB03 n/v Harima Tehsil & District Nagpur,PSB03 n/v Harima Tehsil & District Nagpur,Limestone,"[""group:calcium-and-limestone"",""rock:limestone""]","[""Calcium and limestone"",""Limestone""]","[""calcium"",""calcium carbonate"",""Limestone""]",[],2024-02-21,ML,mining_lease,4.8,4.8,True,granted_through_auction_during_2023_24_per_ibm_table_title,IBM Table 5 yearbook compilation; not independently reconciled to a controlling current state grant record,,,False,False,False,excluded_context_only,"The source publishes no coordinate or footprint and does not independently establish current operation, production, reserves/resources, or controlling legal status.",Table 5,42,27,https://ibm.gov.in/writereaddata/files/17690756386971f3b675b8aFINAL_IMYB2024_as_on_21.01.2026.pdf,2026-09-10,5b3208e019f95f8976bdb1e7dd7e7dcebba41af78e149ba162a97c98cc070ded,"[""coordinates_not_published"",""geometry_not_published"",""current_status_not_independently_verified"",""possible_source_district_inconsistency_preserved""]",Source wording is preserved. Auction date is the source column; it must not be reinterpreted as commencement of mining or present validity.
IBM-IMYB2024-AUCTION-076,official_auction_granted_concession_context,SRC_IBM_INDIAN_MINERALS_YEARBOOK_2024_CONCESSIONS,76,Rajasthan,Rajasthan,PSB04 n/v Harima Tehsil & District Nagpur,PSB04 n/v Harima Tehsil & District Nagpur,Limestone,"[""group:calcium-and-limestone"",""rock:limestone""]","[""Calcium and limestone"",""Limestone""]","[""calcium"",""calcium carbonate"",""Limestone""]",[],2024-02-22,ML,mining_lease,4.8,4.8,True,granted_through_auction_during_2023_24_per_ibm_table_title,IBM Table 5 yearbook compilation; not independently reconciled to a controlling current state grant record,,,False,False,False,excluded_context_only,"The source publishes no coordinate or footprint and does not independently establish current operation, production, reserves/resources, or controlling legal status.",Table 5,43,28,https://ibm.gov.in/writereaddata/files/17690756386971f3b675b8aFINAL_IMYB2024_as_on_21.01.2026.pdf,2026-09-10,5b3208e019f95f8976bdb1e7dd7e7dcebba41af78e149ba162a97c98cc070ded,"[""coordinates_not_published"",""geometry_not_published"",""current_status_not_independently_verified"",""possible_source_district_inconsistency_preserved""]",Source wording is preserved. Auction date is the source column; it must not be reinterpreted as commencement of mining or present validity.
IBM-IMYB2024-AUCTION-077,official_auction_granted_concession_context,SRC_IBM_INDIAN_MINERALS_YEARBOOK_2024_CONCESSIONS,77,Rajasthan,Rajasthan,PSB05 n/v Harima Tehsil & District Nagpur,PSB05 n/v Harima Tehsil & District Nagpur,Limestone,"[""group:calcium-and-limestone"",""rock:limestone""]","[""Calcium and limestone"",""Limestone""]","[""calcium"",""calcium carbonate"",""Limestone""]",[],2024-02-23,ML,mining_lease,4.8,4.8,True,granted_through_auction_during_2023_24_per_ibm_table_title,IBM Table 5 yearbook compilation; not independently reconciled to a controlling current state grant record,,,False,False,False,excluded_context_only,"The source publishes no coordinate or footprint and does not independently establish current operation, production, reserves/resources, or controlling legal status.",Table 5,43,28,https://ibm.gov.in/writereaddata/files/17690756386971f3b675b8aFINAL_IMYB2024_as_on_21.01.2026.pdf,2026-09-10,5b3208e019f95f8976bdb1e7dd7e7dcebba41af78e149ba162a97c98cc070ded,"[""coordinates_not_published"",""geometry_not_published"",""current_status_not_independently_verified"",""possible_source_district_inconsistency_preserved""]",Source wording is preserved. Auction date is the source column; it must not be reinterpreted as commencement of mining or present validity.
IBM-IMYB2024-AUCTION-078,official_auction_granted_concession_context,SRC_IBM_INDIAN_MINERALS_YEARBOOK_2024_CONCESSIONS,78,Rajasthan,Rajasthan,PSB08 n/v Harima Tehsil & District Nagpur,PSB08 n/v Harima Tehsil & District Nagpur,Limestone,"[""group:calcium-and-limestone"",""rock:limestone""]","[""Calcium and limestone"",""Limestone""]","[""calcium"",""calcium carbonate"",""Limestone""]",[],2024-02-26,ML,mining_lease,4.8,4.8,True,granted_through_auction_during_2023_24_per_ibm_table_title,IBM Table 5 yearbook compilation; not independently reconciled to a controlling current state grant record,,,False,False,False,excluded_context_only,"The source publishes no coordinate or footprint and does not independently establish current operation, production, reserves/resources, or controlling legal status.",Table 5,43,28,https://ibm.gov.in/writereaddata/files/17690756386971f3b675b8aFINAL_IMYB2024_as_on_21.01.2026.pdf,2026-09-10,5b3208e019f95f8976bdb1e7dd7e7dcebba41af78e149ba162a97c98cc070ded,"[""coordinates_not_published"",""geometry_not_published"",""current_status_not_independently_verified"",""possible_source_district_inconsistency_preserved""]",Source wording is preserved. Auction date is the source column; it must not be reinterpreted as commencement of mining or present validity.
IBM-IMYB2024-AUCTION-079,official_auction_granted_concession_context,SRC_IBM_INDIAN_MINERALS_YEARBOOK_2024_CONCESSIONS,79,Rajasthan,Rajasthan,PSB09 n/v Harima Tehsil & District Nagpur,PSB09 n/v Harima Tehsil & District Nagpur,Limestone,"[""group:calcium-and-limestone"",""rock:limestone""]","[""Calcium and limestone"",""Limestone""]","[""calcium"",""calcium carbonate"",""Limestone""]",[],2024-02-27,ML,mining_lease,4.8,4.8,True,granted_through_auction_during_2023_24_per_ibm_table_title,IBM Table 5 yearbook compilation; not independently reconciled to a controlling current state grant record,,,False,False,False,excluded_context_only,"The source publishes no coordinate or footprint and does not independently establish current operation, production, reserves/resources, or controlling legal status.",Table 5,43,28,https://ibm.gov.in/writereaddata/files/17690756386971f3b675b8aFINAL_IMYB2024_as_on_21.01.2026.pdf,2026-09-10,5b3208e019f95f8976bdb1e7dd7e7dcebba41af78e149ba162a97c98cc070ded,"[""coordinates_not_published"",""geometry_not_published"",""current_status_not_independently_verified"",""possible_source_district_inconsistency_preserved""]",Source wording is preserved. Auction date is the source column; it must not be reinterpreted as commencement of mining or present validity.
IBM-IMYB2024-AUCTION-080,official_auction_granted_concession_context,SRC_IBM_INDIAN_MINERALS_YEARBOOK_2024_CONCESSIONS,80,Rajasthan,Rajasthan,PSB010 n/v Harima Tehsil & District Nagpur,PSB010 n/v Harima Tehsil & District Nagpur,Limestone,"[""group:calcium-and-limestone"",""rock:limestone""]","[""Calcium and limestone"",""Limestone""]","[""calcium"",""calcium carbonate"",""Limestone""]",[],2024-02-28,ML,mining_lease,4.8,4.8,True,granted_through_auction_during_2023_24_per_ibm_table_title,IBM Table 5 yearbook compilation; not independently reconciled to a controlling current state grant record,,,False,False,False,excluded_context_only,"The source publishes no coordinate or footprint and does not independently establish current operation, production, reserves/resources, or controlling legal status.",Table 5,43,28,https://ibm.gov.in/writereaddata/files/17690756386971f3b675b8aFINAL_IMYB2024_as_on_21.01.2026.pdf,2026-09-10,5b3208e019f95f8976bdb1e7dd7e7dcebba41af78e149ba162a97c98cc070ded,"[""coordinates_not_published"",""geometry_not_published"",""current_status_not_independently_verified"",""possible_source_district_inconsistency_preserved""]",Source wording is preserved. Auction date is the source column; it must not be reinterpreted as commencement of mining or present validity.
IBM-IMYB2024-AUCTION-081,official_auction_granted_concession_context,SRC_IBM_INDIAN_MINERALS_YEARBOOK_2024_CONCESSIONS,81,Rajasthan,Rajasthan,PSB011 n/v Harima Tehsil & District Nagpur,PSB011 n/v Harima Tehsil & District Nagpur,Limestone,"[""group:calcium-and-limestone"",""rock:limestone""]","[""Calcium and limestone"",""Limestone""]","[""calcium"",""calcium carbonate"",""Limestone""]",[],2024-02-29,ML,mining_lease,4.8,4.8,True,granted_through_auction_during_2023_24_per_ibm_table_title,IBM Table 5 yearbook compilation; not independently reconciled to a controlling current state grant record,,,False,False,False,excluded_context_only,"The source publishes no coordinate or footprint and does not independently establish current operation, production, reserves/resources, or controlling legal status.",Table 5,43,28,https://ibm.gov.in/writereaddata/files/17690756386971f3b675b8aFINAL_IMYB2024_as_on_21.01.2026.pdf,2026-09-10,5b3208e019f95f8976bdb1e7dd7e7dcebba41af78e149ba162a97c98cc070ded,"[""coordinates_not_published"",""geometry_not_published"",""current_status_not_independently_verified"",""possible_source_district_inconsistency_preserved""]",Source wording is preserved. Auction date is the source column; it must not be reinterpreted as commencement of mining or present validity.
IBM-IMYB2024-AUCTION-082,official_auction_granted_concession_context,SRC_IBM_INDIAN_MINERALS_YEARBOOK_2024_CONCESSIONS,82,Rajasthan,Rajasthan,PSB012 n/v Harima Tehsil & District Nagpur,PSB012 n/v Harima Tehsil & District Nagpur,Limestone,"[""group:calcium-and-limestone"",""rock:limestone""]","[""Calcium and limestone"",""Limestone""]","[""calcium"",""calcium carbonate"",""Limestone""]",[],2024-03-01,ML,mining_lease,4.8,4.8,True,granted_through_auction_during_2023_24_per_ibm_table_title,IBM Table 5 yearbook compilation; not independently reconciled to a controlling current state grant record,,,False,False,False,excluded_context_only,"The source publishes no coordinate or footprint and does not independently establish current operation, production, reserves/resources, or controlling legal status.",Table 5,43,28,https://ibm.gov.in/writereaddata/files/17690756386971f3b675b8aFINAL_IMYB2024_as_on_21.01.2026.pdf,2026-09-10,5b3208e019f95f8976bdb1e7dd7e7dcebba41af78e149ba162a97c98cc070ded,"[""coordinates_not_published"",""geometry_not_published"",""current_status_not_independently_verified"",""possible_source_district_inconsistency_preserved""]",Source wording is preserved. Auction date is the source column; it must not be reinterpreted as commencement of mining or present validity.
IBM-IMYB2024-AUCTION-083,official_auction_granted_concession_context,SRC_IBM_INDIAN_MINERALS_YEARBOOK_2024_CONCESSIONS,83,Rajasthan,Rajasthan,PSB013 n/v Harima Tehsil & District Nagpur,PSB013 n/v Harima Tehsil & District Nagpur,Limestone,"[""group:calcium-and-limestone"",""rock:limestone""]","[""Calcium and limestone"",""Limestone""]","[""calcium"",""calcium carbonate"",""Limestone""]",[],2024-03-04,ML,mining_lease,4.8,4.8,True,granted_through_auction_during_2023_24_per_ibm_table_title,IBM Table 5 yearbook compilation; not independently reconciled to a controlling current state grant record,,,False,False,False,excluded_context_only,"The source publishes no coordinate or footprint and does not independently establish current operation, production, reserves/resources, or controlling legal status.",Table 5,43,28,https://ibm.gov.in/writereaddata/files/17690756386971f3b675b8aFINAL_IMYB2024_as_on_21.01.2026.pdf,2026-09-10,5b3208e019f95f8976bdb1e7dd7e7dcebba41af78e149ba162a97c98cc070ded,"[""coordinates_not_published"",""geometry_not_published"",""current_status_not_independently_verified"",""possible_source_district_inconsistency_preserved""]",Source wording is preserved. Auction date is the source column; it must not be reinterpreted as commencement of mining or present validity.
IBM-IMYB2024-AUCTION-084,official_auction_granted_concession_context,SRC_IBM_INDIAN_MINERALS_YEARBOOK_2024_CONCESSIONS,84,Rajasthan,Rajasthan,PSB 014 n/v Sarsani tehsil & district Nagaur,PSB 014 n/v Sarsani tehsil & district Nagaur,Limestone,"[""group:calcium-and-limestone"",""rock:limestone""]","[""Calcium and limestone"",""Limestone""]","[""calcium"",""calcium carbonate"",""Limestone""]",[],2024-03-05,ML,mining_lease,4.8,4.8,True,granted_through_auction_during_2023_24_per_ibm_table_title,IBM Table 5 yearbook compilation; not independently reconciled to a controlling current state grant record,,,False,False,False,excluded_context_only,"The source publishes no coordinate or footprint and does not independently establish current operation, production, reserves/resources, or controlling legal status.",Table 5,43,28,https://ibm.gov.in/writereaddata/files/17690756386971f3b675b8aFINAL_IMYB2024_as_on_21.01.2026.pdf,2026-09-10,5b3208e019f95f8976bdb1e7dd7e7dcebba41af78e149ba162a97c98cc070ded,"[""coordinates_not_published"",""geometry_not_published"",""current_status_not_independently_verified""]",Source wording is preserved. Auction date is the source column; it must not be reinterpreted as commencement of mining or present validity.
IBM-IMYB2024-AUCTION-085,official_auction_granted_concession_context,SRC_IBM_INDIAN_MINERALS_YEARBOOK_2024_CONCESSIONS,85,Rajasthan,Rajasthan,PSB 015 n/v Sarsani tehsil & district Nagaur,PSB 015 n/v Sarsani tehsil & district Nagaur,Limestone,"[""group:calcium-and-limestone"",""rock:limestone""]","[""Calcium and limestone"",""Limestone""]","[""calcium"",""calcium carbonate"",""Limestone""]",[],2024-03-06,ML,mining_lease,4.8,4.8,True,granted_through_auction_during_2023_24_per_ibm_table_title,IBM Table 5 yearbook compilation; not independently reconciled to a controlling current state grant record,,,False,False,False,excluded_context_only,"The source publishes no coordinate or footprint and does not independently establish current operation, production, reserves/resources, or controlling legal status.",Table 5,43,28,https://ibm.gov.in/writereaddata/files/17690756386971f3b675b8aFINAL_IMYB2024_as_on_21.01.2026.pdf,2026-09-10,5b3208e019f95f8976bdb1e7dd7e7dcebba41af78e149ba162a97c98cc070ded,"[""coordinates_not_published"",""geometry_not_published"",""current_status_not_independently_verified""]",Source wording is preserved. Auction date is the source column; it must not be reinterpreted as commencement of mining or present validity.
IBM-IMYB2024-AUCTION-086,official_auction_granted_concession_context,SRC_IBM_INDIAN_MINERALS_YEARBOOK_2024_CONCESSIONS,86,Rajasthan,Rajasthan,PSB016 n/v Harima Tehsil & District Nagaur,PSB016 n/v Harima Tehsil & District Nagaur,Limestone,"[""group:calcium-and-limestone"",""rock:limestone""]","[""Calcium and limestone"",""Limestone""]","[""calcium"",""calcium carbonate"",""Limestone""]",[],2024-03-07,ML,mining_lease,4.8,4.8,True,granted_through_auction_during_2023_24_per_ibm_table_title,IBM Table 5 yearbook compilation; not independently reconciled to a controlling current state grant record,,,False,False,False,excluded_context_only,"The source publishes no coordinate or footprint and does not independently establish current operation, production, reserves/resources, or controlling legal status.",Table 5,43,28,https://ibm.gov.in/writereaddata/files/17690756386971f3b675b8aFINAL_IMYB2024_as_on_21.01.2026.pdf,2026-09-10,5b3208e019f95f8976bdb1e7dd7e7dcebba41af78e149ba162a97c98cc070ded,"[""coordinates_not_published"",""geometry_not_published"",""current_status_not_independently_verified""]",Source wording is preserved. Auction date is the source column; it must not be reinterpreted as commencement of mining or present validity.
IBM-IMYB2024-AUCTION-087,official_auction_granted_concession_context,SRC_IBM_INDIAN_MINERALS_YEARBOOK_2024_CONCESSIONS,87,Rajasthan,Rajasthan,PSB017 n/v Harima Tehsil & District Nagaur,PSB017 n/v Harima Tehsil & District Nagaur,Limestone,"[""group:calcium-and-limestone"",""rock:limestone""]","[""Calcium and limestone"",""Limestone""]","[""calcium"",""calcium carbonate"",""Limestone""]",[],2024-03-11,ML,mining_lease,4.8,4.8,True,granted_through_auction_during_2023_24_per_ibm_table_title,IBM Table 5 yearbook compilation; not independently reconciled to a controlling current state grant record,,,False,False,False,excluded_context_only,"The source publishes no coordinate or footprint and does not independently establish current operation, production, reserves/resources, or controlling legal status.",Table 5,43,28,https://ibm.gov.in/writereaddata/files/17690756386971f3b675b8aFINAL_IMYB2024_as_on_21.01.2026.pdf,2026-09-10,5b3208e019f95f8976bdb1e7dd7e7dcebba41af78e149ba162a97c98cc070ded,"[""coordinates_not_published"",""geometry_not_published"",""current_status_not_independently_verified""]",Source wording is preserved. Auction date is the source column; it must not be reinterpreted as commencement of mining or present validity.
IBM-IMYB2024-AUCTION-088,official_auction_granted_concession_context,SRC_IBM_INDIAN_MINERALS_YEARBOOK_2024_CONCESSIONS,88,Rajasthan,Rajasthan,PSB 018 n/v Khetolow Tehsil & District Nagaur,PSB 018 n/v Khetolow Tehsil & District Nagaur,Limestone,"[""group:calcium-and-limestone"",""rock:limestone""]","[""Calcium and limestone"",""Limestone""]","[""calcium"",""calcium carbonate"",""Limestone""]",[],2024-03-12,ML,mining_lease,4.8,4.8,True,granted_through_auction_during_2023_24_per_ibm_table_title,IBM Table 5 yearbook compilation; not independently reconciled to a controlling current state grant record,,,False,False,False,excluded_context_only,"The source publishes no coordinate or footprint and does not independently establish current operation, production, reserves/resources, or controlling legal status.",Table 5,43,28,https://ibm.gov.in/writereaddata/files/17690756386971f3b675b8aFINAL_IMYB2024_as_on_21.01.2026.pdf,2026-09-10,5b3208e019f95f8976bdb1e7dd7e7dcebba41af78e149ba162a97c98cc070ded,"[""coordinates_not_published"",""geometry_not_published"",""current_status_not_independently_verified""]",Source wording is preserved. Auction date is the source column; it must not be reinterpreted as commencement of mining or present validity.
IBM-IMYB2024-AUCTION-089,official_auction_granted_concession_context,SRC_IBM_INDIAN_MINERALS_YEARBOOK_2024_CONCESSIONS,89,Rajasthan,Rajasthan,HPB21 n/v Khetolow Tehsil & District Nagaur,HPB21 n/v Khetolow Tehsil & District Nagaur,Limestone,"[""group:calcium-and-limestone"",""rock:limestone""]","[""Calcium and limestone"",""Limestone""]","[""calcium"",""calcium carbonate"",""Limestone""]",[],2024-03-13,ML,mining_lease,307.0,307,True,granted_through_auction_during_2023_24_per_ibm_table_title,IBM Table 5 yearbook compilation; not independently reconciled to a controlling current state grant record,,,False,False,False,excluded_context_only,"The source publishes no coordinate or footprint and does not independently establish current operation, production, reserves/resources, or controlling legal status.",Table 5,43,28,https://ibm.gov.in/writereaddata/files/17690756386971f3b675b8aFINAL_IMYB2024_as_on_21.01.2026.pdf,2026-09-10,5b3208e019f95f8976bdb1e7dd7e7dcebba41af78e149ba162a97c98cc070ded,"[""coordinates_not_published"",""geometry_not_published"",""current_status_not_independently_verified""]",Source wording is preserved. Auction date is the source column; it must not be reinterpreted as commencement of mining or present validity.
IBM-IMYB2024-AUCTION-090,official_auction_granted_concession_context,SRC_IBM_INDIAN_MINERALS_YEARBOOK_2024_CONCESSIONS,90,Uttar Pradesh,Uttar Pradesh,Girar,Girar,Iron Ore & Gold,"[""element:iron"",""ore:iron-ore"",""element:gold""]","[""Iron"",""Iron ore"",""Gold""]","[""iron"",""Iron ore"",""gold""]","[""Fe"",""Au""]",2023-11-23,CL,composite_licence,271.18,271.18,True,granted_through_auction_during_2023_24_per_ibm_table_title,IBM Table 5 yearbook compilation; not independently reconciled to a controlling current state grant record,,,False,False,False,excluded_context_only,"The source publishes no coordinate or footprint and does not independently establish current operation, production, reserves/resources, or controlling legal status.",Table 5,43,28,https://ibm.gov.in/writereaddata/files/17690756386971f3b675b8aFINAL_IMYB2024_as_on_21.01.2026.pdf,2026-09-10,5b3208e019f95f8976bdb1e7dd7e7dcebba41af78e149ba162a97c98cc070ded,"[""coordinates_not_published"",""geometry_not_published"",""current_status_not_independently_verified""]",Source wording is preserved. Auction date is the source column; it must not be reinterpreted as commencement of mining or present validity.
IBM-IMYB2024-AUCTION-091,official_auction_granted_concession_context,SRC_IBM_INDIAN_MINERALS_YEARBOOK_2024_CONCESSIONS,91,Uttar Pradesh,Uttar Pradesh,Bharhari,Bharhari,Iron Ore,"[""element:iron"",""ore:iron-ore""]","[""Iron"",""Iron ore""]","[""iron"",""Iron ore""]","[""Fe""]",2023-11-24,CL,composite_licence,134.77,134.77,True,granted_through_auction_during_2023_24_per_ibm_table_title,IBM Table 5 yearbook compilation; not independently reconciled to a controlling current state grant record,,,False,False,False,excluded_context_only,"The source publishes no coordinate or footprint and does not independently establish current operation, production, reserves/resources, or controlling legal status.",Table 5,43,28,https://ibm.gov.in/writereaddata/files/17690756386971f3b675b8aFINAL_IMYB2024_as_on_21.01.2026.pdf,2026-09-10,5b3208e019f95f8976bdb1e7dd7e7dcebba41af78e149ba162a97c98cc070ded,"[""coordinates_not_published"",""geometry_not_published"",""current_status_not_independently_verified""]",Source wording is preserved. Auction date is the source column; it must not be reinterpreted as commencement of mining or present validity.
IBM-IMYB2024-AUCTION-092,official_auction_granted_concession_context,SRC_IBM_INDIAN_MINERALS_YEARBOOK_2024_CONCESSIONS,92,Uttar Pradesh,Uttar Pradesh,Sona Pahari,Sona Pahari,Gold,"[""element:gold""]","[""Gold""]","[""gold""]","[""Au""]",2023-11-23,CL,composite_licence,79.0,79,True,granted_through_auction_during_2023_24_per_ibm_table_title,IBM Table 5 yearbook compilation; not independently reconciled to a controlling current state grant record,,,False,False,False,excluded_context_only,"The source publishes no coordinate or footprint and does not independently establish current operation, production, reserves/resources, or controlling legal status.",Table 5,43,28,https://ibm.gov.in/writereaddata/files/17690756386971f3b675b8aFINAL_IMYB2024_as_on_21.01.2026.pdf,2026-09-10,5b3208e019f95f8976bdb1e7dd7e7dcebba41af78e149ba162a97c98cc070ded,"[""coordinates_not_published"",""geometry_not_published"",""current_status_not_independently_verified""]",Source wording is preserved. Auction date is the source column; it must not be reinterpreted as commencement of mining or present validity.
IBM-IMYB2024-AUCTION-093,official_auction_granted_concession_context,SRC_IBM_INDIAN_MINERALS_YEARBOOK_2024_CONCESSIONS,93,Goa,Goa,Block V- Advalpale-Thivim Mineral Block,Block V- Advalpale-Thivim Mineral Block,Iron Ore,"[""element:iron"",""ore:iron-ore""]","[""Iron"",""Iron ore""]","[""iron"",""Iron ore""]","[""Fe""]",2023-04-21,ML,mining_lease,36.22,36.22,True,granted_through_auction_during_2023_24_per_ibm_table_title,IBM Table 5 yearbook compilation; not independently reconciled to a controlling current state grant record,,,False,False,False,excluded_context_only,"The source publishes no coordinate or footprint and does not independently establish current operation, production, reserves/resources, or controlling legal status.",Table 5,43,28,https://ibm.gov.in/writereaddata/files/17690756386971f3b675b8aFINAL_IMYB2024_as_on_21.01.2026.pdf,2026-09-10,5b3208e019f95f8976bdb1e7dd7e7dcebba41af78e149ba162a97c98cc070ded,"[""coordinates_not_published"",""geometry_not_published"",""current_status_not_independently_verified""]",Source wording is preserved. Auction date is the source column; it must not be reinterpreted as commencement of mining or present validity.
IBM-IMYB2024-AUCTION-094,official_auction_granted_concession_context,SRC_IBM_INDIAN_MINERALS_YEARBOOK_2024_CONCESSIONS,94,Goa,Goa,Block VI- Cudnem-Cormolem Mineral Block,Block VI- Cudnem-Cormolem Mineral Block,Iron Ore,"[""element:iron"",""ore:iron-ore""]","[""Iron"",""Iron ore""]","[""iron"",""Iron ore""]","[""Fe""]",2023-04-25,ML,mining_lease,38.51,38.51,True,granted_through_auction_during_2023_24_per_ibm_table_title,IBM Table 5 yearbook compilation; not independently reconciled to a controlling current state grant record,,,False,False,False,excluded_context_only,"The source publishes no coordinate or footprint and does not independently establish current operation, production, reserves/resources, or controlling legal status.",Table 5,43,28,https://ibm.gov.in/writereaddata/files/17690756386971f3b675b8aFINAL_IMYB2024_as_on_21.01.2026.pdf,2026-09-10,5b3208e019f95f8976bdb1e7dd7e7dcebba41af78e149ba162a97c98cc070ded,"[""coordinates_not_published"",""geometry_not_published"",""current_status_not_independently_verified""]",Source wording is preserved. Auction date is the source column; it must not be reinterpreted as commencement of mining or present validity.
IBM-IMYB2024-AUCTION-095,official_auction_granted_concession_context,SRC_IBM_INDIAN_MINERALS_YEARBOOK_2024_CONCESSIONS,95,Goa,Goa,Block VII-Cudnem Mineral Block,Block VII-Cudnem Mineral Block,Iron Ore,"[""element:iron"",""ore:iron-ore""]","[""Iron"",""Iron ore""]","[""iron"",""Iron ore""]","[""Fe""]",2023-04-26,ML,mining_lease,75.3,75.3,True,granted_through_auction_during_2023_24_per_ibm_table_title,IBM Table 5 yearbook compilation; not independently reconciled to a controlling current state grant record,,,False,False,False,excluded_context_only,"The source publishes no coordinate or footprint and does not independently establish current operation, production, reserves/resources, or controlling legal status.",Table 5,43,28,https://ibm.gov.in/writereaddata/files/17690756386971f3b675b8aFINAL_IMYB2024_as_on_21.01.2026.pdf,2026-09-10,5b3208e019f95f8976bdb1e7dd7e7dcebba41af78e149ba162a97c98cc070ded,"[""coordinates_not_published"",""geometry_not_published"",""current_status_not_independently_verified""]",Source wording is preserved. Auction date is the source column; it must not be reinterpreted as commencement of mining or present validity.
IBM-IMYB2024-AUCTION-096,official_auction_granted_concession_context,SRC_IBM_INDIAN_MINERALS_YEARBOOK_2024_CONCESSIONS,96,Goa,Goa,Block VIII-Thivim-Pirna Mineral Block,Block VIII-Thivim-Pirna Mineral Block,Iron Ore,"[""element:iron"",""ore:iron-ore""]","[""Iron"",""Iron ore""]","[""iron"",""Iron ore""]","[""Fe""]",2023-04-27,ML,mining_lease,72.05,72.05,True,granted_through_auction_during_2023_24_per_ibm_table_title,IBM Table 5 yearbook compilation; not independently reconciled to a controlling current state grant record,,,False,False,False,excluded_context_only,"The source publishes no coordinate or footprint and does not independently establish current operation, production, reserves/resources, or controlling legal status.",Table 5,43,28,https://ibm.gov.in/writereaddata/files/17690756386971f3b675b8aFINAL_IMYB2024_as_on_21.01.2026.pdf,2026-09-10,5b3208e019f95f8976bdb1e7dd7e7dcebba41af78e149ba162a97c98cc070ded,"[""coordinates_not_published"",""geometry_not_published"",""current_status_not_independently_verified""]",Source wording is preserved. Auction date is the source column; it must not be reinterpreted as commencement of mining or present validity.
IBM-IMYB2024-AUCTION-097,official_auction_granted_concession_context,SRC_IBM_INDIAN_MINERALS_YEARBOOK_2024_CONCESSIONS,97,Goa,Goa,Block IX-Surla-Sonshi Mineral Block,Block IX-Surla-Sonshi Mineral Block,Iron Ore,"[""element:iron"",""ore:iron-ore""]","[""Iron"",""Iron ore""]","[""iron"",""Iron ore""]","[""Fe""]",2023-04-28,ML,mining_lease,254.51,254.51,True,granted_through_auction_during_2023_24_per_ibm_table_title,IBM Table 5 yearbook compilation; not independently reconciled to a controlling current state grant record,,,False,False,False,excluded_context_only,"The source publishes no coordinate or footprint and does not independently establish current operation, production, reserves/resources, or controlling legal status.",Table 5,43,28,https://ibm.gov.in/writereaddata/files/17690756386971f3b675b8aFINAL_IMYB2024_as_on_21.01.2026.pdf,2026-09-10,5b3208e019f95f8976bdb1e7dd7e7dcebba41af78e149ba162a97c98cc070ded,"[""coordinates_not_published"",""geometry_not_published"",""current_status_not_independently_verified""]",Source wording is preserved. Auction date is the source column; it must not be reinterpreted as commencement of mining or present validity.
