record_id,state_or_ut,block_name,mineral_source,normalized_material_ids_json,normalized_material_names_json,chemical_or_english_names_json,formulae_or_symbols_json,auction_date,concession_type_code,ibm_area_ha,review_scope,curated_candidate_count,document_selection_rule,document_match_status,selected_mbs_file_id,selected_mbs_title,selected_mbs_url,selected_mbs_pdf_sha256,selected_mbs_pdf_bytes,selected_mbs_pdf_page_count,mbs_area_ha,ibm_to_mbs_area_difference_pct,coordinate_evidence_type,coordinate_source_pdf_pages_json,coordinate_review_flags_json,exploration_level,borehole_count,drilled_meterage_m,exploration_agency_source,borehole_summary_source,mineral_source_mbs,geological_resources_source,grade_source,mineral_zones_source,dip_strike_source,thickness_source,accessibility_source,hydrography_source,climate_source,topography_source,geometry_admission_status,geometry_admission_reason,source_portal_url,source_access_date,current_legal_or_operational_status_verified,model_evidence_role,model_exclusion_reason
IBM-IMYB2024-AUCTION-001,Andhra Pradesh,Adakula,Semi-Precious stone,"[""group:semi-precious-gemstones""]","[""Semi-precious gemstones""]","[""Semi-precious gemstones""]",[],2024-03-19,CL,36.997,curated_alpha_13,0,record_specific_exact_name_search_current_public_state_mbs_index,reviewed_no_current_public_mbs_match,,,,,,,,,,,,,,,,,,,,,,,,,,,withheld_no_public_boundary_document,Exact block-name review found no matching document in the current public Andhra Pradesh MSTC Mine Block Summary index; geometry is withheld without inferring coordinates.,https://www.mstcecommerce.com/auctionhome/mlcl/index.jsp,2026-09-10,False,context_only,State MBS and IBM auction context do not independently verify current operation or present legal status.
IBM-IMYB2024-AUCTION-002,Andhra Pradesh,Addankivaripalem,Iron Ore,"[""element:iron"",""ore:iron-ore""]","[""Iron"",""Iron ore""]","[""iron"",""Iron ore""]","[""Fe""]",2023-07-28,CL,,curated_alpha_13,0,record_specific_exact_name_search_current_public_state_mbs_index,reviewed_no_current_public_mbs_match,,,,,,,,,,,,,,,,,,,,,,,,,,,withheld_no_public_boundary_document,Exact block-name review found no matching document in the current public Andhra Pradesh MSTC Mine Block Summary index; geometry is withheld without inferring coordinates.,https://www.mstcecommerce.com/auctionhome/mlcl/index.jsp,2026-09-10,False,context_only,State MBS and IBM auction context do not independently verify current operation or present legal status.
IBM-IMYB2024-AUCTION-003,Andhra Pradesh,Lakshmakapalle (North),Iron Ore,"[""element:iron"",""ore:iron-ore""]","[""Iron"",""Iron ore""]","[""iron"",""Iron ore""]","[""Fe""]",2023-07-28,CL,,curated_alpha_13,0,record_specific_exact_name_search_current_public_state_mbs_index,reviewed_no_current_public_mbs_match,,,,,,,,,,,,,,,,,,,,,,,,,,,withheld_no_public_boundary_document,Exact block-name review found no matching document in the current public Andhra Pradesh MSTC Mine Block Summary index; geometry is withheld without inferring coordinates.,https://www.mstcecommerce.com/auctionhome/mlcl/index.jsp,2026-09-10,False,context_only,State MBS and IBM auction context do not independently verify current operation or present legal status.
IBM-IMYB2024-AUCTION-004,Andhra Pradesh,Lakshmakapalle (South),Iron Ore,"[""element:iron"",""ore:iron-ore""]","[""Iron"",""Iron ore""]","[""iron"",""Iron ore""]","[""Fe""]",2023-07-28,CL,,curated_alpha_13,0,record_specific_exact_name_search_current_public_state_mbs_index,reviewed_no_current_public_mbs_match,,,,,,,,,,,,,,,,,,,,,,,,,,,withheld_no_public_boundary_document,Exact block-name review found no matching document in the current public Andhra Pradesh MSTC Mine Block Summary index; geometry is withheld without inferring coordinates.,https://www.mstcecommerce.com/auctionhome/mlcl/index.jsp,2026-09-10,False,context_only,State MBS and IBM auction context do not independently verify current operation or present legal status.
IBM-IMYB2024-AUCTION-005,Andhra Pradesh,Mincheri RF,Iron Ore,"[""element:iron"",""ore:iron-ore""]","[""Iron"",""Iron ore""]","[""iron"",""Iron ore""]","[""Fe""]",2024-03-11,CL,1327.0,curated_alpha_13,0,record_specific_exact_name_search_current_public_state_mbs_index,reviewed_no_current_public_mbs_match,,,,,,,,,,,,,,,,,,,,,,,,,,,withheld_no_public_boundary_document,Exact block-name review found no matching document in the current public Andhra Pradesh MSTC Mine Block Summary index; geometry is withheld without inferring coordinates.,https://www.mstcecommerce.com/auctionhome/mlcl/index.jsp,2026-09-10,False,context_only,State MBS and IBM auction context do not independently verify current operation or present legal status.
IBM-IMYB2024-AUCTION-006,Chhattisgarh,North of Arjunda,Glauconite (Potash),"[""group:glauconite-group"",""group:potash""]","[""Glauconite group"",""Potash""]","[""Glauconite group"",""potassium chloride"",""potassium sulfate""]",[],2023-07-04,CL,600.0,curated_alpha_13,2,highest_numeric_mstc_file_id,selected_curated_name_match,9821,Mineral Block Summary for North of Arjunda Glauconite Block dtd 28-04-2023,https://www.mstcecommerce.com/auctionhome/download_docs.jsp?FILE_ID=9821_Mineral_Block_Summary_of+North_of_Arjunda_Glauconite_Block_dtd_28_04_2023.pdf&path=dynamiclinks&portal=mlcl&mdTyp=-,6ec0a239169e76839043eef4b6d91ae9306137a6128130465e56910eef4fe992,208633,4,600.0,0.0,ordered_boundary_vertices,[1],[],G4,0,0.0,"Geological Survey of India, State Unit Chhattisgarh, Behind Ayurvedic College, Pt. Ravishanker Shukla University, Raipur - 492010 (C.G.).",Nil,Glauconite (Potash) and associated mineralization,Resources have not been estimated.,K2O ranges from 0.60% to 7.5% (average 1.88%) in pitting-trenching samples.,,The general trend of bedding plane in Singhora and Chandarpur Groups varies from NNW to NNE and dipping gently (5° -15°) towards southeast to south west and NNW to NS with dip 10°-25° towards north-east respectively.,At some places pitting and trenching was carried out to know the depth persistence of glauconitic sandstone which is assessed to be between 1 to 4m. 6,"Nearest Rail Head Gundardehi. Road Saraipali and Pithora are the major townships near the block area. These towns are connected with all major cities of Central India like Raipur, Jabalpur, Nagpur via metaled state highway Airport Raipur 7",Local Surface Drainage Pattern (Channels) - Rivers/Streams - 8,Mean annual rainfall 1200 mm; December temperature 8 C; June temperature up to 48 C.,"Physiography is represented by plain and cultivated land. Villages and settlements are well scattered throughout the area. Highest elevation is 377m above MSL on Bhaludongar, located in the south east of Bhothaldih village while 257 m above MSL in the nala bed in the east marks the lowest elevation.",admitted_authoritative_source_footprint,"Source-labelled boundary table passed polygon validity, state-centroid and 5% area reconciliation checks.",https://www.mstcecommerce.com/auctionhome/mlcl/index.jsp,2026-09-10,False,context_only,State MBS and IBM auction context do not independently verify current operation or present legal status.
IBM-IMYB2024-AUCTION-007,Chhattisgarh,Saloni Block,Limestone,"[""group:calcium-and-limestone"",""rock:limestone""]","[""Calcium and limestone"",""Limestone""]","[""calcium"",""calcium carbonate"",""Limestone""]",[],2023-09-21,CL,600.0,curated_alpha_13,1,unique_curated_name_match,selected_curated_name_match,10831,Mineral Block Summary of Saloni Limestone Block dated 06-07-2023,https://www.mstcecommerce.com/auctionhome/download_docs.jsp?FILE_ID=10831_Mineral+Block+Summary+of+Saloni+Limestone+Block+dated+06-07-2023.pdf&path=dynamiclinks&portal=mlcl&mdTyp=-,7d84af288ed67bed9a3af7de72f82cfc9ed70e7ac2fd720165a8ad9cc0ae129f,829687,4,670.0,10.447761,ordered_boundary_vertices,[1],"[""ibm_mbs_area_conflict""]",G4,0,0.0,Geological Survey of India,Drilling not carried out.,"Block Sr. No. Features Details 1 Location Block Name Saloni Limestone Block Corner Points (Latitude and Longitude) Sr. No. Latitude Longitude 1 21°43'15.560''N 82°07'13.249''E 2 21°45'0.058''N 82°07'12.512''E 3 21°44'58.316''N 82°08'26.108''E 4 21°43'14.860''N 82°08'25.730''E Village Saloni Tehsil/ Taluka Baloda-Bazar District Baloda-Bazar State Chhattisgarh 2 Area (Square Kilometer, sq.km) Total area of the block 6.70 Sq. Km. Mineralized Area Not available Non-Mineralized Area Not available 3. Exploration Exploration Level G4 Exploration Agency Geological Survey of India Pitting/ Trenching Details Not done Total number of boreholes with meterage Drilling not carried out. Borehole spacing (density) Not applicable 4 Quantity of Minerals (Grade wise) Minerals Limestone",Tentative projected limestone resources are estimated at 43.42 MnT.,wise) Minerals Limestone Total Geological Resources Tentative projected limestone resources are estimated at 43.42 MnT. Grade Cement (Portland) Grade 5,Not available,Not available,Not available 6,"Nearest Rail Head Nearest railway station is Nipania Railway Station is about 17 kms from the block area. Road The area is well connected with Raipur city which is 97 kms away from the Deori village. The State highway is approachable from Baloda Bazar which is situated in the south of the block at about 12 kms Airport Nearest airport is Swami Vivekananad International Airport, Raipur which is situated about 104 kms from the block area. 7","Local Surface Drainage Pattern (Channels) There are two nalas flowing from the block area which are originating from Sonbarsa RF in the south of the block, one nala is flowing through SW corner while other is along the western boundary of the block; both the nalas joins Jamunia Nadi in the north of the block. Small waterbodies are located in the NW part of the block. Rivers/ Streams Jamunia Nadi is about ~ 1.1 kms from the block area. It is flowing from W to E and joins Seonath/ Shivnath river in the E. 8","1223 mm as per IMD, 2021 Temperature (December) 6°C Temperature (June) 46°C 9","The topography of the block area more or less flat , the elevation range is in between 240 m to 250 m from MSL. There are two nalas flowing from the block area which is originating from Sonbarsa RF in the south of the block, one nala is flowing along western boundary of the block while other is from NE corner of the block; both the nalas joins Jamunia Nadi in the north of the block. Small waterbodies are located in the northern part of the block",withheld_source_conflict,IBM publishes 600 ha while the matched MBS publishes 670 ha; geometry withheld pending source reconciliation.,https://www.mstcecommerce.com/auctionhome/mlcl/index.jsp,2026-09-10,False,context_only,State MBS and IBM auction context do not independently verify current operation or present legal status.
IBM-IMYB2024-AUCTION-008,Chhattisgarh,Devri Limestone Block,Limestone,"[""group:calcium-and-limestone"",""rock:limestone""]","[""Calcium and limestone"",""Limestone""]","[""calcium"",""calcium carbonate"",""Limestone""]",[],2023-09-19,CL,630.0,curated_alpha_13,1,unique_curated_name_match,selected_curated_name_match,10828,Mineral Block Summary of Devri Limestone Block dated 06-07-2023,https://www.mstcecommerce.com/auctionhome/download_docs.jsp?FILE_ID=10828_Mineral+Block+Summary+of+Devri+Limestone+Block+dated+06-07-2023.pdf&path=dynamiclinks&portal=mlcl&mdTyp=-,ed3d6521e2db97a5d7b45c7956cf7848445d4fbece6ea6fff3540711c06c59c9,726059,4,630.0,0.0,ordered_boundary_vertices,[1],[],G4,0,0.0,Geological Survey of India,Drilling not carried out.,Limestone,Tentative resource: 51.03 MnT.,Cement (Portland) grade.,Not available,Not available,Not available 6,"Nearest Rail Head Nearest railway station is Nipania Railway Station is about 19 kms from the block area. Road The area is well connected with Raipur city which is 97 kms away from the Deori village. The State highway is approachable from Baloda Bazar which is situated in the south of the block at 12.8 kms Airport Nearest airport is Bilasa Devi Kevat Airport, Bilaspur which is situated about 35 kms from the block area. 7","Local Surface Drainage Pattern (Channels) There are two nalas flowing from the block area which are originating from Sonbarsa RF in the south of the block, one nala is flowing through SW corner while other is along the western boundary of the block; both the nalas joins Jamunia Nadi in the north of the block. Small waterbodies are located in the NW part of the block. Rivers/ Streams Jamunia Nadi is about ~ 1.1 kms from the block area. It is flowing W to E and joins Seonath/ Shivnath river in the E. 8","Mean annual rainfall 1223 mm (IMD, 2021); December temperature 6 C; June temperature 46 C.","The topography of the block area more or less flat , the elevation range is in between 240 m to 250 m from MSL. There are two nalas flowing from the block area which is originating from Sonbarsa RF in the south of the block, one nala is flowing through SW corner while other is along the western boundary of the block; both the nalas joins Jamunia Nadi in the north of the block. Small waterbodies are located in the NW part of the block",admitted_authoritative_source_footprint,"Source-labelled boundary table passed polygon validity, state-centroid and 5% area reconciliation checks.",https://www.mstcecommerce.com/auctionhome/mlcl/index.jsp,2026-09-10,False,context_only,State MBS and IBM auction context do not independently verify current operation or present legal status.
IBM-IMYB2024-AUCTION-009,Chhattisgarh,Kareli Chandi Block,Limestone,"[""group:calcium-and-limestone"",""rock:limestone""]","[""Calcium and limestone"",""Limestone""]","[""calcium"",""calcium carbonate"",""Limestone""]",[],2023-09-20,CL,500.0,curated_alpha_13,1,unique_curated_name_match,selected_curated_name_match,10830,Mineral Block Summary of Kareli-Chandi Limestone Block dated 06-07-2023,https://www.mstcecommerce.com/auctionhome/download_docs.jsp?FILE_ID=10830_Mineral+Block+Summary+of+Kareli-Chandi+Limestone+Block+dated+06-07-2023.pdf&path=dynamiclinks&portal=mlcl&mdTyp=-,b8aba401a5c4945efdbc58922fd812b7ecd71f40f58eacfc8f1df5436db5a29e,1677942,4,500.0,0.0,ordered_boundary_vertices_with_source_error,[1],"[""malformed_latitude_seconds_points_F_G""]",G4,0,0.0,Geological Survey of India,Nil In the adjacent Mohrenga-Kandai Blcok: BH drilled: 35 Meterage: 2065.05 m BH grid spacing: 400 m X 400 m,"Block Part A- General Information About Mineral Block Sl. No. Features Details 1. Location Mineral Block Kareli-Chandi II Limestone Block Corner Points (Latitude & Longitude) Point ID Longitude Latitude A 81°26'50.400"" E 21°26'16.000"" N B 81° 26' 50.412"" E 21° 26' 46.278"" N C 81° 27' 30.354"" E 21° 26' 46.253"" N D 81° 27' 31.000"" E 21° 27' 14.147"" N E 81° 26' 50.400"" E 21° 27' 14.389"" N F 81°26'50.400"" E 21°27'34.4.00"" N G 81°28'16.500"" E 21°27'34.4.00"" N H 81°28'16.500"" E 21°26'16.000"" N Village Kareli, Chandi Tehsil/Taluka Dhamdha, Berla District Bemetara & Durg State Chhattisgarh 2. Area (Hectares, Ha) 500.000 Ha. (5.000 sq. km.) Mineralised Area - Non-Mineralised Area - 3. Exploration Status G4 Exploration Agency Geological Survey of India Pitting/ Trenching Details Nil Total Number of Boreholes with meterage Nil In the adjacent Mohrenga-Kandai Blcok: BH drilled: 35 Meterage: 2065.05 m BH grid spacing: 400 m X 400 m Borehole Spacing (Density) Nil 4 Quantity of Minerals (Grade-wise) Minerals Limestone",Cement (Blendable/Beneficiable ) Limestone (38% - 44%): 60.40 MT Blendable,wise) Minerals Limestone Total Geological Resources (Reserves) Cement (Blendable/Beneficiable ) Limestone (38% - 44%): 60.40 MT Blendable Grade Limestone (34% - 38%): 219.69 MT Total Geological Resources - 280.09 MT Grade Cement (Blendable/Beneficiable) Limestone (38% - 44%): CaO 39.50% & MgO 2.16% Blendable Grade Limestone (34% - 38%): CaO 35.67% & MgO 2.15% Sl. No. Features Details 5,,The general strike of the sub-horizontally bedded limestone is towards east-west to NW-SE with low dips 2° to 5° towards north.,6,"Nearest Rail Head Raipur (45 km from the study area) Road The study area comprises of two villages namely Kareli and Chandi and is situated 45 km north-west of Raipur and it is well connected by metalled and fair-weather roads. The area is located in the NE of Rajnandgaon and NNE of Durg district and is well connected with both cities by metall ed roads. The area is easily accessible by jeepable roads. Dhamdha, Ahiwara, Nandinigram, Kedamara, Gorhi etc. are the main localities of this area. Airport Raipur (60 Km.) 7","Local Surface Drainage Pattern (Channels) The drainage of the area forms part of the Shivnath basin which is a sub basin of Mahanadi basin. Shivnath basin flows in the western part from south to north. The major rivers of the area are the Samodanala, Sonb arsa River and Amner River which are the main tributaries of the Shivnath basin. Rivers/Streams - 8",1200 mm to 1500 mm Temperatures (December - January) Temperatures (March - June) down up to 10°C up to 46°C 9,"The area is flat cultivated land with average height of 290 m above msl. The highest elevation is 301m above msl in west of Kareli village and lowest elevation is 289 m above MSL north of Kareli village. The river course mainly follows joint pattern. The common physiographic features are bad land topography, sink holes and dolines.",withheld_source_conflict,The matched MBS prints malformed latitude seconds for points F and G ('34.4.00'); geometry withheld rather than corrected by inference.,https://www.mstcecommerce.com/auctionhome/mlcl/index.jsp,2026-09-10,False,context_only,State MBS and IBM auction context do not independently verify current operation or present legal status.
IBM-IMYB2024-AUCTION-010,Chhattisgarh,Giroud Uprani Block,Glauconite,"[""group:glauconite-group""]","[""Glauconite group""]","[""Glauconite group""]",[],2023-09-27,CL,,curated_alpha_13,2,highest_numeric_mstc_file_id,selected_curated_name_match,10829,Mineral Block Summary of Giroud-Uprani Block dated 06-07-2023,https://www.mstcecommerce.com/auctionhome/download_docs.jsp?FILE_ID=10829_Mineral+Block+Summary+of+Giroud-Uprani+Block+dated+06-07-2023.pdf&path=dynamiclinks&portal=mlcl&mdTyp=-,0809a4c90696d4098f19f91a3246acd6b242293e1a6a6f3af9a63a49a4e1e650,233938,4,2400.0,,ordered_boundary_vertices,[1],[],G4,0,0.0,"Geological Survey of India, State Unit Chhattisgarh, Behind Ayurvedic College, Pt. Ravishanker Shukla University, Raipur - 492010 (C.G.).",Nil,Glauconite (Potash) and associated mineralization,Resources have not been estimated.,K2O ranges from 0.20% to 5.08% in pitting-trenching samples; EPMA values reach 8.26 wt% in altered glauconite.,,"Glauconite in the study area is present as an important mineral in quartz arenite. General strike of the glauconitic sandstone is E-W to ENE-WSW, dipping 5 to 7° towards North.","The glauconitic sandstone extends in ENE-WSW trend with approximate width varying from 0.35 Km to a maximum of 4.5 Km. It shows glauconites of various sizes (0.5mm to 2mm) and shapes (spherical, sub-spherical, cubic, mainly elliptical), color of glauconite grains varies from pale green to green 6",Nearest Rail Head Bagbahra Road District headquarter Baloda Bazar is 65 Km away from the block area Airport Raipur 7,"Local Surface Drainage Pattern (Channels) The lower order nalas exhibit parallel, dendritic drainage pattern being coarse textured in the east to medium textured in the west. All the nalas in this area are seasonal. Rivers/Streams The area is drained by Jonk River and its tributaries and distributaries. Jonk flows from south-east to north- west in the western part of the study area 8",Mean annual rainfall 1200-1500 mm; December temperature 8 C; June temperature up to 46 C.,The general elevation of the area varies from 362 m to 238 m above MSL. Highest point within the block (362 m above MSL) is in the southern part of the block. It is part of the Gindola Reserved Forest hill system. The lowest point within the block (238 m above msl) is in the Jonk riverbed in the north -western part of the block.,admitted_authoritative_source_footprint,"Source-labelled boundary table passed polygon validity, state-centroid and 5% area reconciliation checks.",https://www.mstcecommerce.com/auctionhome/mlcl/index.jsp,2026-09-10,False,context_only,State MBS and IBM auction context do not independently verify current operation or present legal status.
IBM-IMYB2024-AUCTION-011,Chhattisgarh,Tumrisur Garda II,Gold,"[""element:gold""]","[""Gold""]","[""gold""]","[""Au""]",2023-12-20,CL,240.0,curated_alpha_13,1,unique_curated_name_match,selected_curated_name_match,10832,Mineral Block Summary of Tumrisur-Garda II Gold Block dated 06-07-2023,https://www.mstcecommerce.com/auctionhome/download_docs.jsp?FILE_ID=10832_Mineral+Block+Summary+of+Tumrisur-Garda+II+Gold+Block+dated+06-07-2023.pdf&path=dynamiclinks&portal=mlcl&mdTyp=-,d44c1965659a39b7551469398126fc13ba6887338a02f1c5de9717789183819c,1822257,4,240.0,0.0,ordered_boundary_vertices,[1],[],G4,0,0.0,Geological Survey of India,Nil,Gold,Nil.,"0.55-0.73 ppm Au in trench samples, with isolated high values of 1.2 ppm Au.",One (strike length of 13 m with width varying from 7 m to 13 m),"In the altered mafic rocks , foliation trends in N15°W direction with subvertical easterly dip. One quartz vein of 1 m thickness and 10 m length, trending in N -S direction intrudes purple coloured altered mafic rock. In Bailadila group , the bedding in BIF trends in NNW -SSE direction with steep dip towards east. Banded Chert trends in N-S direction with steep dip towards east. The mafic volcanics are highly altered and have a general trend of N -S to NNE -SSW with intermediate easterly dip. Foliation trend in meta basalt is N15°W/S15°E direction with subvertical easterly dip. Two NW -SE trending mafic dykes Sl. No. Features Details are exposed in the northern part of the mapped area. Vein quartz trend in NW -SE, N-S and NE- SW directions.",6,"Nearest Rail Head Dalli-Rajhara (60 km from the study area) Road Bhuski village is located 34 km away from Bhanupratappur, the tehsil headquarters in SSW direction. It can be approached by Bhanupratappur- Pakhanjore Road. Durgokondal the block headquarter is located 8 km east of Bhuski village and is approachable by the same road mentioned above. Garda village is located around 5 km NNE of Bhuski village and can be approached by forest road only. Tumrisur village is located around 8 k m NNE of village Bhuski and is approachable by fair weathered road and forest road. Airport Raipur (300 Km.) 7","Local Surface Drainage Pattern (Channels) The westerly flowing Kotri river with its 1st, 2nd, 3rd order tributaries constitutes the main drainage system of the area. Rivers/Streams - 8",Mean annual rainfall around 140 cm; December-January temperature down to 10 C; May-June temperature up to 45 C.,"The area is moderate to thickly forested under classified protected forest. The maximum elevation is about 646 m and minimum is 335 m above MSL. The northern part of the study area is occupied by north -south trending linear hills, occupied by BIF.",admitted_authoritative_source_footprint,"Source-labelled boundary table passed polygon validity, state-centroid and 5% area reconciliation checks.",https://www.mstcecommerce.com/auctionhome/mlcl/index.jsp,2026-09-10,False,context_only,State MBS and IBM auction context do not independently verify current operation or present legal status.
IBM-IMYB2024-AUCTION-012,Gujarat,Mevasa Block-1,Bauxite (Aluminous Laterite) and Laterite (minor mineral),"[""element:aluminium"",""ore:bauxite"",""ore:aluminous-laterite"",""rock:laterite""]","[""Aluminium"",""Bauxite"",""Aluminous laterite"",""Laterite""]","[""aluminium"",""Bauxite"",""Aluminous laterite"",""Laterite""]","[""Al""]",2023-07-18,ML,5.99,curated_alpha_13,1,unique_curated_name_match,selected_curated_name_match,8880,Mevasa Block-1 Summary,https://www.mstcecommerce.com/auctionhome/download_docs.jsp?FILE_ID=8880_Mevasa Block-1.pdf&path=dynamiclinks&portal=mlcl&mdTyp=-,785c8ebab24f24cdecb29a845d9f1f37bc8dea7157bbeae69b8a9c1dd5a28831,627221,4,5.9933,0.055061,ordered_boundary_vertices,[2],[],G2,2,89.0,"M. K. Soil Testing Laboratory, Ahmedabad.",2 boreholes with cumulative meterage of 89.00 m (40 m and 49 m).,"Laterite and aluminous laterite (bauxite), described as cement grade.","Indicated resource (332): 2,357,197 tonnes aluminous laterite (bauxite) and 2,776,165 tonnes laterite.","Aluminous laterite (bauxite): 25.75% Al2O3, 37.73% SiO2 and 16.29% Fe2O3; laterite: 16.66% Al2O3, 50.32% SiO2 and 15.22% Fe2O3.",Aluminous laterite (bauxite) and laterite.,Horizontal bedded.,Average thickness 18.18 m for aluminous laterite (bauxite) and 19.44 m for laterite.,Bhatiya Railway Station 16.73 km; State Highway 6 at 8.37 km; Porbandar Airport 75.36 km.,Dendritic drainage; seasonal tributaries.,"Mean annual rainfall 2,594 mm; December temperature 10.6-25.2 C; June temperature 29.6-41.7 C.",Flat terrain; Survey of India toposheet 41 F/08.,admitted_authoritative_source_footprint,"Source-labelled boundary table passed polygon validity, state-centroid and 5% area reconciliation checks.",https://www.mstcecommerce.com/auctionhome/mlcl/index.jsp,2026-09-10,False,context_only,State MBS and IBM auction context do not independently verify current operation or present legal status.
IBM-IMYB2024-AUCTION-013,Gujarat,Mevasa Block,"Bauxite, and Marl","[""element:aluminium"",""ore:bauxite"",""rock:marl""]","[""Aluminium"",""Bauxite"",""Marl""]","[""aluminium"",""Bauxite"",""Marl""]","[""Al""]",2023-07-18,ML,5.53,curated_alpha_13,1,unique_curated_name_match,selected_curated_name_match,8879,Mevasa Block Summary,https://www.mstcecommerce.com/auctionhome/download_docs.jsp?FILE_ID=8879_Mevasa Block.pdf&path=dynamiclinks&portal=mlcl&mdTyp=-,5bf26dff88d005fb55f0eccfc97059ff3dbb73a99a07475cd339b403c7762fc4,510136,4,5.532,0.036153,ordered_boundary_vertices,[4],[],G2,5,134.0,Vinayak Engimech Pvt. Ltd.,5 boreholes with cumulative meterage of 134.00 m.,Bauxite and marl.,"Indicated resource (332): 217,740.12 tonnes bauxite; 1,692,208.95 tonnes aluminous laterite (major mineral); 88,575.98 tonnes marl.",Bauxite: 44.64% Al2O3 and 6.15% SiO2; aluminous laterite: 39.10% Al2O3 and 16.57% SiO2; marl: 30.50% CaO and 2.10% MgO.,Bauxite and marl.,Not stated in the MBS.,"Average thickness 1.20 m bauxite, 12.07 m aluminous laterite and 0.49 m marl.",Bhatiya Railway Station approximately 22 km; Gujarat State Highways 29 and 6; Jamnagar Airport approximately 92 km.,Dendritic drainage; seasonal tributaries.,Mean annual rainfall 580.60 mm; temperature 15-42 C.,Undulatory terrain with small hillocks; Survey of India toposheets 41F/6 and 41F/7.,admitted_authoritative_source_footprint,"Source-labelled boundary table passed polygon validity, state-centroid and 5% area reconciliation checks.",https://www.mstcecommerce.com/auctionhome/mlcl/index.jsp,2026-09-10,False,context_only,State MBS and IBM auction context do not independently verify current operation or present legal status.
IBM-IMYB2024-AUCTION-014,Gujarat,Kukaras block (Private),Limestone and Marl,"[""group:calcium-and-limestone"",""rock:limestone"",""rock:marl""]","[""Calcium and limestone"",""Limestone"",""Marl""]","[""calcium"",""calcium carbonate"",""Limestone"",""Marl""]",[],2023-07-18,ML,29.17,curated_alpha_13,1,unique_curated_name_match,selected_curated_name_match,8883,Kukaras Block Summary,https://www.mstcecommerce.com/auctionhome/download_docs.jsp?FILE_ID=8883_Kukaras Block.pdf&path=dynamiclinks&portal=mlcl&mdTyp=-,39c652b74aa41a3803e15396028ae7582f2a69b0bc55053fe43d840d7aad30cb,540793,4,29.1681,0.006514,ordered_boundary_vertices,[3],[],G2,7,488.0,Vinayak Engimech Pvt. Ltd.,7 boreholes with cumulative meterage of 488.00 m.,Limestone and marl.,"Indicated resource (332): 7,138,102.29 tonnes cement-grade limestone, 1,868,408.99 tonnes limestone and 1,164,058.58 tonnes marl.",Cement-grade limestone: 44.74% CaO and 0.53% MgO; limestone: 37.86% CaO and 1.13% MgO; marl: 30.34% CaO and 1.00% MgO.,Limestone and marl.,Not stated in the MBS.,"Average thickness 9.15 m cement-grade limestone, 2.72 m limestone and 1.49 m marl.",Veraval Junction Railway Station; NH-8D; Diu Airport; Veraval (Mangrol) seaport.,Sub-dendritic drainage; seasonal tributaries.,"Mean annual rainfall 1,135.75 mm; December temperature 11-28 C; June temperature 28-42 C.",Flat terrain with small undulations; Survey of India toposheets 41L/9 and 41L/10.,admitted_authoritative_source_footprint,"Source-labelled boundary table passed polygon validity, state-centroid and 5% area reconciliation checks.",https://www.mstcecommerce.com/auctionhome/mlcl/index.jsp,2026-09-10,False,context_only,State MBS and IBM auction context do not independently verify current operation or present legal status.
IBM-IMYB2024-AUCTION-015,Gujarat,Nandana Block,Bauxite Limestone and Marl,"[""element:aluminium"",""ore:bauxite"",""group:calcium-and-limestone"",""rock:limestone"",""rock:marl""]","[""Aluminium"",""Bauxite"",""Calcium and limestone"",""Limestone"",""Marl""]","[""aluminium"",""Bauxite"",""calcium"",""calcium carbonate"",""Limestone"",""Marl""]","[""Al""]",2023-07-19,ML,29.17,curated_alpha_13,1,unique_curated_name_match,selected_curated_name_match,8877,Nandana Block Summary,https://www.mstcecommerce.com/auctionhome/download_docs.jsp?FILE_ID=8877_Nandana Block.pdf&path=dynamiclinks&portal=mlcl&mdTyp=-,142b821c3bf3f355ae3661d64534f253f14e39d801dd05ab026c0e8efd3025ed,523298,5,5.3152,448.803432,ordered_boundary_vertices_with_source_error,"[4, 5]","[""longitude_outlier_bp5"", ""ibm_mbs_area_conflict""]",G2,3,71.0,Vinayak Engimech Pvt. Ltd.,3 boreholes with cumulative meterage of 71.00 m.,"Bauxite, limestone and marl.","Indicated resource (332): 145,744.93 tonnes bauxite; 1,346,321.34 tonnes aluminous laterite; 100,403.06 tonnes cement-grade limestone; 16,196.50 tonnes limestone; 69,015.48 tonnes marl.",Bauxite: 45.29% Al2O3 and 6.71% SiO2; aluminous laterite: 38.02% Al2O3 and 18.41% SiO2; cement-grade limestone: 46.43% CaO and 0.30% MgO; limestone: 35.00% CaO and 0.32% MgO; marl: 32.38% CaO and 0.33% MgO.,"Bauxite, limestone and marl.",Not stated in the MBS.,"Average thickness 1.32 m bauxite, 9.42 with no unit printed for aluminous laterite, 1.60 m cement-grade limestone, 0.58 m limestone and 0.93 m marl.",Bhatiya Railway Station approximately 8 km; Gujarat State Highway 29; Porbandar Airport approximately 86 km.,Dendritic drainage; seasonal tributaries.,Mean annual rainfall 580.60 mm; temperature 15-42 C.,Undulatory terrain with small hillocks; Survey of India toposheet 41F/8.,withheld_source_conflict,"The MBS boundary table prints BP-5 at 69 degrees 18 minutes 51.72 seconds E among vertices near 69 degrees 15-16 minutes E, creating an invalid polygon; IBM also publishes 29.17 ha while the MBS publishes 5.3152 ha. Geometry withheld rather than correcting either source by inference.",https://www.mstcecommerce.com/auctionhome/mlcl/index.jsp,2026-09-10,False,context_only,State MBS and IBM auction context do not independently verify current operation or present legal status.
IBM-IMYB2024-AUCTION-016,Gujarat,Kodidra Block,Limestone and Marl,"[""group:calcium-and-limestone"",""rock:limestone"",""rock:marl""]","[""Calcium and limestone"",""Limestone"",""Marl""]","[""calcium"",""calcium carbonate"",""Limestone"",""Marl""]",[],2023-07-19,ML,29.17,curated_alpha_13,1,unique_curated_name_match,selected_curated_name_match,8882,Kodidara Block Summary,https://www.mstcecommerce.com/auctionhome/download_docs.jsp?FILE_ID=8882_kodidra Block.pdf&path=dynamiclinks&portal=mlcl&mdTyp=-,8dd8bd63ce9e8a578b7c468a2099ecb1b9d3307c1eabb20c820832d761ea4971,541270,4,41.3186,29.402255,ordered_boundary_vertices,[3],"[""ibm_mbs_area_conflict""]",G2,11,352.5,Vinayak Engimech Pvt. Ltd.,11 boreholes with cumulative meterage of 352.50 m.,Limestone and marl.,"Indicated resource (332): 3,364,189.08 tonnes cement-grade limestone, 1,498,679.45 tonnes limestone and 883,236.77 tonnes marl.",Cement-grade limestone: 45.47% CaO and 0.26% MgO; limestone: 37.50% CaO and 0.39% MgO; marl: 29.63% CaO and 0.46% MgO.,Limestone and marl.,Not stated in the MBS.,"Average thickness 3.04 m cement-grade limestone, 1.42 m limestone and 0.82 m marl.",Veraval Junction Railway Station; NH-8D; Diu Airport; Veraval (Mangrol) seaport.,Sub-dendritic drainage; seasonal tributaries.,"Mean annual rainfall 1,135.75 mm; December temperature 11-28 C; June temperature 28-42 C.",Flat terrain with small undulations; Survey of India toposheets 41L/9 and 41L/10.,withheld_source_conflict,IBM publishes 29.17 ha while the matched MBS publishes 41.3186 ha; geometry withheld pending source reconciliation.,https://www.mstcecommerce.com/auctionhome/mlcl/index.jsp,2026-09-10,False,context_only,State MBS and IBM auction context do not independently verify current operation or present legal status.
IBM-IMYB2024-AUCTION-017,Gujarat,Virpur Lusari Block,"Bauxite (Aluminous Laterite), Limestone and Marl","[""element:aluminium"",""ore:bauxite"",""ore:aluminous-laterite"",""rock:laterite"",""group:calcium-and-limestone"",""rock:limestone"",""rock:marl""]","[""Aluminium"",""Bauxite"",""Aluminous laterite"",""Laterite"",""Calcium and limestone"",""Limestone"",""Marl""]","[""aluminium"",""Bauxite"",""Aluminous laterite"",""Laterite"",""calcium"",""calcium carbonate"",""Limestone"",""Marl""]","[""Al""]",2023-07-21,ML,29.17,curated_alpha_13,1,unique_curated_name_match,selected_curated_name_match,8881,Virpur-Lusari Block Summary,https://www.mstcecommerce.com/auctionhome/download_docs.jsp?FILE_ID=8881_Virpur-Lusari.pdf&path=dynamiclinks&portal=mlcl&mdTyp=-,dc22d74b1e9da0f27bbe9c6e2827074104cbf510fed3ba5c3c8e7f0257b5716b,520283,5,6.2265,368.48149,ordered_boundary_vertices,"[4, 5]","[""ibm_mbs_area_conflict""]",G2,4,131.0,Vinayak Engimech Pvt. Ltd.,4 boreholes with cumulative meterage of 131.00 m.,"Bauxite (aluminous laterite), limestone and marl.","Indicated resource (332): 750,960.61 tonnes aluminous laterite, 108,236.81 tonnes cement-grade limestone, 35,340.09 tonnes limestone and 17,549.12 tonnes marl.",Aluminous laterite: 38.03% Al2O3 and 27.15% SiO2; cement-grade limestone: 42.96% CaO and 1.13% MgO; limestone: 37.78% CaO and 0.74% MgO; marl: 28.34% CaO and 1.91% MgO.,"Bauxite (aluminous laterite), limestone and marl.",Not stated in the MBS.,"Average thickness 4.63 m aluminous laterite, 0.65 m cement-grade limestone, 0.27 m limestone and 0.22 m marl.",Bhatiya Railway Station approximately 22 km; Gujarat State Highway 29; Jamnagar Airport approximately 92 km.,Dendritic drainage; seasonal tributaries.,Mean annual rainfall 580.60 mm; temperature 15-42 C.,Undulatory terrain with small hillocks; Survey of India toposheets 42J/7 and 42J/8.,withheld_source_conflict,IBM publishes 29.17 ha while the matched MBS publishes 6.2265 ha; geometry withheld pending source reconciliation.,https://www.mstcecommerce.com/auctionhome/mlcl/index.jsp,2026-09-10,False,context_only,State MBS and IBM auction context do not independently verify current operation or present legal status.
IBM-IMYB2024-AUCTION-018,Jharkhand,Chiropat Bauxite Block/Gumla&Lohardaga,Bauxite,"[""element:aluminium"",""ore:bauxite""]","[""Aluminium"",""Bauxite""]","[""aluminium"",""Bauxite""]","[""Al""]",2023-04-20,ML,63.0,curated_alpha_13,2,highest_numeric_mstc_file_id,selected_curated_name_match,8605,Chiropat Bauxite_Mine Block Summary,https://www.mstcecommerce.com/auctionhome/download_docs.jsp?FILE_ID=8605_ChiropatBauxite_Block+Summary.pdf&path=dynamiclinks&portal=mlcl&mdTyp=-,a93135db095861e4641285a2058d35404553fb5c8c5096c62c9b8dca7f304b53,826173,5,63.0,0.0,ordered_boundary_vertices_with_source_error,"[1, 2, 3, 4]","[""latitude_hemisphere_printed_E_points_J3_K""]",G2,20,15.25,"Directorate of Geology, Department of Mines and Geology, Jharkhand.",20 boreholes; total meterage printed as 15.25 m.,Bauxite,4.412454 million tonnes of bauxite.,Average 40.02% Al2O3 and 4.91% SiO2.,,,Variable 6,"Nearest Rail Head The nearest railway station is Lohardaga which is about 90 kms east of the area. Road The distance from Lohardaga to Ranchi, the state capital is 75 km, connected by an all-weather metalled road. Airport Ranchi 7","Local Surface Drainage Pattern (Channels) There is no major source of perennial water in the area. Although the area is drained by several perennial nalas like Nindi-Kachki Nalas flowing in western direction to the Chiropat. Tuimu Nadi flowing in east direction is the major source of water, but it dries in summer season. 8",Mean annual rainfall 1800-2000 mm; minimum temperature 14 C; maximum temperature 38.2 C.,Undulatory terrain; altitude varies across the area.,withheld_source_conflict,The MBS latitude column prints an E hemisphere at boundary points J3 and K; geometry withheld rather than corrected to N by inference.,https://www.mstcecommerce.com/auctionhome/mlcl/index.jsp,2026-09-10,False,context_only,State MBS and IBM auction context do not independently verify current operation or present legal status.
IBM-IMYB2024-AUCTION-019,Jharkhand,Baraiburu - Tatiba Iron and Manganese Ore Block,Iron and Manganese Ore,"[""element:iron"",""ore:iron-ore"",""element:manganese""]","[""Iron"",""Iron ore"",""Manganese""]","[""iron"",""Iron ore"",""manganese""]","[""Fe"",""Mn""]",2023-08-18,CL,258.99,curated_alpha_13,1,unique_curated_name_match,selected_curated_name_match,9981,Baraiburu - Tatiba Iron and Manganese Ore Block MINE BLOCK SUMMARY,https://www.mstcecommerce.com/auctionhome/download_docs.jsp?FILE_ID=9981_Block+Summary_Baraiburu-Tatiba_28.04.2023.pdf&path=dynamiclinks&portal=mlcl&mdTyp=-,1b6ac2c054e0e4e4664f5f08373d9a2d876534f8eaa2cf4d2a67eaa9a7c2c98c,92983,3,258.98968,0.000124,bounding_extents_only,[1],"[""no_ordered_boundary_vertices""]",G2; G4,22,2488.7,"Ex-lessee M/s Rameshwara Jute Mills Ltd.; reassessed by Directorate of Geology, Jharkhand.","22 boreholes with cumulative meterage of 2,488.7 m.",Iron and manganese ores,"Iron ore: 32.230 million tonnes at G2 plus 45.6238 million tonnes at G4; manganese ore: 1.524 million tonnes at G2 plus 2.089 million tonnes at G4, as at 2020-04-01 after production deduction.",Iron ore average 55.68% Fe; manganese average above 20% and below 25% Mn.,,,Variable 6,Nearest Rail Head The nearest railway station is Barajamda on Barbil -Gua branch of South Eastern Railway which is situated at a distance of 12 km from this mineral block. Road The lease area is located at a distance of 12 km from Barajamda through State Highway-51 (Barajamda-Kiriburu road). Airport Ranchi 7,Local Surface Drainage Pattern (Channels) Karo River following SW-NE is the main drainage system in the area which is situated at about 3 kms east of the area. 8,Mean annual rainfall 200 cm; minimum temperature 3-4 C; maximum temperature 45 C.,Undulatory terrain; altitude ranges from 443 m to 681 m.,withheld_insufficient_coordinate_detail,The MBS publishes latitude/longitude extents but no ordered boundary vertices; no concession polygon is inferred from the bounding rectangle.,https://www.mstcecommerce.com/auctionhome/mlcl/index.jsp,2026-09-10,False,context_only,State MBS and IBM auction context do not independently verify current operation or present legal status.
IBM-IMYB2024-AUCTION-020,Jharkhand,Meralgara-Barabaljori Iron Ore Block,Iron Ore Block,"[""element:iron"",""ore:iron-ore""]","[""Iron"",""Iron ore""]","[""iron"",""Iron ore""]","[""Fe""]",2023-08-10,ML,115.22,curated_alpha_13,1,unique_curated_name_match,selected_curated_name_match,9985,MERALGARA BARABALJORI IRON ORE BLOCK MINE BLOCK SUMMARY,https://www.mstcecommerce.com/auctionhome/download_docs.jsp?FILE_ID=9985_Block+Summary_Meralgara.pdf&path=dynamiclinks&portal=mlcl&mdTyp=-,d8dee9bf3f52cf24bb4f7d70d91a6bcffac4847d0f2983406edae36cabd70d77,196057,3,115.22,0.0,bounding_extents_only,[1],"[""no_ordered_boundary_vertices""]",G1; G4,378,21102.75,"Ex-lessee M/s Rungta Mines Ltd.; reassessed by Directorate of Geology, Jharkhand.","378 boreholes with cumulative meterage of 21,102.75 m.",Iron ore,"640,319.08 tonnes: 469,595.42 tonnes in UNFC 331 and 170,723.66 tonnes in UNFC 334.",Average 54.77% Fe at 45% Fe cut-off; 63.50% production/dispatch-derived average used for VER calculation.,,,Variable 6,"Nearest Rail Head The nearest railway station is Barajamda which is about 7 kms east of the area. Road The nearest important public road from the lease area is Hatgamariya -Gua- colebira state highway, which is situated at a distance of 4km from the lease. Airport Ranchi 7",Local Surface Drainage Pattern (Channels) Karo River following NE-SW is the main drainage system in the area which is situated at about 4km west of the area. 8,Annual rainfall printed as a 65-225 cm range; minimum temperature 4.8 C; maximum temperature 47 C.,Undulatory terrain.,withheld_insufficient_coordinate_detail,The MBS publishes latitude/longitude extents but no ordered boundary vertices; no concession polygon is inferred from the bounding rectangle.,https://www.mstcecommerce.com/auctionhome/mlcl/index.jsp,2026-09-10,False,context_only,State MBS and IBM auction context do not independently verify current operation or present legal status.
IBM-IMYB2024-AUCTION-021,Karnataka,"Block No. 04, HRG",Iron Ore,"[""element:iron"",""ore:iron-ore""]","[""Iron"",""Iron ore""]","[""iron"",""Iron ore""]","[""Fe""]",2023-07-24,ML,40.04,curated_alpha_13,2,highest_numeric_mstc_file_id,selected_curated_name_match,9324,"Summary of mine block - Block No.4, HRG",https://www.mstcecommerce.com/auctionhome/download_docs.jsp?FILE_ID=9324_Summary_of_mine_block.pdf&path=dynamiclinks&portal=mlcl&mdTyp=-,841eead6506c2bbca039bf18d110e708d17ee76a5e08563ab753b0d655cb5c1b,567602,3,40.04,0.0,ordered_boundary_vertices,[1],[],G3,16,727.0,"KIOCL, based on erstwhile-lessee exploration data for 32.00 ha.","16 core boreholes with cumulative meterage of 727.00 m, drilled by the erstwhile lessee in 32.00 ha.",Iron ore and banded hematite quartzite (BHQ),5.32 million tonnes of iron ore.,Average 64.66% Fe.,"One band, flanked by shale on either side.",N35W-S35E strike with steep 75-80 degree dips toward ENE.,Refer to the Geological Report.,"Ranjithpura Railway Station; 15 km from Sandur and 60 km from Ballari; Vidyanagar Airport, Toranagallu.",Dendritic drainage; Tungabhadra River and Narihalla stream.,Mean annual rainfall 40-80 cm; December temperature 21-26 C; June temperature 24-29 C.,"Undulating, hilly terrain.",admitted_authoritative_source_footprint,"Source-labelled boundary table passed polygon validity, state-centroid and 5% area reconciliation checks.",https://www.mstcecommerce.com/auctionhome/mlcl/index.jsp,2026-09-10,False,context_only,State MBS and IBM auction context do not independently verify current operation or present legal status.
IBM-IMYB2024-AUCTION-022,Karnataka,Thimmanahalli Gold block,Gold,"[""element:gold""]","[""Gold""]","[""gold""]","[""Au""]",2023-08-21,CL,,curated_alpha_13,2,highest_numeric_mstc_file_id,selected_curated_name_match,9170,Summary of mine block Timmanahalli 2nd attempt,https://www.mstcecommerce.com/auctionhome/download_docs.jsp?FILE_ID=9170_Summary_Timmanahalli_17032023.pdf&path=dynamiclinks&portal=mlcl&mdTyp=-,2ed2e40e193b68b47909682a67793c1a87ce784a9edfea2f9fd520ac929f18f9,358990,4,2000.0,,ordered_boundary_vertices_with_source_error,[1],"[""latitude_seconds_point_C_printed_as_60""]",G4,0,0.0,Geological Survey of India.,Nil.,Gold,Resources have not been estimated at G4 level.,Two sampled zones: 0.076 g/t Au over 4 m and 0.95 g/t over 1 m; 0.3 g/t over 1 m and 0.59 g/t over 5 m.,Two 100 m mineralized zones in the westernmost and easternmost BIF units.,N10W-S10E to N50W-S50E; moderate to steep dips east or west.,Not applicable.,Tumkur Railway Station; Bangalore-Hosadurga National Highway via Chiknayakanahalli and NH-69; Bengaluru Airport.,Dendritic drainage; Borankanave reservoir is near the block and a canal crosses its northeastern corner.,Mean annual rainfall 458 mm; April temperature 30.2 C; December temperature 22.7 C.,"Undulating, rugged terrain.",withheld_source_conflict,The MBS prints 60.00 seconds in the latitude of point C; geometry withheld rather than normalizing the malformed coordinate by inference.,https://www.mstcecommerce.com/auctionhome/mlcl/index.jsp,2026-09-10,False,context_only,State MBS and IBM auction context do not independently verify current operation or present legal status.
IBM-IMYB2024-AUCTION-023,Karnataka,Jaisinghpura North Block,Iron Ore,"[""element:iron"",""ore:iron-ore""]","[""Iron"",""Iron ore""]","[""iron"",""Iron ore""]","[""Fe""]",2023-08-21,ML,298.59,curated_alpha_13,1,unique_curated_name_match,selected_curated_name_match,10084,Summary of mine block - Jaisinghpura North Iron Ore,https://www.mstcecommerce.com/auctionhome/download_docs.jsp?FILE_ID=10084_Summary_minebl_JaisingpuraNorth (1).pdf&path=dynamiclinks&portal=mlcl&mdTyp=-,971fce43e6fbdc915aa03aca1e823c736c9f00f789c654685cc3b488580a49b8,561446,3,298.59,0.0,ordered_boundary_vertices,[1],[],G3,61,3956.3,Mineral Exploration and Consultancy Limited (MECL).,"61 boreholes (37 core and 24 reverse-circulation) with cumulative meterage of 3,956.30 m; 40 by MECL and 21 by erstwhile lessees.",Iron ore,"17.66 million tonnes total: 9.89 million tonnes massive, 5.64 million tonnes laminated, and 2.13 million tonnes siliceous iron ore.",Massive iron ore averages 66.61% Fe; laminated 56.56% Fe; siliceous 40.57% Fe.,"Three prominent, approximately parallel BIF reefs trending northwest-southeast.",Northwest-southeast strike with 65-85 degree dips toward southwest.,Refer to the Geological Report.,"Ingaligi Railway Station; 20 km from Hosapete and Sandur and 75 km from Ballari; Vidyanagar Airport, Toranagallu.",Dendritic drainage; Tungabhadra River and Narihalla stream.,Mean annual rainfall 40-80 cm; December temperature 21-26 C; June temperature 24-29 C.,"Undulating, hilly terrain.",admitted_authoritative_source_footprint,"Source-labelled boundary table passed polygon validity, state-centroid and 5% area reconciliation checks.",https://www.mstcecommerce.com/auctionhome/mlcl/index.jsp,2026-09-10,False,context_only,State MBS and IBM auction context do not independently verify current operation or present legal status.
IBM-IMYB2024-AUCTION-024,Karnataka,Basavanagudda,Gold,"[""element:gold""]","[""Gold""]","[""gold""]","[""Au""]",2023-08-21,CL,2501.9,curated_alpha_13,2,highest_numeric_mstc_file_id,selected_curated_name_match,8522,Summary of mine block Basavangudda Block_2nd attempt,https://www.mstcecommerce.com/auctionhome/download_docs.jsp?FILE_ID=8522_Summary of mine block - Basavangudda Block.pdf&path=dynamiclinks&portal=mlcl&mdTyp=-,82dd134d6418b02617224da6b79d22f47ded811556f13be69614542d1c1cefda,451350,4,2501.9,0.0,ordered_boundary_vertices,[1],[],G4,0,0.0,Geological Survey of India.,Nil.,Gold ore,Mineral resources have not been estimated at G4 level.,A 240 m mineralized zone has a reported weighted average of 0.178 g/t Au over 3.5 m.,One 240 m mineralized zone was established in earlier work; the source notes scope for additional zones.,North-south to NNE-SSW strike; east dipping.,Not applicable.,Tumkur Railway Station; State Highway 69 passes 5 km south of the block; Bengaluru Airport.,Dendritic drainage; Chikka Tore stream flows northwest through the block toward the Suvarna Mukhi River.,Mean annual rainfall 55-65 cm; December temperature 26-28 C; June temperature 35-38 C.,"Undulating, hilly terrain.",admitted_authoritative_source_footprint,"Source-labelled boundary table passed polygon validity, state-centroid and 5% area reconciliation checks.",https://www.mstcecommerce.com/auctionhome/mlcl/index.jsp,2026-09-10,False,context_only,State MBS and IBM auction context do not independently verify current operation or present legal status.
IBM-IMYB2024-AUCTION-025,Karnataka,Nidodi Bauxite Block,Bauxite,"[""element:aluminium"",""ore:bauxite""]","[""Aluminium"",""Bauxite""]","[""aluminium"",""Bauxite""]","[""Al""]",2023-09-21,CL,52.82,curated_alpha_13,2,highest_numeric_mstc_file_id,selected_curated_name_match,9168,Summary of mine block Niddodi_2nd attempt,https://www.mstcecommerce.com/auctionhome/download_docs.jsp?FILE_ID=9168_Summary_Niddodi_17032023.pdf&path=dynamiclinks&portal=mlcl&mdTyp=-,7e6ca278e3634a81a64b249965619d027c4dd0b34d65e9704478093be4cbf020,451916,3,52.82,0.0,ordered_boundary_vertices,[1],"[""quantity_row_mineral_label_conflicts_with_bauxite_title_and_grade_text""]",G4,0,0.0,Geological Survey of India.,Nil.,Bauxite in the block title and grade text; the quantity row anomalously prints 'Iron ore'.,"145,000 tonnes (0.145 million tonnes); the source quantity row contains the mineral-label anomaly noted separately.",Bauxite grade bands by Al2O3: Grade I above 51%; Grade II 48-51%; Grade III 45-48%; Grade IV 38-45%.,Four bauxite grade classes calculated by area of influence around pits using a tonnage factor of two.,Not applicable for the bulk commodity; mineralization is controlled by weathering.,Not applicable.,Mangaluru Railway Station; Niddodi is 35 km from Mangalore and 32 km south-southwest of Karkala; Mangaluru Airport.,Plateau with sparse first-order drainage; no river or stream is listed.,"Mean annual rainfall 3,635 mm; December temperature 21 C; June temperature 42 C.",Undulating plateau.,admitted_authoritative_source_footprint,"Source-labelled boundary table passed polygon validity, state-centroid and 5% area reconciliation checks.",https://www.mstcecommerce.com/auctionhome/mlcl/index.jsp,2026-09-10,False,context_only,State MBS and IBM auction context do not independently verify current operation or present legal status.
IBM-IMYB2024-AUCTION-026,Karnataka,Kuddarka Bauxite Block,Bauxite,"[""element:aluminium"",""ore:bauxite""]","[""Aluminium"",""Bauxite""]","[""aluminium"",""Bauxite""]","[""Al""]",2023-09-22,CL,52.0,curated_alpha_13,1,unique_curated_name_match,selected_curated_name_match,9178,Summary of mine block - Kudarka Bauxite Block,https://www.mstcecommerce.com/auctionhome/download_docs.jsp?FILE_ID=9178_Summary_Kudarka.pdf&path=dynamiclinks&portal=mlcl&mdTyp=-,099fa37eff726c20ec1fe5f09a12ba8438a169e4242a66726092a56ff0c0b30b,636287,4,52.0,0.0,ordered_boundary_vertices_with_source_omission,[1],"[""hemisphere_markers_not_printed""]",G4,0,0.0,Geological Survey of India.,Nil.,Bauxite,"254,300 tonnes total: 116,800 tonnes Type I and 137,500 tonnes Type II.",Type I averages 42.21% Al2O3; Type II averages 34.12% Al2O3; total average 38.17% Al2O3.,Irregular lenses and fillings in vertical joints and fissures within massive laterite.,Not applicable for the bulk commodity; mineralization is controlled by weathering.,Not determined.,Mulki Railway Station around 17 km away; 40 km from Mangalore and 8 km from Moodbidri; Mangalore Airport.,Dendritic to sub-dendritic drainage; Mulki River in the central part and Pavanje River in the southern part.,Mean annual rainfall 350 cm; April temperature 32 C; December temperature 22.4 C.,"Undulating, hilly terrain.",withheld_source_conflict,The MBS coordinate table omits hemisphere markers; geometry withheld rather than inferring N/E signs from the block's location.,https://www.mstcecommerce.com/auctionhome/mlcl/index.jsp,2026-09-10,False,context_only,State MBS and IBM auction context do not independently verify current operation or present legal status.
IBM-IMYB2024-AUCTION-027,Madhya Pradesh,Katni Limestone Block*(10A2b Case),Limestone,"[""group:calcium-and-limestone"",""rock:limestone""]","[""Calcium and limestone"",""Limestone""]","[""calcium"",""calcium carbonate"",""Limestone""]",[],2023-09-05,ML,120.949,not_reviewed_alpha_13,0,,not_reviewed_in_this_release,,,,,,,,,,,,,,,,,,,,,,,,,,,withheld_not_reviewed,No curated document match was reviewed in this release.,https://www.mstcecommerce.com/auctionhome/mlcl/index.jsp,2026-09-10,False,context_only,State MBS and IBM auction context do not independently verify current operation or present legal status.
IBM-IMYB2024-AUCTION-028,Madhya Pradesh,Pahari Limestone Block (10A2d Case),Limestone,"[""group:calcium-and-limestone"",""rock:limestone""]","[""Calcium and limestone"",""Limestone""]","[""calcium"",""calcium carbonate"",""Limestone""]",[],2023-09-11,ML,100.144,not_reviewed_alpha_13,0,,not_reviewed_in_this_release,,,,,,,,,,,,,,,,,,,,,,,,,,,withheld_not_reviewed,No curated document match was reviewed in this release.,https://www.mstcecommerce.com/auctionhome/mlcl/index.jsp,2026-09-10,False,context_only,State MBS and IBM auction context do not independently verify current operation or present legal status.
IBM-IMYB2024-AUCTION-029,Madhya Pradesh,Pipartola Manganese Ore Block*(10A2b Case),Manganese Ore,"[""element:manganese""]","[""Manganese""]","[""manganese""]","[""Mn""]",2023-09-12,ML,4.653,not_reviewed_alpha_13,0,,not_reviewed_in_this_release,,,,,,,,,,,,,,,,,,,,,,,,,,,withheld_not_reviewed,No curated document match was reviewed in this release.,https://www.mstcecommerce.com/auctionhome/mlcl/index.jsp,2026-09-10,False,context_only,State MBS and IBM auction context do not independently verify current operation or present legal status.
IBM-IMYB2024-AUCTION-030,Madhya Pradesh,Chorgadi-Puraina Limestone Block,Limestone,"[""group:calcium-and-limestone"",""rock:limestone""]","[""Calcium and limestone"",""Limestone""]","[""calcium"",""calcium carbonate"",""Limestone""]",[],2023-09-06,ML,378.404,not_reviewed_alpha_13,0,,not_reviewed_in_this_release,,,,,,,,,,,,,,,,,,,,,,,,,,,withheld_not_reviewed,No curated document match was reviewed in this release.,https://www.mstcecommerce.com/auctionhome/mlcl/index.jsp,2026-09-10,False,context_only,State MBS and IBM auction context do not independently verify current operation or present legal status.
IBM-IMYB2024-AUCTION-031,Madhya Pradesh,Bhilapar Manganese Ore & Dolomite Block(10A2b Case),Manganese Ore & Dolomite,"[""element:manganese"",""mineral:dolomite""]","[""Manganese"",""Dolomite""]","[""manganese"",""dolomite""]","[""Mn"",""CaMg(CO3)2""]",2023-09-05,CL,9.037,not_reviewed_alpha_13,0,,not_reviewed_in_this_release,,,,,,,,,,,,,,,,,,,,,,,,,,,withheld_not_reviewed,No curated document match was reviewed in this release.,https://www.mstcecommerce.com/auctionhome/mlcl/index.jsp,2026-09-10,False,context_only,State MBS and IBM auction context do not independently verify current operation or present legal status.
IBM-IMYB2024-AUCTION-032,Madhya Pradesh,Dhamani Nana Manganese Ore Block*(10A2b Case),Manganese Ore,"[""element:manganese""]","[""Manganese""]","[""manganese""]","[""Mn""]",2023-09-08,CL,4.7,not_reviewed_alpha_13,0,,not_reviewed_in_this_release,,,,,,,,,,,,,,,,,,,,,,,,,,,withheld_not_reviewed,No curated document match was reviewed in this release.,https://www.mstcecommerce.com/auctionhome/mlcl/index.jsp,2026-09-10,False,context_only,State MBS and IBM auction context do not independently verify current operation or present legal status.
IBM-IMYB2024-AUCTION-033,Madhya Pradesh,Guvali Manganese Ore Block*(10A2b Case),Manganese Ore,"[""element:manganese""]","[""Manganese""]","[""manganese""]","[""Mn""]",2023-09-05,CL,4.61,not_reviewed_alpha_13,0,,not_reviewed_in_this_release,,,,,,,,,,,,,,,,,,,,,,,,,,,withheld_not_reviewed,No curated document match was reviewed in this release.,https://www.mstcecommerce.com/auctionhome/mlcl/index.jsp,2026-09-10,False,context_only,State MBS and IBM auction context do not independently verify current operation or present legal status.
IBM-IMYB2024-AUCTION-034,Madhya Pradesh,Katangjhari Manganese Ore Block*(10A2b Case),Manganese Ore,"[""element:manganese""]","[""Manganese""]","[""manganese""]","[""Mn""]",2023-09-08,CL,5.101,not_reviewed_alpha_13,0,,not_reviewed_in_this_release,,,,,,,,,,,,,,,,,,,,,,,,,,,withheld_not_reviewed,No curated document match was reviewed in this release.,https://www.mstcecommerce.com/auctionhome/mlcl/index.jsp,2026-09-10,False,context_only,State MBS and IBM auction context do not independently verify current operation or present legal status.
IBM-IMYB2024-AUCTION-035,Madhya Pradesh,Lingaponar Manganese Ore Block(10A2b Case),Manganese Ore,"[""element:manganese""]","[""Manganese""]","[""manganese""]","[""Mn""]",2023-09-11,CL,9.712,not_reviewed_alpha_13,0,,not_reviewed_in_this_release,,,,,,,,,,,,,,,,,,,,,,,,,,,withheld_not_reviewed,No curated document match was reviewed in this release.,https://www.mstcecommerce.com/auctionhome/mlcl/index.jsp,2026-09-10,False,context_only,State MBS and IBM auction context do not independently verify current operation or present legal status.
IBM-IMYB2024-AUCTION-036,Madhya Pradesh,Naganwat-Chhoti Manganese Ore Block*(10A2b Case),Manganese Ore,"[""element:manganese""]","[""Manganese""]","[""manganese""]","[""Mn""]",2023-09-08,CL,11.86,not_reviewed_alpha_13,0,,not_reviewed_in_this_release,,,,,,,,,,,,,,,,,,,,,,,,,,,withheld_not_reviewed,No curated document match was reviewed in this release.,https://www.mstcecommerce.com/auctionhome/mlcl/index.jsp,2026-09-10,False,context_only,State MBS and IBM auction context do not independently verify current operation or present legal status.
IBM-IMYB2024-AUCTION-037,Madhya Pradesh,Uberao Manganese Ore Block*,Manganese Ore,"[""element:manganese""]","[""Manganese""]","[""manganese""]","[""Mn""]",2023-09-06,CL,4.68,not_reviewed_alpha_13,0,,not_reviewed_in_this_release,,,,,,,,,,,,,,,,,,,,,,,,,,,withheld_not_reviewed,No curated document match was reviewed in this release.,https://www.mstcecommerce.com/auctionhome/mlcl/index.jsp,2026-09-10,False,context_only,State MBS and IBM auction context do not independently verify current operation or present legal status.
IBM-IMYB2024-AUCTION-038,Madhya Pradesh,Bamanbardi Limestone Block,Limestone,"[""group:calcium-and-limestone"",""rock:limestone""]","[""Calcium and limestone"",""Limestone""]","[""calcium"",""calcium carbonate"",""Limestone""]",[],2023-09-05,CL,913.3954,not_reviewed_alpha_13,0,,not_reviewed_in_this_release,,,,,,,,,,,,,,,,,,,,,,,,,,,withheld_not_reviewed,No curated document match was reviewed in this release.,https://www.mstcecommerce.com/auctionhome/mlcl/index.jsp,2026-09-10,False,context_only,State MBS and IBM auction context do not independently verify current operation or present legal status.
IBM-IMYB2024-AUCTION-039,Madhya Pradesh,Doter Guvali Manganese Ore Block,Manganese Ore,"[""element:manganese""]","[""Manganese""]","[""manganese""]","[""Mn""]",2023-09-09,CL,736.4,not_reviewed_alpha_13,0,,not_reviewed_in_this_release,,,,,,,,,,,,,,,,,,,,,,,,,,,withheld_not_reviewed,No curated document match was reviewed in this release.,https://www.mstcecommerce.com/auctionhome/mlcl/index.jsp,2026-09-10,False,context_only,State MBS and IBM auction context do not independently verify current operation or present legal status.
IBM-IMYB2024-AUCTION-040,Madhya Pradesh,East of Dabri Limestone Block,Limestone,"[""group:calcium-and-limestone"",""rock:limestone""]","[""Calcium and limestone"",""Limestone""]","[""calcium"",""calcium carbonate"",""Limestone""]",[],2023-09-08,CL,815.0,not_reviewed_alpha_13,0,,not_reviewed_in_this_release,,,,,,,,,,,,,,,,,,,,,,,,,,,withheld_not_reviewed,No curated document match was reviewed in this release.,https://www.mstcecommerce.com/auctionhome/mlcl/index.jsp,2026-09-10,False,context_only,State MBS and IBM auction context do not independently verify current operation or present legal status.
IBM-IMYB2024-AUCTION-041,Madhya Pradesh,Garhi-Upcha Limestone Block,Limestone,"[""group:calcium-and-limestone"",""rock:limestone""]","[""Calcium and limestone"",""Limestone""]","[""calcium"",""calcium carbonate"",""Limestone""]",[],2023-09-09,CL,1001.95,not_reviewed_alpha_13,0,,not_reviewed_in_this_release,,,,,,,,,,,,,,,,,,,,,,,,,,,withheld_not_reviewed,No curated document match was reviewed in this release.,https://www.mstcecommerce.com/auctionhome/mlcl/index.jsp,2026-09-10,False,context_only,State MBS and IBM auction context do not independently verify current operation or present legal status.
IBM-IMYB2024-AUCTION-042,Madhya Pradesh,Nawapara Rampura Manganese Ore Block,Manganese Ore,"[""element:manganese""]","[""Manganese""]","[""manganese""]","[""Mn""]",2023-09-11,CL,725.7,not_reviewed_alpha_13,0,,not_reviewed_in_this_release,,,,,,,,,,,,,,,,,,,,,,,,,,,withheld_not_reviewed,No curated document match was reviewed in this release.,https://www.mstcecommerce.com/auctionhome/mlcl/index.jsp,2026-09-10,False,context_only,State MBS and IBM auction context do not independently verify current operation or present legal status.
IBM-IMYB2024-AUCTION-043,Madhya Pradesh,Piploda Phosphorite Block,Phosphorite,"[""element:phosphorus"",""ore:phosphorite""]","[""Phosphorus"",""Phosphorite""]","[""phosphorus"",""Phosphorite""]","[""P""]",2023-09-05,CL,464.0,not_reviewed_alpha_13,0,,not_reviewed_in_this_release,,,,,,,,,,,,,,,,,,,,,,,,,,,withheld_not_reviewed,No curated document match was reviewed in this release.,https://www.mstcecommerce.com/auctionhome/mlcl/index.jsp,2026-09-10,False,context_only,State MBS and IBM auction context do not independently verify current operation or present legal status.
IBM-IMYB2024-AUCTION-044,Madhya Pradesh,Shitalpani Copper Block*,Copper,"[""element:copper""]","[""Copper""]","[""copper""]","[""Cu""]",2023-09-09,CL,220.971,not_reviewed_alpha_13,0,,not_reviewed_in_this_release,,,,,,,,,,,,,,,,,,,,,,,,,,,withheld_not_reviewed,No curated document match was reviewed in this release.,https://www.mstcecommerce.com/auctionhome/mlcl/index.jsp,2026-09-10,False,context_only,State MBS and IBM auction context do not independently verify current operation or present legal status.
IBM-IMYB2024-AUCTION-045,Madhya Pradesh,Siluwa and Jhansi Iron Ore Block,Iron Ore,"[""element:iron"",""ore:iron-ore""]","[""Iron"",""Iron ore""]","[""iron"",""Iron ore""]","[""Fe""]",2023-09-13,ML,4.59,not_reviewed_alpha_13,0,,not_reviewed_in_this_release,,,,,,,,,,,,,,,,,,,,,,,,,,,withheld_not_reviewed,No curated document match was reviewed in this release.,https://www.mstcecommerce.com/auctionhome/mlcl/index.jsp,2026-09-10,False,context_only,State MBS and IBM auction context do not independently verify current operation or present legal status.
IBM-IMYB2024-AUCTION-046,Madhya Pradesh,Modri Phosphorite Block,Phosphorite,"[""element:phosphorus"",""ore:phosphorite""]","[""Phosphorus"",""Phosphorite""]","[""phosphorus"",""Phosphorite""]","[""P""]",2023-09-13,CL,699.55,not_reviewed_alpha_13,0,,not_reviewed_in_this_release,,,,,,,,,,,,,,,,,,,,,,,,,,,withheld_not_reviewed,No curated document match was reviewed in this release.,https://www.mstcecommerce.com/auctionhome/mlcl/index.jsp,2026-09-10,False,context_only,State MBS and IBM auction context do not independently verify current operation or present legal status.
IBM-IMYB2024-AUCTION-047,Madhya Pradesh,Pindrai Iron Ore Block,Iron Ore,"[""element:iron"",""ore:iron-ore""]","[""Iron"",""Iron ore""]","[""iron"",""Iron ore""]","[""Fe""]",2023-09-14,ML,6.0,not_reviewed_alpha_13,0,,not_reviewed_in_this_release,,,,,,,,,,,,,,,,,,,,,,,,,,,withheld_not_reviewed,No curated document match was reviewed in this release.,https://www.mstcecommerce.com/auctionhome/mlcl/index.jsp,2026-09-10,False,context_only,State MBS and IBM auction context do not independently verify current operation or present legal status.
IBM-IMYB2024-AUCTION-048,Madhya Pradesh,Makra Block,Graphite Vanadium,"[""mineral:graphite"",""element:vanadium""]","[""Graphite"",""Vanadium""]","[""carbon"",""vanadium""]","[""C"",""V""]",2023-09-14,CL,37.5,not_reviewed_alpha_13,0,,not_reviewed_in_this_release,,,,,,,,,,,,,,,,,,,,,,,,,,,withheld_not_reviewed,No curated document match was reviewed in this release.,https://www.mstcecommerce.com/auctionhome/mlcl/index.jsp,2026-09-10,False,context_only,State MBS and IBM auction context do not independently verify current operation or present legal status.
IBM-IMYB2024-AUCTION-049,Maharashtra,DevalmariKatepalli Limestone Block,Limestone,"[""group:calcium-and-limestone"",""rock:limestone""]","[""Calcium and limestone"",""Limestone""]","[""calcium"",""calcium carbonate"",""Limestone""]",[],2023-05-09,ML,537.54,not_reviewed_alpha_13,0,,not_reviewed_in_this_release,,,,,,,,,,,,,,,,,,,,,,,,,,,withheld_not_reviewed,No curated document match was reviewed in this release.,https://www.mstcecommerce.com/auctionhome/mlcl/index.jsp,2026-09-10,False,context_only,State MBS and IBM auction context do not independently verify current operation or present legal status.
IBM-IMYB2024-AUCTION-050,Maharashtra,Surjagad – 1 Iron Ore Block,Iron Ore,"[""element:iron"",""ore:iron-ore""]","[""Iron"",""Iron ore""]","[""iron"",""Iron ore""]","[""Fe""]",2023-05-09,CL,1526.0,not_reviewed_alpha_13,0,,not_reviewed_in_this_release,,,,,,,,,,,,,,,,,,,,,,,,,,,withheld_not_reviewed,No curated document match was reviewed in this release.,https://www.mstcecommerce.com/auctionhome/mlcl/index.jsp,2026-09-10,False,context_only,State MBS and IBM auction context do not independently verify current operation or present legal status.
IBM-IMYB2024-AUCTION-051,Maharashtra,Surjagad – 2 Iron Ore Block,Iron Ore,"[""element:iron"",""ore:iron-ore""]","[""Iron"",""Iron ore""]","[""iron"",""Iron ore""]","[""Fe""]",2023-05-09,CL,886.0,not_reviewed_alpha_13,0,,not_reviewed_in_this_release,,,,,,,,,,,,,,,,,,,,,,,,,,,withheld_not_reviewed,No curated document match was reviewed in this release.,https://www.mstcecommerce.com/auctionhome/mlcl/index.jsp,2026-09-10,False,context_only,State MBS and IBM auction context do not independently verify current operation or present legal status.
IBM-IMYB2024-AUCTION-052,Maharashtra,Surjagad – 3 Iron Ore Block,Iron Ore,"[""element:iron"",""ore:iron-ore""]","[""Iron"",""Iron ore""]","[""iron"",""Iron ore""]","[""Fe""]",2023-05-09,CL,640.0,not_reviewed_alpha_13,0,,not_reviewed_in_this_release,,,,,,,,,,,,,,,,,,,,,,,,,,,withheld_not_reviewed,No curated document match was reviewed in this release.,https://www.mstcecommerce.com/auctionhome/mlcl/index.jsp,2026-09-10,False,context_only,State MBS and IBM auction context do not independently verify current operation or present legal status.
IBM-IMYB2024-AUCTION-053,Maharashtra,Surjagad – 4 Iron Ore Block,Iron Ore,"[""element:iron"",""ore:iron-ore""]","[""Iron"",""Iron ore""]","[""iron"",""Iron ore""]","[""Fe""]",2023-05-12,CL,397.0,not_reviewed_alpha_13,0,,not_reviewed_in_this_release,,,,,,,,,,,,,,,,,,,,,,,,,,,withheld_not_reviewed,No curated document match was reviewed in this release.,https://www.mstcecommerce.com/auctionhome/mlcl/index.jsp,2026-09-10,False,context_only,State MBS and IBM auction context do not independently verify current operation or present legal status.
IBM-IMYB2024-AUCTION-054,Maharashtra,South Padve,Bauxite,"[""element:aluminium"",""ore:bauxite""]","[""Aluminium"",""Bauxite""]","[""aluminium"",""Bauxite""]","[""Al""]",2023-05-09,CL,500.0,not_reviewed_alpha_13,0,,not_reviewed_in_this_release,,,,,,,,,,,,,,,,,,,,,,,,,,,withheld_not_reviewed,No curated document match was reviewed in this release.,https://www.mstcecommerce.com/auctionhome/mlcl/index.jsp,2026-09-10,False,context_only,State MBS and IBM auction context do not independently verify current operation or present legal status.
IBM-IMYB2024-AUCTION-055,Maharashtra,Surjagad – 6 Iron Ore Block,Iron Ore,"[""element:iron"",""ore:iron-ore""]","[""Iron"",""Iron ore""]","[""iron"",""Iron ore""]","[""Fe""]",2023-05-17,CL,658.0,not_reviewed_alpha_13,0,,not_reviewed_in_this_release,,,,,,,,,,,,,,,,,,,,,,,,,,,withheld_not_reviewed,No curated document match was reviewed in this release.,https://www.mstcecommerce.com/auctionhome/mlcl/index.jsp,2026-09-10,False,context_only,State MBS and IBM auction context do not independently verify current operation or present legal status.
IBM-IMYB2024-AUCTION-056,Maharashtra,Kondhala,Limestone,"[""group:calcium-and-limestone"",""rock:limestone""]","[""Calcium and limestone"",""Limestone""]","[""calcium"",""calcium carbonate"",""Limestone""]",[],2023-05-19,ML,105.0,not_reviewed_alpha_13,0,,not_reviewed_in_this_release,,,,,,,,,,,,,,,,,,,,,,,,,,,withheld_not_reviewed,No curated document match was reviewed in this release.,https://www.mstcecommerce.com/auctionhome/mlcl/index.jsp,2026-09-10,False,context_only,State MBS and IBM auction context do not independently verify current operation or present legal status.
IBM-IMYB2024-AUCTION-057,Maharashtra,Minzhari Copper Block,Copper,"[""element:copper""]","[""Copper""]","[""copper""]","[""Cu""]",2023-11-21,CL,1743.0,not_reviewed_alpha_13,0,,not_reviewed_in_this_release,,,,,,,,,,,,,,,,,,,,,,,,,,,withheld_not_reviewed,No curated document match was reviewed in this release.,https://www.mstcecommerce.com/auctionhome/mlcl/index.jsp,2026-09-10,False,context_only,State MBS and IBM auction context do not independently verify current operation or present legal status.
IBM-IMYB2024-AUCTION-058,Maharashtra,Savali Manganese Block,Manganese,"[""element:manganese""]","[""Manganese""]","[""manganese""]","[""Mn""]",2023-11-22,CL,1200.0,not_reviewed_alpha_13,0,,not_reviewed_in_this_release,,,,,,,,,,,,,,,,,,,,,,,,,,,withheld_not_reviewed,No curated document match was reviewed in this release.,https://www.mstcecommerce.com/auctionhome/mlcl/index.jsp,2026-09-10,False,context_only,State MBS and IBM auction context do not independently verify current operation or present legal status.
IBM-IMYB2024-AUCTION-059,Rajasthan,Nayorana-Dandela,Iron Ore,"[""element:iron"",""ore:iron-ore""]","[""Iron"",""Iron ore""]","[""iron"",""Iron ore""]","[""Fe""]",2023-07-11,CL,16.78,not_reviewed_alpha_13,0,,not_reviewed_in_this_release,,,,,,,,,,,,,,,,,,,,,,,,,,,withheld_not_reviewed,No curated document match was reviewed in this release.,https://www.mstcecommerce.com/auctionhome/mlcl/index.jsp,2026-09-10,False,context_only,State MBS and IBM auction context do not independently verify current operation or present legal status.
IBM-IMYB2024-AUCTION-060,Rajasthan,Hariyav Jashpura,Limestone,"[""group:calcium-and-limestone"",""rock:limestone""]","[""Calcium and limestone"",""Limestone""]","[""calcium"",""calcium carbonate"",""Limestone""]",[],2023-07-10,ML,94.62,not_reviewed_alpha_13,0,,not_reviewed_in_this_release,,,,,,,,,,,,,,,,,,,,,,,,,,,withheld_not_reviewed,No curated document match was reviewed in this release.,https://www.mstcecommerce.com/auctionhome/mlcl/index.jsp,2026-09-10,False,context_only,State MBS and IBM auction context do not independently verify current operation or present legal status.
IBM-IMYB2024-AUCTION-061,Rajasthan,"Khakhiliya Khera Block Rajasmand, CL",Basemetal& Associated Minerals,[],[],"[""Basemetal& Associated Minerals""]",[],2023-08-24,CL,642.45,not_reviewed_alpha_13,0,,not_reviewed_in_this_release,,,,,,,,,,,,,,,,,,,,,,,,,,,withheld_not_reviewed,No curated document match was reviewed in this release.,https://www.mstcecommerce.com/auctionhome/mlcl/index.jsp,2026-09-10,False,context_only,State MBS and IBM auction context do not independently verify current operation or present legal status.
IBM-IMYB2024-AUCTION-062,Rajasthan,"Pipliyan Block, Udaipur, CL",Basemetal,[],[],"[""Basemetal""]",[],2023-08-25,CL,518.65,not_reviewed_alpha_13,0,,not_reviewed_in_this_release,,,,,,,,,,,,,,,,,,,,,,,,,,,withheld_not_reviewed,No curated document match was reviewed in this release.,https://www.mstcecommerce.com/auctionhome/mlcl/index.jsp,2026-09-10,False,context_only,State MBS and IBM auction context do not independently verify current operation or present legal status.
IBM-IMYB2024-AUCTION-063,Rajasthan,"Manpura Block, Banera, CL",Basemetal& Associated Minerals,[],[],"[""Basemetal& Associated Minerals""]",[],2023-08-28,CL,1150.0,not_reviewed_alpha_13,0,,not_reviewed_in_this_release,,,,,,,,,,,,,,,,,,,,,,,,,,,withheld_not_reviewed,No curated document match was reviewed in this release.,https://www.mstcecommerce.com/auctionhome/mlcl/index.jsp,2026-09-10,False,context_only,State MBS and IBM auction context do not independently verify current operation or present legal status.
IBM-IMYB2024-AUCTION-064,Rajasthan,Ladi Ka Bas Block Tehsil Neem ka Thana & District Sikar,Iron Ore,"[""element:iron"",""ore:iron-ore""]","[""Iron"",""Iron ore""]","[""iron"",""Iron ore""]","[""Fe""]",2023-08-28,CL,38.75,not_reviewed_alpha_13,0,,not_reviewed_in_this_release,,,,,,,,,,,,,,,,,,,,,,,,,,,withheld_not_reviewed,No curated document match was reviewed in this release.,https://www.mstcecommerce.com/auctionhome/mlcl/index.jsp,2026-09-10,False,context_only,State MBS and IBM auction context do not independently verify current operation or present legal status.
IBM-IMYB2024-AUCTION-065,Rajasthan,Kalakota Block Tehsil Neem ka Thana & District Sikar,Iron Ore,"[""element:iron"",""ore:iron-ore""]","[""Iron"",""Iron ore""]","[""iron"",""Iron ore""]","[""Fe""]",2023-08-29,CL,34.44,not_reviewed_alpha_13,0,,not_reviewed_in_this_release,,,,,,,,,,,,,,,,,,,,,,,,,,,withheld_not_reviewed,No curated document match was reviewed in this release.,https://www.mstcecommerce.com/auctionhome/mlcl/index.jsp,2026-09-10,False,context_only,State MBS and IBM auction context do not independently verify current operation or present legal status.
IBM-IMYB2024-AUCTION-066,Rajasthan,"Ladanan/v Ladana-Ladani, Tehsil Mavli, District - Udaipur(Raj)",Basemetal,[],[],"[""Basemetal""]",[],2023-08-31,CL,300.0,not_reviewed_alpha_13,0,,not_reviewed_in_this_release,,,,,,,,,,,,,,,,,,,,,,,,,,,withheld_not_reviewed,No curated document match was reviewed in this release.,https://www.mstcecommerce.com/auctionhome/mlcl/index.jsp,2026-09-10,False,context_only,State MBS and IBM auction context do not independently verify current operation or present legal status.
IBM-IMYB2024-AUCTION-067,Rajasthan,Bhabhriya ka Kheda Block n/v Lakha Ka Khera District Chittaurgarh,Basemetal,[],[],"[""Basemetal""]",[],2023-09-04,CL,970.0,not_reviewed_alpha_13,0,,not_reviewed_in_this_release,,,,,,,,,,,,,,,,,,,,,,,,,,,withheld_not_reviewed,No curated document match was reviewed in this release.,https://www.mstcecommerce.com/auctionhome/mlcl/index.jsp,2026-09-10,False,context_only,State MBS and IBM auction context do not independently verify current operation or present legal status.
IBM-IMYB2024-AUCTION-068,Rajasthan,"Toda Block n/v Toda, Tehsil Neem ka Thana, District Sikar",Iron Ore,"[""element:iron"",""ore:iron-ore""]","[""Iron"",""Iron ore""]","[""iron"",""Iron ore""]","[""Fe""]",2023-09-12,CL,18.43,not_reviewed_alpha_13,0,,not_reviewed_in_this_release,,,,,,,,,,,,,,,,,,,,,,,,,,,withheld_not_reviewed,No curated document match was reviewed in this release.,https://www.mstcecommerce.com/auctionhome/mlcl/index.jsp,2026-09-10,False,context_only,State MBS and IBM auction context do not independently verify current operation or present legal status.
IBM-IMYB2024-AUCTION-069,Rajasthan,"PSB02 n/V Harima Tehsil, District Nagaur",Limestone,"[""group:calcium-and-limestone"",""rock:limestone""]","[""Calcium and limestone"",""Limestone""]","[""calcium"",""calcium carbonate"",""Limestone""]",[],2023-09-12,ML,4.9,not_reviewed_alpha_13,0,,not_reviewed_in_this_release,,,,,,,,,,,,,,,,,,,,,,,,,,,withheld_not_reviewed,No curated document match was reviewed in this release.,https://www.mstcecommerce.com/auctionhome/mlcl/index.jsp,2026-09-10,False,context_only,State MBS and IBM auction context do not independently verify current operation or present legal status.
IBM-IMYB2024-AUCTION-070,Rajasthan,PSB01 n/V Tehsil & District Nagaur,Limestone,"[""group:calcium-and-limestone"",""rock:limestone""]","[""Calcium and limestone"",""Limestone""]","[""calcium"",""calcium carbonate"",""Limestone""]",[],2023-09-11,ML,4.9,not_reviewed_alpha_13,0,,not_reviewed_in_this_release,,,,,,,,,,,,,,,,,,,,,,,,,,,withheld_not_reviewed,No curated document match was reviewed in this release.,https://www.mstcecommerce.com/auctionhome/mlcl/index.jsp,2026-09-10,False,context_only,State MBS and IBM auction context do not independently verify current operation or present legal status.
IBM-IMYB2024-AUCTION-071,Rajasthan,PSB06 n/V Tehsil & District Nagaur,Limestone,"[""group:calcium-and-limestone"",""rock:limestone""]","[""Calcium and limestone"",""Limestone""]","[""calcium"",""calcium carbonate"",""Limestone""]",[],2023-09-18,ML,4.8,not_reviewed_alpha_13,0,,not_reviewed_in_this_release,,,,,,,,,,,,,,,,,,,,,,,,,,,withheld_not_reviewed,No curated document match was reviewed in this release.,https://www.mstcecommerce.com/auctionhome/mlcl/index.jsp,2026-09-10,False,context_only,State MBS and IBM auction context do not independently verify current operation or present legal status.
IBM-IMYB2024-AUCTION-072,Rajasthan,PSB07 n/V Tehsil & District Nagaur,Limestone,"[""group:calcium-and-limestone"",""rock:limestone""]","[""Calcium and limestone"",""Limestone""]","[""calcium"",""calcium carbonate"",""Limestone""]",[],2023-09-19,ML,4.8,not_reviewed_alpha_13,0,,not_reviewed_in_this_release,,,,,,,,,,,,,,,,,,,,,,,,,,,withheld_not_reviewed,No curated document match was reviewed in this release.,https://www.mstcecommerce.com/auctionhome/mlcl/index.jsp,2026-09-10,False,context_only,State MBS and IBM auction context do not independently verify current operation or present legal status.
IBM-IMYB2024-AUCTION-073,Rajasthan,"HPB 19 n/V Harima Khetolaw, Pithasia, Sarasani",Limestone,"[""group:calcium-and-limestone"",""rock:limestone""]","[""Calcium and limestone"",""Limestone""]","[""calcium"",""calcium carbonate"",""Limestone""]",[],2023-10-03,ML,476.8,not_reviewed_alpha_13,0,,not_reviewed_in_this_release,,,,,,,,,,,,,,,,,,,,,,,,,,,withheld_not_reviewed,No curated document match was reviewed in this release.,https://www.mstcecommerce.com/auctionhome/mlcl/index.jsp,2026-09-10,False,context_only,State MBS and IBM auction context do not independently verify current operation or present legal status.
IBM-IMYB2024-AUCTION-074,Rajasthan,"HPB 20 n/V Harima Khetolaw, Pithasia, Sarasani",Limestone,"[""group:calcium-and-limestone"",""rock:limestone""]","[""Calcium and limestone"",""Limestone""]","[""calcium"",""calcium carbonate"",""Limestone""]",[],2023-10-04,ML,547.55,not_reviewed_alpha_13,0,,not_reviewed_in_this_release,,,,,,,,,,,,,,,,,,,,,,,,,,,withheld_not_reviewed,No curated document match was reviewed in this release.,https://www.mstcecommerce.com/auctionhome/mlcl/index.jsp,2026-09-10,False,context_only,State MBS and IBM auction context do not independently verify current operation or present legal status.
IBM-IMYB2024-AUCTION-075,Rajasthan,PSB03 n/v Harima Tehsil & District Nagpur,Limestone,"[""group:calcium-and-limestone"",""rock:limestone""]","[""Calcium and limestone"",""Limestone""]","[""calcium"",""calcium carbonate"",""Limestone""]",[],2024-02-21,ML,4.8,not_reviewed_alpha_13,0,,not_reviewed_in_this_release,,,,,,,,,,,,,,,,,,,,,,,,,,,withheld_not_reviewed,No curated document match was reviewed in this release.,https://www.mstcecommerce.com/auctionhome/mlcl/index.jsp,2026-09-10,False,context_only,State MBS and IBM auction context do not independently verify current operation or present legal status.
IBM-IMYB2024-AUCTION-076,Rajasthan,PSB04 n/v Harima Tehsil & District Nagpur,Limestone,"[""group:calcium-and-limestone"",""rock:limestone""]","[""Calcium and limestone"",""Limestone""]","[""calcium"",""calcium carbonate"",""Limestone""]",[],2024-02-22,ML,4.8,not_reviewed_alpha_13,0,,not_reviewed_in_this_release,,,,,,,,,,,,,,,,,,,,,,,,,,,withheld_not_reviewed,No curated document match was reviewed in this release.,https://www.mstcecommerce.com/auctionhome/mlcl/index.jsp,2026-09-10,False,context_only,State MBS and IBM auction context do not independently verify current operation or present legal status.
IBM-IMYB2024-AUCTION-077,Rajasthan,PSB05 n/v Harima Tehsil & District Nagpur,Limestone,"[""group:calcium-and-limestone"",""rock:limestone""]","[""Calcium and limestone"",""Limestone""]","[""calcium"",""calcium carbonate"",""Limestone""]",[],2024-02-23,ML,4.8,not_reviewed_alpha_13,0,,not_reviewed_in_this_release,,,,,,,,,,,,,,,,,,,,,,,,,,,withheld_not_reviewed,No curated document match was reviewed in this release.,https://www.mstcecommerce.com/auctionhome/mlcl/index.jsp,2026-09-10,False,context_only,State MBS and IBM auction context do not independently verify current operation or present legal status.
IBM-IMYB2024-AUCTION-078,Rajasthan,PSB08 n/v Harima Tehsil & District Nagpur,Limestone,"[""group:calcium-and-limestone"",""rock:limestone""]","[""Calcium and limestone"",""Limestone""]","[""calcium"",""calcium carbonate"",""Limestone""]",[],2024-02-26,ML,4.8,not_reviewed_alpha_13,0,,not_reviewed_in_this_release,,,,,,,,,,,,,,,,,,,,,,,,,,,withheld_not_reviewed,No curated document match was reviewed in this release.,https://www.mstcecommerce.com/auctionhome/mlcl/index.jsp,2026-09-10,False,context_only,State MBS and IBM auction context do not independently verify current operation or present legal status.
IBM-IMYB2024-AUCTION-079,Rajasthan,PSB09 n/v Harima Tehsil & District Nagpur,Limestone,"[""group:calcium-and-limestone"",""rock:limestone""]","[""Calcium and limestone"",""Limestone""]","[""calcium"",""calcium carbonate"",""Limestone""]",[],2024-02-27,ML,4.8,not_reviewed_alpha_13,0,,not_reviewed_in_this_release,,,,,,,,,,,,,,,,,,,,,,,,,,,withheld_not_reviewed,No curated document match was reviewed in this release.,https://www.mstcecommerce.com/auctionhome/mlcl/index.jsp,2026-09-10,False,context_only,State MBS and IBM auction context do not independently verify current operation or present legal status.
IBM-IMYB2024-AUCTION-080,Rajasthan,PSB010 n/v Harima Tehsil & District Nagpur,Limestone,"[""group:calcium-and-limestone"",""rock:limestone""]","[""Calcium and limestone"",""Limestone""]","[""calcium"",""calcium carbonate"",""Limestone""]",[],2024-02-28,ML,4.8,not_reviewed_alpha_13,0,,not_reviewed_in_this_release,,,,,,,,,,,,,,,,,,,,,,,,,,,withheld_not_reviewed,No curated document match was reviewed in this release.,https://www.mstcecommerce.com/auctionhome/mlcl/index.jsp,2026-09-10,False,context_only,State MBS and IBM auction context do not independently verify current operation or present legal status.
IBM-IMYB2024-AUCTION-081,Rajasthan,PSB011 n/v Harima Tehsil & District Nagpur,Limestone,"[""group:calcium-and-limestone"",""rock:limestone""]","[""Calcium and limestone"",""Limestone""]","[""calcium"",""calcium carbonate"",""Limestone""]",[],2024-02-29,ML,4.8,not_reviewed_alpha_13,0,,not_reviewed_in_this_release,,,,,,,,,,,,,,,,,,,,,,,,,,,withheld_not_reviewed,No curated document match was reviewed in this release.,https://www.mstcecommerce.com/auctionhome/mlcl/index.jsp,2026-09-10,False,context_only,State MBS and IBM auction context do not independently verify current operation or present legal status.
IBM-IMYB2024-AUCTION-082,Rajasthan,PSB012 n/v Harima Tehsil & District Nagpur,Limestone,"[""group:calcium-and-limestone"",""rock:limestone""]","[""Calcium and limestone"",""Limestone""]","[""calcium"",""calcium carbonate"",""Limestone""]",[],2024-03-01,ML,4.8,not_reviewed_alpha_13,0,,not_reviewed_in_this_release,,,,,,,,,,,,,,,,,,,,,,,,,,,withheld_not_reviewed,No curated document match was reviewed in this release.,https://www.mstcecommerce.com/auctionhome/mlcl/index.jsp,2026-09-10,False,context_only,State MBS and IBM auction context do not independently verify current operation or present legal status.
IBM-IMYB2024-AUCTION-083,Rajasthan,PSB013 n/v Harima Tehsil & District Nagpur,Limestone,"[""group:calcium-and-limestone"",""rock:limestone""]","[""Calcium and limestone"",""Limestone""]","[""calcium"",""calcium carbonate"",""Limestone""]",[],2024-03-04,ML,4.8,not_reviewed_alpha_13,0,,not_reviewed_in_this_release,,,,,,,,,,,,,,,,,,,,,,,,,,,withheld_not_reviewed,No curated document match was reviewed in this release.,https://www.mstcecommerce.com/auctionhome/mlcl/index.jsp,2026-09-10,False,context_only,State MBS and IBM auction context do not independently verify current operation or present legal status.
IBM-IMYB2024-AUCTION-084,Rajasthan,PSB 014 n/v Sarsani tehsil & district Nagaur,Limestone,"[""group:calcium-and-limestone"",""rock:limestone""]","[""Calcium and limestone"",""Limestone""]","[""calcium"",""calcium carbonate"",""Limestone""]",[],2024-03-05,ML,4.8,not_reviewed_alpha_13,0,,not_reviewed_in_this_release,,,,,,,,,,,,,,,,,,,,,,,,,,,withheld_not_reviewed,No curated document match was reviewed in this release.,https://www.mstcecommerce.com/auctionhome/mlcl/index.jsp,2026-09-10,False,context_only,State MBS and IBM auction context do not independently verify current operation or present legal status.
IBM-IMYB2024-AUCTION-085,Rajasthan,PSB 015 n/v Sarsani tehsil & district Nagaur,Limestone,"[""group:calcium-and-limestone"",""rock:limestone""]","[""Calcium and limestone"",""Limestone""]","[""calcium"",""calcium carbonate"",""Limestone""]",[],2024-03-06,ML,4.8,not_reviewed_alpha_13,0,,not_reviewed_in_this_release,,,,,,,,,,,,,,,,,,,,,,,,,,,withheld_not_reviewed,No curated document match was reviewed in this release.,https://www.mstcecommerce.com/auctionhome/mlcl/index.jsp,2026-09-10,False,context_only,State MBS and IBM auction context do not independently verify current operation or present legal status.
IBM-IMYB2024-AUCTION-086,Rajasthan,PSB016 n/v Harima Tehsil & District Nagaur,Limestone,"[""group:calcium-and-limestone"",""rock:limestone""]","[""Calcium and limestone"",""Limestone""]","[""calcium"",""calcium carbonate"",""Limestone""]",[],2024-03-07,ML,4.8,not_reviewed_alpha_13,0,,not_reviewed_in_this_release,,,,,,,,,,,,,,,,,,,,,,,,,,,withheld_not_reviewed,No curated document match was reviewed in this release.,https://www.mstcecommerce.com/auctionhome/mlcl/index.jsp,2026-09-10,False,context_only,State MBS and IBM auction context do not independently verify current operation or present legal status.
IBM-IMYB2024-AUCTION-087,Rajasthan,PSB017 n/v Harima Tehsil & District Nagaur,Limestone,"[""group:calcium-and-limestone"",""rock:limestone""]","[""Calcium and limestone"",""Limestone""]","[""calcium"",""calcium carbonate"",""Limestone""]",[],2024-03-11,ML,4.8,not_reviewed_alpha_13,0,,not_reviewed_in_this_release,,,,,,,,,,,,,,,,,,,,,,,,,,,withheld_not_reviewed,No curated document match was reviewed in this release.,https://www.mstcecommerce.com/auctionhome/mlcl/index.jsp,2026-09-10,False,context_only,State MBS and IBM auction context do not independently verify current operation or present legal status.
IBM-IMYB2024-AUCTION-088,Rajasthan,PSB 018 n/v Khetolow Tehsil & District Nagaur,Limestone,"[""group:calcium-and-limestone"",""rock:limestone""]","[""Calcium and limestone"",""Limestone""]","[""calcium"",""calcium carbonate"",""Limestone""]",[],2024-03-12,ML,4.8,not_reviewed_alpha_13,0,,not_reviewed_in_this_release,,,,,,,,,,,,,,,,,,,,,,,,,,,withheld_not_reviewed,No curated document match was reviewed in this release.,https://www.mstcecommerce.com/auctionhome/mlcl/index.jsp,2026-09-10,False,context_only,State MBS and IBM auction context do not independently verify current operation or present legal status.
IBM-IMYB2024-AUCTION-089,Rajasthan,HPB21 n/v Khetolow Tehsil & District Nagaur,Limestone,"[""group:calcium-and-limestone"",""rock:limestone""]","[""Calcium and limestone"",""Limestone""]","[""calcium"",""calcium carbonate"",""Limestone""]",[],2024-03-13,ML,307.0,not_reviewed_alpha_13,0,,not_reviewed_in_this_release,,,,,,,,,,,,,,,,,,,,,,,,,,,withheld_not_reviewed,No curated document match was reviewed in this release.,https://www.mstcecommerce.com/auctionhome/mlcl/index.jsp,2026-09-10,False,context_only,State MBS and IBM auction context do not independently verify current operation or present legal status.
IBM-IMYB2024-AUCTION-090,Uttar Pradesh,Girar,Iron Ore & Gold,"[""element:iron"",""ore:iron-ore"",""element:gold""]","[""Iron"",""Iron ore"",""Gold""]","[""iron"",""Iron ore"",""gold""]","[""Fe"",""Au""]",2023-11-23,CL,271.18,curated_alpha_13,1,unique_curated_name_match,selected_curated_name_match,11743,3_Phase_4_MBS_Girar_Iron_Ore_and_Gold_Block,https://www.mstcecommerce.com/auctionhome/download_docs.jsp?FILE_ID=11743_3_Phase_4_MBS_Girar_Iron_Ore_and_Gold_Block.pdf&path=dynamiclinks&portal=mlcl&mdTyp=-,96d08eca2b5f1dbeb2e84390888ed5d768ad8df739a790eef8aab580d1c12508,565283,3,231.175,17.305072,ordered_boundary_vertices,[1],"[""published_and_computed_area_conflicts""]",G3,44,8265.12,"Directorate of Geology and Mining, Uttar Pradesh, Lucknow.","Gold: 26 boreholes and 4,815.12 m; iron: 18 boreholes and 3,450.0 m.",Gold and iron ore,Iron ore: 100 million tonnes of fines over 2.70 sq km; gold ore: 12.29 million tonnes over 2.35 sq km at 0.2 ppm cut-off.,"Gold 0.35 ppm at 0.2 ppm cut-off; hematite iron ore 30% Fe, approximately 90% lumps and 10% fines.",,General trend of the ore zone is E W with dip 70°-80°,"For Gold: 0.3 m (Min) -1.5 m (Max.) For Iron Ore: 2 M (Min.) -40 m (Max.) 6 Grade For Gold : 0.35 ppm at 0.2 ppm cutoff For Iron Ore (Hematite) : 30% (Approx. 90% Lumps, and 10% Fines) 7","Nearest Rail Head Lalitpur (about 79 km from block) Road NH 44 (48 km from block), Madawara (U.P.)- Baraytha (M.P.)road passing near the block Airport Bhopal (240 km from block), Khajuraho (160 km from block) 8","Local Surface Drainage pattern (Channels) Sub-Dendritic to Dendritic Rivers/ Streams Dhasan, Bandai 9",Mean annual rainfall 800-1300 mm; December temperature 6-14 C; May-June temperature 42.5-48 C.,Rugged terrain.,withheld_validation_failure,Computed geodesic area differs from the MBS area by 14.47%; geometry withheld.,https://www.mstcecommerce.com/auctionhome/mlcl/index.jsp,2026-09-10,False,context_only,State MBS and IBM auction context do not independently verify current operation or present legal status.
IBM-IMYB2024-AUCTION-091,Uttar Pradesh,Bharhari,Iron Ore,"[""element:iron"",""ore:iron-ore""]","[""Iron"",""Iron ore""]","[""iron"",""Iron ore""]","[""Fe""]",2023-11-24,CL,134.77,curated_alpha_13,1,unique_curated_name_match,selected_curated_name_match,11742,2_Phase_4_MBS_Bharhari_Iron_Ore_Block,https://www.mstcecommerce.com/auctionhome/download_docs.jsp?FILE_ID=11742_2_Phase_4_MBS_Bharhari_Iron_Ore_Block.pdf&path=dynamiclinks&portal=mlcl&mdTyp=-,dc4d98263c4ef6f716413f4a198f0d38aabb3a42538d8ff6d576d275bbab902a,482923,3,134.77,0.0,ordered_boundary_vertices,[1],[],G3,8,822.7,"Geological Survey of India, Northern Region, Lucknow.",8 boreholes (Meterage: 822.70M),Iron ore,14.89 million tonnes inferred iron ore resource over 7.9 ha.,Average 34.73% Fe at 30% Fe cut-off; approximately 90% lumps and 10% fines.,1 to 4 zones,General trend of the ore zone is ENE-WSW with diping towards south 50°-75°.,"1.48m to 30.40 m Strike length: 2.62 km, Strike width:30m 6 Grade 14.89 MT (14892538.98 Ton) with an average grade of 34.73 % Fe with 30% Fe cutoff (Approx. 90% Lumps, and 10% Fines) 2 7","Nearest Rail Head Chopan (about 18 km from block) Road SH 5 Airport Babatpur, Varanasi 8",Local Surface Drainage pattern (Channels) Sub Dendritic Rivers/ Streams Son River 9,Mean annual rainfall 125 cm; temperature 30-46 C; source also prints average 25 C.,Rugged terrain.,admitted_authoritative_source_footprint,"Source-labelled boundary table passed polygon validity, state-centroid and 5% area reconciliation checks.",https://www.mstcecommerce.com/auctionhome/mlcl/index.jsp,2026-09-10,False,context_only,State MBS and IBM auction context do not independently verify current operation or present legal status.
IBM-IMYB2024-AUCTION-092,Uttar Pradesh,Sona Pahari,Gold,"[""element:gold""]","[""Gold""]","[""gold""]","[""Au""]",2023-11-23,CL,79.0,curated_alpha_13,1,unique_curated_name_match,selected_curated_name_match,11745,5_Phase_4_MBS_Sonapahari_Gold_Block,https://www.mstcecommerce.com/auctionhome/download_docs.jsp?FILE_ID=11745_5_Phase_4_MBS_Sonapahari_Gold_Block.pdf&path=dynamiclinks&portal=mlcl&mdTyp=-,8341f0c83f22217c5838c845418e08e73ade01ed9bfe6db89c2a3bd9df08b2a3,173068,3,79.0,0.0,ordered_boundary_vertices,[1],[],G3,19,2359.9,"Geological Survey of India, Northern Region, Lucknow.",19 boreholes Inclined (Meterage: 2359.90M),Gold,"52,806.25 tonnes inferred gold-ore resource over 16.8 ha in sub-block H.",Average 3.03 g/t Au at 0.5 g/t cut-off.,1 zones,Zone 1 located in sub block H is about 170 m long. Subsidiary shear developed in the sub block H trend N65W and S65E. It is quiet important from the point of view of mineralization and have shown good 2 concentration of sulfides and high value of Au in the area.,1.26 m to 3.9 m 6 Grade 3.03g/t of Au 7,"Nearest Rail Head Chopan Road SH5 and 5A Airport Babatpur, Varanasi 8",Local Surface Drainage pattern (Channels) Dendritic Rivers/ Streams Son river 9,Mean annual rainfall 110-115 cm; December temperature 5-28 C; May-June temperature 24-41 C.,Rugged terrain.,admitted_authoritative_source_footprint,"Source-labelled boundary table passed polygon validity, state-centroid and 5% area reconciliation checks.",https://www.mstcecommerce.com/auctionhome/mlcl/index.jsp,2026-09-10,False,context_only,State MBS and IBM auction context do not independently verify current operation or present legal status.
IBM-IMYB2024-AUCTION-093,Goa,Block V- Advalpale-Thivim Mineral Block,Iron Ore,"[""element:iron"",""ore:iron-ore""]","[""Iron"",""Iron ore""]","[""iron"",""Iron ore""]","[""Fe""]",2023-04-21,ML,36.22,curated_alpha_13,1,unique_curated_name_match,selected_curated_name_match,8366,Block V- Advalpale-Thivim Mineral Block,https://www.mstcecommerce.com/auctionhome/download_docs.jsp?FILE_ID=8366_Block_V_Advalpale_Thivim_Mineral_Block.pdf&path=dynamiclinks&portal=mlcl&mdTyp=-,49f4d609e6a458c305f1afdf03a31a2d935f6a02ec4b68dda166dba93bc2e301,538380,4,36.2202,0.000552,ordered_boundary_vertices,[1],[],G1; G2; G3,120,6504.9,"Exploration was carried out by Ms Lithoferro. Their office is located at Khalap Chambers, Market Road, Mapusa, Goa, Pin code 403507.",120 Boreholes with cumulative meterage of 6504.90 m,Iron ore (hematite),"In-situ geological resource 3.828 million tons; estimated resource in dumps 417,020 tons, as on 2022-06-01.",In-situ fines Fe 57.43%; lumps Fe 59.58%. Dump material is 45% to below 51% Fe.,"The Geological investigation in the said lease area including subsurface data obtained from the boreholes drilled and study of opencast workings reveal that it is a single ore band having strike length around 900m to 1000m , width of the deposit is 20m to 25m and average thickness is 25m with vertical explored thickness 40m to 50m.",The general strike is NW -SE to WNW -ESE with dip varying from 35 0 to 45 0 north to north easterly. The deposit is traversed by as many as seven dip and oblique faults ranging in throw from 15m to 90m. Generally the faults are filled by barren laterite dykes or fault gouge.,is 25m with vertical explored thickness 40m to 50m. Trend (Dip and Strike) The general strike is NW -SE to WNW -ESE with dip varying from 35 0 to 45 0 north to north easterly. The deposit is traversed by as many as seven dip and oblique faults ranging in throw from 15m to 90m. Generally the faults are filled by barren laterite dykes or fault gouge. Average Thickness 25 m (Inclusive low grade and powdery ore) 6,Nearest Rail Head Tivim railway station at a distance of 4.2 kms. Road Mine is located at a distance of about 2.7 kms due North from State Highway (Mapusa-Bicholim) Page 3 of 4 Features Details Barge loading jetty and port Sircaim Jetty is at 4kms and Marmugoa Harbour is about 50 kms Airport Dabolim Airport is at 50 kms and Mopa Airport is about 40 kms 7,Local Surface Drainage Pattern (Channels) There is no perennial source of water within the lease area. The surface drainage is diverted in to series of settling ponds through garland drains. Rivers/ Streams No River or streams within the lease 8,Mean annual rainfall 3500 mm; winter temperature 16-21 C; summer temperature 36-38 C.,The area comprises of plateau top hill running Northwest - Southeast direction with northeastern part of plateau top hill range having a moderate slope in comparison to southwest part of hill. The highest elevation is 115 m from MSL while the lowest in -situ level is 28 m from MSL located in the village. However the present pit bottom is 12.33 m from MSL in the Northwestern side of the lease. Page 4 of 4,admitted_authoritative_source_footprint,"Source-labelled boundary table passed polygon validity, state-centroid and 5% area reconciliation checks.",https://www.mstcecommerce.com/auctionhome/mlcl/index.jsp,2026-09-10,False,context_only,State MBS and IBM auction context do not independently verify current operation or present legal status.
IBM-IMYB2024-AUCTION-094,Goa,Block VI- Cudnem-Cormolem Mineral Block,Iron Ore,"[""element:iron"",""ore:iron-ore""]","[""Iron"",""Iron ore""]","[""iron"",""Iron ore""]","[""Fe""]",2023-04-25,ML,38.51,curated_alpha_13,1,unique_curated_name_match,selected_curated_name_match,8367,Block VI- Cudnem-Cormolem Mineral Block,https://www.mstcecommerce.com/auctionhome/download_docs.jsp?FILE_ID=8367_Block_VI_Cudnem_Cormolem_Mineral_Block.pdf&path=dynamiclinks&portal=mlcl&mdTyp=-,4b371ce11abbb88a9d03815de4a8332e29148d637dc27399450a0f144fe51ed5,418241,4,38.5143,0.011165,ordered_boundary_vertices,[1],"[""computed_area_differs_from_mbs_area_gt_5pct""]",G1; G2; G3,147,7981.4,"Sociade De Fomento Industrial Pvt. Ltd P.O. Box No 31Erasmo Cavalho Street, Margao South Goa District, Goa..",147 Boreholes with cumulative meterage 7981.40m,"Block PART A GENERAL INFORMATION ABOUT MINERAL BLOCK Features Details 1 Location Mineral Block Block VI- Cudnem-Cormolem Mineral Block LEASE BOUNDARY PILLARS DATUM-WGS-84; ZONE-43 NORTH DMS UTM (m) LATITUDE LONGITUDE NORTHING EASTING BP 1 15°32' 53.0470"" N 74°01'56.530"" E 1719181.1962 396231.9621 BP 2 15°32'58.091"" N 74°01'35.280"" E 1719339.0210 395605.6230 BP 3 15°32' 47.256"" N 74°01'28.959"" E 1719006.9290 395415.7990 BP 4 15°32' 36.689"" N 74°01'42.277"" E 1718680.4310 395811.0590 BP 5 15°32' 50.077"" N 74°01'53.892"" E 1719090.2604 396158.9241 Villages Cudnem Tehsil/ Taluka Bicholim District North Goa State Goa 2 Area (Hectares) 38.5143 Ha Mineralised Area 36.3336 Ha. Unexplored area 2.1807 Ha. (Non mineralized area may also include un explored area) 3 Exploration Status (G1/G2/ G3/ G4 etc.) G1: 18.1558 Ha, G2: 2.9082 Ha, G3: 15.2696 Ha Exploration Agency Sociade De Fomento Industrial Pvt. Ltd P.O. Box No 31Erasmo Cavalho Street, Margao South Goa District, Goa.. Pitting/ Trenching Details - Total Number of Boreholes with meterage 147 Boreholes with cumulative meterage 7981.40m Borehole Spacing (Density) G1-50m x 50m and G2-50m x 100m G3-50m x 100m 4 Quantity of Minerals (Grade wise) Mineral The mine had been explored for Iron Ore (Hematite)",Quantity of Insitu mineral Geological Resource of all category,"wise) Mineral The mine had been explored for Iron Ore (Hematite) *Total Geological Resources As on 01.06.2022 Quantity of Insitu mineral Geological Resource of all category grade in the total prospected area ( 36.3336)=97,70,583 Tons; rounded off to 97,71,000 Tons. (9.771 Million Tons) Fines: 6840,000 (54.49%) Lumps:2931,000 (56.64%) Total estimated resource in dumps: 1,12,702 tones Lumps: 33,811 tones (45% to below 51% Fe) Page 2 of 4 Features Details Fines: 78,891 tones (45% to below 51% Fe) 5","One ore band . The geological investigation in the said lease area including subsurface data obtained from the boreholes drilled and study of opencast workings revealed that the iron ore occurs bellow the lateritised lumpy horizon. The north & northeastern side the ore body is forming an anticline having a strike length of 600m, width 250m with an average thickness of 25m. The south western side the ore body is forming syncline having a strike length of 500m, width 220m with an avera ge thickness of 25m.",The general strike is NW -SE and the amount of dip is varying from 65 0 to 70 0. The ore body is highly folded with an,"of 25m. The south western side the ore body is forming syncline having a strike length of 500m, width 220m with an avera ge thickness of 25m. Trend (Dip and Strike) The general strike is NW -SE and the amount of dip is varying from 65 0 to 70 0. The ore body is highly folded with an average thickness of about 25m in the south -western of the mine lease. The crust part of the anticline is lateritesed. The north eastern limb of the fold shows more undulation and depth of mineralisation is much less in the central part of the mine lease. Average Thickness Average thickness 18m (min10m & max 25m thick) 6",Nearest Rail Head The nearest Railway st ation is T hivim which is about 30 km due north west and is connected by a metal road. Road The mining lease can be approached by road at a distance of 6 kms from Sanquelim town towards South East through Sanquelim - Honda-Usgao Road. The nearest railway stat ion is Tivim which is at about 30kms and the nearest Goa International Airport (Dabolim Airport) is at a distance of 50kms and Mopa Airport is at a about 61kms from the lease area. Nearest Barge loading is at Maina at 7kms and Ammona Jetty is about 10kms from the lease area. Nearest harbor is Marmugao at a distance of about 50kms from the lease. Airport Dabolim at 50 km; Mopa Airport ( about 60 km) 7,"Local Surface Drainage Pattern (Channels) During monsoon the rainwater runoff from the mine working area and waste dump are diverted to the mine pits where primary settling of sediment take place. The accumulated water in pit no 2 is pumped out after monsoon before working. Part of this water is utilized for dust suppression and remaining water is channelized to settling ponds. Overflow water from pit no 3 is diverted into series of settling ponds, where it is being treated with lime & flocculants. Only clear treated water discharged out of mining lease area. Rivers/ Streams There is one perennial river by name Cudnem River is running outside all along the n orthern boundary of the lease. No river or water bodies within the lease but for storm water accumulated in the mining pits in the monsoon. 8",The area has a sub-tropical climate with torrential rainfall between June to Sept and the average annual rainfall is around 4000m. Temperature (Winter) Temperature is 16° to 21° C in winter Temperature (Summer) Temperature is 36° to 38° C in summer Page 3 of 4 Features Details 9,The block area comprises of a two hills running NW -SE di rection separated by gently dipping valley about 150m wide. The mining lease is situated in the intermediate highlands between seacoast on the west and Sayadhri hill ranges in the east. Thus the climate of this lease area is different from that of coastal area. The highest elevation is 62.9m (MSL) in northern side and the lowest elevation is -29.3m. Page 4 of 4,withheld_validation_failure,Computed geodesic area differs from the MBS area by 25.31%; geometry withheld.,https://www.mstcecommerce.com/auctionhome/mlcl/index.jsp,2026-09-10,False,context_only,State MBS and IBM auction context do not independently verify current operation or present legal status.
IBM-IMYB2024-AUCTION-095,Goa,Block VII-Cudnem Mineral Block,Iron Ore,"[""element:iron"",""ore:iron-ore""]","[""Iron"",""Iron ore""]","[""iron"",""Iron ore""]","[""Fe""]",2023-04-26,ML,75.3,curated_alpha_13,1,unique_curated_name_match,selected_curated_name_match,8368,Block VII-Cudnem Mineral Block Final,https://www.mstcecommerce.com/auctionhome/download_docs.jsp?FILE_ID=8368_Block_VII_Cudnem_Mineral_Block_Final.pdf&path=dynamiclinks&portal=mlcl&mdTyp=-,41ba1f7862a90e5ba7ba230e0a6cdb8cfc6e0b3698fe5104e0386f24a8830144,540375,5,75.3004,0.000531,ordered_boundary_vertices,[1],[],G1; G2; G3,94,5886.9,"Sociade De Fomento Industrial Pvt. Ltd P.O. Box No 31Erasmo Cavalho Street, Margao South Goa District, Goa..",94 Boreholes with cumulative meterage 5886.90m Out of total drilled 94 boreholes 62 boreholes were considered for resources estimation,Iron ore (hematite),"In-situ geological resource 8.282 million tons; estimated resource in dumps 2,221,350 tons, as on 2022-06-01.",In-situ fines Fe 55.72%; lumps Fe 57.87%. Dump material is 45% to below 51% Fe.,"Two ore bands First band in the south and west part of the lease belongs to Cudnem - Dignem-Surla deposit having the strike length of 500m, width of 50m to 80m and average thickness is 25m with vertical explored thickness 50m to 55m Second band in the east and no rth-west portion of the lease belongs to Pissurlem -Sonshi deposit having strike length around 600m , width of 100m to 120m .and average thickness is 35m with a maximum vertical explored depth of 134m along section 5P -5P’",Cudnem-Dignem-Surla deposit: The general strike is NW -SE In general the dip on the north -eastern limb ranges from 42 0 to 85 0' towards N.35 0E direction and the maximum amount of dip is in the north-western tip of the deposit. The dip of the south -western limb varies from 200 to 450 towards S 350 W. Pissurlem-Sonshi deposit: The general strike is NW -SE dipping toward NE at 45 0 to 700.,"is 25m with vertical explored thickness 50m to 55m Second band in the east and no rth-west portion of the lease belongs to Pissurlem -Sonshi deposit having strike length around 600m , width of 100m to 120m .and average thickness is 35m with a maximum vertical explored depth of 134m along section 5P -5P’ Trend (Dip and Strike) Cudnem-Dignem-Surla deposit: The general strike is NW -SE In general the dip on the north -eastern limb ranges from 42 0 to 85 0' towards N.35 0E direction and the maximum amount of dip is in the north-western tip of the deposit. The dip of the south -western limb varies from 200 to 450 towards S 350 W. Pissurlem-Sonshi deposit: The general strike is NW -SE dipping toward NE at 45 0 to 700. Average Thickness Cudnem-Dignem-Surla Bands ea has 25m average thicknes. Pissurlem-Sonshi band has 25m to 40m average thickness 6","Nearest Rail Head The nearest Railway st ation is Tivim which is about 29 km due north west and is connected by a metal road. Road The mining lease can be appro ached by road at a distance of 5kms from Sanquelim town towards South East through Sanquelim -Honda- Usgao Road. The nearest railway stat ion is Tivim which is at about 29kms and the nearest Goa International Airport (Daboli m Airport) is at a distance of 49kms from the lease area. Barge loading Jetty and port name Nearest barge loading jetty is in Ammona at a distance of 12kms from the block. Nearest Port is Marmugoa at 50kms from the block. Airport Dabolim at 49 km, Mopa Airport (about 55 km) Page 3 of 5 Features Details 7","Local Surface Drainage Pattern (Channels) During monsoon the rainwater runoff from the mine working area and waste dump are diverted to the mine pits through trenches and garland drains where primary settling of sediment take place. Pumped out water will be diverted into settling ponds and filter beds, where lime & flocculants is added to expedite the sediment settling rate and only clear water is allowed to flow out of mining lease area. Trenches are cleared before the onset of monsoon every year, so that all the water from dumps and mine working faces is diverted to a settling pond. Rivers/ Streams Towards north of the lease, a Nalla flows from east to northwest ultimately joining the main river downstream. There is a perennial river (Cudnem River) is running along the northern boundary of the lease which is one of the tributaries to Madei River. 8",Annual rainfall printed as around 4000 m in the MBS (source-unit anomaly retained); winter temperature 16-21 C; summer temperature 36-38 C.,The mining lease comprises of a two hills running NW-SE direction separated by gently dipping valley about 150m wide. The mining lease is situated in the intermediate highlands between seacoast on the west and Sayadhri hill ranges in the east. Thus the climate of this lease area is different from that of coastal area. The highest elevation is 85m (MSL) in the Southern side of the lease area and the lowest elevation is seen in Pit No 4 with 7.5m (MSL) is seen in pit 4 in south western side of block area. [Note*: Supportive evidence of estimating of resources/reserve provided by lessee is only in the form of geological sections/planes which are enclosed in Plates. No Summarized geological litholog of boreholes drilled and the chemical analytical results of core samples collected from the boreholes drilled are available in department. Only some chemical analytical sheets are available with mining plan annexure which is provided in the annexure of GR.] Page 4 of 5,admitted_authoritative_source_footprint,"Source-labelled boundary table passed polygon validity, state-centroid and 5% area reconciliation checks.",https://www.mstcecommerce.com/auctionhome/mlcl/index.jsp,2026-09-10,False,context_only,State MBS and IBM auction context do not independently verify current operation or present legal status.
IBM-IMYB2024-AUCTION-096,Goa,Block VIII-Thivim-Pirna Mineral Block,Iron Ore,"[""element:iron"",""ore:iron-ore""]","[""Iron"",""Iron ore""]","[""iron"",""Iron ore""]","[""Fe""]",2023-04-27,ML,72.05,curated_alpha_13,1,unique_curated_name_match,selected_curated_name_match,8369,Block VIII-Thivim-Pirna Mineral Block,https://www.mstcecommerce.com/auctionhome/download_docs.jsp?FILE_ID=8369_Block_VIII_Thivim_Pirna_Mineral_Block.pdf&path=dynamiclinks&portal=mlcl&mdTyp=-,c2b450d8c0215c3a3b3c8fc46a4b8263677c870b050be36d26f749c2c540b28f,542909,5,72.0544,0.006106,ordered_boundary_vertices,[1],"[""source_point_id_6_absent"", ""utm_final_northing_inconsistent""]",G1; G2,35,1583.6,"Exploration was carried out by Ms Salgaocar Mining Industries. Salgaocar Bhavan, Altinho, Panjim, Goa, Pin code 400 001.",35 Boreholes with cumulative meterage of 1583.60 m,Iron ore (hematite),"In-situ geological resource 1.687 million tons; estimated resource in dumps 208,210 tons, as on 2022-06-01.",In-situ fines Fe 54.13%; lumps Fe 55.63%. Dump material is 45% to below 51% Fe.,The geological investigation in the said lease area including subsurface data obtained from the boreholes drilled and study of opencast workings reveals that there are 3 parallel iron ore band are present in the south-eastern part of the lease area. The general strike direction is N300W-S300E with local variation and dipping 350 to 600 towards East. Band 1 is having strike length of 150m and average width of 15m and an average thickness of 20m. Band 2 is having strike length of 250m and average width of 30 m and Page 3 of 5 Features Details an average thickness of 20 m. Band 3 is having strike length of 90m and average width of 60m and average thickness of 20m.,The deposit has a general strike is NW -SE to WNW -ESE with dip varying from 350 to 600 towards East.,of 20m. Band 2 is having strike length of 250m and average width of 30 m and Page 3 of 5 Features Details an average thickness of 20 m. Band 3 is having strike length of 90m and average width of 60m and average thickness of 20m. Trend (Dip and Strike) The deposit has a general strike is NW -SE to WNW -ESE with dip varying from 350 to 600 towards East. Average Thickness Band 1- Average thickness 20m (150m Length and 15m width) Band 2 - Average thickness 20m (250m Length and 30m width) Band 3- Average thickness 20m (90m Length and 60m width) 6,Nearest Rail Head Thivim railway station at a distance of 5.2 kms. Road Mine is located at a distance of about 3 .7 kms due North from State Highway (Mapusa-Bicholim) Barge Loading and Port Nearest barge loading Jetty is Sircaim Jetty at Sircaim Village at a distance of 4kms and nearest harbor is Marmugoa Harbour at about 60kms from the lease Airport Mopa Airport is about 40kms & Dabolim is at 6 0 kms. from the block/lease. 7,Local Surface Drainage Pattern (Channels) There is no perennial source of water within the lease area. The surface drainage is diverted in to series of settling ponds through garland drains. Rivers/ Streams No River or streams within the lease 8,Mean annual rainfall 3500 mm; winter temperature 16-21 C; summer temperature 36-38 C.,"The mining lease falls in Pirna and Tivim villages of Bardez Taluka, north Goa District. The lease area occupies a hill rage, the two articulated parts of which are almost right to each other with intervening valley. The southern hill range is about 300m long and trends East -West direction while Northern hill extends over a length of 800m which trends North -South direction which trends North -South direction. Hill rises about 75m from the general ground level. The highest elevation is 115m above MSL towards North-Western boundary whereas the lowest elevation is 24.60m above MSL (Pit bottom) towards south -Eastern part of the mining lease. Page 4 of 5",admitted_authoritative_source_footprint,"Source-labelled boundary table passed polygon validity, state-centroid and 5% area reconciliation checks.",https://www.mstcecommerce.com/auctionhome/mlcl/index.jsp,2026-09-10,False,context_only,State MBS and IBM auction context do not independently verify current operation or present legal status.
IBM-IMYB2024-AUCTION-097,Goa,Block IX-Surla-Sonshi Mineral Block,Iron Ore,"[""element:iron"",""ore:iron-ore""]","[""Iron"",""Iron ore""]","[""iron"",""Iron ore""]","[""Fe""]",2023-04-28,ML,254.51,curated_alpha_13,1,unique_curated_name_match,selected_curated_name_match,8370,Block IX-Surla-Sonshi Mineral Block Final,https://www.mstcecommerce.com/auctionhome/download_docs.jsp?FILE_ID=8370_Block_IX_Surla_Sonshi_Mineral_Block_Final.pdf&path=dynamiclinks&portal=mlcl&mdTyp=-,c9502ea0af3a12650a4fef1ec933acd6fcf92cc199697a34b089dff53eaa7e6c,592050,7,254.51,0.0,ordered_boundary_vertices,"[1, 2, 3]",[],G1; G2,494,53453.6,"Sesa Resources Limited, 20 EDC Complex, Patto Panaji , North Goa District, Goa 403001",494 Boreholes with cumulative meterage 53453.60m Total 494 boreholes were considered for resources estimation,Iron ore (hematite),"In-situ geological resource 65.728 million tons; estimated resource in dumps 2,686,620 tons, as on 2022-06-01.",In-situ fines Fe 44.63%; lumps Fe 46.38%. Dump material is 45% to below 51% Fe.,Surla-Sonshi comprises two major nearly parallel ore bodies called as Southern Ore Body (exposed in Surla Pit) and Northern Ore body (Exposed along north-eastern side of the lease boundary. Ore body strike length of 700m and width of 120m.,The general strike is NW -SE with occasional dips varying 35° to 50°.There are two ore bodies named northern and southern bands. The southern ore band is the part of Surla-Dignem deposit and folded forming an anticline about 600m len gth with an average width of 120m. The northern band is the part of Pissurlem-Sonshi deposit. This portion of the deposit generally dipping north-easterly with minor role forms westerly dips at palaces and it is the western limb of bottom most (Delhi band) of Pissurlem deposit.,Surla-Dignem deposit with an average width of 120m. 6,Nearest Rail Head The nearest railway station is Tivim which is at about 27kms. Road The mining lease can be approached by road at a distance of 8 kms from Sanquelim town towards South East through Sanquelim -HondaUsgao Road. Airport Goa International Airport (Dabolim Airport) is at a distance of 50kms and Mopa Airport is at a distance of around 60kms Page 5 of 7 7,Local Surface Drainage Pattern (Channels) The area is charcterised by dentritic type of drainage pattern. Locally the mining lease has no distinct drainage pattern except localized surface flows from elevations during monsoon. Small seasonal nallah/stream exist at central part of the lease boundar y During monsoon most of the surface flow of water is collected through series of settling ponds and clear water is allowed to the seasonal nalah. Rivers/ Streams There is one seasonal nalla by name Advoi Nala is running outside the lease in the southern part of the lease 8,"Mean annual rainfall 3750 mm (minimum 3500 mm, maximum 4000 mm); winter temperature 20 C; summer temperature 38 C.","Surla Sonshi Iron Ore Mine (M.L. No 04/AMLG (ML -3)/SRL/17), comprising TC No. 21/54, 20/54 & 5/54 is occupying slopes & valleys of Dignem and Pissurlem ridges. Sonshi valley forms centre of leasehold area. Lease is disposed in a general northwest -southeast direction. The highest elevation is 191m (MSL) in the south east part of lease area close to BP 37. The lowest elevation is about -15m (MSL) in the pit bottom on the North Eastern.Surla Sonshi Iron Ore Mine is situated in the intermediate highlands between seacoast on the west and Sayadhri hill ranges in the east. [Note*: Supportive evidence of estimating of resources/reserve provided by lessee is only in the form of geological sections/planes which are enclosed in Plates. No Summarized geological litholog of boreholes drilled and the chemical analytical results of core samples collected from the boreholes drilled are available in department. Only some chemical analytical sheets are available with mining plan annexure which is provided in the annexure of GR.] Page 6 of 7",admitted_authoritative_source_footprint,"Source-labelled boundary table passed polygon validity, state-centroid and 5% area reconciliation checks.",https://www.mstcecommerce.com/auctionhome/mlcl/index.jsp,2026-09-10,False,context_only,State MBS and IBM auction context do not independently verify current operation or present legal status.
