record_id,record_class,source_table_number,source_pdf_page,reference_date,mineral_name_source,normalized_top50_materials_json,scope_type,state_or_ut,geography_name_source,grade_or_measure_source,resource_basis,unit_source,unit_scale_to_base,base_unit,std111_proved,std121_probable,std122_probable,reserves_total_a,std211_feasibility,std221_prefeasibility,std222_prefeasibility,std331_measured,std332_indicated,std333_inferred,std334_reconnaissance,remaining_resources_total_b,total_resources_a_plus_b,total_resources_base_quantity,blank_numeric_cells_interpreted_as_zero,source_figures_rounded,arithmetic_max_abs_error_source_units,arithmetic_tolerance_source_units,arithmetic_validation_pass,latitude,longitude,coordinates_available_in_source,spatial_integration_status,source_id,source_url,source_pdf_url,source_file_sha256,extraction_method
IBM-NMI2025-5-01-national-total-all-india-total-01,official_nmi_resource_inventory,5.01,1,2025-04-01,Andalusite,[],national_total,,All India,Total,bulk_mineral_or_source_grade,'000 Tonnes,1000.0,tonnes,0.0,0.0,0.0,0.0,0.0,0.0,0.0,0.0,58040.0,56210.0,11800.0,126050.0,126050.0,126050000.0,0,True,0.0,2.5210000000000004,True,,,False,inventory_context_only_not_used_as_point_or_grid_model_evidence,SRC_IBM_NMI_2025,https://ibm.gov.in/IBMPortal/pages/national-mineral-inventory-at-a-glance-2025,https://ibm.gov.in/writereaddata/files/17848872906a6337fae632bChapter__5_Mineral_wise.pdf,491b70eccee4f1a63f9ae0fe25b1c2d7c40e8b7c714abab7e12a10e594020d67,pdfplumber_position_aware_columns_with_unfc_subtotal_validation
IBM-NMI2025-5-01-grade-all-india-low-01,official_nmi_resource_inventory,5.01,1,2025-04-01,Andalusite,[],grade,,All India,Low,bulk_mineral_or_source_grade,'000 Tonnes,1000.0,tonnes,0.0,0.0,0.0,0.0,0.0,0.0,0.0,0.0,58040.0,56210.0,11800.0,126050.0,126050.0,126050000.0,0,True,0.0,2.5210000000000004,True,,,False,inventory_context_only_not_used_as_point_or_grid_model_evidence,SRC_IBM_NMI_2025,https://ibm.gov.in/IBMPortal/pages/national-mineral-inventory-at-a-glance-2025,https://ibm.gov.in/writereaddata/files/17848872906a6337fae632bChapter__5_Mineral_wise.pdf,491b70eccee4f1a63f9ae0fe25b1c2d7c40e8b7c714abab7e12a10e594020d67,pdfplumber_position_aware_columns_with_unfc_subtotal_validation
IBM-NMI2025-5-01-state-jharkhand-total-01,official_nmi_resource_inventory,5.01,1,2025-04-01,Andalusite,[],state,Jharkhand,Jharkhand,Total,bulk_mineral_or_source_grade,'000 Tonnes,1000.0,tonnes,0.0,0.0,0.0,0.0,0.0,0.0,0.0,0.0,0.0,0.0,11800.0,11800.0,11800.0,11800000.0,0,True,0.0,2.0,True,,,False,inventory_context_only_not_used_as_point_or_grid_model_evidence,SRC_IBM_NMI_2025,https://ibm.gov.in/IBMPortal/pages/national-mineral-inventory-at-a-glance-2025,https://ibm.gov.in/writereaddata/files/17848872906a6337fae632bChapter__5_Mineral_wise.pdf,491b70eccee4f1a63f9ae0fe25b1c2d7c40e8b7c714abab7e12a10e594020d67,pdfplumber_position_aware_columns_with_unfc_subtotal_validation
IBM-NMI2025-5-01-state-uttar-pradesh-total-01,official_nmi_resource_inventory,5.01,1,2025-04-01,Andalusite,[],state,Uttar Pradesh,Uttar Pradesh,Total,bulk_mineral_or_source_grade,'000 Tonnes,1000.0,tonnes,0.0,0.0,0.0,0.0,0.0,0.0,0.0,0.0,58040.0,56210.0,0.0,114250.0,114250.0,114250000.0,0,True,0.0,2.285,True,,,False,inventory_context_only_not_used_as_point_or_grid_model_evidence,SRC_IBM_NMI_2025,https://ibm.gov.in/IBMPortal/pages/national-mineral-inventory-at-a-glance-2025,https://ibm.gov.in/writereaddata/files/17848872906a6337fae632bChapter__5_Mineral_wise.pdf,491b70eccee4f1a63f9ae0fe25b1c2d7c40e8b7c714abab7e12a10e594020d67,pdfplumber_position_aware_columns_with_unfc_subtotal_validation
IBM-NMI2025-5-02-national-total-all-india-ore-01,official_nmi_resource_inventory,5.02,2,2025-04-01,Antimony,"[""Antimony""]",national_total,,All India,Ore,ore,Tonne,1.0,tonnes,0.0,0.0,7503.0,7503.0,0.0,0.0,592.0,0.0,0.0,10588.0,0.0,11180.0,18683.0,18683.0,0,True,0.0,2.0,True,,,False,inventory_context_only_not_used_as_point_or_grid_model_evidence,SRC_IBM_NMI_2025,https://ibm.gov.in/IBMPortal/pages/national-mineral-inventory-at-a-glance-2025,https://ibm.gov.in/writereaddata/files/17848872906a6337fae632bChapter__5_Mineral_wise.pdf,491b70eccee4f1a63f9ae0fe25b1c2d7c40e8b7c714abab7e12a10e594020d67,pdfplumber_position_aware_columns_with_unfc_subtotal_validation
IBM-NMI2025-5-02-national-total-all-india-metal-01,official_nmi_resource_inventory,5.02,2,2025-04-01,Antimony,"[""Antimony""]",national_total,,All India,Metal,contained_metal_or_compound,Tonne,1.0,tonnes,0.0,0.0,75.0,75.0,0.0,0.0,5.92,0.0,0.0,174.0,0.0,179.92,254.92,254.92,0,True,0.0,2.0,True,,,False,inventory_context_only_not_used_as_point_or_grid_model_evidence,SRC_IBM_NMI_2025,https://ibm.gov.in/IBMPortal/pages/national-mineral-inventory-at-a-glance-2025,https://ibm.gov.in/writereaddata/files/17848872906a6337fae632bChapter__5_Mineral_wise.pdf,491b70eccee4f1a63f9ae0fe25b1c2d7c40e8b7c714abab7e12a10e594020d67,pdfplumber_position_aware_columns_with_unfc_subtotal_validation
IBM-NMI2025-5-02-state-himachal-pradesh-ore-01,official_nmi_resource_inventory,5.02,2,2025-04-01,Antimony,"[""Antimony""]",state,Himachal Pradesh,Himachal Pradesh,Ore,ore,Tonne,1.0,tonnes,0.0,0.0,0.0,0.0,0.0,0.0,0.0,0.0,0.0,10588.0,0.0,10588.0,10588.0,10588.0,0,True,0.0,2.0,True,,,False,inventory_context_only_not_used_as_point_or_grid_model_evidence,SRC_IBM_NMI_2025,https://ibm.gov.in/IBMPortal/pages/national-mineral-inventory-at-a-glance-2025,https://ibm.gov.in/writereaddata/files/17848872906a6337fae632bChapter__5_Mineral_wise.pdf,491b70eccee4f1a63f9ae0fe25b1c2d7c40e8b7c714abab7e12a10e594020d67,pdfplumber_position_aware_columns_with_unfc_subtotal_validation
IBM-NMI2025-5-02-state-himachal-pradesh-metal-01,official_nmi_resource_inventory,5.02,2,2025-04-01,Antimony,"[""Antimony""]",state,Himachal Pradesh,Himachal Pradesh,Metal,contained_metal_or_compound,Tonne,1.0,tonnes,0.0,0.0,0.0,0.0,0.0,0.0,0.0,0.0,0.0,174.0,0.0,174.0,174.0,174.0,0,True,0.0,2.0,True,,,False,inventory_context_only_not_used_as_point_or_grid_model_evidence,SRC_IBM_NMI_2025,https://ibm.gov.in/IBMPortal/pages/national-mineral-inventory-at-a-glance-2025,https://ibm.gov.in/writereaddata/files/17848872906a6337fae632bChapter__5_Mineral_wise.pdf,491b70eccee4f1a63f9ae0fe25b1c2d7c40e8b7c714abab7e12a10e594020d67,pdfplumber_position_aware_columns_with_unfc_subtotal_validation
IBM-NMI2025-5-02-state-madhya-pradesh-ore-01,official_nmi_resource_inventory,5.02,2,2025-04-01,Antimony,"[""Antimony""]",state,Madhya Pradesh,Madhya Pradesh,Ore,ore,Tonne,1.0,tonnes,0.0,0.0,7503.0,7503.0,0.0,0.0,592.0,0.0,0.0,0.0,0.0,592.0,8095.0,8095.0,0,True,0.0,2.0,True,,,False,inventory_context_only_not_used_as_point_or_grid_model_evidence,SRC_IBM_NMI_2025,https://ibm.gov.in/IBMPortal/pages/national-mineral-inventory-at-a-glance-2025,https://ibm.gov.in/writereaddata/files/17848872906a6337fae632bChapter__5_Mineral_wise.pdf,491b70eccee4f1a63f9ae0fe25b1c2d7c40e8b7c714abab7e12a10e594020d67,pdfplumber_position_aware_columns_with_unfc_subtotal_validation
IBM-NMI2025-5-02-state-madhya-pradesh-metal-01,official_nmi_resource_inventory,5.02,2,2025-04-01,Antimony,"[""Antimony""]",state,Madhya Pradesh,Madhya Pradesh,Metal,contained_metal_or_compound,Tonne,1.0,tonnes,0.0,0.0,75.0,75.0,0.0,0.0,5.92,0.0,0.0,0.0,0.0,5.92,80.92,80.92,0,True,0.0,2.0,True,,,False,inventory_context_only_not_used_as_point_or_grid_model_evidence,SRC_IBM_NMI_2025,https://ibm.gov.in/IBMPortal/pages/national-mineral-inventory-at-a-glance-2025,https://ibm.gov.in/writereaddata/files/17848872906a6337fae632bChapter__5_Mineral_wise.pdf,491b70eccee4f1a63f9ae0fe25b1c2d7c40e8b7c714abab7e12a10e594020d67,pdfplumber_position_aware_columns_with_unfc_subtotal_validation
IBM-NMI2025-5-03-national-total-all-india-total-01,official_nmi_resource_inventory,5.03,3,2025-04-01,Apatite,"[""Phosphorus""]",national_total,,All India,Total,bulk_mineral_or_source_grade,Tonne,1.0,tonnes,27715.0,0.0,1680.0,29395.0,499149.0,0.0,0.0,2281521.0,11481250.0,5801338.0,1017646.0,21080904.0,21110299.0,21110299.0,0,True,0.0,422.20598,True,,,False,inventory_context_only_not_used_as_point_or_grid_model_evidence,SRC_IBM_NMI_2025,https://ibm.gov.in/IBMPortal/pages/national-mineral-inventory-at-a-glance-2025,https://ibm.gov.in/writereaddata/files/17848872906a6337fae632bChapter__5_Mineral_wise.pdf,491b70eccee4f1a63f9ae0fe25b1c2d7c40e8b7c714abab7e12a10e594020d67,pdfplumber_position_aware_columns_with_unfc_subtotal_validation
IBM-NMI2025-5-03-grade-all-india-chemical-fertilizer-01,official_nmi_resource_inventory,5.03,3,2025-04-01,Apatite,"[""Phosphorus""]",grade,,All India,Chemical Fertilizer,bulk_mineral_or_source_grade,Tonne,1.0,tonnes,27715.0,0.0,1680.0,29395.0,0.0,0.0,0.0,30000.0,0.0,200163.0,0.0,230163.0,259558.0,259558.0,0,True,0.0,5.19116,True,,,False,inventory_context_only_not_used_as_point_or_grid_model_evidence,SRC_IBM_NMI_2025,https://ibm.gov.in/IBMPortal/pages/national-mineral-inventory-at-a-glance-2025,https://ibm.gov.in/writereaddata/files/17848872906a6337fae632bChapter__5_Mineral_wise.pdf,491b70eccee4f1a63f9ae0fe25b1c2d7c40e8b7c714abab7e12a10e594020d67,pdfplumber_position_aware_columns_with_unfc_subtotal_validation
IBM-NMI2025-5-03-grade-all-india-soil-reclamation-01,official_nmi_resource_inventory,5.03,3,2025-04-01,Apatite,"[""Phosphorus""]",grade,,All India,Soil Reclamation,bulk_mineral_or_source_grade,Tonne,1.0,tonnes,0.0,0.0,0.0,0.0,236502.0,0.0,0.0,2233500.0,6243000.0,800000.0,0.0,9513002.0,9513002.0,9513002.0,0,True,0.0,190.26004,True,,,False,inventory_context_only_not_used_as_point_or_grid_model_evidence,SRC_IBM_NMI_2025,https://ibm.gov.in/IBMPortal/pages/national-mineral-inventory-at-a-glance-2025,https://ibm.gov.in/writereaddata/files/17848872906a6337fae632bChapter__5_Mineral_wise.pdf,491b70eccee4f1a63f9ae0fe25b1c2d7c40e8b7c714abab7e12a10e594020d67,pdfplumber_position_aware_columns_with_unfc_subtotal_validation
IBM-NMI2025-5-03-grade-all-india-low-non-beneficiable-01,official_nmi_resource_inventory,5.03,3,2025-04-01,Apatite,"[""Phosphorus""]",grade,,All India,Low/Non-Beneficiable,bulk_mineral_or_source_grade,Tonne,1.0,tonnes,0.0,0.0,0.0,0.0,0.0,0.0,0.0,3360.0,2363000.0,50000.0,666646.0,3083006.0,3083006.0,3083006.0,0,True,0.0,61.660120000000006,True,,,False,inventory_context_only_not_used_as_point_or_grid_model_evidence,SRC_IBM_NMI_2025,https://ibm.gov.in/IBMPortal/pages/national-mineral-inventory-at-a-glance-2025,https://ibm.gov.in/writereaddata/files/17848872906a6337fae632bChapter__5_Mineral_wise.pdf,491b70eccee4f1a63f9ae0fe25b1c2d7c40e8b7c714abab7e12a10e594020d67,pdfplumber_position_aware_columns_with_unfc_subtotal_validation
IBM-NMI2025-5-03-grade-all-india-beneficiable-01,official_nmi_resource_inventory,5.03,3,2025-04-01,Apatite,"[""Phosphorus""]",grade,,All India,Beneficiable,bulk_mineral_or_source_grade,Tonne,1.0,tonnes,0.0,0.0,0.0,0.0,0.0,0.0,0.0,12477.0,1875250.0,4561175.0,351000.0,6799902.0,6799902.0,6799902.0,0,True,0.0,135.99804,True,,,False,inventory_context_only_not_used_as_point_or_grid_model_evidence,SRC_IBM_NMI_2025,https://ibm.gov.in/IBMPortal/pages/national-mineral-inventory-at-a-glance-2025,https://ibm.gov.in/writereaddata/files/17848872906a6337fae632bChapter__5_Mineral_wise.pdf,491b70eccee4f1a63f9ae0fe25b1c2d7c40e8b7c714abab7e12a10e594020d67,pdfplumber_position_aware_columns_with_unfc_subtotal_validation
IBM-NMI2025-5-03-grade-all-india-blendable-01,official_nmi_resource_inventory,5.03,3,2025-04-01,Apatite,"[""Phosphorus""]",grade,,All India,Blendable,bulk_mineral_or_source_grade,Tonne,1.0,tonnes,0.0,0.0,0.0,0.0,262647.0,0.0,0.0,2184.0,0.0,0.0,0.0,264831.0,264831.0,264831.0,0,True,0.0,5.296620000000001,True,,,False,inventory_context_only_not_used_as_point_or_grid_model_evidence,SRC_IBM_NMI_2025,https://ibm.gov.in/IBMPortal/pages/national-mineral-inventory-at-a-glance-2025,https://ibm.gov.in/writereaddata/files/17848872906a6337fae632bChapter__5_Mineral_wise.pdf,491b70eccee4f1a63f9ae0fe25b1c2d7c40e8b7c714abab7e12a10e594020d67,pdfplumber_position_aware_columns_with_unfc_subtotal_validation
IBM-NMI2025-5-03-grade-all-india-unclassified-01,official_nmi_resource_inventory,5.03,3,2025-04-01,Apatite,"[""Phosphorus""]",grade,,All India,Unclassified,bulk_mineral_or_source_grade,Tonne,1.0,tonnes,0.0,0.0,0.0,0.0,0.0,0.0,0.0,0.0,1000000.0,0.0,0.0,1000000.0,1000000.0,1000000.0,1,True,0.0,20.0,True,,,False,inventory_context_only_not_used_as_point_or_grid_model_evidence,SRC_IBM_NMI_2025,https://ibm.gov.in/IBMPortal/pages/national-mineral-inventory-at-a-glance-2025,https://ibm.gov.in/writereaddata/files/17848872906a6337fae632bChapter__5_Mineral_wise.pdf,491b70eccee4f1a63f9ae0fe25b1c2d7c40e8b7c714abab7e12a10e594020d67,pdfplumber_position_aware_columns_with_unfc_subtotal_validation
IBM-NMI2025-5-03-grade-all-india-not-known-01,official_nmi_resource_inventory,5.03,3,2025-04-01,Apatite,"[""Phosphorus""]",grade,,All India,Not known,bulk_mineral_or_source_grade,Tonne,1.0,tonnes,0.0,0.0,0.0,0.0,0.0,0.0,0.0,0.0,0.0,190000.0,0.0,190000.0,190000.0,190000.0,0,True,0.0,3.8000000000000003,True,,,False,inventory_context_only_not_used_as_point_or_grid_model_evidence,SRC_IBM_NMI_2025,https://ibm.gov.in/IBMPortal/pages/national-mineral-inventory-at-a-glance-2025,https://ibm.gov.in/writereaddata/files/17848872906a6337fae632bChapter__5_Mineral_wise.pdf,491b70eccee4f1a63f9ae0fe25b1c2d7c40e8b7c714abab7e12a10e594020d67,pdfplumber_position_aware_columns_with_unfc_subtotal_validation
IBM-NMI2025-5-03-state-andhra-pradesh-total-01,official_nmi_resource_inventory,5.03,3,2025-04-01,Apatite,"[""Phosphorus""]",state,Andhra Pradesh,Andhra Pradesh,Total,bulk_mineral_or_source_grade,Tonne,1.0,tonnes,27715.0,0.0,1680.0,29395.0,0.0,0.0,0.0,0.0,0.0,200163.0,0.0,200163.0,229558.0,229558.0,0,True,0.0,4.59116,True,,,False,inventory_context_only_not_used_as_point_or_grid_model_evidence,SRC_IBM_NMI_2025,https://ibm.gov.in/IBMPortal/pages/national-mineral-inventory-at-a-glance-2025,https://ibm.gov.in/writereaddata/files/17848872906a6337fae632bChapter__5_Mineral_wise.pdf,491b70eccee4f1a63f9ae0fe25b1c2d7c40e8b7c714abab7e12a10e594020d67,pdfplumber_position_aware_columns_with_unfc_subtotal_validation
IBM-NMI2025-5-03-state-gujarat-total-01,official_nmi_resource_inventory,5.03,3,2025-04-01,Apatite,"[""Phosphorus""]",state,Gujarat,Gujarat,Total,bulk_mineral_or_source_grade,Tonne,1.0,tonnes,0.0,0.0,0.0,0.0,0.0,0.0,0.0,0.0,0.0,0.0,351000.0,351000.0,351000.0,351000.0,0,True,0.0,7.0200000000000005,True,,,False,inventory_context_only_not_used_as_point_or_grid_model_evidence,SRC_IBM_NMI_2025,https://ibm.gov.in/IBMPortal/pages/national-mineral-inventory-at-a-glance-2025,https://ibm.gov.in/writereaddata/files/17848872906a6337fae632bChapter__5_Mineral_wise.pdf,491b70eccee4f1a63f9ae0fe25b1c2d7c40e8b7c714abab7e12a10e594020d67,pdfplumber_position_aware_columns_with_unfc_subtotal_validation
IBM-NMI2025-5-03-state-jharkhand-total-01,official_nmi_resource_inventory,5.03,3,2025-04-01,Apatite,"[""Phosphorus""]",state,Jharkhand,Jharkhand,Total,bulk_mineral_or_source_grade,Tonne,1.0,tonnes,0.0,0.0,0.0,0.0,0.0,0.0,0.0,2110000.0,1620000.0,3540000.0,0.0,7270000.0,7270000.0,7270000.0,0,True,0.0,145.4,True,,,False,inventory_context_only_not_used_as_point_or_grid_model_evidence,SRC_IBM_NMI_2025,https://ibm.gov.in/IBMPortal/pages/national-mineral-inventory-at-a-glance-2025,https://ibm.gov.in/writereaddata/files/17848872906a6337fae632bChapter__5_Mineral_wise.pdf,491b70eccee4f1a63f9ae0fe25b1c2d7c40e8b7c714abab7e12a10e594020d67,pdfplumber_position_aware_columns_with_unfc_subtotal_validation
IBM-NMI2025-5-03-state-meghalaya-total-01,official_nmi_resource_inventory,5.03,3,2025-04-01,Apatite,"[""Phosphorus""]",state,Meghalaya,Meghalaya,Total,bulk_mineral_or_source_grade,Tonne,1.0,tonnes,0.0,0.0,0.0,0.0,0.0,0.0,0.0,0.0,0.0,1300000.0,0.0,1300000.0,1300000.0,1300000.0,0,True,0.0,26.000000000000004,True,,,False,inventory_context_only_not_used_as_point_or_grid_model_evidence,SRC_IBM_NMI_2025,https://ibm.gov.in/IBMPortal/pages/national-mineral-inventory-at-a-glance-2025,https://ibm.gov.in/writereaddata/files/17848872906a6337fae632bChapter__5_Mineral_wise.pdf,491b70eccee4f1a63f9ae0fe25b1c2d7c40e8b7c714abab7e12a10e594020d67,pdfplumber_position_aware_columns_with_unfc_subtotal_validation
IBM-NMI2025-5-03-state-rajasthan-total-01,official_nmi_resource_inventory,5.03,3,2025-04-01,Apatite,"[""Phosphorus""]",state,Rajasthan,Rajasthan,Total,bulk_mineral_or_source_grade,Tonne,1.0,tonnes,0.0,0.0,0.0,0.0,0.0,0.0,0.0,51521.0,1016000.0,0.0,0.0,1067521.0,1067521.0,1067521.0,0,True,0.0,21.350420000000003,True,,,False,inventory_context_only_not_used_as_point_or_grid_model_evidence,SRC_IBM_NMI_2025,https://ibm.gov.in/IBMPortal/pages/national-mineral-inventory-at-a-glance-2025,https://ibm.gov.in/writereaddata/files/17848872906a6337fae632bChapter__5_Mineral_wise.pdf,491b70eccee4f1a63f9ae0fe25b1c2d7c40e8b7c714abab7e12a10e594020d67,pdfplumber_position_aware_columns_with_unfc_subtotal_validation
IBM-NMI2025-5-03-state-tamil-nadu-total-01,official_nmi_resource_inventory,5.03,3,2025-04-01,Apatite,"[""Phosphorus""]",state,Tamil Nadu,Tamil Nadu,Total,bulk_mineral_or_source_grade,Tonne,1.0,tonnes,0.0,0.0,0.0,0.0,0.0,0.0,0.0,0.0,0.0,240000.0,0.0,240000.0,240000.0,240000.0,0,True,0.0,4.800000000000001,True,,,False,inventory_context_only_not_used_as_point_or_grid_model_evidence,SRC_IBM_NMI_2025,https://ibm.gov.in/IBMPortal/pages/national-mineral-inventory-at-a-glance-2025,https://ibm.gov.in/writereaddata/files/17848872906a6337fae632bChapter__5_Mineral_wise.pdf,491b70eccee4f1a63f9ae0fe25b1c2d7c40e8b7c714abab7e12a10e594020d67,pdfplumber_position_aware_columns_with_unfc_subtotal_validation
IBM-NMI2025-5-03-state-west-bengal-total-01,official_nmi_resource_inventory,5.03,3,2025-04-01,Apatite,"[""Phosphorus""]",state,West Bengal,West Bengal,Total,bulk_mineral_or_source_grade,Tonne,1.0,tonnes,0.0,0.0,0.0,0.0,499149.0,0.0,0.0,120000.0,8845250.0,521175.0,666646.0,10652220.0,10652220.0,10652220.0,0,True,0.0,213.04440000000002,True,,,False,inventory_context_only_not_used_as_point_or_grid_model_evidence,SRC_IBM_NMI_2025,https://ibm.gov.in/IBMPortal/pages/national-mineral-inventory-at-a-glance-2025,https://ibm.gov.in/writereaddata/files/17848872906a6337fae632bChapter__5_Mineral_wise.pdf,491b70eccee4f1a63f9ae0fe25b1c2d7c40e8b7c714abab7e12a10e594020d67,pdfplumber_position_aware_columns_with_unfc_subtotal_validation
IBM-NMI2025-5-04-national-total-all-india-total-01,official_nmi_resource_inventory,5.04,4,2025-04-01,Asbestos,[],national_total,,All India,Total,bulk_mineral_or_source_grade,Tonne,1.0,tonnes,0.0,0.0,0.0,0.0,2488022.0,3113446.0,4062376.0,100687.0,2527959.0,10557777.0,57800.0,22908067.0,22908067.0,22908067.0,0,True,0.0,458.16134000000005,True,,,False,inventory_context_only_not_used_as_point_or_grid_model_evidence,SRC_IBM_NMI_2025,https://ibm.gov.in/IBMPortal/pages/national-mineral-inventory-at-a-glance-2025,https://ibm.gov.in/writereaddata/files/17848872906a6337fae632bChapter__5_Mineral_wise.pdf,491b70eccee4f1a63f9ae0fe25b1c2d7c40e8b7c714abab7e12a10e594020d67,pdfplumber_position_aware_columns_with_unfc_subtotal_validation
IBM-NMI2025-5-04-grade-all-india-chrysotile-01,official_nmi_resource_inventory,5.04,4,2025-04-01,Asbestos,[],grade,,All India,Chrysotile,bulk_mineral_or_source_grade,Tonne,1.0,tonnes,0.0,0.0,0.0,0.0,684838.0,39126.0,16553.0,2885.0,17660.0,70843.0,0.0,831905.0,831905.0,831905.0,0,True,0.0,16.6381,True,,,False,inventory_context_only_not_used_as_point_or_grid_model_evidence,SRC_IBM_NMI_2025,https://ibm.gov.in/IBMPortal/pages/national-mineral-inventory-at-a-glance-2025,https://ibm.gov.in/writereaddata/files/17848872906a6337fae632bChapter__5_Mineral_wise.pdf,491b70eccee4f1a63f9ae0fe25b1c2d7c40e8b7c714abab7e12a10e594020d67,pdfplumber_position_aware_columns_with_unfc_subtotal_validation
IBM-NMI2025-5-04-grade-all-india-amosite-01,official_nmi_resource_inventory,5.04,4,2025-04-01,Asbestos,[],grade,,All India,Amosite,bulk_mineral_or_source_grade,Tonne,1.0,tonnes,0.0,0.0,0.0,0.0,0.0,0.0,0.0,0.0,3987.0,4459680.0,0.0,4463667.0,4463667.0,4463667.0,0,True,0.0,89.27334,True,,,False,inventory_context_only_not_used_as_point_or_grid_model_evidence,SRC_IBM_NMI_2025,https://ibm.gov.in/IBMPortal/pages/national-mineral-inventory-at-a-glance-2025,https://ibm.gov.in/writereaddata/files/17848872906a6337fae632bChapter__5_Mineral_wise.pdf,491b70eccee4f1a63f9ae0fe25b1c2d7c40e8b7c714abab7e12a10e594020d67,pdfplumber_position_aware_columns_with_unfc_subtotal_validation
IBM-NMI2025-5-04-grade-all-india-tremolite-01,official_nmi_resource_inventory,5.04,4,2025-04-01,Asbestos,[],grade,,All India,Tremolite,bulk_mineral_or_source_grade,Tonne,1.0,tonnes,0.0,0.0,0.0,0.0,0.0,94768.0,116516.0,0.0,2426700.0,1562125.0,0.0,4200109.0,4200109.0,4200109.0,0,True,0.0,84.00218000000001,True,,,False,inventory_context_only_not_used_as_point_or_grid_model_evidence,SRC_IBM_NMI_2025,https://ibm.gov.in/IBMPortal/pages/national-mineral-inventory-at-a-glance-2025,https://ibm.gov.in/writereaddata/files/17848872906a6337fae632bChapter__5_Mineral_wise.pdf,491b70eccee4f1a63f9ae0fe25b1c2d7c40e8b7c714abab7e12a10e594020d67,pdfplumber_position_aware_columns_with_unfc_subtotal_validation
IBM-NMI2025-5-04-grade-all-india-chrysotile-mixed-with-others-01,official_nmi_resource_inventory,5.04,4,2025-04-01,Asbestos,[],grade,,All India,Chrysotile Mixed with Others,bulk_mineral_or_source_grade,Tonne,1.0,tonnes,0.0,0.0,0.0,0.0,0.0,3871.0,18309.0,0.0,0.0,336.0,0.0,22516.0,22516.0,22516.0,0,True,0.0,2.0,True,,,False,inventory_context_only_not_used_as_point_or_grid_model_evidence,SRC_IBM_NMI_2025,https://ibm.gov.in/IBMPortal/pages/national-mineral-inventory-at-a-glance-2025,https://ibm.gov.in/writereaddata/files/17848872906a6337fae632bChapter__5_Mineral_wise.pdf,491b70eccee4f1a63f9ae0fe25b1c2d7c40e8b7c714abab7e12a10e594020d67,pdfplumber_position_aware_columns_with_unfc_subtotal_validation
IBM-NMI2025-5-04-grade-all-india-mixed-amphibole-01,official_nmi_resource_inventory,5.04,4,2025-04-01,Asbestos,[],grade,,All India,Mixed Amphibole,bulk_mineral_or_source_grade,Tonne,1.0,tonnes,0.0,0.0,0.0,0.0,1743560.0,2642595.0,3745856.0,87802.0,42101.0,4121718.0,0.0,12383632.0,12383632.0,12383632.0,0,True,0.0,247.67264000000003,True,,,False,inventory_context_only_not_used_as_point_or_grid_model_evidence,SRC_IBM_NMI_2025,https://ibm.gov.in/IBMPortal/pages/national-mineral-inventory-at-a-glance-2025,https://ibm.gov.in/writereaddata/files/17848872906a6337fae632bChapter__5_Mineral_wise.pdf,491b70eccee4f1a63f9ae0fe25b1c2d7c40e8b7c714abab7e12a10e594020d67,pdfplumber_position_aware_columns_with_unfc_subtotal_validation
IBM-NMI2025-5-04-grade-all-india-actinolite-01,official_nmi_resource_inventory,5.04,4,2025-04-01,Asbestos,[],grade,,All India,Actinolite,bulk_mineral_or_source_grade,Tonne,1.0,tonnes,0.0,0.0,0.0,0.0,0.0,0.0,0.0,0.0,311.0,34000.0,0.0,34311.0,34311.0,34311.0,0,True,0.0,2.0,True,,,False,inventory_context_only_not_used_as_point_or_grid_model_evidence,SRC_IBM_NMI_2025,https://ibm.gov.in/IBMPortal/pages/national-mineral-inventory-at-a-glance-2025,https://ibm.gov.in/writereaddata/files/17848872906a6337fae632bChapter__5_Mineral_wise.pdf,491b70eccee4f1a63f9ae0fe25b1c2d7c40e8b7c714abab7e12a10e594020d67,pdfplumber_position_aware_columns_with_unfc_subtotal_validation
IBM-NMI2025-5-04-grade-all-india-anthophyllite-01,official_nmi_resource_inventory,5.04,4,2025-04-01,Asbestos,[],grade,,All India,Anthophyllite,bulk_mineral_or_source_grade,Tonne,1.0,tonnes,0.0,0.0,0.0,0.0,0.0,0.0,0.0,0.0,0.0,20000.0,0.0,20000.0,20000.0,20000.0,0,True,0.0,2.0,True,,,False,inventory_context_only_not_used_as_point_or_grid_model_evidence,SRC_IBM_NMI_2025,https://ibm.gov.in/IBMPortal/pages/national-mineral-inventory-at-a-glance-2025,https://ibm.gov.in/writereaddata/files/17848872906a6337fae632bChapter__5_Mineral_wise.pdf,491b70eccee4f1a63f9ae0fe25b1c2d7c40e8b7c714abab7e12a10e594020d67,pdfplumber_position_aware_columns_with_unfc_subtotal_validation
IBM-NMI2025-5-04-grade-all-india-others-01,official_nmi_resource_inventory,5.04,4,2025-04-01,Asbestos,[],grade,,All India,Others,bulk_mineral_or_source_grade,Tonne,1.0,tonnes,0.0,0.0,0.0,0.0,0.0,332459.0,99675.0,0.0,0.0,0.0,0.0,432134.0,432134.0,432134.0,0,True,0.0,8.64268,True,,,False,inventory_context_only_not_used_as_point_or_grid_model_evidence,SRC_IBM_NMI_2025,https://ibm.gov.in/IBMPortal/pages/national-mineral-inventory-at-a-glance-2025,https://ibm.gov.in/writereaddata/files/17848872906a6337fae632bChapter__5_Mineral_wise.pdf,491b70eccee4f1a63f9ae0fe25b1c2d7c40e8b7c714abab7e12a10e594020d67,pdfplumber_position_aware_columns_with_unfc_subtotal_validation
IBM-NMI2025-5-04-grade-all-india-not-known-01,official_nmi_resource_inventory,5.04,4,2025-04-01,Asbestos,[],grade,,All India,Not Known,bulk_mineral_or_source_grade,Tonne,1.0,tonnes,0.0,0.0,0.0,0.0,59623.0,627.0,65467.0,0.0,0.0,279574.0,57800.0,463091.0,463091.0,463091.0,0,True,0.0,9.26182,True,,,False,inventory_context_only_not_used_as_point_or_grid_model_evidence,SRC_IBM_NMI_2025,https://ibm.gov.in/IBMPortal/pages/national-mineral-inventory-at-a-glance-2025,https://ibm.gov.in/writereaddata/files/17848872906a6337fae632bChapter__5_Mineral_wise.pdf,491b70eccee4f1a63f9ae0fe25b1c2d7c40e8b7c714abab7e12a10e594020d67,pdfplumber_position_aware_columns_with_unfc_subtotal_validation
IBM-NMI2025-5-04-grade-all-india-unclassified-01,official_nmi_resource_inventory,5.04,4,2025-04-01,Asbestos,[],grade,,All India,Unclassified,bulk_mineral_or_source_grade,Tonne,1.0,tonnes,0.0,0.0,0.0,0.0,1.0,0.0,0.0,10000.0,37200.0,9500.0,0.0,56701.0,56701.0,56701.0,0,True,0.0,2.0,True,,,False,inventory_context_only_not_used_as_point_or_grid_model_evidence,SRC_IBM_NMI_2025,https://ibm.gov.in/IBMPortal/pages/national-mineral-inventory-at-a-glance-2025,https://ibm.gov.in/writereaddata/files/17848872906a6337fae632bChapter__5_Mineral_wise.pdf,491b70eccee4f1a63f9ae0fe25b1c2d7c40e8b7c714abab7e12a10e594020d67,pdfplumber_position_aware_columns_with_unfc_subtotal_validation
IBM-NMI2025-5-04-state-andhra-pradesh-total-01,official_nmi_resource_inventory,5.04,4,2025-04-01,Asbestos,[],state,Andhra Pradesh,Andhra Pradesh,Total,bulk_mineral_or_source_grade,Tonne,1.0,tonnes,0.0,0.0,0.0,0.0,684839.0,39126.0,16553.0,0.0,1541.0,55936.0,0.0,797995.0,797995.0,797995.0,0,True,0.0,15.959900000000001,True,,,False,inventory_context_only_not_used_as_point_or_grid_model_evidence,SRC_IBM_NMI_2025,https://ibm.gov.in/IBMPortal/pages/national-mineral-inventory-at-a-glance-2025,https://ibm.gov.in/writereaddata/files/17848872906a6337fae632bChapter__5_Mineral_wise.pdf,491b70eccee4f1a63f9ae0fe25b1c2d7c40e8b7c714abab7e12a10e594020d67,pdfplumber_position_aware_columns_with_unfc_subtotal_validation
IBM-NMI2025-5-04-state-jharkhand-total-01,official_nmi_resource_inventory,5.04,4,2025-04-01,Asbestos,[],state,Jharkhand,Jharkhand,Total,bulk_mineral_or_source_grade,Tonne,1.0,tonnes,0.0,0.0,0.0,0.0,0.0,3871.0,18309.0,2885.0,5769.0,124059.0,0.0,154893.0,154893.0,154893.0,0,True,0.0,3.0978600000000003,True,,,False,inventory_context_only_not_used_as_point_or_grid_model_evidence,SRC_IBM_NMI_2025,https://ibm.gov.in/IBMPortal/pages/national-mineral-inventory-at-a-glance-2025,https://ibm.gov.in/writereaddata/files/17848872906a6337fae632bChapter__5_Mineral_wise.pdf,491b70eccee4f1a63f9ae0fe25b1c2d7c40e8b7c714abab7e12a10e594020d67,pdfplumber_position_aware_columns_with_unfc_subtotal_validation
IBM-NMI2025-5-04-state-karnataka-total-01,official_nmi_resource_inventory,5.04,4,2025-04-01,Asbestos,[],state,Karnataka,Karnataka,Total,bulk_mineral_or_source_grade,Tonne,1.0,tonnes,0.0,0.0,0.0,0.0,0.0,0.0,0.0,0.0,2441037.0,5841420.0,0.0,8282457.0,8282457.0,8282457.0,0,True,0.0,165.64914000000002,True,,,False,inventory_context_only_not_used_as_point_or_grid_model_evidence,SRC_IBM_NMI_2025,https://ibm.gov.in/IBMPortal/pages/national-mineral-inventory-at-a-glance-2025,https://ibm.gov.in/writereaddata/files/17848872906a6337fae632bChapter__5_Mineral_wise.pdf,491b70eccee4f1a63f9ae0fe25b1c2d7c40e8b7c714abab7e12a10e594020d67,pdfplumber_position_aware_columns_with_unfc_subtotal_validation
IBM-NMI2025-5-04-state-odisha-total-01,official_nmi_resource_inventory,5.04,4,2025-04-01,Asbestos,[],state,Odisha,Odisha,Total,bulk_mineral_or_source_grade,Tonne,1.0,tonnes,0.0,0.0,0.0,0.0,0.0,0.0,0.0,10000.0,37200.0,9500.0,0.0,56700.0,56700.0,56700.0,0,True,0.0,2.0,True,,,False,inventory_context_only_not_used_as_point_or_grid_model_evidence,SRC_IBM_NMI_2025,https://ibm.gov.in/IBMPortal/pages/national-mineral-inventory-at-a-glance-2025,https://ibm.gov.in/writereaddata/files/17848872906a6337fae632bChapter__5_Mineral_wise.pdf,491b70eccee4f1a63f9ae0fe25b1c2d7c40e8b7c714abab7e12a10e594020d67,pdfplumber_position_aware_columns_with_unfc_subtotal_validation
IBM-NMI2025-5-04-state-rajasthan-total-01,official_nmi_resource_inventory,5.04,4,2025-04-01,Asbestos,[],state,Rajasthan,Rajasthan,Total,bulk_mineral_or_source_grade,Tonne,1.0,tonnes,0.0,0.0,0.0,0.0,1803183.0,3070449.0,4027514.0,87802.0,42101.0,4526861.0,57800.0,13615710.0,13615710.0,13615710.0,0,True,0.0,272.3142,True,,,False,inventory_context_only_not_used_as_point_or_grid_model_evidence,SRC_IBM_NMI_2025,https://ibm.gov.in/IBMPortal/pages/national-mineral-inventory-at-a-glance-2025,https://ibm.gov.in/writereaddata/files/17848872906a6337fae632bChapter__5_Mineral_wise.pdf,491b70eccee4f1a63f9ae0fe25b1c2d7c40e8b7c714abab7e12a10e594020d67,pdfplumber_position_aware_columns_with_unfc_subtotal_validation
IBM-NMI2025-5-04-state-uttarakhand-total-01,official_nmi_resource_inventory,5.04,4,2025-04-01,Asbestos,[],state,Uttarakhand,Uttarakhand,Total,bulk_mineral_or_source_grade,Tonne,1.0,tonnes,0.0,0.0,0.0,0.0,0.0,0.0,0.0,0.0,311.0,0.0,0.0,311.0,311.0,311.0,0,True,0.0,2.0,True,,,False,inventory_context_only_not_used_as_point_or_grid_model_evidence,SRC_IBM_NMI_2025,https://ibm.gov.in/IBMPortal/pages/national-mineral-inventory-at-a-glance-2025,https://ibm.gov.in/writereaddata/files/17848872906a6337fae632bChapter__5_Mineral_wise.pdf,491b70eccee4f1a63f9ae0fe25b1c2d7c40e8b7c714abab7e12a10e594020d67,pdfplumber_position_aware_columns_with_unfc_subtotal_validation
IBM-NMI2025-5-05-national-total-all-india-total-01,official_nmi_resource_inventory,5.05,5,2025-04-01,Bauxite,"[""Aluminium""]",national_total,,All India,Total,bulk_mineral_or_source_grade,'000 Tonnes,1000.0,tonnes,657255.0,21863.0,505570.0,1184687.0,219085.0,122456.0,290122.0,511292.0,1146718.0,2563813.0,636787.0,5490275.0,6674962.0,6674962000.0,0,True,2.0,133.49924000000001,True,,,False,inventory_context_only_not_used_as_point_or_grid_model_evidence,SRC_IBM_NMI_2025,https://ibm.gov.in/IBMPortal/pages/national-mineral-inventory-at-a-glance-2025,https://ibm.gov.in/writereaddata/files/17848872906a6337fae632bChapter__5_Mineral_wise.pdf,491b70eccee4f1a63f9ae0fe25b1c2d7c40e8b7c714abab7e12a10e594020d67,pdfplumber_position_aware_columns_with_unfc_subtotal_validation
IBM-NMI2025-5-05-grade-all-india-abrasive-01,official_nmi_resource_inventory,5.05,5,2025-04-01,Bauxite,"[""Aluminium""]",grade,,All India,Abrasive,bulk_mineral_or_source_grade,'000 Tonnes,1000.0,tonnes,3812.0,0.0,0.0,3812.0,331.0,1070.0,0.0,92.0,56.0,961.0,840.0,3350.0,7162.0,7162000.0,0,True,0.0,2.0,True,,,False,inventory_context_only_not_used_as_point_or_grid_model_evidence,SRC_IBM_NMI_2025,https://ibm.gov.in/IBMPortal/pages/national-mineral-inventory-at-a-glance-2025,https://ibm.gov.in/writereaddata/files/17848872906a6337fae632bChapter__5_Mineral_wise.pdf,491b70eccee4f1a63f9ae0fe25b1c2d7c40e8b7c714abab7e12a10e594020d67,pdfplumber_position_aware_columns_with_unfc_subtotal_validation
IBM-NMI2025-5-05-grade-all-india-beneficiable-01,official_nmi_resource_inventory,5.05,5,2025-04-01,Bauxite,"[""Aluminium""]",grade,,All India,Beneficiable,bulk_mineral_or_source_grade,'000 Tonnes,1000.0,tonnes,12987.0,633.0,300247.0,313867.0,484.0,829.0,12954.0,0.0,269048.0,280992.0,253284.0,817591.0,1131457.0,1131457000.0,0,True,1.0,22.629140000000003,True,,,False,inventory_context_only_not_used_as_point_or_grid_model_evidence,SRC_IBM_NMI_2025,https://ibm.gov.in/IBMPortal/pages/national-mineral-inventory-at-a-glance-2025,https://ibm.gov.in/writereaddata/files/17848872906a6337fae632bChapter__5_Mineral_wise.pdf,491b70eccee4f1a63f9ae0fe25b1c2d7c40e8b7c714abab7e12a10e594020d67,pdfplumber_position_aware_columns_with_unfc_subtotal_validation
IBM-NMI2025-5-05-grade-all-india-chemical-01,official_nmi_resource_inventory,5.05,5,2025-04-01,Bauxite,"[""Aluminium""]",grade,,All India,Chemical,bulk_mineral_or_source_grade,'000 Tonnes,1000.0,tonnes,7691.0,622.0,0.0,8313.0,1271.0,4533.0,396.0,2877.0,182.0,4402.0,0.0,13661.0,21974.0,21974000.0,0,True,0.0,2.0,True,,,False,inventory_context_only_not_used_as_point_or_grid_model_evidence,SRC_IBM_NMI_2025,https://ibm.gov.in/IBMPortal/pages/national-mineral-inventory-at-a-glance-2025,https://ibm.gov.in/writereaddata/files/17848872906a6337fae632bChapter__5_Mineral_wise.pdf,491b70eccee4f1a63f9ae0fe25b1c2d7c40e8b7c714abab7e12a10e594020d67,pdfplumber_position_aware_columns_with_unfc_subtotal_validation
IBM-NMI2025-5-05-grade-all-india-chemical-refractory-mixed-with-others-01,official_nmi_resource_inventory,5.05,5,2025-04-01,Bauxite,"[""Aluminium""]",grade,,All India,Chemical/Refractory Mixed With Others,bulk_mineral_or_source_grade,'000 Tonnes,1000.0,tonnes,476.0,0.0,0.0,476.0,342.0,1854.0,148.0,1919.0,216.0,7783.0,0.0,12262.0,12738.0,12738000.0,0,True,0.0,2.0,True,,,False,inventory_context_only_not_used_as_point_or_grid_model_evidence,SRC_IBM_NMI_2025,https://ibm.gov.in/IBMPortal/pages/national-mineral-inventory-at-a-glance-2025,https://ibm.gov.in/writereaddata/files/17848872906a6337fae632bChapter__5_Mineral_wise.pdf,491b70eccee4f1a63f9ae0fe25b1c2d7c40e8b7c714abab7e12a10e594020d67,pdfplumber_position_aware_columns_with_unfc_subtotal_validation
IBM-NMI2025-5-05-grade-all-india-low-grade-01,official_nmi_resource_inventory,5.05,5,2025-04-01,Bauxite,"[""Aluminium""]",grade,,All India,Low Grade,bulk_mineral_or_source_grade,'000 Tonnes,1000.0,tonnes,102343.0,1917.0,29952.0,134212.0,19580.0,16198.0,21224.0,23084.0,241472.0,180064.0,99406.0,601028.0,735240.0,735240000.0,0,True,0.0,14.7048,True,,,False,inventory_context_only_not_used_as_point_or_grid_model_evidence,SRC_IBM_NMI_2025,https://ibm.gov.in/IBMPortal/pages/national-mineral-inventory-at-a-glance-2025,https://ibm.gov.in/writereaddata/files/17848872906a6337fae632bChapter__5_Mineral_wise.pdf,491b70eccee4f1a63f9ae0fe25b1c2d7c40e8b7c714abab7e12a10e594020d67,pdfplumber_position_aware_columns_with_unfc_subtotal_validation
IBM-NMI2025-5-05-grade-all-india-metallurgical-mixed-01,official_nmi_resource_inventory,5.05,5,2025-04-01,Bauxite,"[""Aluminium""]",grade,,All India,Metallurgical Mixed,contained_metal_or_compound,'000 Tonnes,1000.0,tonnes,7404.0,229.0,2136.0,9769.0,6891.0,2453.0,7390.0,58958.0,11308.0,38349.0,16846.0,142194.0,151963.0,151963000.0,0,True,1.0,3.03926,True,,,False,inventory_context_only_not_used_as_point_or_grid_model_evidence,SRC_IBM_NMI_2025,https://ibm.gov.in/IBMPortal/pages/national-mineral-inventory-at-a-glance-2025,https://ibm.gov.in/writereaddata/files/17848872906a6337fae632bChapter__5_Mineral_wise.pdf,491b70eccee4f1a63f9ae0fe25b1c2d7c40e8b7c714abab7e12a10e594020d67,pdfplumber_position_aware_columns_with_unfc_subtotal_validation
IBM-NMI2025-5-05-grade-all-india-metallurgical-1-01,official_nmi_resource_inventory,5.05,5,2025-04-01,Bauxite,"[""Aluminium""]",grade,,All India,Metallurgical-1,contained_metal_or_compound,'000 Tonnes,1000.0,tonnes,403077.0,3877.0,24494.0,431448.0,149392.0,31788.0,142528.0,391784.0,442957.0,1433829.0,32067.0,2624345.0,3055793.0,3055793000.0,0,True,0.0,61.115860000000005,True,,,False,inventory_context_only_not_used_as_point_or_grid_model_evidence,SRC_IBM_NMI_2025,https://ibm.gov.in/IBMPortal/pages/national-mineral-inventory-at-a-glance-2025,https://ibm.gov.in/writereaddata/files/17848872906a6337fae632bChapter__5_Mineral_wise.pdf,491b70eccee4f1a63f9ae0fe25b1c2d7c40e8b7c714abab7e12a10e594020d67,pdfplumber_position_aware_columns_with_unfc_subtotal_validation
IBM-NMI2025-5-05-grade-all-india-metallurgical-2-01,official_nmi_resource_inventory,5.05,5,2025-04-01,Bauxite,"[""Aluminium""]",grade,,All India,Metallurgical-2,contained_metal_or_compound,'000 Tonnes,1000.0,tonnes,33108.0,6687.0,137386.0,177180.0,21183.0,25069.0,49167.0,15469.0,150002.0,352410.0,24461.0,637762.0,814942.0,814942000.0,0,True,1.0,16.298840000000002,True,,,False,inventory_context_only_not_used_as_point_or_grid_model_evidence,SRC_IBM_NMI_2025,https://ibm.gov.in/IBMPortal/pages/national-mineral-inventory-at-a-glance-2025,https://ibm.gov.in/writereaddata/files/17848872906a6337fae632bChapter__5_Mineral_wise.pdf,491b70eccee4f1a63f9ae0fe25b1c2d7c40e8b7c714abab7e12a10e594020d67,pdfplumber_position_aware_columns_with_unfc_subtotal_validation
IBM-NMI2025-5-05-grade-all-india-mixed-grade-excluding-chem-refrac-01,official_nmi_resource_inventory,5.05,5,2025-04-01,Bauxite,"[""Aluminium""]",grade,,All India,Mixed Grade Excluding Chem./Refrac.,bulk_mineral_or_source_grade,'000 Tonnes,1000.0,tonnes,13356.0,0.0,1508.0,14863.0,10236.0,9904.0,7170.0,6839.0,4370.0,13862.0,46.0,52429.0,67292.0,67292000.0,0,True,2.0,2.0,True,,,False,inventory_context_only_not_used_as_point_or_grid_model_evidence,SRC_IBM_NMI_2025,https://ibm.gov.in/IBMPortal/pages/national-mineral-inventory-at-a-glance-2025,https://ibm.gov.in/writereaddata/files/17848872906a6337fae632bChapter__5_Mineral_wise.pdf,491b70eccee4f1a63f9ae0fe25b1c2d7c40e8b7c714abab7e12a10e594020d67,pdfplumber_position_aware_columns_with_unfc_subtotal_validation
IBM-NMI2025-5-05-grade-all-india-not-known-01,official_nmi_resource_inventory,5.05,5,2025-04-01,Bauxite,"[""Aluminium""]",grade,,All India,Not - Known,bulk_mineral_or_source_grade,'000 Tonnes,1000.0,tonnes,67025.0,96.0,2149.0,69271.0,4052.0,1564.0,284.0,2160.0,190.0,179165.0,185558.0,372974.0,442244.0,442244000.0,0,True,1.0,8.84488,True,,,False,inventory_context_only_not_used_as_point_or_grid_model_evidence,SRC_IBM_NMI_2025,https://ibm.gov.in/IBMPortal/pages/national-mineral-inventory-at-a-glance-2025,https://ibm.gov.in/writereaddata/files/17848872906a6337fae632bChapter__5_Mineral_wise.pdf,491b70eccee4f1a63f9ae0fe25b1c2d7c40e8b7c714abab7e12a10e594020d67,pdfplumber_position_aware_columns_with_unfc_subtotal_validation
IBM-NMI2025-5-05-grade-all-india-others-01,official_nmi_resource_inventory,5.05,5,2025-04-01,Bauxite,"[""Aluminium""]",grade,,All India,Others,bulk_mineral_or_source_grade,'000 Tonnes,1000.0,tonnes,58.0,2740.0,3646.0,6444.0,297.0,193.0,1659.0,1949.0,13991.0,45548.0,13797.0,77435.0,83878.0,83878000.0,0,True,1.0,2.0,True,,,False,inventory_context_only_not_used_as_point_or_grid_model_evidence,SRC_IBM_NMI_2025,https://ibm.gov.in/IBMPortal/pages/national-mineral-inventory-at-a-glance-2025,https://ibm.gov.in/writereaddata/files/17848872906a6337fae632bChapter__5_Mineral_wise.pdf,491b70eccee4f1a63f9ae0fe25b1c2d7c40e8b7c714abab7e12a10e594020d67,pdfplumber_position_aware_columns_with_unfc_subtotal_validation
IBM-NMI2025-5-05-grade-all-india-refractory-01,official_nmi_resource_inventory,5.05,5,2025-04-01,Bauxite,"[""Aluminium""]",grade,,All India,Refractory,bulk_mineral_or_source_grade,'000 Tonnes,1000.0,tonnes,4704.0,4628.0,3874.0,13206.0,2938.0,4898.0,46568.0,6162.0,266.0,14355.0,748.0,75933.0,89140.0,89140000.0,0,True,2.0,2.0,True,,,False,inventory_context_only_not_used_as_point_or_grid_model_evidence,SRC_IBM_NMI_2025,https://ibm.gov.in/IBMPortal/pages/national-mineral-inventory-at-a-glance-2025,https://ibm.gov.in/writereaddata/files/17848872906a6337fae632bChapter__5_Mineral_wise.pdf,491b70eccee4f1a63f9ae0fe25b1c2d7c40e8b7c714abab7e12a10e594020d67,pdfplumber_position_aware_columns_with_unfc_subtotal_validation
IBM-NMI2025-5-05-grade-all-india-unclassified-01,official_nmi_resource_inventory,5.05,5,2025-04-01,Bauxite,"[""Aluminium""]",grade,,All India,Unclassified,bulk_mineral_or_source_grade,'000 Tonnes,1000.0,tonnes,1213.0,434.0,178.0,1826.0,2088.0,22103.0,635.0,0.0,12660.0,12093.0,9734.0,59312.0,61138.0,61138000.0,0,True,1.0,2.0,True,,,False,inventory_context_only_not_used_as_point_or_grid_model_evidence,SRC_IBM_NMI_2025,https://ibm.gov.in/IBMPortal/pages/national-mineral-inventory-at-a-glance-2025,https://ibm.gov.in/writereaddata/files/17848872906a6337fae632bChapter__5_Mineral_wise.pdf,491b70eccee4f1a63f9ae0fe25b1c2d7c40e8b7c714abab7e12a10e594020d67,pdfplumber_position_aware_columns_with_unfc_subtotal_validation
IBM-NMI2025-5-05-state-andhra-pradesh-total-01,official_nmi_resource_inventory,5.05,5,2025-04-01,Bauxite,"[""Aluminium""]",state,Andhra Pradesh,Andhra Pradesh,Total,bulk_mineral_or_source_grade,'000 Tonnes,1000.0,tonnes,0.0,0.0,0.0,0.0,0.0,0.0,0.0,188971.0,138120.0,288176.0,181810.0,797077.0,797077.0,797077000.0,0,True,0.0,15.941540000000002,True,,,False,inventory_context_only_not_used_as_point_or_grid_model_evidence,SRC_IBM_NMI_2025,https://ibm.gov.in/IBMPortal/pages/national-mineral-inventory-at-a-glance-2025,https://ibm.gov.in/writereaddata/files/17848872906a6337fae632bChapter__5_Mineral_wise.pdf,491b70eccee4f1a63f9ae0fe25b1c2d7c40e8b7c714abab7e12a10e594020d67,pdfplumber_position_aware_columns_with_unfc_subtotal_validation
IBM-NMI2025-5-05-state-bihar-total-01,official_nmi_resource_inventory,5.05,5,2025-04-01,Bauxite,"[""Aluminium""]",state,Bihar,Bihar,Total,bulk_mineral_or_source_grade,'000 Tonnes,1000.0,tonnes,0.0,0.0,0.0,0.0,0.0,0.0,0.0,0.0,0.0,7714.0,790.0,8504.0,8504.0,8504000.0,0,True,0.0,2.0,True,,,False,inventory_context_only_not_used_as_point_or_grid_model_evidence,SRC_IBM_NMI_2025,https://ibm.gov.in/IBMPortal/pages/national-mineral-inventory-at-a-glance-2025,https://ibm.gov.in/writereaddata/files/17848872906a6337fae632bChapter__5_Mineral_wise.pdf,491b70eccee4f1a63f9ae0fe25b1c2d7c40e8b7c714abab7e12a10e594020d67,pdfplumber_position_aware_columns_with_unfc_subtotal_validation
IBM-NMI2025-5-05-state-chhattisgarh-total-01,official_nmi_resource_inventory,5.05,5,2025-04-01,Bauxite,"[""Aluminium""]",state,Chhattisgarh,Chhattisgarh,Total,bulk_mineral_or_source_grade,'000 Tonnes,1000.0,tonnes,41880.0,7600.0,6354.0,55834.0,10244.0,5881.0,46773.0,37763.0,143294.0,1025550.0,216829.0,1486332.0,1542166.0,1542166000.0,0,True,2.0,30.843320000000002,True,,,False,inventory_context_only_not_used_as_point_or_grid_model_evidence,SRC_IBM_NMI_2025,https://ibm.gov.in/IBMPortal/pages/national-mineral-inventory-at-a-glance-2025,https://ibm.gov.in/writereaddata/files/17848872906a6337fae632bChapter__5_Mineral_wise.pdf,491b70eccee4f1a63f9ae0fe25b1c2d7c40e8b7c714abab7e12a10e594020d67,pdfplumber_position_aware_columns_with_unfc_subtotal_validation
IBM-NMI2025-5-05-state-goa-total-01,official_nmi_resource_inventory,5.05,5,2025-04-01,Bauxite,"[""Aluminium""]",state,Goa,Goa,Total,bulk_mineral_or_source_grade,'000 Tonnes,1000.0,tonnes,8296.0,67.0,1702.0,10064.0,4889.0,1097.0,8129.0,6820.0,0.0,36779.0,0.0,57714.0,67779.0,67779000.0,0,True,1.0,2.0,True,,,False,inventory_context_only_not_used_as_point_or_grid_model_evidence,SRC_IBM_NMI_2025,https://ibm.gov.in/IBMPortal/pages/national-mineral-inventory-at-a-glance-2025,https://ibm.gov.in/writereaddata/files/17848872906a6337fae632bChapter__5_Mineral_wise.pdf,491b70eccee4f1a63f9ae0fe25b1c2d7c40e8b7c714abab7e12a10e594020d67,pdfplumber_position_aware_columns_with_unfc_subtotal_validation
IBM-NMI2025-5-05-state-gujarat-total-01,official_nmi_resource_inventory,5.05,5,2025-04-01,Bauxite,"[""Aluminium""]",state,Gujarat,Gujarat,Total,bulk_mineral_or_source_grade,'000 Tonnes,1000.0,tonnes,173614.0,2690.0,15900.0,192204.0,59082.0,44580.0,25797.0,28592.0,36469.0,69163.0,15833.0,279516.0,471720.0,471720000.0,0,True,0.0,9.4344,True,,,False,inventory_context_only_not_used_as_point_or_grid_model_evidence,SRC_IBM_NMI_2025,https://ibm.gov.in/IBMPortal/pages/national-mineral-inventory-at-a-glance-2025,https://ibm.gov.in/writereaddata/files/17848872906a6337fae632bChapter__5_Mineral_wise.pdf,491b70eccee4f1a63f9ae0fe25b1c2d7c40e8b7c714abab7e12a10e594020d67,pdfplumber_position_aware_columns_with_unfc_subtotal_validation
IBM-NMI2025-5-05-state-jammu-kashmir-total-01,official_nmi_resource_inventory,5.05,5,2025-04-01,Bauxite,"[""Aluminium""]",state,Jammu & Kashmir,Jammu & Kashmir,Total,bulk_mineral_or_source_grade,'000 Tonnes,1000.0,tonnes,0.0,0.0,0.0,0.0,0.0,0.0,0.0,1323.0,182.0,24930.0,0.0,26435.0,26435.0,26435000.0,0,True,0.0,2.0,True,,,False,inventory_context_only_not_used_as_point_or_grid_model_evidence,SRC_IBM_NMI_2025,https://ibm.gov.in/IBMPortal/pages/national-mineral-inventory-at-a-glance-2025,https://ibm.gov.in/writereaddata/files/17848872906a6337fae632bChapter__5_Mineral_wise.pdf,491b70eccee4f1a63f9ae0fe25b1c2d7c40e8b7c714abab7e12a10e594020d67,pdfplumber_position_aware_columns_with_unfc_subtotal_validation
IBM-NMI2025-5-05-state-jharkhand-total-01,official_nmi_resource_inventory,5.05,5,2025-04-01,Bauxite,"[""Aluminium""]",state,Jharkhand,Jharkhand,Total,bulk_mineral_or_source_grade,'000 Tonnes,1000.0,tonnes,39872.0,892.0,17498.0,58263.0,13419.0,18828.0,18260.0,21792.0,77155.0,82123.0,41050.0,272628.0,330891.0,330891000.0,0,True,1.0,6.617820000000001,True,,,False,inventory_context_only_not_used_as_point_or_grid_model_evidence,SRC_IBM_NMI_2025,https://ibm.gov.in/IBMPortal/pages/national-mineral-inventory-at-a-glance-2025,https://ibm.gov.in/writereaddata/files/17848872906a6337fae632bChapter__5_Mineral_wise.pdf,491b70eccee4f1a63f9ae0fe25b1c2d7c40e8b7c714abab7e12a10e594020d67,pdfplumber_position_aware_columns_with_unfc_subtotal_validation
IBM-NMI2025-5-05-state-karnataka-total-01,official_nmi_resource_inventory,5.05,5,2025-04-01,Bauxite,"[""Aluminium""]",state,Karnataka,Karnataka,Total,bulk_mineral_or_source_grade,'000 Tonnes,1000.0,tonnes,126.0,194.0,4887.0,5207.0,2468.0,864.0,10.0,82.0,2220.0,35520.0,638.0,41802.0,47009.0,47009000.0,0,True,0.0,2.0,True,,,False,inventory_context_only_not_used_as_point_or_grid_model_evidence,SRC_IBM_NMI_2025,https://ibm.gov.in/IBMPortal/pages/national-mineral-inventory-at-a-glance-2025,https://ibm.gov.in/writereaddata/files/17848872906a6337fae632bChapter__5_Mineral_wise.pdf,491b70eccee4f1a63f9ae0fe25b1c2d7c40e8b7c714abab7e12a10e594020d67,pdfplumber_position_aware_columns_with_unfc_subtotal_validation
IBM-NMI2025-5-05-state-kerala-total-01,official_nmi_resource_inventory,5.05,5,2025-04-01,Bauxite,"[""Aluminium""]",state,Kerala,Kerala,Total,bulk_mineral_or_source_grade,'000 Tonnes,1000.0,tonnes,0.0,0.0,0.0,0.0,29.0,0.0,24.0,2037.0,14637.0,6332.0,3610.0,26669.0,26669.0,26669000.0,0,True,0.0,2.0,True,,,False,inventory_context_only_not_used_as_point_or_grid_model_evidence,SRC_IBM_NMI_2025,https://ibm.gov.in/IBMPortal/pages/national-mineral-inventory-at-a-glance-2025,https://ibm.gov.in/writereaddata/files/17848872906a6337fae632bChapter__5_Mineral_wise.pdf,491b70eccee4f1a63f9ae0fe25b1c2d7c40e8b7c714abab7e12a10e594020d67,pdfplumber_position_aware_columns_with_unfc_subtotal_validation
IBM-NMI2025-5-05-state-madhya-pradesh-total-01,official_nmi_resource_inventory,5.05,5,2025-04-01,Bauxite,"[""Aluminium""]",state,Madhya Pradesh,Madhya Pradesh,Total,bulk_mineral_or_source_grade,'000 Tonnes,1000.0,tonnes,13466.0,1102.0,21336.0,35904.0,17206.0,12608.0,8444.0,11723.0,115089.0,118492.0,16563.0,300125.0,336029.0,336029000.0,0,True,0.0,6.720580000000001,True,,,False,inventory_context_only_not_used_as_point_or_grid_model_evidence,SRC_IBM_NMI_2025,https://ibm.gov.in/IBMPortal/pages/national-mineral-inventory-at-a-glance-2025,https://ibm.gov.in/writereaddata/files/17848872906a6337fae632bChapter__5_Mineral_wise.pdf,491b70eccee4f1a63f9ae0fe25b1c2d7c40e8b7c714abab7e12a10e594020d67,pdfplumber_position_aware_columns_with_unfc_subtotal_validation
IBM-NMI2025-5-05-state-maharashtra-total-01,official_nmi_resource_inventory,5.05,6,2025-04-01,Bauxite,"[""Aluminium""]",state,Maharashtra,Maharashtra,Total,bulk_mineral_or_source_grade,'000 Tonnes,1000.0,tonnes,29008.0,4584.0,8701.0,42293.0,15992.0,3848.0,18287.0,38997.0,45220.0,84586.0,0.0,206930.0,249223.0,249223000.0,0,True,0.0,4.98446,True,,,False,inventory_context_only_not_used_as_point_or_grid_model_evidence,SRC_IBM_NMI_2025,https://ibm.gov.in/IBMPortal/pages/national-mineral-inventory-at-a-glance-2025,https://ibm.gov.in/writereaddata/files/17848872906a6337fae632bChapter__5_Mineral_wise.pdf,491b70eccee4f1a63f9ae0fe25b1c2d7c40e8b7c714abab7e12a10e594020d67,pdfplumber_position_aware_columns_with_unfc_subtotal_validation
IBM-NMI2025-5-05-state-meghalaya-total-01,official_nmi_resource_inventory,5.05,6,2025-04-01,Bauxite,"[""Aluminium""]",state,Meghalaya,Meghalaya,Total,bulk_mineral_or_source_grade,'000 Tonnes,1000.0,tonnes,0.0,0.0,0.0,0.0,0.0,0.0,0.0,0.0,0.0,4300.0,0.0,4300.0,4300.0,4300000.0,0,True,0.0,2.0,True,,,False,inventory_context_only_not_used_as_point_or_grid_model_evidence,SRC_IBM_NMI_2025,https://ibm.gov.in/IBMPortal/pages/national-mineral-inventory-at-a-glance-2025,https://ibm.gov.in/writereaddata/files/17848872906a6337fae632bChapter__5_Mineral_wise.pdf,491b70eccee4f1a63f9ae0fe25b1c2d7c40e8b7c714abab7e12a10e594020d67,pdfplumber_position_aware_columns_with_unfc_subtotal_validation
IBM-NMI2025-5-05-state-odisha-total-01,official_nmi_resource_inventory,5.05,6,2025-04-01,Bauxite,"[""Aluminium""]",state,Odisha,Odisha,Total,bulk_mineral_or_source_grade,'000 Tonnes,1000.0,tonnes,350881.0,4702.0,429192.0,784775.0,95757.0,33609.0,162257.0,161842.0,563749.0,609209.0,147435.0,1773859.0,2558634.0,2558634000.0,0,True,1.0,51.17268000000001,True,,,False,inventory_context_only_not_used_as_point_or_grid_model_evidence,SRC_IBM_NMI_2025,https://ibm.gov.in/IBMPortal/pages/national-mineral-inventory-at-a-glance-2025,https://ibm.gov.in/writereaddata/files/17848872906a6337fae632bChapter__5_Mineral_wise.pdf,491b70eccee4f1a63f9ae0fe25b1c2d7c40e8b7c714abab7e12a10e594020d67,pdfplumber_position_aware_columns_with_unfc_subtotal_validation
IBM-NMI2025-5-05-state-rajasthan-total-01,official_nmi_resource_inventory,5.05,6,2025-04-01,Bauxite,"[""Aluminium""]",state,Rajasthan,Rajasthan,Total,bulk_mineral_or_source_grade,'000 Tonnes,1000.0,tonnes,111.0,32.0,0.0,143.0,0.0,0.0,0.0,0.0,0.0,528.0,0.0,528.0,671.0,671000.0,0,True,0.0,2.0,True,,,False,inventory_context_only_not_used_as_point_or_grid_model_evidence,SRC_IBM_NMI_2025,https://ibm.gov.in/IBMPortal/pages/national-mineral-inventory-at-a-glance-2025,https://ibm.gov.in/writereaddata/files/17848872906a6337fae632bChapter__5_Mineral_wise.pdf,491b70eccee4f1a63f9ae0fe25b1c2d7c40e8b7c714abab7e12a10e594020d67,pdfplumber_position_aware_columns_with_unfc_subtotal_validation
IBM-NMI2025-5-05-state-tamil-nadu-total-01,official_nmi_resource_inventory,5.05,6,2025-04-01,Bauxite,"[""Aluminium""]",state,Tamil Nadu,Tamil Nadu,Total,bulk_mineral_or_source_grade,'000 Tonnes,1000.0,tonnes,0.0,0.0,0.0,0.0,0.0,1141.0,2140.0,960.0,10084.0,8363.0,0.0,22688.0,22688.0,22688000.0,0,True,0.0,2.0,True,,,False,inventory_context_only_not_used_as_point_or_grid_model_evidence,SRC_IBM_NMI_2025,https://ibm.gov.in/IBMPortal/pages/national-mineral-inventory-at-a-glance-2025,https://ibm.gov.in/writereaddata/files/17848872906a6337fae632bChapter__5_Mineral_wise.pdf,491b70eccee4f1a63f9ae0fe25b1c2d7c40e8b7c714abab7e12a10e594020d67,pdfplumber_position_aware_columns_with_unfc_subtotal_validation
IBM-NMI2025-5-05-state-telangana-total-01,official_nmi_resource_inventory,5.05,6,2025-04-01,Bauxite,"[""Aluminium""]",state,Telangana,Telangana,Total,bulk_mineral_or_source_grade,'000 Tonnes,1000.0,tonnes,0.0,0.0,0.0,0.0,0.0,0.0,0.0,0.0,0.0,154030.0,0.0,154030.0,154030.0,154030000.0,0,True,0.0,3.0806000000000004,True,,,False,inventory_context_only_not_used_as_point_or_grid_model_evidence,SRC_IBM_NMI_2025,https://ibm.gov.in/IBMPortal/pages/national-mineral-inventory-at-a-glance-2025,https://ibm.gov.in/writereaddata/files/17848872906a6337fae632bChapter__5_Mineral_wise.pdf,491b70eccee4f1a63f9ae0fe25b1c2d7c40e8b7c714abab7e12a10e594020d67,pdfplumber_position_aware_columns_with_unfc_subtotal_validation
IBM-NMI2025-5-05-state-uttar-pradesh-total-01,official_nmi_resource_inventory,5.05,6,2025-04-01,Bauxite,"[""Aluminium""]",state,Uttar Pradesh,Uttar Pradesh,Total,bulk_mineral_or_source_grade,'000 Tonnes,1000.0,tonnes,0.0,0.0,0.0,0.0,0.0,0.0,0.0,10390.0,500.0,8018.0,12230.0,31138.0,31138.0,31138000.0,0,True,0.0,2.0,True,,,False,inventory_context_only_not_used_as_point_or_grid_model_evidence,SRC_IBM_NMI_2025,https://ibm.gov.in/IBMPortal/pages/national-mineral-inventory-at-a-glance-2025,https://ibm.gov.in/writereaddata/files/17848872906a6337fae632bChapter__5_Mineral_wise.pdf,491b70eccee4f1a63f9ae0fe25b1c2d7c40e8b7c714abab7e12a10e594020d67,pdfplumber_position_aware_columns_with_unfc_subtotal_validation
IBM-NMI2025-5-06-national-total-all-india-total-01,official_nmi_resource_inventory,5.06,7,2025-04-01,Borax,"[""Boron""]",national_total,,All India,Total,bulk_mineral_or_source_grade,Tonne,1.0,tonnes,0.0,0.0,0.0,0.0,0.0,0.0,0.0,0.0,0.0,0.0,74204.0,74204.0,74204.0,74204.0,0,True,0.0,2.0,True,,,False,inventory_context_only_not_used_as_point_or_grid_model_evidence,SRC_IBM_NMI_2025,https://ibm.gov.in/IBMPortal/pages/national-mineral-inventory-at-a-glance-2025,https://ibm.gov.in/writereaddata/files/17848872906a6337fae632bChapter__5_Mineral_wise.pdf,491b70eccee4f1a63f9ae0fe25b1c2d7c40e8b7c714abab7e12a10e594020d67,pdfplumber_position_aware_columns_with_unfc_subtotal_validation
IBM-NMI2025-5-06-grade-all-india-unclassified-01,official_nmi_resource_inventory,5.06,7,2025-04-01,Borax,"[""Boron""]",grade,,All India,Unclassified,bulk_mineral_or_source_grade,Tonne,1.0,tonnes,0.0,0.0,0.0,0.0,0.0,0.0,0.0,0.0,0.0,0.0,74204.0,74204.0,74204.0,74204.0,0,True,0.0,2.0,True,,,False,inventory_context_only_not_used_as_point_or_grid_model_evidence,SRC_IBM_NMI_2025,https://ibm.gov.in/IBMPortal/pages/national-mineral-inventory-at-a-glance-2025,https://ibm.gov.in/writereaddata/files/17848872906a6337fae632bChapter__5_Mineral_wise.pdf,491b70eccee4f1a63f9ae0fe25b1c2d7c40e8b7c714abab7e12a10e594020d67,pdfplumber_position_aware_columns_with_unfc_subtotal_validation
IBM-NMI2025-5-06-state-jammu-kashmir-total-01,official_nmi_resource_inventory,5.06,7,2025-04-01,Borax,"[""Boron""]",state,Jammu & Kashmir,Jammu & Kashmir,Total,bulk_mineral_or_source_grade,Tonne,1.0,tonnes,0.0,0.0,0.0,0.0,0.0,0.0,0.0,0.0,0.0,0.0,74204.0,74204.0,74204.0,74204.0,0,True,0.0,2.0,True,,,False,inventory_context_only_not_used_as_point_or_grid_model_evidence,SRC_IBM_NMI_2025,https://ibm.gov.in/IBMPortal/pages/national-mineral-inventory-at-a-glance-2025,https://ibm.gov.in/writereaddata/files/17848872906a6337fae632bChapter__5_Mineral_wise.pdf,491b70eccee4f1a63f9ae0fe25b1c2d7c40e8b7c714abab7e12a10e594020d67,pdfplumber_position_aware_columns_with_unfc_subtotal_validation
IBM-NMI2025-5-07-national-total-all-india-total-01,official_nmi_resource_inventory,5.07,8,2025-04-01,Chromite,"[""Chromium""]",national_total,,All India,Total,bulk_mineral_or_source_grade,'000 Tonnes,1000.0,tonnes,59485.0,19294.0,77902.0,156681.0,47074.0,17994.0,83902.0,2471.0,57117.0,128935.0,20453.0,357945.0,514626.0,514626000.0,0,True,1.0,10.292520000000001,True,,,False,inventory_context_only_not_used_as_point_or_grid_model_evidence,SRC_IBM_NMI_2025,https://ibm.gov.in/IBMPortal/pages/national-mineral-inventory-at-a-glance-2025,https://ibm.gov.in/writereaddata/files/17848872906a6337fae632bChapter__5_Mineral_wise.pdf,491b70eccee4f1a63f9ae0fe25b1c2d7c40e8b7c714abab7e12a10e594020d67,pdfplumber_position_aware_columns_with_unfc_subtotal_validation
IBM-NMI2025-5-07-grade-all-india-refractory-01,official_nmi_resource_inventory,5.07,8,2025-04-01,Chromite,"[""Chromium""]",grade,,All India,Refractory,bulk_mineral_or_source_grade,'000 Tonnes,1000.0,tonnes,43835.0,8612.0,62664.0,115112.0,38024.0,3293.0,32988.0,964.0,11134.0,64867.0,0.0,151270.0,266382.0,266382000.0,0,True,1.0,5.327640000000001,True,,,False,inventory_context_only_not_used_as_point_or_grid_model_evidence,SRC_IBM_NMI_2025,https://ibm.gov.in/IBMPortal/pages/national-mineral-inventory-at-a-glance-2025,https://ibm.gov.in/writereaddata/files/17848872906a6337fae632bChapter__5_Mineral_wise.pdf,491b70eccee4f1a63f9ae0fe25b1c2d7c40e8b7c714abab7e12a10e594020d67,pdfplumber_position_aware_columns_with_unfc_subtotal_validation
IBM-NMI2025-5-07-grade-all-india-charge-chrome-01,official_nmi_resource_inventory,5.07,8,2025-04-01,Chromite,"[""Chromium""]",grade,,All India,Charge-chrome,bulk_mineral_or_source_grade,'000 Tonnes,1000.0,tonnes,705.7,302.0,1095.0,2102.0,706.0,6134.0,18719.0,140.0,21349.0,3224.0,0.0,50273.0,52375.0,52375000.0,0,True,1.0,2.0,True,,,False,inventory_context_only_not_used_as_point_or_grid_model_evidence,SRC_IBM_NMI_2025,https://ibm.gov.in/IBMPortal/pages/national-mineral-inventory-at-a-glance-2025,https://ibm.gov.in/writereaddata/files/17848872906a6337fae632bChapter__5_Mineral_wise.pdf,491b70eccee4f1a63f9ae0fe25b1c2d7c40e8b7c714abab7e12a10e594020d67,pdfplumber_position_aware_columns_with_unfc_subtotal_validation
IBM-NMI2025-5-07-grade-all-india-ferro-chrome-01,official_nmi_resource_inventory,5.07,8,2025-04-01,Chromite,"[""Chromium""]",grade,,All India,Ferro-chrome,bulk_mineral_or_source_grade,'000 Tonnes,1000.0,tonnes,3192.72,2520.0,4925.0,10637.0,1724.0,0.0,14230.0,75.0,10912.0,24542.0,0.0,51483.0,62120.0,62120000.0,0,True,0.7199999999993452,2.0,True,,,False,inventory_context_only_not_used_as_point_or_grid_model_evidence,SRC_IBM_NMI_2025,https://ibm.gov.in/IBMPortal/pages/national-mineral-inventory-at-a-glance-2025,https://ibm.gov.in/writereaddata/files/17848872906a6337fae632bChapter__5_Mineral_wise.pdf,491b70eccee4f1a63f9ae0fe25b1c2d7c40e8b7c714abab7e12a10e594020d67,pdfplumber_position_aware_columns_with_unfc_subtotal_validation
IBM-NMI2025-5-07-grade-all-india-beneficiable-01,official_nmi_resource_inventory,5.07,8,2025-04-01,Chromite,"[""Chromium""]",grade,,All India,Beneficiable,bulk_mineral_or_source_grade,'000 Tonnes,1000.0,tonnes,11751.2,7859.0,9219.0,28829.0,6593.0,8540.0,17965.0,1282.0,13400.0,18555.0,18.0,66352.0,95181.0,95181000.0,0,True,1.0,2.0,True,,,False,inventory_context_only_not_used_as_point_or_grid_model_evidence,SRC_IBM_NMI_2025,https://ibm.gov.in/IBMPortal/pages/national-mineral-inventory-at-a-glance-2025,https://ibm.gov.in/writereaddata/files/17848872906a6337fae632bChapter__5_Mineral_wise.pdf,491b70eccee4f1a63f9ae0fe25b1c2d7c40e8b7c714abab7e12a10e594020d67,pdfplumber_position_aware_columns_with_unfc_subtotal_validation
IBM-NMI2025-5-07-grade-all-india-low-01,official_nmi_resource_inventory,5.07,8,2025-04-01,Chromite,"[""Chromium""]",grade,,All India,Low,bulk_mineral_or_source_grade,'000 Tonnes,1000.0,tonnes,0.0,0.0,0.0,0.0,26.0,27.0,0.0,0.0,0.0,3713.0,0.0,3765.0,3765.0,3765000.0,0,True,1.0,2.0,True,,,False,inventory_context_only_not_used_as_point_or_grid_model_evidence,SRC_IBM_NMI_2025,https://ibm.gov.in/IBMPortal/pages/national-mineral-inventory-at-a-glance-2025,https://ibm.gov.in/writereaddata/files/17848872906a6337fae632bChapter__5_Mineral_wise.pdf,491b70eccee4f1a63f9ae0fe25b1c2d7c40e8b7c714abab7e12a10e594020d67,pdfplumber_position_aware_columns_with_unfc_subtotal_validation
IBM-NMI2025-5-07-grade-all-india-others-01,official_nmi_resource_inventory,5.07,8,2025-04-01,Chromite,"[""Chromium""]",grade,,All India,Others,bulk_mineral_or_source_grade,'000 Tonnes,1000.0,tonnes,0.0,0.0,0.0,0.0,0.0,0.0,0.0,0.0,15.0,0.0,0.0,15.0,15.0,15000.0,0,True,0.0,2.0,True,,,False,inventory_context_only_not_used_as_point_or_grid_model_evidence,SRC_IBM_NMI_2025,https://ibm.gov.in/IBMPortal/pages/national-mineral-inventory-at-a-glance-2025,https://ibm.gov.in/writereaddata/files/17848872906a6337fae632bChapter__5_Mineral_wise.pdf,491b70eccee4f1a63f9ae0fe25b1c2d7c40e8b7c714abab7e12a10e594020d67,pdfplumber_position_aware_columns_with_unfc_subtotal_validation
IBM-NMI2025-5-07-grade-all-india-unclassified-01,official_nmi_resource_inventory,5.07,8,2025-04-01,Chromite,"[""Chromium""]",grade,,All India,Unclassified,bulk_mineral_or_source_grade,'000 Tonnes,1000.0,tonnes,0.0,0.0,0.0,0.0,0.0,0.0,0.0,9.0,308.0,13856.0,19889.0,34062.0,34062.0,34062000.0,0,True,0.0,2.0,True,,,False,inventory_context_only_not_used_as_point_or_grid_model_evidence,SRC_IBM_NMI_2025,https://ibm.gov.in/IBMPortal/pages/national-mineral-inventory-at-a-glance-2025,https://ibm.gov.in/writereaddata/files/17848872906a6337fae632bChapter__5_Mineral_wise.pdf,491b70eccee4f1a63f9ae0fe25b1c2d7c40e8b7c714abab7e12a10e594020d67,pdfplumber_position_aware_columns_with_unfc_subtotal_validation
IBM-NMI2025-5-07-grade-all-india-not-known-01,official_nmi_resource_inventory,5.07,8,2025-04-01,Chromite,"[""Chromium""]",grade,,All India,Not - known,bulk_mineral_or_source_grade,'000 Tonnes,1000.0,tonnes,0.0,0.0,0.0,0.0,1.0,1.0,0.0,0.0,0.0,177.0,546.0,725.0,725.0,725000.0,0,True,0.0,2.0,True,,,False,inventory_context_only_not_used_as_point_or_grid_model_evidence,SRC_IBM_NMI_2025,https://ibm.gov.in/IBMPortal/pages/national-mineral-inventory-at-a-glance-2025,https://ibm.gov.in/writereaddata/files/17848872906a6337fae632bChapter__5_Mineral_wise.pdf,491b70eccee4f1a63f9ae0fe25b1c2d7c40e8b7c714abab7e12a10e594020d67,pdfplumber_position_aware_columns_with_unfc_subtotal_validation
IBM-NMI2025-5-07-state-jharkhand-total-01,official_nmi_resource_inventory,5.07,8,2025-04-01,Chromite,"[""Chromium""]",state,Jharkhand,Jharkhand,Total,bulk_mineral_or_source_grade,'000 Tonnes,1000.0,tonnes,0.0,0.0,0.0,0.0,0.0,0.0,0.0,15.0,98.0,623.0,0.0,736.0,736.0,736000.0,0,True,0.0,2.0,True,,,False,inventory_context_only_not_used_as_point_or_grid_model_evidence,SRC_IBM_NMI_2025,https://ibm.gov.in/IBMPortal/pages/national-mineral-inventory-at-a-glance-2025,https://ibm.gov.in/writereaddata/files/17848872906a6337fae632bChapter__5_Mineral_wise.pdf,491b70eccee4f1a63f9ae0fe25b1c2d7c40e8b7c714abab7e12a10e594020d67,pdfplumber_position_aware_columns_with_unfc_subtotal_validation
IBM-NMI2025-5-07-state-karnataka-total-01,official_nmi_resource_inventory,5.07,8,2025-04-01,Chromite,"[""Chromium""]",state,Karnataka,Karnataka,Total,bulk_mineral_or_source_grade,'000 Tonnes,1000.0,tonnes,176.0,0.0,323.0,499.0,474.0,378.0,54.0,0.0,20.0,392.0,0.0,1317.0,1817.0,1817000.0,0,True,1.0,2.0,True,,,False,inventory_context_only_not_used_as_point_or_grid_model_evidence,SRC_IBM_NMI_2025,https://ibm.gov.in/IBMPortal/pages/national-mineral-inventory-at-a-glance-2025,https://ibm.gov.in/writereaddata/files/17848872906a6337fae632bChapter__5_Mineral_wise.pdf,491b70eccee4f1a63f9ae0fe25b1c2d7c40e8b7c714abab7e12a10e594020d67,pdfplumber_position_aware_columns_with_unfc_subtotal_validation
IBM-NMI2025-5-07-state-maharashtra-total-01,official_nmi_resource_inventory,5.07,8,2025-04-01,Chromite,"[""Chromium""]",state,Maharashtra,Maharashtra,Total,bulk_mineral_or_source_grade,'000 Tonnes,1000.0,tonnes,5.0,0.0,0.0,5.0,5.0,0.0,0.0,43.0,67.0,418.0,0.0,533.0,538.0,538000.0,0,True,0.0,2.0,True,,,False,inventory_context_only_not_used_as_point_or_grid_model_evidence,SRC_IBM_NMI_2025,https://ibm.gov.in/IBMPortal/pages/national-mineral-inventory-at-a-glance-2025,https://ibm.gov.in/writereaddata/files/17848872906a6337fae632bChapter__5_Mineral_wise.pdf,491b70eccee4f1a63f9ae0fe25b1c2d7c40e8b7c714abab7e12a10e594020d67,pdfplumber_position_aware_columns_with_unfc_subtotal_validation
IBM-NMI2025-5-07-state-manipur-total-01,official_nmi_resource_inventory,5.07,8,2025-04-01,Chromite,"[""Chromium""]",state,Manipur,Manipur,Total,bulk_mineral_or_source_grade,'000 Tonnes,1000.0,tonnes,0.0,0.0,0.0,0.0,3.0,21.0,52.0,0.0,504.0,6077.0,0.0,6657.0,6657.0,6657000.0,0,True,0.0,2.0,True,,,False,inventory_context_only_not_used_as_point_or_grid_model_evidence,SRC_IBM_NMI_2025,https://ibm.gov.in/IBMPortal/pages/national-mineral-inventory-at-a-glance-2025,https://ibm.gov.in/writereaddata/files/17848872906a6337fae632bChapter__5_Mineral_wise.pdf,491b70eccee4f1a63f9ae0fe25b1c2d7c40e8b7c714abab7e12a10e594020d67,pdfplumber_position_aware_columns_with_unfc_subtotal_validation
IBM-NMI2025-5-07-state-nagaland-total-01,official_nmi_resource_inventory,5.07,8,2025-04-01,Chromite,"[""Chromium""]",state,Nagaland,Nagaland,Total,bulk_mineral_or_source_grade,'000 Tonnes,1000.0,tonnes,0.0,0.0,0.0,0.0,0.0,0.0,0.0,0.0,0.0,3200.0,0.0,3200.0,3200.0,3200000.0,0,True,0.0,2.0,True,,,False,inventory_context_only_not_used_as_point_or_grid_model_evidence,SRC_IBM_NMI_2025,https://ibm.gov.in/IBMPortal/pages/national-mineral-inventory-at-a-glance-2025,https://ibm.gov.in/writereaddata/files/17848872906a6337fae632bChapter__5_Mineral_wise.pdf,491b70eccee4f1a63f9ae0fe25b1c2d7c40e8b7c714abab7e12a10e594020d67,pdfplumber_position_aware_columns_with_unfc_subtotal_validation
IBM-NMI2025-5-07-state-odisha-total-01,official_nmi_resource_inventory,5.07,8,2025-04-01,Chromite,"[""Chromium""]",state,Odisha,Odisha,Total,bulk_mineral_or_source_grade,'000 Tonnes,1000.0,tonnes,59303.0,19294.0,77579.0,156176.0,46592.0,17595.0,83795.0,2406.0,56414.0,117778.0,20453.0,345033.0,501210.0,501210000.0,0,True,1.0,10.0242,True,,,False,inventory_context_only_not_used_as_point_or_grid_model_evidence,SRC_IBM_NMI_2025,https://ibm.gov.in/IBMPortal/pages/national-mineral-inventory-at-a-glance-2025,https://ibm.gov.in/writereaddata/files/17848872906a6337fae632bChapter__5_Mineral_wise.pdf,491b70eccee4f1a63f9ae0fe25b1c2d7c40e8b7c714abab7e12a10e594020d67,pdfplumber_position_aware_columns_with_unfc_subtotal_validation
IBM-NMI2025-5-07-state-tamil-nadu-total-01,official_nmi_resource_inventory,5.07,8,2025-04-01,Chromite,"[""Chromium""]",state,Tamil Nadu,Tamil Nadu,Total,bulk_mineral_or_source_grade,'000 Tonnes,1000.0,tonnes,0.0,0.0,0.0,0.0,0.0,0.0,0.0,7.0,0.0,276.0,0.0,282.0,282.0,282000.0,0,True,1.0,2.0,True,,,False,inventory_context_only_not_used_as_point_or_grid_model_evidence,SRC_IBM_NMI_2025,https://ibm.gov.in/IBMPortal/pages/national-mineral-inventory-at-a-glance-2025,https://ibm.gov.in/writereaddata/files/17848872906a6337fae632bChapter__5_Mineral_wise.pdf,491b70eccee4f1a63f9ae0fe25b1c2d7c40e8b7c714abab7e12a10e594020d67,pdfplumber_position_aware_columns_with_unfc_subtotal_validation
IBM-NMI2025-5-07-state-telangana-total-01,official_nmi_resource_inventory,5.07,8,2025-04-01,Chromite,"[""Chromium""]",state,Telangana,Telangana,Total,bulk_mineral_or_source_grade,'000 Tonnes,1000.0,tonnes,0.0,0.0,0.0,0.0,0.0,0.0,0.0,0.0,15.0,171.0,0.0,186.0,186.0,186000.0,0,True,0.0,2.0,True,,,False,inventory_context_only_not_used_as_point_or_grid_model_evidence,SRC_IBM_NMI_2025,https://ibm.gov.in/IBMPortal/pages/national-mineral-inventory-at-a-glance-2025,https://ibm.gov.in/writereaddata/files/17848872906a6337fae632bChapter__5_Mineral_wise.pdf,491b70eccee4f1a63f9ae0fe25b1c2d7c40e8b7c714abab7e12a10e594020d67,pdfplumber_position_aware_columns_with_unfc_subtotal_validation
IBM-NMI2025-5-08-national-total-all-india-total-01,official_nmi_resource_inventory,5.08,9,2025-04-01,Cobalt Ore,"[""Cobalt""]",national_total,,All India,Total,bulk_mineral_or_source_grade,Million Tonnes,1000000.0,tonnes,0.0,0.0,0.0,0.0,0.0,0.0,0.0,30.63,2.0,1.02,12.0,45.65,45.65,45650000.0,0,True,0.0,2.0,True,,,False,inventory_context_only_not_used_as_point_or_grid_model_evidence,SRC_IBM_NMI_2025,https://ibm.gov.in/IBMPortal/pages/national-mineral-inventory-at-a-glance-2025,https://ibm.gov.in/writereaddata/files/17848872906a6337fae632bChapter__5_Mineral_wise.pdf,491b70eccee4f1a63f9ae0fe25b1c2d7c40e8b7c714abab7e12a10e594020d67,pdfplumber_position_aware_columns_with_unfc_subtotal_validation
IBM-NMI2025-5-08-state-andhra-pradesh-total-01,official_nmi_resource_inventory,5.08,9,2025-04-01,Cobalt Ore,"[""Cobalt""]",state,Andhra Pradesh,Andhra Pradesh,Total,bulk_mineral_or_source_grade,Million Tonnes,1000000.0,tonnes,0.0,0.0,0.0,0.0,0.0,0.0,0.0,0.0,0.0,0.03,0.0,0.03,0.03,30000.0,0,True,0.0,2.0,True,,,False,inventory_context_only_not_used_as_point_or_grid_model_evidence,SRC_IBM_NMI_2025,https://ibm.gov.in/IBMPortal/pages/national-mineral-inventory-at-a-glance-2025,https://ibm.gov.in/writereaddata/files/17848872906a6337fae632bChapter__5_Mineral_wise.pdf,491b70eccee4f1a63f9ae0fe25b1c2d7c40e8b7c714abab7e12a10e594020d67,pdfplumber_position_aware_columns_with_unfc_subtotal_validation
IBM-NMI2025-5-08-state-jharkhand-total-01,official_nmi_resource_inventory,5.08,9,2025-04-01,Cobalt Ore,"[""Cobalt""]",state,Jharkhand,Jharkhand,Total,bulk_mineral_or_source_grade,Million Tonnes,1000000.0,tonnes,0.0,0.0,0.0,0.0,0.0,0.0,0.0,0.0,2.0,0.0,7.0,9.0,9.0,9000000.0,0,True,0.0,2.0,True,,,False,inventory_context_only_not_used_as_point_or_grid_model_evidence,SRC_IBM_NMI_2025,https://ibm.gov.in/IBMPortal/pages/national-mineral-inventory-at-a-glance-2025,https://ibm.gov.in/writereaddata/files/17848872906a6337fae632bChapter__5_Mineral_wise.pdf,491b70eccee4f1a63f9ae0fe25b1c2d7c40e8b7c714abab7e12a10e594020d67,pdfplumber_position_aware_columns_with_unfc_subtotal_validation
IBM-NMI2025-5-08-state-nagaland-total-01,official_nmi_resource_inventory,5.08,9,2025-04-01,Cobalt Ore,"[""Cobalt""]",state,Nagaland,Nagaland,Total,bulk_mineral_or_source_grade,Million Tonnes,1000000.0,tonnes,0.0,0.0,0.0,0.0,0.0,0.0,0.0,0.0,0.0,0.0,5.0,5.0,5.0,5000000.0,0,True,0.0,2.0,True,,,False,inventory_context_only_not_used_as_point_or_grid_model_evidence,SRC_IBM_NMI_2025,https://ibm.gov.in/IBMPortal/pages/national-mineral-inventory-at-a-glance-2025,https://ibm.gov.in/writereaddata/files/17848872906a6337fae632bChapter__5_Mineral_wise.pdf,491b70eccee4f1a63f9ae0fe25b1c2d7c40e8b7c714abab7e12a10e594020d67,pdfplumber_position_aware_columns_with_unfc_subtotal_validation
IBM-NMI2025-5-08-state-odisha-total-01,official_nmi_resource_inventory,5.08,9,2025-04-01,Cobalt Ore,"[""Cobalt""]",state,Odisha,Odisha,Total,bulk_mineral_or_source_grade,Million Tonnes,1000000.0,tonnes,0.0,0.0,0.0,0.0,0.0,0.0,0.0,30.63,0.0,0.28,0.0,30.91,30.91,30910000.0,0,True,0.0,2.0,True,,,False,inventory_context_only_not_used_as_point_or_grid_model_evidence,SRC_IBM_NMI_2025,https://ibm.gov.in/IBMPortal/pages/national-mineral-inventory-at-a-glance-2025,https://ibm.gov.in/writereaddata/files/17848872906a6337fae632bChapter__5_Mineral_wise.pdf,491b70eccee4f1a63f9ae0fe25b1c2d7c40e8b7c714abab7e12a10e594020d67,pdfplumber_position_aware_columns_with_unfc_subtotal_validation
IBM-NMI2025-5-08-state-rajasthan-total-01,official_nmi_resource_inventory,5.08,9,2025-04-01,Cobalt Ore,"[""Cobalt""]",state,Rajasthan,Rajasthan,Total,bulk_mineral_or_source_grade,Million Tonnes,1000000.0,tonnes,0.0,0.0,0.0,0.0,0.0,0.0,0.0,0.0,0.0,0.71,0.0,0.71,0.71,710000.0,0,True,0.0,2.0,True,,,False,inventory_context_only_not_used_as_point_or_grid_model_evidence,SRC_IBM_NMI_2025,https://ibm.gov.in/IBMPortal/pages/national-mineral-inventory-at-a-glance-2025,https://ibm.gov.in/writereaddata/files/17848872906a6337fae632bChapter__5_Mineral_wise.pdf,491b70eccee4f1a63f9ae0fe25b1c2d7c40e8b7c714abab7e12a10e594020d67,pdfplumber_position_aware_columns_with_unfc_subtotal_validation
IBM-NMI2025-5-09-national-total-all-india-ore-01,official_nmi_resource_inventory,5.09,10,2025-04-01,Copper,"[""Copper""]",national_total,,All India,Ore,ore,'000 Tonnes,1000.0,tonnes,67396.0,59349.0,19671.0,146416.0,82748.0,84674.0,33051.0,107723.0,430095.0,955885.0,58955.0,1753130.0,1899546.0,1899546000.0,0,True,1.0,37.99092,True,,,False,inventory_context_only_not_used_as_point_or_grid_model_evidence,SRC_IBM_NMI_2025,https://ibm.gov.in/IBMPortal/pages/national-mineral-inventory-at-a-glance-2025,https://ibm.gov.in/writereaddata/files/17848872906a6337fae632bChapter__5_Mineral_wise.pdf,491b70eccee4f1a63f9ae0fe25b1c2d7c40e8b7c714abab7e12a10e594020d67,pdfplumber_position_aware_columns_with_unfc_subtotal_validation
IBM-NMI2025-5-09-national-total-all-india-metal-01,official_nmi_resource_inventory,5.09,10,2025-04-01,Copper,"[""Copper""]",national_total,,All India,Metal,contained_metal_or_compound,'000 Tonnes,1000.0,tonnes,852.31,830.25,230.54,1913.1,930.21,310.93,163.26,1332.44,3293.33,5696.42,437.17,12163.76,14076.86,14076860.0,0,True,0.0,2.0,True,,,False,inventory_context_only_not_used_as_point_or_grid_model_evidence,SRC_IBM_NMI_2025,https://ibm.gov.in/IBMPortal/pages/national-mineral-inventory-at-a-glance-2025,https://ibm.gov.in/writereaddata/files/17848872906a6337fae632bChapter__5_Mineral_wise.pdf,491b70eccee4f1a63f9ae0fe25b1c2d7c40e8b7c714abab7e12a10e594020d67,pdfplumber_position_aware_columns_with_unfc_subtotal_validation
IBM-NMI2025-5-09-grade-all-india-ore-with-1-85-above-cu-01,official_nmi_resource_inventory,5.09,10,2025-04-01,Copper,"[""Copper""]",grade,,All India,Ore With 1.85 % & Above Cu,ore,'000 Tonnes,1000.0,tonnes,0.0,0.0,0.0,0.0,723.0,62.0,0.0,2520.0,65434.0,34789.0,2130.0,105658.0,105658.0,105658000.0,0,True,0.0,2.11316,True,,,False,inventory_context_only_not_used_as_point_or_grid_model_evidence,SRC_IBM_NMI_2025,https://ibm.gov.in/IBMPortal/pages/national-mineral-inventory-at-a-glance-2025,https://ibm.gov.in/writereaddata/files/17848872906a6337fae632bChapter__5_Mineral_wise.pdf,491b70eccee4f1a63f9ae0fe25b1c2d7c40e8b7c714abab7e12a10e594020d67,pdfplumber_position_aware_columns_with_unfc_subtotal_validation
IBM-NMI2025-5-09-grade-all-india-ore-with-1-00-to-below-1-85-cu-01,official_nmi_resource_inventory,5.09,10,2025-04-01,Copper,"[""Copper""]",grade,,All India,Ore With 1.00 % to below 1.85 % Cu,ore,'000 Tonnes,1000.0,tonnes,67396.0,59349.0,19671.0,146416.0,68036.0,4568.0,6660.0,55209.0,110990.0,196036.0,55.0,441553.0,587969.0,587969000.0,0,True,1.0,11.75938,True,,,False,inventory_context_only_not_used_as_point_or_grid_model_evidence,SRC_IBM_NMI_2025,https://ibm.gov.in/IBMPortal/pages/national-mineral-inventory-at-a-glance-2025,https://ibm.gov.in/writereaddata/files/17848872906a6337fae632bChapter__5_Mineral_wise.pdf,491b70eccee4f1a63f9ae0fe25b1c2d7c40e8b7c714abab7e12a10e594020d67,pdfplumber_position_aware_columns_with_unfc_subtotal_validation
IBM-NMI2025-5-09-grade-all-india-ore-with-0-50-to-below-1-00-cu-01,official_nmi_resource_inventory,5.09,10,2025-04-01,Copper,"[""Copper""]",grade,,All India,Ore With (+)0.50% to below 1.00% Cu,ore,'000 Tonnes,1000.0,tonnes,0.0,0.0,0.0,0.0,3070.0,80044.0,11596.0,49994.0,113891.0,613576.0,55348.0,927520.0,927520.0,927520000.0,0,True,1.0,18.5504,True,,,False,inventory_context_only_not_used_as_point_or_grid_model_evidence,SRC_IBM_NMI_2025,https://ibm.gov.in/IBMPortal/pages/national-mineral-inventory-at-a-glance-2025,https://ibm.gov.in/writereaddata/files/17848872906a6337fae632bChapter__5_Mineral_wise.pdf,491b70eccee4f1a63f9ae0fe25b1c2d7c40e8b7c714abab7e12a10e594020d67,pdfplumber_position_aware_columns_with_unfc_subtotal_validation
IBM-NMI2025-5-09-grade-all-india-ore-with-0-50-cu-01,official_nmi_resource_inventory,5.09,10,2025-04-01,Copper,"[""Copper""]",grade,,All India,Ore with (-)0.50% Cu,ore,'000 Tonnes,1000.0,tonnes,0.0,0.0,0.0,0.0,10919.0,0.0,14795.0,0.0,139780.0,111483.0,1423.0,278399.0,278399.0,278399000.0,0,True,1.0,5.56798,True,,,False,inventory_context_only_not_used_as_point_or_grid_model_evidence,SRC_IBM_NMI_2025,https://ibm.gov.in/IBMPortal/pages/national-mineral-inventory-at-a-glance-2025,https://ibm.gov.in/writereaddata/files/17848872906a6337fae632bChapter__5_Mineral_wise.pdf,491b70eccee4f1a63f9ae0fe25b1c2d7c40e8b7c714abab7e12a10e594020d67,pdfplumber_position_aware_columns_with_unfc_subtotal_validation
IBM-NMI2025-5-09-grade-all-india-metal-01,official_nmi_resource_inventory,5.09,10,2025-04-01,Copper,"[""Copper""]",grade,,All India,Metal,contained_metal_or_compound,'000 Tonnes,1000.0,tonnes,852.31,830.25,230.54,1913.1,930.21,310.93,163.26,1332.44,3293.33,5696.42,437.17,12163.76,14076.86,14076860.0,0,True,0.0,2.0,True,,,False,inventory_context_only_not_used_as_point_or_grid_model_evidence,SRC_IBM_NMI_2025,https://ibm.gov.in/IBMPortal/pages/national-mineral-inventory-at-a-glance-2025,https://ibm.gov.in/writereaddata/files/17848872906a6337fae632bChapter__5_Mineral_wise.pdf,491b70eccee4f1a63f9ae0fe25b1c2d7c40e8b7c714abab7e12a10e594020d67,pdfplumber_position_aware_columns_with_unfc_subtotal_validation
IBM-NMI2025-5-09-state-andhra-pradesh-ore-01,official_nmi_resource_inventory,5.09,10,2025-04-01,Copper,"[""Copper""]",state,Andhra Pradesh,Andhra Pradesh,Ore,ore,'000 Tonnes,1000.0,tonnes,0.0,0.0,0.0,0.0,686.0,0.0,105.0,0.0,5791.0,2150.0,0.0,8732.0,8732.0,8732000.0,0,True,0.0,2.0,True,,,False,inventory_context_only_not_used_as_point_or_grid_model_evidence,SRC_IBM_NMI_2025,https://ibm.gov.in/IBMPortal/pages/national-mineral-inventory-at-a-glance-2025,https://ibm.gov.in/writereaddata/files/17848872906a6337fae632bChapter__5_Mineral_wise.pdf,491b70eccee4f1a63f9ae0fe25b1c2d7c40e8b7c714abab7e12a10e594020d67,pdfplumber_position_aware_columns_with_unfc_subtotal_validation
IBM-NMI2025-5-09-state-andhra-pradesh-metal-01,official_nmi_resource_inventory,5.09,10,2025-04-01,Copper,"[""Copper""]",state,Andhra Pradesh,Andhra Pradesh,Metal,contained_metal_or_compound,'000 Tonnes,1000.0,tonnes,0.0,0.0,0.0,0.0,6.88,0.0,1.05,0.0,97.45,14.42,0.0,119.8,119.8,119800.0,0,True,0.0,2.0,True,,,False,inventory_context_only_not_used_as_point_or_grid_model_evidence,SRC_IBM_NMI_2025,https://ibm.gov.in/IBMPortal/pages/national-mineral-inventory-at-a-glance-2025,https://ibm.gov.in/writereaddata/files/17848872906a6337fae632bChapter__5_Mineral_wise.pdf,491b70eccee4f1a63f9ae0fe25b1c2d7c40e8b7c714abab7e12a10e594020d67,pdfplumber_position_aware_columns_with_unfc_subtotal_validation
IBM-NMI2025-5-09-state-arunachal-pradesh-ore-01,official_nmi_resource_inventory,5.09,10,2025-04-01,Copper,"[""Copper""]",state,Arunachal Pradesh,Arunachal Pradesh,Ore,ore,'000 Tonnes,1000.0,tonnes,0.0,0.0,0.0,0.0,0.0,0.0,0.0,0.0,0.0,116.0,10.0,126.0,126.0,126000.0,0,True,0.0,2.0,True,,,False,inventory_context_only_not_used_as_point_or_grid_model_evidence,SRC_IBM_NMI_2025,https://ibm.gov.in/IBMPortal/pages/national-mineral-inventory-at-a-glance-2025,https://ibm.gov.in/writereaddata/files/17848872906a6337fae632bChapter__5_Mineral_wise.pdf,491b70eccee4f1a63f9ae0fe25b1c2d7c40e8b7c714abab7e12a10e594020d67,pdfplumber_position_aware_columns_with_unfc_subtotal_validation
IBM-NMI2025-5-09-state-arunachal-pradesh-metal-01,official_nmi_resource_inventory,5.09,10,2025-04-01,Copper,"[""Copper""]",state,Arunachal Pradesh,Arunachal Pradesh,Metal,contained_metal_or_compound,'000 Tonnes,1000.0,tonnes,0.0,0.0,0.0,0.0,0.0,0.0,0.0,0.0,0.0,0.28,0.02,0.3,0.3,300.0,0,True,5.551115123125783e-17,2.0,True,,,False,inventory_context_only_not_used_as_point_or_grid_model_evidence,SRC_IBM_NMI_2025,https://ibm.gov.in/IBMPortal/pages/national-mineral-inventory-at-a-glance-2025,https://ibm.gov.in/writereaddata/files/17848872906a6337fae632bChapter__5_Mineral_wise.pdf,491b70eccee4f1a63f9ae0fe25b1c2d7c40e8b7c714abab7e12a10e594020d67,pdfplumber_position_aware_columns_with_unfc_subtotal_validation
IBM-NMI2025-5-09-state-bihar-ore-01,official_nmi_resource_inventory,5.09,10,2025-04-01,Copper,"[""Copper""]",state,Bihar,Bihar,Ore,ore,'000 Tonnes,1000.0,tonnes,0.0,0.0,0.0,0.0,0.0,0.0,0.0,0.0,0.0,25.0,0.0,25.0,25.0,25000.0,1,True,0.0,2.0,True,,,False,inventory_context_only_not_used_as_point_or_grid_model_evidence,SRC_IBM_NMI_2025,https://ibm.gov.in/IBMPortal/pages/national-mineral-inventory-at-a-glance-2025,https://ibm.gov.in/writereaddata/files/17848872906a6337fae632bChapter__5_Mineral_wise.pdf,491b70eccee4f1a63f9ae0fe25b1c2d7c40e8b7c714abab7e12a10e594020d67,pdfplumber_position_aware_columns_with_unfc_subtotal_validation
IBM-NMI2025-5-09-state-bihar-metal-01,official_nmi_resource_inventory,5.09,10,2025-04-01,Copper,"[""Copper""]",state,Bihar,Bihar,Metal,contained_metal_or_compound,'000 Tonnes,1000.0,tonnes,0.0,0.0,0.0,0.0,0.0,0.0,0.0,0.0,0.0,0.06,0.0,0.06,0.06,60.0,1,True,0.0,2.0,True,,,False,inventory_context_only_not_used_as_point_or_grid_model_evidence,SRC_IBM_NMI_2025,https://ibm.gov.in/IBMPortal/pages/national-mineral-inventory-at-a-glance-2025,https://ibm.gov.in/writereaddata/files/17848872906a6337fae632bChapter__5_Mineral_wise.pdf,491b70eccee4f1a63f9ae0fe25b1c2d7c40e8b7c714abab7e12a10e594020d67,pdfplumber_position_aware_columns_with_unfc_subtotal_validation
IBM-NMI2025-5-09-state-chhattisgarh-ore-01,official_nmi_resource_inventory,5.09,10,2025-04-01,Copper,"[""Copper""]",state,Chhattisgarh,Chattisgarh,Ore,ore,'000 Tonnes,1000.0,tonnes,0.0,0.0,0.0,0.0,0.0,0.0,0.0,0.0,0.0,461.0,0.0,461.0,461.0,461000.0,1,True,0.0,2.0,True,,,False,inventory_context_only_not_used_as_point_or_grid_model_evidence,SRC_IBM_NMI_2025,https://ibm.gov.in/IBMPortal/pages/national-mineral-inventory-at-a-glance-2025,https://ibm.gov.in/writereaddata/files/17848872906a6337fae632bChapter__5_Mineral_wise.pdf,491b70eccee4f1a63f9ae0fe25b1c2d7c40e8b7c714abab7e12a10e594020d67,pdfplumber_position_aware_columns_with_unfc_subtotal_validation
IBM-NMI2025-5-09-state-chhattisgarh-metal-01,official_nmi_resource_inventory,5.09,10,2025-04-01,Copper,"[""Copper""]",state,Chhattisgarh,Chattisgarh,Metal,contained_metal_or_compound,'000 Tonnes,1000.0,tonnes,0.0,0.0,0.0,0.0,0.0,0.0,0.0,0.0,0.0,2.21,0.0,2.21,2.21,2210.0,1,True,0.0,2.0,True,,,False,inventory_context_only_not_used_as_point_or_grid_model_evidence,SRC_IBM_NMI_2025,https://ibm.gov.in/IBMPortal/pages/national-mineral-inventory-at-a-glance-2025,https://ibm.gov.in/writereaddata/files/17848872906a6337fae632bChapter__5_Mineral_wise.pdf,491b70eccee4f1a63f9ae0fe25b1c2d7c40e8b7c714abab7e12a10e594020d67,pdfplumber_position_aware_columns_with_unfc_subtotal_validation
IBM-NMI2025-5-09-state-gujarat-ore-01,official_nmi_resource_inventory,5.09,10,2025-04-01,Copper,"[""Copper""]",state,Gujarat,Gujarat,Ore,ore,'000 Tonnes,1000.0,tonnes,0.0,0.0,0.0,0.0,2013.0,2371.0,969.0,129.0,0.0,7131.0,0.0,12613.0,12613.0,12613000.0,0,True,0.0,2.0,True,,,False,inventory_context_only_not_used_as_point_or_grid_model_evidence,SRC_IBM_NMI_2025,https://ibm.gov.in/IBMPortal/pages/national-mineral-inventory-at-a-glance-2025,https://ibm.gov.in/writereaddata/files/17848872906a6337fae632bChapter__5_Mineral_wise.pdf,491b70eccee4f1a63f9ae0fe25b1c2d7c40e8b7c714abab7e12a10e594020d67,pdfplumber_position_aware_columns_with_unfc_subtotal_validation
IBM-NMI2025-5-09-state-gujarat-metal-01,official_nmi_resource_inventory,5.09,10,2025-04-01,Copper,"[""Copper""]",state,Gujarat,Gujarat,Metal,contained_metal_or_compound,'000 Tonnes,1000.0,tonnes,0.0,0.0,0.0,0.0,31.2,35.8,19.67,0.69,0.0,113.38,0.0,200.74,200.74,200740.0,0,True,2.842170943040401e-14,2.0,True,,,False,inventory_context_only_not_used_as_point_or_grid_model_evidence,SRC_IBM_NMI_2025,https://ibm.gov.in/IBMPortal/pages/national-mineral-inventory-at-a-glance-2025,https://ibm.gov.in/writereaddata/files/17848872906a6337fae632bChapter__5_Mineral_wise.pdf,491b70eccee4f1a63f9ae0fe25b1c2d7c40e8b7c714abab7e12a10e594020d67,pdfplumber_position_aware_columns_with_unfc_subtotal_validation
IBM-NMI2025-5-09-state-haryana-ore-01,official_nmi_resource_inventory,5.09,10,2025-04-01,Copper,"[""Copper""]",state,Haryana,Haryana,Ore,ore,'000 Tonnes,1000.0,tonnes,0.0,0.0,0.0,0.0,0.0,2230.0,0.0,0.0,20900.0,30686.0,0.0,53816.0,53816.0,53816000.0,0,True,0.0,2.0,True,,,False,inventory_context_only_not_used_as_point_or_grid_model_evidence,SRC_IBM_NMI_2025,https://ibm.gov.in/IBMPortal/pages/national-mineral-inventory-at-a-glance-2025,https://ibm.gov.in/writereaddata/files/17848872906a6337fae632bChapter__5_Mineral_wise.pdf,491b70eccee4f1a63f9ae0fe25b1c2d7c40e8b7c714abab7e12a10e594020d67,pdfplumber_position_aware_columns_with_unfc_subtotal_validation
IBM-NMI2025-5-09-state-haryana-metal-01,official_nmi_resource_inventory,5.09,10,2025-04-01,Copper,"[""Copper""]",state,Haryana,Haryana,Metal,contained_metal_or_compound,'000 Tonnes,1000.0,tonnes,0.0,0.0,0.0,0.0,0.0,11.82,0.0,0.0,73.19,94.0,0.0,179.01,179.01,179010.0,0,True,0.0,2.0,True,,,False,inventory_context_only_not_used_as_point_or_grid_model_evidence,SRC_IBM_NMI_2025,https://ibm.gov.in/IBMPortal/pages/national-mineral-inventory-at-a-glance-2025,https://ibm.gov.in/writereaddata/files/17848872906a6337fae632bChapter__5_Mineral_wise.pdf,491b70eccee4f1a63f9ae0fe25b1c2d7c40e8b7c714abab7e12a10e594020d67,pdfplumber_position_aware_columns_with_unfc_subtotal_validation
IBM-NMI2025-5-09-state-jharkhand-ore-01,official_nmi_resource_inventory,5.09,10,2025-04-01,Copper,"[""Copper""]",state,Jharkhand,Jharkhand,Ore,ore,'000 Tonnes,1000.0,tonnes,6208.0,0.0,3038.0,9246.0,10380.0,0.0,1909.0,80356.0,117148.0,175229.0,51307.0,436329.0,445575.0,445575000.0,0,True,0.0,8.9115,True,,,False,inventory_context_only_not_used_as_point_or_grid_model_evidence,SRC_IBM_NMI_2025,https://ibm.gov.in/IBMPortal/pages/national-mineral-inventory-at-a-glance-2025,https://ibm.gov.in/writereaddata/files/17848872906a6337fae632bChapter__5_Mineral_wise.pdf,491b70eccee4f1a63f9ae0fe25b1c2d7c40e8b7c714abab7e12a10e594020d67,pdfplumber_position_aware_columns_with_unfc_subtotal_validation
IBM-NMI2025-5-09-state-jharkhand-metal-01,official_nmi_resource_inventory,5.09,10,2025-04-01,Copper,"[""Copper""]",state,Jharkhand,Jharkhand,Metal,contained_metal_or_compound,'000 Tonnes,1000.0,tonnes,71.27,0.0,35.92,107.19,114.72,0.0,23.56,872.87,1191.74,1855.64,394.57,4453.1,4560.29,4560290.0,0,True,0.0,2.0,True,,,False,inventory_context_only_not_used_as_point_or_grid_model_evidence,SRC_IBM_NMI_2025,https://ibm.gov.in/IBMPortal/pages/national-mineral-inventory-at-a-glance-2025,https://ibm.gov.in/writereaddata/files/17848872906a6337fae632bChapter__5_Mineral_wise.pdf,491b70eccee4f1a63f9ae0fe25b1c2d7c40e8b7c714abab7e12a10e594020d67,pdfplumber_position_aware_columns_with_unfc_subtotal_validation
IBM-NMI2025-5-09-state-karnataka-ore-01,official_nmi_resource_inventory,5.09,10,2025-04-01,Copper,"[""Copper""]",state,Karnataka,Karnataka,Ore,ore,'000 Tonnes,1000.0,tonnes,0.0,0.0,0.0,0.0,867.0,1301.0,3114.0,1750.0,9563.0,27654.0,0.0,44249.0,44249.0,44249000.0,0,True,0.0,2.0,True,,,False,inventory_context_only_not_used_as_point_or_grid_model_evidence,SRC_IBM_NMI_2025,https://ibm.gov.in/IBMPortal/pages/national-mineral-inventory-at-a-glance-2025,https://ibm.gov.in/writereaddata/files/17848872906a6337fae632bChapter__5_Mineral_wise.pdf,491b70eccee4f1a63f9ae0fe25b1c2d7c40e8b7c714abab7e12a10e594020d67,pdfplumber_position_aware_columns_with_unfc_subtotal_validation
IBM-NMI2025-5-09-state-karnataka-metal-01,official_nmi_resource_inventory,5.09,10,2025-04-01,Copper,"[""Copper""]",state,Karnataka,Karnataka,Metal,contained_metal_or_compound,'000 Tonnes,1000.0,tonnes,0.0,0.0,0.0,0.0,0.0,0.0,15.28,22.0,83.24,142.88,0.0,263.4,263.4,263400.0,0,True,0.0,2.0,True,,,False,inventory_context_only_not_used_as_point_or_grid_model_evidence,SRC_IBM_NMI_2025,https://ibm.gov.in/IBMPortal/pages/national-mineral-inventory-at-a-glance-2025,https://ibm.gov.in/writereaddata/files/17848872906a6337fae632bChapter__5_Mineral_wise.pdf,491b70eccee4f1a63f9ae0fe25b1c2d7c40e8b7c714abab7e12a10e594020d67,pdfplumber_position_aware_columns_with_unfc_subtotal_validation
IBM-NMI2025-5-09-state-kerala-ore-01,official_nmi_resource_inventory,5.09,10,2025-04-01,Copper,"[""Copper""]",state,Kerala,Kerala,Ore,ore,'000 Tonnes,1000.0,tonnes,0.0,0.0,0.0,0.0,0.0,0.0,0.0,0.0,238.0,119.0,0.0,357.0,357.0,357000.0,0,True,0.0,2.0,True,,,False,inventory_context_only_not_used_as_point_or_grid_model_evidence,SRC_IBM_NMI_2025,https://ibm.gov.in/IBMPortal/pages/national-mineral-inventory-at-a-glance-2025,https://ibm.gov.in/writereaddata/files/17848872906a6337fae632bChapter__5_Mineral_wise.pdf,491b70eccee4f1a63f9ae0fe25b1c2d7c40e8b7c714abab7e12a10e594020d67,pdfplumber_position_aware_columns_with_unfc_subtotal_validation
IBM-NMI2025-5-09-state-kerala-metal-01,official_nmi_resource_inventory,5.09,11,2025-04-01,Copper,"[""Copper""]",state,Kerala,Kerala,Metal,contained_metal_or_compound,'000 Tonnes,1000.0,tonnes,0.0,0.0,0.0,0.0,0.0,0.0,0.0,0.0,0.33,0.41,0.0,0.74,0.74,740.0,0,True,0.0,2.0,True,,,False,inventory_context_only_not_used_as_point_or_grid_model_evidence,SRC_IBM_NMI_2025,https://ibm.gov.in/IBMPortal/pages/national-mineral-inventory-at-a-glance-2025,https://ibm.gov.in/writereaddata/files/17848872906a6337fae632bChapter__5_Mineral_wise.pdf,491b70eccee4f1a63f9ae0fe25b1c2d7c40e8b7c714abab7e12a10e594020d67,pdfplumber_position_aware_columns_with_unfc_subtotal_validation
IBM-NMI2025-5-09-state-madhya-pradesh-ore-01,official_nmi_resource_inventory,5.09,11,2025-04-01,Copper,"[""Copper""]",state,Madhya Pradesh,Madhya Pradesh,Ore,ore,'000 Tonnes,1000.0,tonnes,43347.0,44869.0,12422.0,100638.0,55487.0,76513.0,8824.0,1510.0,300.0,78527.0,360.0,221521.0,322159.0,322159000.0,0,True,0.0,6.443180000000001,True,,,False,inventory_context_only_not_used_as_point_or_grid_model_evidence,SRC_IBM_NMI_2025,https://ibm.gov.in/IBMPortal/pages/national-mineral-inventory-at-a-glance-2025,https://ibm.gov.in/writereaddata/files/17848872906a6337fae632bChapter__5_Mineral_wise.pdf,491b70eccee4f1a63f9ae0fe25b1c2d7c40e8b7c714abab7e12a10e594020d67,pdfplumber_position_aware_columns_with_unfc_subtotal_validation
IBM-NMI2025-5-09-state-madhya-pradesh-metal-01,official_nmi_resource_inventory,5.09,11,2025-04-01,Copper,"[""Copper""]",state,Madhya Pradesh,Madhya Pradesh,Metal,contained_metal_or_compound,'000 Tonnes,1000.0,tonnes,559.18,598.55,146.58,1304.31,743.53,234.13,27.35,11.33,9.78,845.28,1.33,1872.73,3177.04,3177040.0,0,True,0.0,2.0,True,,,False,inventory_context_only_not_used_as_point_or_grid_model_evidence,SRC_IBM_NMI_2025,https://ibm.gov.in/IBMPortal/pages/national-mineral-inventory-at-a-glance-2025,https://ibm.gov.in/writereaddata/files/17848872906a6337fae632bChapter__5_Mineral_wise.pdf,491b70eccee4f1a63f9ae0fe25b1c2d7c40e8b7c714abab7e12a10e594020d67,pdfplumber_position_aware_columns_with_unfc_subtotal_validation
IBM-NMI2025-5-09-state-maharashtra-ore-01,official_nmi_resource_inventory,5.09,11,2025-04-01,Copper,"[""Copper""]",state,Maharashtra,Maharashtra,Ore,ore,'000 Tonnes,1000.0,tonnes,0.0,0.0,0.0,0.0,0.0,0.0,0.0,0.0,1419.0,16120.0,569.0,18108.0,18108.0,18108000.0,0,True,0.0,2.0,True,,,False,inventory_context_only_not_used_as_point_or_grid_model_evidence,SRC_IBM_NMI_2025,https://ibm.gov.in/IBMPortal/pages/national-mineral-inventory-at-a-glance-2025,https://ibm.gov.in/writereaddata/files/17848872906a6337fae632bChapter__5_Mineral_wise.pdf,491b70eccee4f1a63f9ae0fe25b1c2d7c40e8b7c714abab7e12a10e594020d67,pdfplumber_position_aware_columns_with_unfc_subtotal_validation
IBM-NMI2025-5-09-state-maharashtra-metal-01,official_nmi_resource_inventory,5.09,11,2025-04-01,Copper,"[""Copper""]",state,Maharashtra,Maharashtra,Metal,contained_metal_or_compound,'000 Tonnes,1000.0,tonnes,0.0,0.0,0.0,0.0,0.0,0.0,0.0,0.0,21.3,137.08,3.53,161.91,161.91,161910.0,0,True,2.842170943040401e-14,2.0,True,,,False,inventory_context_only_not_used_as_point_or_grid_model_evidence,SRC_IBM_NMI_2025,https://ibm.gov.in/IBMPortal/pages/national-mineral-inventory-at-a-glance-2025,https://ibm.gov.in/writereaddata/files/17848872906a6337fae632bChapter__5_Mineral_wise.pdf,491b70eccee4f1a63f9ae0fe25b1c2d7c40e8b7c714abab7e12a10e594020d67,pdfplumber_position_aware_columns_with_unfc_subtotal_validation
IBM-NMI2025-5-09-state-meghalaya-ore-01,official_nmi_resource_inventory,5.09,11,2025-04-01,Copper,"[""Copper""]",state,Meghalaya,Meghalaya,Ore,ore,'000 Tonnes,1000.0,tonnes,0.0,0.0,0.0,0.0,0.0,0.0,0.0,0.0,880.0,0.0,0.0,880.0,880.0,880000.0,0,True,0.0,2.0,True,,,False,inventory_context_only_not_used_as_point_or_grid_model_evidence,SRC_IBM_NMI_2025,https://ibm.gov.in/IBMPortal/pages/national-mineral-inventory-at-a-glance-2025,https://ibm.gov.in/writereaddata/files/17848872906a6337fae632bChapter__5_Mineral_wise.pdf,491b70eccee4f1a63f9ae0fe25b1c2d7c40e8b7c714abab7e12a10e594020d67,pdfplumber_position_aware_columns_with_unfc_subtotal_validation
IBM-NMI2025-5-09-state-meghalaya-metal-01,official_nmi_resource_inventory,5.09,11,2025-04-01,Copper,"[""Copper""]",state,Meghalaya,Meghalaya,Metal,contained_metal_or_compound,'000 Tonnes,1000.0,tonnes,0.0,0.0,0.0,0.0,0.0,0.0,0.0,0.0,9.0,0.0,0.0,9.0,9.0,9000.0,0,True,0.0,2.0,True,,,False,inventory_context_only_not_used_as_point_or_grid_model_evidence,SRC_IBM_NMI_2025,https://ibm.gov.in/IBMPortal/pages/national-mineral-inventory-at-a-glance-2025,https://ibm.gov.in/writereaddata/files/17848872906a6337fae632bChapter__5_Mineral_wise.pdf,491b70eccee4f1a63f9ae0fe25b1c2d7c40e8b7c714abab7e12a10e594020d67,pdfplumber_position_aware_columns_with_unfc_subtotal_validation
IBM-NMI2025-5-09-state-nagaland-ore-01,official_nmi_resource_inventory,5.09,11,2025-04-01,Copper,"[""Copper""]",state,Nagaland,Nagaland,Ore,ore,'000 Tonnes,1000.0,tonnes,0.0,0.0,0.0,0.0,0.0,0.0,0.0,0.0,0.0,2000.0,0.0,2000.0,2000.0,2000000.0,0,True,0.0,2.0,True,,,False,inventory_context_only_not_used_as_point_or_grid_model_evidence,SRC_IBM_NMI_2025,https://ibm.gov.in/IBMPortal/pages/national-mineral-inventory-at-a-glance-2025,https://ibm.gov.in/writereaddata/files/17848872906a6337fae632bChapter__5_Mineral_wise.pdf,491b70eccee4f1a63f9ae0fe25b1c2d7c40e8b7c714abab7e12a10e594020d67,pdfplumber_position_aware_columns_with_unfc_subtotal_validation
IBM-NMI2025-5-09-state-nagaland-metal-01,official_nmi_resource_inventory,5.09,11,2025-04-01,Copper,"[""Copper""]",state,Nagaland,Nagaland,Metal,contained_metal_or_compound,'000 Tonnes,1000.0,tonnes,0.0,0.0,0.0,0.0,0.0,0.0,0.0,0.0,0.0,15.0,0.0,15.0,15.0,15000.0,0,True,0.0,2.0,True,,,False,inventory_context_only_not_used_as_point_or_grid_model_evidence,SRC_IBM_NMI_2025,https://ibm.gov.in/IBMPortal/pages/national-mineral-inventory-at-a-glance-2025,https://ibm.gov.in/writereaddata/files/17848872906a6337fae632bChapter__5_Mineral_wise.pdf,491b70eccee4f1a63f9ae0fe25b1c2d7c40e8b7c714abab7e12a10e594020d67,pdfplumber_position_aware_columns_with_unfc_subtotal_validation
IBM-NMI2025-5-09-state-odisha-ore-01,official_nmi_resource_inventory,5.09,11,2025-04-01,Copper,"[""Copper""]",state,Odisha,Odisha,Ore,ore,'000 Tonnes,1000.0,tonnes,0.0,0.0,0.0,0.0,0.0,0.0,0.0,1340.0,48236.0,8345.0,0.0,57921.0,57921.0,57921000.0,0,True,0.0,2.0,True,,,False,inventory_context_only_not_used_as_point_or_grid_model_evidence,SRC_IBM_NMI_2025,https://ibm.gov.in/IBMPortal/pages/national-mineral-inventory-at-a-glance-2025,https://ibm.gov.in/writereaddata/files/17848872906a6337fae632bChapter__5_Mineral_wise.pdf,491b70eccee4f1a63f9ae0fe25b1c2d7c40e8b7c714abab7e12a10e594020d67,pdfplumber_position_aware_columns_with_unfc_subtotal_validation
IBM-NMI2025-5-09-state-odisha-metal-01,official_nmi_resource_inventory,5.09,11,2025-04-01,Copper,"[""Copper""]",state,Odisha,Odisha,Metal,contained_metal_or_compound,'000 Tonnes,1000.0,tonnes,0.0,0.0,0.0,0.0,0.0,0.0,0.0,20.63,301.57,56.26,0.0,378.46,378.46,378460.0,0,True,0.0,2.0,True,,,False,inventory_context_only_not_used_as_point_or_grid_model_evidence,SRC_IBM_NMI_2025,https://ibm.gov.in/IBMPortal/pages/national-mineral-inventory-at-a-glance-2025,https://ibm.gov.in/writereaddata/files/17848872906a6337fae632bChapter__5_Mineral_wise.pdf,491b70eccee4f1a63f9ae0fe25b1c2d7c40e8b7c714abab7e12a10e594020d67,pdfplumber_position_aware_columns_with_unfc_subtotal_validation
IBM-NMI2025-5-09-state-rajasthan-ore-01,official_nmi_resource_inventory,5.09,11,2025-04-01,Copper,"[""Copper""]",state,Rajasthan,Rajasthan,Ore,ore,'000 Tonnes,1000.0,tonnes,17841.0,14480.0,4211.0,36532.0,13314.0,1148.0,18066.0,18968.0,224527.0,606513.0,6646.0,889182.0,925714.0,925714000.0,0,True,0.0,18.514280000000003,True,,,False,inventory_context_only_not_used_as_point_or_grid_model_evidence,SRC_IBM_NMI_2025,https://ibm.gov.in/IBMPortal/pages/national-mineral-inventory-at-a-glance-2025,https://ibm.gov.in/writereaddata/files/17848872906a6337fae632bChapter__5_Mineral_wise.pdf,491b70eccee4f1a63f9ae0fe25b1c2d7c40e8b7c714abab7e12a10e594020d67,pdfplumber_position_aware_columns_with_unfc_subtotal_validation
IBM-NMI2025-5-09-state-rajasthan-metal-01,official_nmi_resource_inventory,5.09,11,2025-04-01,Copper,"[""Copper""]",state,Rajasthan,Rajasthan,Metal,contained_metal_or_compound,'000 Tonnes,1000.0,tonnes,221.86,231.7,48.05,501.61,33.87,12.2,75.44,341.91,1499.48,2410.14,37.58,4410.62,4912.23,4912230.0,0,True,0.0,2.0,True,,,False,inventory_context_only_not_used_as_point_or_grid_model_evidence,SRC_IBM_NMI_2025,https://ibm.gov.in/IBMPortal/pages/national-mineral-inventory-at-a-glance-2025,https://ibm.gov.in/writereaddata/files/17848872906a6337fae632bChapter__5_Mineral_wise.pdf,491b70eccee4f1a63f9ae0fe25b1c2d7c40e8b7c714abab7e12a10e594020d67,pdfplumber_position_aware_columns_with_unfc_subtotal_validation
IBM-NMI2025-5-09-state-sikkim-ore-01,official_nmi_resource_inventory,5.09,11,2025-04-01,Copper,"[""Copper""]",state,Sikkim,Sikkim,Ore,ore,'000 Tonnes,1000.0,tonnes,0.0,0.0,0.0,0.0,0.0,445.0,63.0,300.0,0.0,150.0,0.0,958.0,958.0,958000.0,0,True,0.0,2.0,True,,,False,inventory_context_only_not_used_as_point_or_grid_model_evidence,SRC_IBM_NMI_2025,https://ibm.gov.in/IBMPortal/pages/national-mineral-inventory-at-a-glance-2025,https://ibm.gov.in/writereaddata/files/17848872906a6337fae632bChapter__5_Mineral_wise.pdf,491b70eccee4f1a63f9ae0fe25b1c2d7c40e8b7c714abab7e12a10e594020d67,pdfplumber_position_aware_columns_with_unfc_subtotal_validation
IBM-NMI2025-5-09-state-sikkim-metal-01,official_nmi_resource_inventory,5.09,11,2025-04-01,Copper,"[""Copper""]",state,Sikkim,Sikkim,Metal,contained_metal_or_compound,'000 Tonnes,1000.0,tonnes,0.0,0.0,0.0,0.0,0.0,7.86,0.91,8.47,0.0,4.23,0.0,21.47,21.47,21470.0,0,True,3.552713678800501e-15,2.0,True,,,False,inventory_context_only_not_used_as_point_or_grid_model_evidence,SRC_IBM_NMI_2025,https://ibm.gov.in/IBMPortal/pages/national-mineral-inventory-at-a-glance-2025,https://ibm.gov.in/writereaddata/files/17848872906a6337fae632bChapter__5_Mineral_wise.pdf,491b70eccee4f1a63f9ae0fe25b1c2d7c40e8b7c714abab7e12a10e594020d67,pdfplumber_position_aware_columns_with_unfc_subtotal_validation
IBM-NMI2025-5-09-state-tamil-nadu-ore-01,official_nmi_resource_inventory,5.09,11,2025-04-01,Copper,"[""Copper""]",state,Tamil Nadu,Tamil Nadu,Ore,ore,'000 Tonnes,1000.0,tonnes,0.0,0.0,0.0,0.0,0.0,0.0,0.0,200.0,590.0,0.0,0.0,790.0,790.0,790000.0,0,True,0.0,2.0,True,,,False,inventory_context_only_not_used_as_point_or_grid_model_evidence,SRC_IBM_NMI_2025,https://ibm.gov.in/IBMPortal/pages/national-mineral-inventory-at-a-glance-2025,https://ibm.gov.in/writereaddata/files/17848872906a6337fae632bChapter__5_Mineral_wise.pdf,491b70eccee4f1a63f9ae0fe25b1c2d7c40e8b7c714abab7e12a10e594020d67,pdfplumber_position_aware_columns_with_unfc_subtotal_validation
IBM-NMI2025-5-09-state-tamil-nadu-metal-01,official_nmi_resource_inventory,5.09,11,2025-04-01,Copper,"[""Copper""]",state,Tamil Nadu,Tamil Nadu,Metal,contained_metal_or_compound,'000 Tonnes,1000.0,tonnes,0.0,0.0,0.0,0.0,0.0,0.0,0.0,1.08,2.73,0.0,0.0,3.81,3.81,3810.0,0,True,0.0,2.0,True,,,False,inventory_context_only_not_used_as_point_or_grid_model_evidence,SRC_IBM_NMI_2025,https://ibm.gov.in/IBMPortal/pages/national-mineral-inventory-at-a-glance-2025,https://ibm.gov.in/writereaddata/files/17848872906a6337fae632bChapter__5_Mineral_wise.pdf,491b70eccee4f1a63f9ae0fe25b1c2d7c40e8b7c714abab7e12a10e594020d67,pdfplumber_position_aware_columns_with_unfc_subtotal_validation
IBM-NMI2025-5-09-state-telangana-ore-01,official_nmi_resource_inventory,5.09,11,2025-04-01,Copper,"[""Copper""]",state,Telangana,Telangana,Ore,ore,'000 Tonnes,1000.0,tonnes,0.0,0.0,0.0,0.0,0.0,666.0,0.0,0.0,0.0,0.0,64.0,730.0,730.0,730000.0,0,True,0.0,2.0,True,,,False,inventory_context_only_not_used_as_point_or_grid_model_evidence,SRC_IBM_NMI_2025,https://ibm.gov.in/IBMPortal/pages/national-mineral-inventory-at-a-glance-2025,https://ibm.gov.in/writereaddata/files/17848872906a6337fae632bChapter__5_Mineral_wise.pdf,491b70eccee4f1a63f9ae0fe25b1c2d7c40e8b7c714abab7e12a10e594020d67,pdfplumber_position_aware_columns_with_unfc_subtotal_validation
IBM-NMI2025-5-09-state-telangana-metal-01,official_nmi_resource_inventory,5.09,11,2025-04-01,Copper,"[""Copper""]",state,Telangana,Telangana,Metal,contained_metal_or_compound,'000 Tonnes,1000.0,tonnes,0.0,0.0,0.0,0.0,0.0,9.12,0.0,0.0,0.0,0.0,0.14,9.26,9.26,9260.0,0,True,0.0,2.0,True,,,False,inventory_context_only_not_used_as_point_or_grid_model_evidence,SRC_IBM_NMI_2025,https://ibm.gov.in/IBMPortal/pages/national-mineral-inventory-at-a-glance-2025,https://ibm.gov.in/writereaddata/files/17848872906a6337fae632bChapter__5_Mineral_wise.pdf,491b70eccee4f1a63f9ae0fe25b1c2d7c40e8b7c714abab7e12a10e594020d67,pdfplumber_position_aware_columns_with_unfc_subtotal_validation
IBM-NMI2025-5-09-state-uttarakhand-ore-01,official_nmi_resource_inventory,5.09,11,2025-04-01,Copper,"[""Copper""]",state,Uttarakhand,Uttarakhand,Ore,ore,'000 Tonnes,1000.0,tonnes,0.0,0.0,0.0,0.0,0.0,0.0,0.0,3170.0,390.0,660.0,0.0,4220.0,4220.0,4220000.0,0,True,0.0,2.0,True,,,False,inventory_context_only_not_used_as_point_or_grid_model_evidence,SRC_IBM_NMI_2025,https://ibm.gov.in/IBMPortal/pages/national-mineral-inventory-at-a-glance-2025,https://ibm.gov.in/writereaddata/files/17848872906a6337fae632bChapter__5_Mineral_wise.pdf,491b70eccee4f1a63f9ae0fe25b1c2d7c40e8b7c714abab7e12a10e594020d67,pdfplumber_position_aware_columns_with_unfc_subtotal_validation
IBM-NMI2025-5-09-state-uttarakhand-metal-01,official_nmi_resource_inventory,5.09,11,2025-04-01,Copper,"[""Copper""]",state,Uttarakhand,Uttarakhand,Metal,contained_metal_or_compound,'000 Tonnes,1000.0,tonnes,0.0,0.0,0.0,0.0,0.0,0.0,0.0,53.45,1.44,5.15,0.0,60.04,60.04,60040.0,0,True,7.105427357601002e-15,2.0,True,,,False,inventory_context_only_not_used_as_point_or_grid_model_evidence,SRC_IBM_NMI_2025,https://ibm.gov.in/IBMPortal/pages/national-mineral-inventory-at-a-glance-2025,https://ibm.gov.in/writereaddata/files/17848872906a6337fae632bChapter__5_Mineral_wise.pdf,491b70eccee4f1a63f9ae0fe25b1c2d7c40e8b7c714abab7e12a10e594020d67,pdfplumber_position_aware_columns_with_unfc_subtotal_validation
IBM-NMI2025-5-09-state-west-bengal-ore-01,official_nmi_resource_inventory,5.09,11,2025-04-01,Copper,"[""Copper""]",state,West Bengal,West bengal,Ore,ore,'000 Tonnes,1000.0,tonnes,0.0,0.0,0.0,0.0,0.0,0.0,0.0,0.0,113.0,0.0,0.0,113.0,113.0,113000.0,0,True,0.0,2.0,True,,,False,inventory_context_only_not_used_as_point_or_grid_model_evidence,SRC_IBM_NMI_2025,https://ibm.gov.in/IBMPortal/pages/national-mineral-inventory-at-a-glance-2025,https://ibm.gov.in/writereaddata/files/17848872906a6337fae632bChapter__5_Mineral_wise.pdf,491b70eccee4f1a63f9ae0fe25b1c2d7c40e8b7c714abab7e12a10e594020d67,pdfplumber_position_aware_columns_with_unfc_subtotal_validation
IBM-NMI2025-5-09-state-west-bengal-metal-01,official_nmi_resource_inventory,5.09,11,2025-04-01,Copper,"[""Copper""]",state,West Bengal,West bengal,Metal,contained_metal_or_compound,'000 Tonnes,1000.0,tonnes,0.0,0.0,0.0,0.0,0.0,0.0,0.0,0.0,2.09,0.0,0.0,2.09,2.09,2090.0,0,True,0.0,2.0,True,,,False,inventory_context_only_not_used_as_point_or_grid_model_evidence,SRC_IBM_NMI_2025,https://ibm.gov.in/IBMPortal/pages/national-mineral-inventory-at-a-glance-2025,https://ibm.gov.in/writereaddata/files/17848872906a6337fae632bChapter__5_Mineral_wise.pdf,491b70eccee4f1a63f9ae0fe25b1c2d7c40e8b7c714abab7e12a10e594020d67,pdfplumber_position_aware_columns_with_unfc_subtotal_validation
IBM-NMI2025-5-10-national-total-all-india-total-01,official_nmi_resource_inventory,5.10,12,2025-04-01,Diamond,[],national_total,,All India,Total,bulk_mineral_or_source_grade,Carats,1.0,carats,839800.0,159.0,0.0,839959.0,0.0,226100.0,0.0,534858.0,1524317.0,29047514.0,104118.0,31436907.0,32276866.0,32276866.0,0,True,0.0,645.53732,True,,,False,inventory_context_only_not_used_as_point_or_grid_model_evidence,SRC_IBM_NMI_2025,https://ibm.gov.in/IBMPortal/pages/national-mineral-inventory-at-a-glance-2025,https://ibm.gov.in/writereaddata/files/17848872906a6337fae632bChapter__5_Mineral_wise.pdf,491b70eccee4f1a63f9ae0fe25b1c2d7c40e8b7c714abab7e12a10e594020d67,pdfplumber_position_aware_columns_with_unfc_subtotal_validation
IBM-NMI2025-5-10-grade-all-india-gem-01,official_nmi_resource_inventory,5.10,12,2025-04-01,Diamond,[],grade,,All India,Gem,bulk_mineral_or_source_grade,Carats,1.0,carats,260338.0,0.0,0.0,260338.0,0.0,0.0,0.0,158819.0,1017.0,596929.0,0.0,756765.0,1017103.0,1017103.0,0,True,0.0,20.34206,True,,,False,inventory_context_only_not_used_as_point_or_grid_model_evidence,SRC_IBM_NMI_2025,https://ibm.gov.in/IBMPortal/pages/national-mineral-inventory-at-a-glance-2025,https://ibm.gov.in/writereaddata/files/17848872906a6337fae632bChapter__5_Mineral_wise.pdf,491b70eccee4f1a63f9ae0fe25b1c2d7c40e8b7c714abab7e12a10e594020d67,pdfplumber_position_aware_columns_with_unfc_subtotal_validation
IBM-NMI2025-5-10-grade-all-india-industrial-01,official_nmi_resource_inventory,5.10,12,2025-04-01,Diamond,[],grade,,All India,Industrial,bulk_mineral_or_source_grade,Carats,1.0,carats,260338.0,0.0,0.0,260338.0,0.0,0.0,0.0,35939.0,223.0,798936.0,0.0,835098.0,1095436.0,1095436.0,0,True,0.0,21.908720000000002,True,,,False,inventory_context_only_not_used_as_point_or_grid_model_evidence,SRC_IBM_NMI_2025,https://ibm.gov.in/IBMPortal/pages/national-mineral-inventory-at-a-glance-2025,https://ibm.gov.in/writereaddata/files/17848872906a6337fae632bChapter__5_Mineral_wise.pdf,491b70eccee4f1a63f9ae0fe25b1c2d7c40e8b7c714abab7e12a10e594020d67,pdfplumber_position_aware_columns_with_unfc_subtotal_validation
IBM-NMI2025-5-10-grade-all-india-unclassified-01,official_nmi_resource_inventory,5.10,12,2025-04-01,Diamond,[],grade,,All India,Unclassified,bulk_mineral_or_source_grade,Carats,1.0,carats,319124.0,159.0,0.0,319283.0,0.0,226100.0,0.0,340100.0,1523077.0,27651649.0,104118.0,29845044.0,30164327.0,30164327.0,0,True,0.0,603.2865400000001,True,,,False,inventory_context_only_not_used_as_point_or_grid_model_evidence,SRC_IBM_NMI_2025,https://ibm.gov.in/IBMPortal/pages/national-mineral-inventory-at-a-glance-2025,https://ibm.gov.in/writereaddata/files/17848872906a6337fae632bChapter__5_Mineral_wise.pdf,491b70eccee4f1a63f9ae0fe25b1c2d7c40e8b7c714abab7e12a10e594020d67,pdfplumber_position_aware_columns_with_unfc_subtotal_validation
IBM-NMI2025-5-10-state-andhra-pradesh-total-01,official_nmi_resource_inventory,5.10,12,2025-04-01,Diamond,[],state,Andhra Pradesh,Andhra Pradesh,Total,bulk_mineral_or_source_grade,Carats,1.0,carats,0.0,0.0,0.0,0.0,0.0,0.0,0.0,194758.0,1524317.0,98155.0,0.0,1817230.0,1817230.0,1817230.0,0,True,0.0,36.3446,True,,,False,inventory_context_only_not_used_as_point_or_grid_model_evidence,SRC_IBM_NMI_2025,https://ibm.gov.in/IBMPortal/pages/national-mineral-inventory-at-a-glance-2025,https://ibm.gov.in/writereaddata/files/17848872906a6337fae632bChapter__5_Mineral_wise.pdf,491b70eccee4f1a63f9ae0fe25b1c2d7c40e8b7c714abab7e12a10e594020d67,pdfplumber_position_aware_columns_with_unfc_subtotal_validation
IBM-NMI2025-5-10-state-chhattisgarh-total-01,official_nmi_resource_inventory,5.10,12,2025-04-01,Diamond,[],state,Chhattisgarh,Chhattisgarh,Total,bulk_mineral_or_source_grade,Carats,1.0,carats,0.0,0.0,0.0,0.0,0.0,0.0,0.0,0.0,0.0,1304000.0,0.0,1304000.0,1304000.0,1304000.0,0,True,0.0,26.080000000000002,True,,,False,inventory_context_only_not_used_as_point_or_grid_model_evidence,SRC_IBM_NMI_2025,https://ibm.gov.in/IBMPortal/pages/national-mineral-inventory-at-a-glance-2025,https://ibm.gov.in/writereaddata/files/17848872906a6337fae632bChapter__5_Mineral_wise.pdf,491b70eccee4f1a63f9ae0fe25b1c2d7c40e8b7c714abab7e12a10e594020d67,pdfplumber_position_aware_columns_with_unfc_subtotal_validation
IBM-NMI2025-5-10-state-madhya-pradesh-total-01,official_nmi_resource_inventory,5.10,12,2025-04-01,Diamond,[],state,Madhya Pradesh,Madhya Pradesh,Total,bulk_mineral_or_source_grade,Carats,1.0,carats,839800.0,159.0,0.0,839959.0,0.0,226100.0,0.0,340100.0,0.0,27645359.0,104118.0,28315677.0,29155636.0,29155636.0,0,True,0.0,583.1127200000001,True,,,False,inventory_context_only_not_used_as_point_or_grid_model_evidence,SRC_IBM_NMI_2025,https://ibm.gov.in/IBMPortal/pages/national-mineral-inventory-at-a-glance-2025,https://ibm.gov.in/writereaddata/files/17848872906a6337fae632bChapter__5_Mineral_wise.pdf,491b70eccee4f1a63f9ae0fe25b1c2d7c40e8b7c714abab7e12a10e594020d67,pdfplumber_position_aware_columns_with_unfc_subtotal_validation
IBM-NMI2025-5-11-national-total-all-india-total-01,official_nmi_resource_inventory,5.11,14,2025-04-01,Diatomite,[],national_total,,All India,Total,bulk_mineral_or_source_grade,'000 Tonnes,1000.0,tonnes,0.0,0.0,0.0,0.0,634.0,0.0,0.0,0.0,0.0,2251.0,0.0,2885.0,2885.0,2885000.0,0,True,0.0,2.0,True,,,False,inventory_context_only_not_used_as_point_or_grid_model_evidence,SRC_IBM_NMI_2025,https://ibm.gov.in/IBMPortal/pages/national-mineral-inventory-at-a-glance-2025,https://ibm.gov.in/writereaddata/files/17848872906a6337fae632bChapter__5_Mineral_wise.pdf,491b70eccee4f1a63f9ae0fe25b1c2d7c40e8b7c714abab7e12a10e594020d67,pdfplumber_position_aware_columns_with_unfc_subtotal_validation
IBM-NMI2025-5-11-grade-all-india-unclassified-01,official_nmi_resource_inventory,5.11,14,2025-04-01,Diatomite,[],grade,,All India,Unclassified,bulk_mineral_or_source_grade,'000 Tonnes,1000.0,tonnes,0.0,0.0,0.0,0.0,634.0,0.0,0.0,0.0,0.0,2251.0,0.0,2885.0,2885.0,2885000.0,1,True,0.0,2.0,True,,,False,inventory_context_only_not_used_as_point_or_grid_model_evidence,SRC_IBM_NMI_2025,https://ibm.gov.in/IBMPortal/pages/national-mineral-inventory-at-a-glance-2025,https://ibm.gov.in/writereaddata/files/17848872906a6337fae632bChapter__5_Mineral_wise.pdf,491b70eccee4f1a63f9ae0fe25b1c2d7c40e8b7c714abab7e12a10e594020d67,pdfplumber_position_aware_columns_with_unfc_subtotal_validation
IBM-NMI2025-5-11-state-gujarat-total-01,official_nmi_resource_inventory,5.11,14,2025-04-01,Diatomite,[],state,Gujarat,Gujarat,Total,bulk_mineral_or_source_grade,'000 Tonnes,1000.0,tonnes,0.0,0.0,0.0,0.0,0.0,0.0,0.0,0.0,0.0,811.0,0.0,811.0,811.0,811000.0,0,True,0.0,2.0,True,,,False,inventory_context_only_not_used_as_point_or_grid_model_evidence,SRC_IBM_NMI_2025,https://ibm.gov.in/IBMPortal/pages/national-mineral-inventory-at-a-glance-2025,https://ibm.gov.in/writereaddata/files/17848872906a6337fae632bChapter__5_Mineral_wise.pdf,491b70eccee4f1a63f9ae0fe25b1c2d7c40e8b7c714abab7e12a10e594020d67,pdfplumber_position_aware_columns_with_unfc_subtotal_validation
IBM-NMI2025-5-11-state-rajasthan-total-01,official_nmi_resource_inventory,5.11,14,2025-04-01,Diatomite,[],state,Rajasthan,Rajasthan,Total,bulk_mineral_or_source_grade,'000 Tonnes,1000.0,tonnes,0.0,0.0,0.0,0.0,634.0,0.0,0.0,0.0,0.0,1440.0,0.0,2074.0,2074.0,2074000.0,0,True,0.0,2.0,True,,,False,inventory_context_only_not_used_as_point_or_grid_model_evidence,SRC_IBM_NMI_2025,https://ibm.gov.in/IBMPortal/pages/national-mineral-inventory-at-a-glance-2025,https://ibm.gov.in/writereaddata/files/17848872906a6337fae632bChapter__5_Mineral_wise.pdf,491b70eccee4f1a63f9ae0fe25b1c2d7c40e8b7c714abab7e12a10e594020d67,pdfplumber_position_aware_columns_with_unfc_subtotal_validation
IBM-NMI2025-5-12-national-total-all-india-total-01,official_nmi_resource_inventory,5.12,15,2025-04-01,Emerald,[],national_total,,All India,Total,bulk_mineral_or_source_grade,Kilogram,1.0,kilograms,0.0,0.0,0.0,0.0,0.0,0.0,0.0,0.0,0.0,0.0,55869.0,55869.0,55869.0,55869.0,0,True,0.0,2.0,True,,,False,inventory_context_only_not_used_as_point_or_grid_model_evidence,SRC_IBM_NMI_2025,https://ibm.gov.in/IBMPortal/pages/national-mineral-inventory-at-a-glance-2025,https://ibm.gov.in/writereaddata/files/17848872906a6337fae632bChapter__5_Mineral_wise.pdf,491b70eccee4f1a63f9ae0fe25b1c2d7c40e8b7c714abab7e12a10e594020d67,pdfplumber_position_aware_columns_with_unfc_subtotal_validation
IBM-NMI2025-5-12-grade-all-india-unclassified-01,official_nmi_resource_inventory,5.12,15,2025-04-01,Emerald,[],grade,,All India,Unclassified,bulk_mineral_or_source_grade,Kilogram,1.0,kilograms,0.0,0.0,0.0,0.0,0.0,0.0,0.0,0.0,0.0,0.0,55869.0,55869.0,55869.0,55869.0,0,True,0.0,2.0,True,,,False,inventory_context_only_not_used_as_point_or_grid_model_evidence,SRC_IBM_NMI_2025,https://ibm.gov.in/IBMPortal/pages/national-mineral-inventory-at-a-glance-2025,https://ibm.gov.in/writereaddata/files/17848872906a6337fae632bChapter__5_Mineral_wise.pdf,491b70eccee4f1a63f9ae0fe25b1c2d7c40e8b7c714abab7e12a10e594020d67,pdfplumber_position_aware_columns_with_unfc_subtotal_validation
IBM-NMI2025-5-12-state-jharkhand-total-01,official_nmi_resource_inventory,5.12,15,2025-04-01,Emerald,[],state,Jharkhand,Jharkhand,Total,bulk_mineral_or_source_grade,Kilogram,1.0,kilograms,0.0,0.0,0.0,0.0,0.0,0.0,0.0,0.0,0.0,0.0,55869.0,55869.0,55869.0,55869.0,0,True,0.0,2.0,True,,,False,inventory_context_only_not_used_as_point_or_grid_model_evidence,SRC_IBM_NMI_2025,https://ibm.gov.in/IBMPortal/pages/national-mineral-inventory-at-a-glance-2025,https://ibm.gov.in/writereaddata/files/17848872906a6337fae632bChapter__5_Mineral_wise.pdf,491b70eccee4f1a63f9ae0fe25b1c2d7c40e8b7c714abab7e12a10e594020d67,pdfplumber_position_aware_columns_with_unfc_subtotal_validation
IBM-NMI2025-5-13-national-total-all-india-total-01,official_nmi_resource_inventory,5.13,16,2025-04-01,Fluorite,"[""Fluorine""]",national_total,,All India,Total,bulk_mineral_or_source_grade,Tonne,1.0,tonnes,4392660.0,0.0,1218315.0,5610975.0,908105.0,1802159.0,1229899.0,1727945.0,6239589.0,1499162.0,145183.0,13552042.0,19163017.0,19163017.0,0,True,0.0,383.26034000000004,True,,,False,inventory_context_only_not_used_as_point_or_grid_model_evidence,SRC_IBM_NMI_2025,https://ibm.gov.in/IBMPortal/pages/national-mineral-inventory-at-a-glance-2025,https://ibm.gov.in/writereaddata/files/17848872906a6337fae632bChapter__5_Mineral_wise.pdf,491b70eccee4f1a63f9ae0fe25b1c2d7c40e8b7c714abab7e12a10e594020d67,pdfplumber_position_aware_columns_with_unfc_subtotal_validation
IBM-NMI2025-5-13-grade-all-india-low-01,official_nmi_resource_inventory,5.13,16,2025-04-01,Fluorite,"[""Fluorine""]",grade,,All India,Low,bulk_mineral_or_source_grade,Tonne,1.0,tonnes,1609133.0,0.0,477245.0,2086378.0,185737.0,3790.0,450841.0,1710348.0,445660.0,1000003.0,0.0,3796379.0,5882756.0,5882756.0,0,True,1.0,117.65512000000001,True,,,False,inventory_context_only_not_used_as_point_or_grid_model_evidence,SRC_IBM_NMI_2025,https://ibm.gov.in/IBMPortal/pages/national-mineral-inventory-at-a-glance-2025,https://ibm.gov.in/writereaddata/files/17848872906a6337fae632bChapter__5_Mineral_wise.pdf,491b70eccee4f1a63f9ae0fe25b1c2d7c40e8b7c714abab7e12a10e594020d67,pdfplumber_position_aware_columns_with_unfc_subtotal_validation
IBM-NMI2025-5-13-grade-all-india-marketable-01,official_nmi_resource_inventory,5.13,16,2025-04-01,Fluorite,"[""Fluorine""]",grade,,All India,Marketable,bulk_mineral_or_source_grade,Tonne,1.0,tonnes,2783528.0,0.0,741070.0,3524597.0,695220.0,1616305.0,623538.0,14112.0,5778178.0,453923.0,145183.0,9326459.0,12851056.0,12851056.0,0,True,1.0,257.02112,True,,,False,inventory_context_only_not_used_as_point_or_grid_model_evidence,SRC_IBM_NMI_2025,https://ibm.gov.in/IBMPortal/pages/national-mineral-inventory-at-a-glance-2025,https://ibm.gov.in/writereaddata/files/17848872906a6337fae632bChapter__5_Mineral_wise.pdf,491b70eccee4f1a63f9ae0fe25b1c2d7c40e8b7c714abab7e12a10e594020d67,pdfplumber_position_aware_columns_with_unfc_subtotal_validation
IBM-NMI2025-5-13-grade-all-india-unclassified-01,official_nmi_resource_inventory,5.13,16,2025-04-01,Fluorite,"[""Fluorine""]",grade,,All India,Unclassified,bulk_mineral_or_source_grade,Tonne,1.0,tonnes,0.0,0.0,0.0,0.0,0.0,155520.0,155520.0,3485.0,15751.0,25000.0,0.0,355276.0,355276.0,355276.0,0,True,0.0,7.10552,True,,,False,inventory_context_only_not_used_as_point_or_grid_model_evidence,SRC_IBM_NMI_2025,https://ibm.gov.in/IBMPortal/pages/national-mineral-inventory-at-a-glance-2025,https://ibm.gov.in/writereaddata/files/17848872906a6337fae632bChapter__5_Mineral_wise.pdf,491b70eccee4f1a63f9ae0fe25b1c2d7c40e8b7c714abab7e12a10e594020d67,pdfplumber_position_aware_columns_with_unfc_subtotal_validation
IBM-NMI2025-5-13-grade-all-india-not-known-01,official_nmi_resource_inventory,5.13,16,2025-04-01,Fluorite,"[""Fluorine""]",grade,,All India,Not Known,bulk_mineral_or_source_grade,Tonne,1.0,tonnes,0.0,0.0,0.0,0.0,27149.0,26544.0,0.0,0.0,0.0,20236.0,0.0,73929.0,73929.0,73929.0,0,True,0.0,2.0,True,,,False,inventory_context_only_not_used_as_point_or_grid_model_evidence,SRC_IBM_NMI_2025,https://ibm.gov.in/IBMPortal/pages/national-mineral-inventory-at-a-glance-2025,https://ibm.gov.in/writereaddata/files/17848872906a6337fae632bChapter__5_Mineral_wise.pdf,491b70eccee4f1a63f9ae0fe25b1c2d7c40e8b7c714abab7e12a10e594020d67,pdfplumber_position_aware_columns_with_unfc_subtotal_validation
IBM-NMI2025-5-13-state-chhattisgarh-total-01,official_nmi_resource_inventory,5.13,16,2025-04-01,Fluorite,"[""Fluorine""]",state,Chhattisgarh,Chhattisgarh,Total,bulk_mineral_or_source_grade,Tonne,1.0,tonnes,0.0,0.0,0.0,0.0,65889.0,153132.0,9288.0,185485.0,5573.0,126088.0,0.0,545455.0,545455.0,545455.0,0,True,0.0,10.9091,True,,,False,inventory_context_only_not_used_as_point_or_grid_model_evidence,SRC_IBM_NMI_2025,https://ibm.gov.in/IBMPortal/pages/national-mineral-inventory-at-a-glance-2025,https://ibm.gov.in/writereaddata/files/17848872906a6337fae632bChapter__5_Mineral_wise.pdf,491b70eccee4f1a63f9ae0fe25b1c2d7c40e8b7c714abab7e12a10e594020d67,pdfplumber_position_aware_columns_with_unfc_subtotal_validation
IBM-NMI2025-5-13-state-gujarat-total-01,official_nmi_resource_inventory,5.13,16,2025-04-01,Fluorite,"[""Fluorine""]",state,Gujarat,Gujarat,Total,bulk_mineral_or_source_grade,Tonne,1.0,tonnes,2521147.0,0.0,732830.0,3253977.0,0.0,1030225.0,236785.0,0.0,5723360.0,42810.0,0.0,7033180.0,10287157.0,10287157.0,0,True,0.0,205.74314,True,,,False,inventory_context_only_not_used_as_point_or_grid_model_evidence,SRC_IBM_NMI_2025,https://ibm.gov.in/IBMPortal/pages/national-mineral-inventory-at-a-glance-2025,https://ibm.gov.in/writereaddata/files/17848872906a6337fae632bChapter__5_Mineral_wise.pdf,491b70eccee4f1a63f9ae0fe25b1c2d7c40e8b7c714abab7e12a10e594020d67,pdfplumber_position_aware_columns_with_unfc_subtotal_validation
IBM-NMI2025-5-13-state-maharashtra-total-01,official_nmi_resource_inventory,5.13,16,2025-04-01,Fluorite,"[""Fluorine""]",state,Maharashtra,Maharashtra,Total,bulk_mineral_or_source_grade,Tonne,1.0,tonnes,262381.0,0.0,0.0,262381.0,11813.0,0.0,0.0,0.0,0.0,0.0,0.0,11813.0,274193.0,274193.0,0,True,1.0,5.483860000000001,True,,,False,inventory_context_only_not_used_as_point_or_grid_model_evidence,SRC_IBM_NMI_2025,https://ibm.gov.in/IBMPortal/pages/national-mineral-inventory-at-a-glance-2025,https://ibm.gov.in/writereaddata/files/17848872906a6337fae632bChapter__5_Mineral_wise.pdf,491b70eccee4f1a63f9ae0fe25b1c2d7c40e8b7c714abab7e12a10e594020d67,pdfplumber_position_aware_columns_with_unfc_subtotal_validation
IBM-NMI2025-5-13-state-rajasthan-total-01,official_nmi_resource_inventory,5.13,16,2025-04-01,Fluorite,"[""Fluorine""]",state,Rajasthan,Rajasthan,Total,bulk_mineral_or_source_grade,Tonne,1.0,tonnes,1609133.0,0.0,485485.0,2094617.0,830404.0,618802.0,983826.0,1542460.0,510656.0,1330264.0,145183.0,5961594.0,8056212.0,8056212.0,0,True,1.0,161.12424000000001,True,,,False,inventory_context_only_not_used_as_point_or_grid_model_evidence,SRC_IBM_NMI_2025,https://ibm.gov.in/IBMPortal/pages/national-mineral-inventory-at-a-glance-2025,https://ibm.gov.in/writereaddata/files/17848872906a6337fae632bChapter__5_Mineral_wise.pdf,491b70eccee4f1a63f9ae0fe25b1c2d7c40e8b7c714abab7e12a10e594020d67,pdfplumber_position_aware_columns_with_unfc_subtotal_validation
IBM-NMI2025-5-14-national-total-all-india-total-01,official_nmi_resource_inventory,5.14,17,2025-04-01,Garnet,[],national_total,,All India,Total,bulk_mineral_or_source_grade,Tonne,1.0,tonnes,9356315.0,86749.0,620746.0,10063810.0,1961527.0,1975389.8,4733035.0,364380.0,15201953.0,32240832.1,631226.0,57108343.5,67172154.0,67172154.0,0,True,0.6000000014901161,1343.44308,True,,,False,inventory_context_only_not_used_as_point_or_grid_model_evidence,SRC_IBM_NMI_2025,https://ibm.gov.in/IBMPortal/pages/national-mineral-inventory-at-a-glance-2025,https://ibm.gov.in/writereaddata/files/17848872906a6337fae632bChapter__5_Mineral_wise.pdf,491b70eccee4f1a63f9ae0fe25b1c2d7c40e8b7c714abab7e12a10e594020d67,pdfplumber_position_aware_columns_with_unfc_subtotal_validation
IBM-NMI2025-5-14-grade-all-india-gem-01,official_nmi_resource_inventory,5.14,17,2025-04-01,Garnet,[],grade,,All India,Gem,bulk_mineral_or_source_grade,Tonne,1.0,tonnes,0.0,0.0,1.0,1.0,2.0,370.0,23918.0,0.0,0.0,110.0,0.0,24400.0,24401.0,24401.0,0,True,0.0,2.0,True,,,False,inventory_context_only_not_used_as_point_or_grid_model_evidence,SRC_IBM_NMI_2025,https://ibm.gov.in/IBMPortal/pages/national-mineral-inventory-at-a-glance-2025,https://ibm.gov.in/writereaddata/files/17848872906a6337fae632bChapter__5_Mineral_wise.pdf,491b70eccee4f1a63f9ae0fe25b1c2d7c40e8b7c714abab7e12a10e594020d67,pdfplumber_position_aware_columns_with_unfc_subtotal_validation
IBM-NMI2025-5-14-grade-all-india-semi-precious-01,official_nmi_resource_inventory,5.14,17,2025-04-01,Garnet,[],grade,,All India,Semi-precious,bulk_mineral_or_source_grade,Tonne,1.0,tonnes,612.0,0.0,26.0,637.0,2093.0,132.0,1630.0,39.0,1249.0,2688.0,0.0,7831.0,8468.0,8468.0,0,True,1.0,2.0,True,,,False,inventory_context_only_not_used_as_point_or_grid_model_evidence,SRC_IBM_NMI_2025,https://ibm.gov.in/IBMPortal/pages/national-mineral-inventory-at-a-glance-2025,https://ibm.gov.in/writereaddata/files/17848872906a6337fae632bChapter__5_Mineral_wise.pdf,491b70eccee4f1a63f9ae0fe25b1c2d7c40e8b7c714abab7e12a10e594020d67,pdfplumber_position_aware_columns_with_unfc_subtotal_validation
IBM-NMI2025-5-14-grade-all-india-abrasive-01,official_nmi_resource_inventory,5.14,17,2025-04-01,Garnet,[],grade,,All India,Abrasive,bulk_mineral_or_source_grade,Tonne,1.0,tonnes,9353013.0,52798.0,620720.0,10026531.0,1837541.0,1876007.0,4679342.0,348261.0,4990954.0,7688854.0,629223.0,22050183.0,32076713.0,32076713.0,0,True,1.0,641.53426,True,,,False,inventory_context_only_not_used_as_point_or_grid_model_evidence,SRC_IBM_NMI_2025,https://ibm.gov.in/IBMPortal/pages/national-mineral-inventory-at-a-glance-2025,https://ibm.gov.in/writereaddata/files/17848872906a6337fae632bChapter__5_Mineral_wise.pdf,491b70eccee4f1a63f9ae0fe25b1c2d7c40e8b7c714abab7e12a10e594020d67,pdfplumber_position_aware_columns_with_unfc_subtotal_validation
IBM-NMI2025-5-14-grade-all-india-unclassified-01,official_nmi_resource_inventory,5.14,17,2025-04-01,Garnet,[],grade,,All India,Unclassified,bulk_mineral_or_source_grade,Tonne,1.0,tonnes,2691.0,33951.0,0.0,36641.0,85485.0,61239.0,394.0,16080.0,10208995.0,23951287.0,2002.0,34325482.0,34362124.0,34362124.0,0,True,1.0,687.24248,True,,,False,inventory_context_only_not_used_as_point_or_grid_model_evidence,SRC_IBM_NMI_2025,https://ibm.gov.in/IBMPortal/pages/national-mineral-inventory-at-a-glance-2025,https://ibm.gov.in/writereaddata/files/17848872906a6337fae632bChapter__5_Mineral_wise.pdf,491b70eccee4f1a63f9ae0fe25b1c2d7c40e8b7c714abab7e12a10e594020d67,pdfplumber_position_aware_columns_with_unfc_subtotal_validation
IBM-NMI2025-5-14-grade-all-india-not-known-01,official_nmi_resource_inventory,5.14,17,2025-04-01,Garnet,[],grade,,All India,Not Known,bulk_mineral_or_source_grade,Tonne,1.0,tonnes,0.0,0.0,0.0,0.0,27355.0,1284.0,27750.0,0.0,756.0,382321.0,0.0,439466.0,439466.0,439466.0,0,True,0.0,8.78932,True,,,False,inventory_context_only_not_used_as_point_or_grid_model_evidence,SRC_IBM_NMI_2025,https://ibm.gov.in/IBMPortal/pages/national-mineral-inventory-at-a-glance-2025,https://ibm.gov.in/writereaddata/files/17848872906a6337fae632bChapter__5_Mineral_wise.pdf,491b70eccee4f1a63f9ae0fe25b1c2d7c40e8b7c714abab7e12a10e594020d67,pdfplumber_position_aware_columns_with_unfc_subtotal_validation
IBM-NMI2025-5-14-grade-all-india-others-01,official_nmi_resource_inventory,5.14,17,2025-04-01,Garnet,[],grade,,All India,Others,bulk_mineral_or_source_grade,Tonne,1.0,tonnes,0.0,0.0,0.0,0.0,9051.0,36358.0,0.0,0.0,0.0,215573.0,0.0,260982.0,260982.0,260982.0,0,True,0.0,5.21964,True,,,False,inventory_context_only_not_used_as_point_or_grid_model_evidence,SRC_IBM_NMI_2025,https://ibm.gov.in/IBMPortal/pages/national-mineral-inventory-at-a-glance-2025,https://ibm.gov.in/writereaddata/files/17848872906a6337fae632bChapter__5_Mineral_wise.pdf,491b70eccee4f1a63f9ae0fe25b1c2d7c40e8b7c714abab7e12a10e594020d67,pdfplumber_position_aware_columns_with_unfc_subtotal_validation
IBM-NMI2025-5-14-state-andhra-pradesh-total-01,official_nmi_resource_inventory,5.14,17,2025-04-01,Garnet,[],state,Andhra Pradesh,Andhra Pradesh,Total,bulk_mineral_or_source_grade,Tonne,1.0,tonnes,0.0,0.0,0.0,0.0,1196087.0,237025.0,1359988.0,18.0,8800000.0,5674011.0,0.0,17267129.0,17267129.0,17267129.0,0,True,0.0,345.34258000000005,True,,,False,inventory_context_only_not_used_as_point_or_grid_model_evidence,SRC_IBM_NMI_2025,https://ibm.gov.in/IBMPortal/pages/national-mineral-inventory-at-a-glance-2025,https://ibm.gov.in/writereaddata/files/17848872906a6337fae632bChapter__5_Mineral_wise.pdf,491b70eccee4f1a63f9ae0fe25b1c2d7c40e8b7c714abab7e12a10e594020d67,pdfplumber_position_aware_columns_with_unfc_subtotal_validation
IBM-NMI2025-5-14-state-chhattisgarh-total-01,official_nmi_resource_inventory,5.14,17,2025-04-01,Garnet,[],state,Chhattisgarh,Chhattisgarh,Total,bulk_mineral_or_source_grade,Tonne,1.0,tonnes,0.0,0.0,0.0,0.0,0.0,0.0,0.0,0.0,0.0,28800.0,0.0,28800.0,28800.0,28800.0,0,True,0.0,2.0,True,,,False,inventory_context_only_not_used_as_point_or_grid_model_evidence,SRC_IBM_NMI_2025,https://ibm.gov.in/IBMPortal/pages/national-mineral-inventory-at-a-glance-2025,https://ibm.gov.in/writereaddata/files/17848872906a6337fae632bChapter__5_Mineral_wise.pdf,491b70eccee4f1a63f9ae0fe25b1c2d7c40e8b7c714abab7e12a10e594020d67,pdfplumber_position_aware_columns_with_unfc_subtotal_validation
IBM-NMI2025-5-14-state-jharkhand-total-01,official_nmi_resource_inventory,5.14,17,2025-04-01,Garnet,[],state,Jharkhand,Jharkhand,Total,bulk_mineral_or_source_grade,Tonne,1.0,tonnes,0.0,0.0,0.0,0.0,0.0,0.0,88303.0,0.0,0.0,21768.0,0.0,110071.0,110071.0,110071.0,0,True,0.0,2.20142,True,,,False,inventory_context_only_not_used_as_point_or_grid_model_evidence,SRC_IBM_NMI_2025,https://ibm.gov.in/IBMPortal/pages/national-mineral-inventory-at-a-glance-2025,https://ibm.gov.in/writereaddata/files/17848872906a6337fae632bChapter__5_Mineral_wise.pdf,491b70eccee4f1a63f9ae0fe25b1c2d7c40e8b7c714abab7e12a10e594020d67,pdfplumber_position_aware_columns_with_unfc_subtotal_validation
IBM-NMI2025-5-14-state-kerala-total-01,official_nmi_resource_inventory,5.14,17,2025-04-01,Garnet,[],state,Kerala,Kerala,Total,bulk_mineral_or_source_grade,Tonne,1.0,tonnes,0.0,0.0,0.0,0.0,0.0,0.0,45797.0,100874.0,0.0,52190.0,0.0,198861.0,198861.0,198861.0,0,True,0.0,3.9772200000000004,True,,,False,inventory_context_only_not_used_as_point_or_grid_model_evidence,SRC_IBM_NMI_2025,https://ibm.gov.in/IBMPortal/pages/national-mineral-inventory-at-a-glance-2025,https://ibm.gov.in/writereaddata/files/17848872906a6337fae632bChapter__5_Mineral_wise.pdf,491b70eccee4f1a63f9ae0fe25b1c2d7c40e8b7c714abab7e12a10e594020d67,pdfplumber_position_aware_columns_with_unfc_subtotal_validation
IBM-NMI2025-5-14-state-odisha-total-01,official_nmi_resource_inventory,5.14,17,2025-04-01,Garnet,[],state,Odisha,Odisha,Total,bulk_mineral_or_source_grade,Tonne,1.0,tonnes,6633562.0,0.0,1.0,6633563.0,5.0,170130.0,0.0,245395.0,4975352.0,4186838.0,622302.0,10200023.0,16833586.0,16833586.0,0,True,1.0,336.67172000000005,True,,,False,inventory_context_only_not_used_as_point_or_grid_model_evidence,SRC_IBM_NMI_2025,https://ibm.gov.in/IBMPortal/pages/national-mineral-inventory-at-a-glance-2025,https://ibm.gov.in/writereaddata/files/17848872906a6337fae632bChapter__5_Mineral_wise.pdf,491b70eccee4f1a63f9ae0fe25b1c2d7c40e8b7c714abab7e12a10e594020d67,pdfplumber_position_aware_columns_with_unfc_subtotal_validation
IBM-NMI2025-5-14-state-rajasthan-total-01,official_nmi_resource_inventory,5.14,17,2025-04-01,Garnet,[],state,Rajasthan,Rajasthan,Total,bulk_mineral_or_source_grade,Tonne,1.0,tonnes,2315092.0,52798.0,597022.0,2964913.0,442538.0,91078.0,144136.0,2013.0,17606.0,550230.0,6921.0,1254522.0,4219435.0,4219435.0,0,True,1.0,84.3887,True,,,False,inventory_context_only_not_used_as_point_or_grid_model_evidence,SRC_IBM_NMI_2025,https://ibm.gov.in/IBMPortal/pages/national-mineral-inventory-at-a-glance-2025,https://ibm.gov.in/writereaddata/files/17848872906a6337fae632bChapter__5_Mineral_wise.pdf,491b70eccee4f1a63f9ae0fe25b1c2d7c40e8b7c714abab7e12a10e594020d67,pdfplumber_position_aware_columns_with_unfc_subtotal_validation
IBM-NMI2025-5-14-state-tamil-nadu-total-01,official_nmi_resource_inventory,5.14,17,2025-04-01,Garnet,[],state,Tamil Nadu,Tamil Nadu,Total,bulk_mineral_or_source_grade,Tonne,1.0,tonnes,407661.0,33951.0,23723.0,465334.0,260710.0,1435123.9,3094811.0,16080.0,1408995.0,19871019.0,2002.0,26088741.0,26554076.0,26554076.0,0,True,1.0,531.0815200000001,True,,,False,inventory_context_only_not_used_as_point_or_grid_model_evidence,SRC_IBM_NMI_2025,https://ibm.gov.in/IBMPortal/pages/national-mineral-inventory-at-a-glance-2025,https://ibm.gov.in/writereaddata/files/17848872906a6337fae632bChapter__5_Mineral_wise.pdf,491b70eccee4f1a63f9ae0fe25b1c2d7c40e8b7c714abab7e12a10e594020d67,pdfplumber_position_aware_columns_with_unfc_subtotal_validation
IBM-NMI2025-5-14-state-telangana-total-01,official_nmi_resource_inventory,5.14,17,2025-04-01,Garnet,[],state,Telangana,Telangana,Total,bulk_mineral_or_source_grade,Tonne,1.0,tonnes,0.0,0.0,0.0,0.0,62187.0,42033.0,0.0,0.0,0.0,1855976.0,0.0,1960196.0,1960196.0,1960196.0,0,True,0.0,39.203920000000004,True,,,False,inventory_context_only_not_used_as_point_or_grid_model_evidence,SRC_IBM_NMI_2025,https://ibm.gov.in/IBMPortal/pages/national-mineral-inventory-at-a-glance-2025,https://ibm.gov.in/writereaddata/files/17848872906a6337fae632bChapter__5_Mineral_wise.pdf,491b70eccee4f1a63f9ae0fe25b1c2d7c40e8b7c714abab7e12a10e594020d67,pdfplumber_position_aware_columns_with_unfc_subtotal_validation
IBM-NMI2025-5-15-national-total-all-india-ore-primary-01,official_nmi_resource_inventory,5.15,18,2025-04-01,Gold,"[""Gold""]",national_total,,All India,Ore (Primary),ore,Tonne,1.0,tonnes,18936171.0,1502535.0,7834573.0,28273279.0,6466711.0,8258286.0,3621405.0,9658248.0,120505950.0,342669800.0,32476333.0,523656733.0,551930012.0,551930012.0,0,True,0.0,11038.600240000002,True,,,False,inventory_context_only_not_used_as_point_or_grid_model_evidence,SRC_IBM_NMI_2025,https://ibm.gov.in/IBMPortal/pages/national-mineral-inventory-at-a-glance-2025,https://ibm.gov.in/writereaddata/files/17848872906a6337fae632bChapter__5_Mineral_wise.pdf,491b70eccee4f1a63f9ae0fe25b1c2d7c40e8b7c714abab7e12a10e594020d67,pdfplumber_position_aware_columns_with_unfc_subtotal_validation
IBM-NMI2025-5-15-national-total-all-india-metal-primary-01,official_nmi_resource_inventory,5.15,18,2025-04-01,Gold,"[""Gold""]",national_total,,All India,Metal (Primary),contained_metal_or_compound,Tonne,1.0,tonnes,70.56,2.58,8.76,81.9,27.45,25.31,8.02,22.05,207.67,261.49,24.9,576.9,658.8,658.8,0,True,0.009999999999990905,2.0,True,,,False,inventory_context_only_not_used_as_point_or_grid_model_evidence,SRC_IBM_NMI_2025,https://ibm.gov.in/IBMPortal/pages/national-mineral-inventory-at-a-glance-2025,https://ibm.gov.in/writereaddata/files/17848872906a6337fae632bChapter__5_Mineral_wise.pdf,491b70eccee4f1a63f9ae0fe25b1c2d7c40e8b7c714abab7e12a10e594020d67,pdfplumber_position_aware_columns_with_unfc_subtotal_validation
IBM-NMI2025-5-15-national-total-all-india-ore-placer-01,official_nmi_resource_inventory,5.15,18,2025-04-01,Gold,"[""Gold""]",national_total,,All India,Ore (Placer),ore,Tonne,1.0,tonnes,0.0,0.0,0.0,0.0,0.0,0.0,0.0,0.0,2552000.0,22337000.0,0.0,24889000.0,24889000.0,24889000.0,0,True,0.0,497.78000000000003,True,,,False,inventory_context_only_not_used_as_point_or_grid_model_evidence,SRC_IBM_NMI_2025,https://ibm.gov.in/IBMPortal/pages/national-mineral-inventory-at-a-glance-2025,https://ibm.gov.in/writereaddata/files/17848872906a6337fae632bChapter__5_Mineral_wise.pdf,491b70eccee4f1a63f9ae0fe25b1c2d7c40e8b7c714abab7e12a10e594020d67,pdfplumber_position_aware_columns_with_unfc_subtotal_validation
IBM-NMI2025-5-15-national-total-all-india-metal-placer-01,official_nmi_resource_inventory,5.15,18,2025-04-01,Gold,"[""Gold""]",national_total,,All India,Metal (Placer),contained_metal_or_compound,Tonne,1.0,tonnes,0.0,0.0,0.0,0.0,0.0,0.0,0.0,0.0,2.29,3.13,0.0,5.42,5.42,5.42,0,True,0.0,2.0,True,,,False,inventory_context_only_not_used_as_point_or_grid_model_evidence,SRC_IBM_NMI_2025,https://ibm.gov.in/IBMPortal/pages/national-mineral-inventory-at-a-glance-2025,https://ibm.gov.in/writereaddata/files/17848872906a6337fae632bChapter__5_Mineral_wise.pdf,491b70eccee4f1a63f9ae0fe25b1c2d7c40e8b7c714abab7e12a10e594020d67,pdfplumber_position_aware_columns_with_unfc_subtotal_validation
IBM-NMI2025-5-15-state-andhra-pradesh-ore-primary-01,official_nmi_resource_inventory,5.15,18,2025-04-01,Gold,"[""Gold""]",state,Andhra Pradesh,Andhra Pradesh,Ore (Primary),ore,Tonne,1.0,tonnes,2980084.0,992535.0,2797725.0,6770344.0,2707633.0,1551535.0,2196213.0,291000.0,55000.0,6114615.0,0.0,12915996.0,19686341.0,19686341.0,0,True,1.0,393.72682000000003,True,,,False,inventory_context_only_not_used_as_point_or_grid_model_evidence,SRC_IBM_NMI_2025,https://ibm.gov.in/IBMPortal/pages/national-mineral-inventory-at-a-glance-2025,https://ibm.gov.in/writereaddata/files/17848872906a6337fae632bChapter__5_Mineral_wise.pdf,491b70eccee4f1a63f9ae0fe25b1c2d7c40e8b7c714abab7e12a10e594020d67,pdfplumber_position_aware_columns_with_unfc_subtotal_validation
IBM-NMI2025-5-15-state-andhra-pradesh-metal-primary-01,official_nmi_resource_inventory,5.15,18,2025-04-01,Gold,"[""Gold""]",state,Andhra Pradesh,Andhra Pradesh,Metal (Primary),contained_metal_or_compound,Tonne,1.0,tonnes,5.13,1.3,1.34,7.77,11.97,3.4,5.16,1.08,0.28,20.0,0.0,41.89,49.66,49.66,0,True,0.0,2.0,True,,,False,inventory_context_only_not_used_as_point_or_grid_model_evidence,SRC_IBM_NMI_2025,https://ibm.gov.in/IBMPortal/pages/national-mineral-inventory-at-a-glance-2025,https://ibm.gov.in/writereaddata/files/17848872906a6337fae632bChapter__5_Mineral_wise.pdf,491b70eccee4f1a63f9ae0fe25b1c2d7c40e8b7c714abab7e12a10e594020d67,pdfplumber_position_aware_columns_with_unfc_subtotal_validation
IBM-NMI2025-5-15-state-bihar-ore-primary-01,official_nmi_resource_inventory,5.15,18,2025-04-01,Gold,"[""Gold""]",state,Bihar,Bihar,Ore (Primary),ore,Tonne,1.0,tonnes,0.0,0.0,0.0,0.0,0.0,0.0,0.0,0.0,0.0,222884860.0,0.0,222884860.0,222884860.0,222884860.0,0,True,0.0,4457.6972000000005,True,,,False,inventory_context_only_not_used_as_point_or_grid_model_evidence,SRC_IBM_NMI_2025,https://ibm.gov.in/IBMPortal/pages/national-mineral-inventory-at-a-glance-2025,https://ibm.gov.in/writereaddata/files/17848872906a6337fae632bChapter__5_Mineral_wise.pdf,491b70eccee4f1a63f9ae0fe25b1c2d7c40e8b7c714abab7e12a10e594020d67,pdfplumber_position_aware_columns_with_unfc_subtotal_validation
IBM-NMI2025-5-15-state-bihar-metal-primary-01,official_nmi_resource_inventory,5.15,18,2025-04-01,Gold,"[""Gold""]",state,Bihar,Bihar,Metal (Primary),contained_metal_or_compound,Tonne,1.0,tonnes,0.0,0.0,0.0,0.0,0.0,0.0,0.0,0.0,0.0,37.6,0.0,37.6,37.6,37.6,0,True,0.0,2.0,True,,,False,inventory_context_only_not_used_as_point_or_grid_model_evidence,SRC_IBM_NMI_2025,https://ibm.gov.in/IBMPortal/pages/national-mineral-inventory-at-a-glance-2025,https://ibm.gov.in/writereaddata/files/17848872906a6337fae632bChapter__5_Mineral_wise.pdf,491b70eccee4f1a63f9ae0fe25b1c2d7c40e8b7c714abab7e12a10e594020d67,pdfplumber_position_aware_columns_with_unfc_subtotal_validation
IBM-NMI2025-5-15-state-chhattisgarh-ore-primary-01,official_nmi_resource_inventory,5.15,18,2025-04-01,Gold,"[""Gold""]",state,Chhattisgarh,Chhattisgarh,Ore (Primary),ore,Tonne,1.0,tonnes,0.0,0.0,0.0,0.0,0.0,0.0,0.0,0.0,600000.0,4543365.0,0.0,5143365.0,5143365.0,5143365.0,0,True,0.0,102.86730000000001,True,,,False,inventory_context_only_not_used_as_point_or_grid_model_evidence,SRC_IBM_NMI_2025,https://ibm.gov.in/IBMPortal/pages/national-mineral-inventory-at-a-glance-2025,https://ibm.gov.in/writereaddata/files/17848872906a6337fae632bChapter__5_Mineral_wise.pdf,491b70eccee4f1a63f9ae0fe25b1c2d7c40e8b7c714abab7e12a10e594020d67,pdfplumber_position_aware_columns_with_unfc_subtotal_validation
IBM-NMI2025-5-15-state-chhattisgarh-metal-primary-01,official_nmi_resource_inventory,5.15,18,2025-04-01,Gold,"[""Gold""]",state,Chhattisgarh,Chhattisgarh,Metal (Primary),contained_metal_or_compound,Tonne,1.0,tonnes,0.0,0.0,0.0,0.0,0.0,0.0,0.0,0.0,1.8,4.01,0.0,5.81,5.81,5.81,0,True,0.0,2.0,True,,,False,inventory_context_only_not_used_as_point_or_grid_model_evidence,SRC_IBM_NMI_2025,https://ibm.gov.in/IBMPortal/pages/national-mineral-inventory-at-a-glance-2025,https://ibm.gov.in/writereaddata/files/17848872906a6337fae632bChapter__5_Mineral_wise.pdf,491b70eccee4f1a63f9ae0fe25b1c2d7c40e8b7c714abab7e12a10e594020d67,pdfplumber_position_aware_columns_with_unfc_subtotal_validation
IBM-NMI2025-5-15-state-jharkhand-ore-primary-01,official_nmi_resource_inventory,5.15,18,2025-04-01,Gold,"[""Gold""]",state,Jharkhand,Jharkhand,Ore (Primary),ore,Tonne,1.0,tonnes,59436.0,0.0,91610.0,151046.0,0.0,35801.0,263304.0,0.0,4710966.0,4808260.0,767000.0,10585331.0,10736377.0,10736377.0,0,True,0.0,214.72754,True,,,False,inventory_context_only_not_used_as_point_or_grid_model_evidence,SRC_IBM_NMI_2025,https://ibm.gov.in/IBMPortal/pages/national-mineral-inventory-at-a-glance-2025,https://ibm.gov.in/writereaddata/files/17848872906a6337fae632bChapter__5_Mineral_wise.pdf,491b70eccee4f1a63f9ae0fe25b1c2d7c40e8b7c714abab7e12a10e594020d67,pdfplumber_position_aware_columns_with_unfc_subtotal_validation
IBM-NMI2025-5-15-state-jharkhand-metal-primary-01,official_nmi_resource_inventory,5.15,18,2025-04-01,Gold,"[""Gold""]",state,Jharkhand,Jharkhand,Metal (Primary),contained_metal_or_compound,Tonne,1.0,tonnes,0.18,0.0,0.16,0.35,0.0,0.12,0.52,0.0,7.05,8.02,0.62,16.33,16.68,16.68,0,True,0.010000000000000009,2.0,True,,,False,inventory_context_only_not_used_as_point_or_grid_model_evidence,SRC_IBM_NMI_2025,https://ibm.gov.in/IBMPortal/pages/national-mineral-inventory-at-a-glance-2025,https://ibm.gov.in/writereaddata/files/17848872906a6337fae632bChapter__5_Mineral_wise.pdf,491b70eccee4f1a63f9ae0fe25b1c2d7c40e8b7c714abab7e12a10e594020d67,pdfplumber_position_aware_columns_with_unfc_subtotal_validation
IBM-NMI2025-5-15-state-karnataka-ore-primary-01,official_nmi_resource_inventory,5.15,18,2025-04-01,Gold,"[""Gold""]",state,Karnataka,Karnataka,Ore (Primary),ore,Tonne,1.0,tonnes,15896651.0,510000.0,0.0,16406651.0,3759078.0,6670950.0,174000.0,4304968.0,53425718.0,23238609.0,5813000.0,97386323.0,113792974.0,113792974.0,0,True,0.0,2275.85948,True,,,False,inventory_context_only_not_used_as_point_or_grid_model_evidence,SRC_IBM_NMI_2025,https://ibm.gov.in/IBMPortal/pages/national-mineral-inventory-at-a-glance-2025,https://ibm.gov.in/writereaddata/files/17848872906a6337fae632bChapter__5_Mineral_wise.pdf,491b70eccee4f1a63f9ae0fe25b1c2d7c40e8b7c714abab7e12a10e594020d67,pdfplumber_position_aware_columns_with_unfc_subtotal_validation
IBM-NMI2025-5-15-state-karnataka-metal-primary-01,official_nmi_resource_inventory,5.15,18,2025-04-01,Gold,"[""Gold""]",state,Karnataka,Karnataka,Metal (Primary),contained_metal_or_compound,Tonne,1.0,tonnes,65.25,1.28,0.0,66.53,15.48,21.8,0.64,14.13,82.14,52.89,21.48,208.56,275.09,275.09,0,True,5.684341886080802e-14,2.0,True,,,False,inventory_context_only_not_used_as_point_or_grid_model_evidence,SRC_IBM_NMI_2025,https://ibm.gov.in/IBMPortal/pages/national-mineral-inventory-at-a-glance-2025,https://ibm.gov.in/writereaddata/files/17848872906a6337fae632bChapter__5_Mineral_wise.pdf,491b70eccee4f1a63f9ae0fe25b1c2d7c40e8b7c714abab7e12a10e594020d67,pdfplumber_position_aware_columns_with_unfc_subtotal_validation
IBM-NMI2025-5-15-state-kerala-ore-primary-01,official_nmi_resource_inventory,5.15,18,2025-04-01,Gold,"[""Gold""]",state,Kerala,Kerala,Ore (Primary),ore,Tonne,1.0,tonnes,0.0,0.0,0.0,0.0,0.0,0.0,0.0,462280.0,96180.0,1232000.0,0.0,1790460.0,1790460.0,1790460.0,0,True,0.0,35.809200000000004,True,,,False,inventory_context_only_not_used_as_point_or_grid_model_evidence,SRC_IBM_NMI_2025,https://ibm.gov.in/IBMPortal/pages/national-mineral-inventory-at-a-glance-2025,https://ibm.gov.in/writereaddata/files/17848872906a6337fae632bChapter__5_Mineral_wise.pdf,491b70eccee4f1a63f9ae0fe25b1c2d7c40e8b7c714abab7e12a10e594020d67,pdfplumber_position_aware_columns_with_unfc_subtotal_validation
IBM-NMI2025-5-15-state-kerala-metal-primary-01,official_nmi_resource_inventory,5.15,18,2025-04-01,Gold,"[""Gold""]",state,Kerala,Kerala,Metal (Primary),contained_metal_or_compound,Tonne,1.0,tonnes,0.0,0.0,0.0,0.0,0.0,0.0,0.0,0.17,0.03,0.44,0.0,0.64,0.64,0.64,0,True,0.0,2.0,True,,,False,inventory_context_only_not_used_as_point_or_grid_model_evidence,SRC_IBM_NMI_2025,https://ibm.gov.in/IBMPortal/pages/national-mineral-inventory-at-a-glance-2025,https://ibm.gov.in/writereaddata/files/17848872906a6337fae632bChapter__5_Mineral_wise.pdf,491b70eccee4f1a63f9ae0fe25b1c2d7c40e8b7c714abab7e12a10e594020d67,pdfplumber_position_aware_columns_with_unfc_subtotal_validation
IBM-NMI2025-5-15-state-kerala-ore-placer-01,official_nmi_resource_inventory,5.15,18,2025-04-01,Gold,"[""Gold""]",state,Kerala,Kerala,Ore (Placer),ore,Tonne,1.0,tonnes,0.0,0.0,0.0,0.0,0.0,0.0,0.0,0.0,2552000.0,22337000.0,0.0,24889000.0,24889000.0,24889000.0,0,True,0.0,497.78000000000003,True,,,False,inventory_context_only_not_used_as_point_or_grid_model_evidence,SRC_IBM_NMI_2025,https://ibm.gov.in/IBMPortal/pages/national-mineral-inventory-at-a-glance-2025,https://ibm.gov.in/writereaddata/files/17848872906a6337fae632bChapter__5_Mineral_wise.pdf,491b70eccee4f1a63f9ae0fe25b1c2d7c40e8b7c714abab7e12a10e594020d67,pdfplumber_position_aware_columns_with_unfc_subtotal_validation
IBM-NMI2025-5-15-state-kerala-metal-placer-01,official_nmi_resource_inventory,5.15,18,2025-04-01,Gold,"[""Gold""]",state,Kerala,Kerala,Metal (Placer),contained_metal_or_compound,Tonne,1.0,tonnes,0.0,0.0,0.0,0.0,0.0,0.0,0.0,0.0,2.29,3.13,0.0,5.42,5.42,5.42,0,True,0.0,2.0,True,,,False,inventory_context_only_not_used_as_point_or_grid_model_evidence,SRC_IBM_NMI_2025,https://ibm.gov.in/IBMPortal/pages/national-mineral-inventory-at-a-glance-2025,https://ibm.gov.in/writereaddata/files/17848872906a6337fae632bChapter__5_Mineral_wise.pdf,491b70eccee4f1a63f9ae0fe25b1c2d7c40e8b7c714abab7e12a10e594020d67,pdfplumber_position_aware_columns_with_unfc_subtotal_validation
IBM-NMI2025-5-15-state-madhya-pradesh-ore-primary-01,official_nmi_resource_inventory,5.15,19,2025-04-01,Gold,"[""Gold""]",state,Madhya Pradesh,Madhya Pradesh,Ore (Primary),ore,Tonne,1.0,tonnes,0.0,0.0,4945238.0,4945238.0,0.0,0.0,987887.0,0.0,5835087.0,3663196.0,0.0,10486170.0,15431407.0,15431407.0,0,True,1.0,308.62814000000003,True,,,False,inventory_context_only_not_used_as_point_or_grid_model_evidence,SRC_IBM_NMI_2025,https://ibm.gov.in/IBMPortal/pages/national-mineral-inventory-at-a-glance-2025,https://ibm.gov.in/writereaddata/files/17848872906a6337fae632bChapter__5_Mineral_wise.pdf,491b70eccee4f1a63f9ae0fe25b1c2d7c40e8b7c714abab7e12a10e594020d67,pdfplumber_position_aware_columns_with_unfc_subtotal_validation
IBM-NMI2025-5-15-state-madhya-pradesh-metal-primary-01,official_nmi_resource_inventory,5.15,19,2025-04-01,Gold,"[""Gold""]",state,Madhya Pradesh,Madhya Pradesh,Metal (Primary),contained_metal_or_compound,Tonne,1.0,tonnes,0.0,0.0,7.25,7.25,0.0,0.0,1.71,0.0,6.17,4.86,0.0,12.74,19.98,19.98,0,True,0.010000000000001563,2.0,True,,,False,inventory_context_only_not_used_as_point_or_grid_model_evidence,SRC_IBM_NMI_2025,https://ibm.gov.in/IBMPortal/pages/national-mineral-inventory-at-a-glance-2025,https://ibm.gov.in/writereaddata/files/17848872906a6337fae632bChapter__5_Mineral_wise.pdf,491b70eccee4f1a63f9ae0fe25b1c2d7c40e8b7c714abab7e12a10e594020d67,pdfplumber_position_aware_columns_with_unfc_subtotal_validation
IBM-NMI2025-5-15-state-maharashtra-ore-primary-01,official_nmi_resource_inventory,5.15,19,2025-04-01,Gold,"[""Gold""]",state,Maharashtra,Maharashtra,Ore (Primary),ore,Tonne,1.0,tonnes,0.0,0.0,0.0,0.0,0.0,0.0,0.0,0.0,0.0,1627000.0,0.0,1627000.0,1627000.0,1627000.0,0,True,0.0,32.54,True,,,False,inventory_context_only_not_used_as_point_or_grid_model_evidence,SRC_IBM_NMI_2025,https://ibm.gov.in/IBMPortal/pages/national-mineral-inventory-at-a-glance-2025,https://ibm.gov.in/writereaddata/files/17848872906a6337fae632bChapter__5_Mineral_wise.pdf,491b70eccee4f1a63f9ae0fe25b1c2d7c40e8b7c714abab7e12a10e594020d67,pdfplumber_position_aware_columns_with_unfc_subtotal_validation
IBM-NMI2025-5-15-state-maharashtra-metal-primary-01,official_nmi_resource_inventory,5.15,19,2025-04-01,Gold,"[""Gold""]",state,Maharashtra,Maharashtra,Metal (Primary),contained_metal_or_compound,Tonne,1.0,tonnes,0.0,0.0,0.0,0.0,0.0,0.0,0.0,0.0,0.0,3.64,0.0,3.64,3.64,3.64,0,True,0.0,2.0,True,,,False,inventory_context_only_not_used_as_point_or_grid_model_evidence,SRC_IBM_NMI_2025,https://ibm.gov.in/IBMPortal/pages/national-mineral-inventory-at-a-glance-2025,https://ibm.gov.in/writereaddata/files/17848872906a6337fae632bChapter__5_Mineral_wise.pdf,491b70eccee4f1a63f9ae0fe25b1c2d7c40e8b7c714abab7e12a10e594020d67,pdfplumber_position_aware_columns_with_unfc_subtotal_validation
IBM-NMI2025-5-15-state-odisha-ore-primary-01,official_nmi_resource_inventory,5.15,19,2025-04-01,Gold,"[""Gold""]",state,Odisha,Odisha,Ore (Primary),ore,Tonne,1.0,tonnes,0.0,0.0,0.0,0.0,0.0,0.0,0.0,0.0,900000.0,51176.0,0.0,951176.0,951176.0,951176.0,0,True,0.0,19.02352,True,,,False,inventory_context_only_not_used_as_point_or_grid_model_evidence,SRC_IBM_NMI_2025,https://ibm.gov.in/IBMPortal/pages/national-mineral-inventory-at-a-glance-2025,https://ibm.gov.in/writereaddata/files/17848872906a6337fae632bChapter__5_Mineral_wise.pdf,491b70eccee4f1a63f9ae0fe25b1c2d7c40e8b7c714abab7e12a10e594020d67,pdfplumber_position_aware_columns_with_unfc_subtotal_validation
IBM-NMI2025-5-15-state-odisha-metal-primary-01,official_nmi_resource_inventory,5.15,19,2025-04-01,Gold,"[""Gold""]",state,Odisha,Odisha,Metal (Primary),contained_metal_or_compound,Tonne,1.0,tonnes,0.0,0.0,0.0,0.0,0.0,0.0,0.0,0.0,0.87,0.19,0.0,1.06,1.06,1.06,0,True,0.0,2.0,True,,,False,inventory_context_only_not_used_as_point_or_grid_model_evidence,SRC_IBM_NMI_2025,https://ibm.gov.in/IBMPortal/pages/national-mineral-inventory-at-a-glance-2025,https://ibm.gov.in/writereaddata/files/17848872906a6337fae632bChapter__5_Mineral_wise.pdf,491b70eccee4f1a63f9ae0fe25b1c2d7c40e8b7c714abab7e12a10e594020d67,pdfplumber_position_aware_columns_with_unfc_subtotal_validation
IBM-NMI2025-5-15-state-rajasthan-ore-primary-01,official_nmi_resource_inventory,5.15,19,2025-04-01,Gold,"[""Gold""]",state,Rajasthan,Rajasthan,Ore (Primary),ore,Tonne,1.0,tonnes,0.0,0.0,0.0,0.0,0.0,0.0,0.0,4600000.0,54883000.0,74439720.0,63000.0,133985720.0,133985720.0,133985720.0,0,True,0.0,2679.7144000000003,True,,,False,inventory_context_only_not_used_as_point_or_grid_model_evidence,SRC_IBM_NMI_2025,https://ibm.gov.in/IBMPortal/pages/national-mineral-inventory-at-a-glance-2025,https://ibm.gov.in/writereaddata/files/17848872906a6337fae632bChapter__5_Mineral_wise.pdf,491b70eccee4f1a63f9ae0fe25b1c2d7c40e8b7c714abab7e12a10e594020d67,pdfplumber_position_aware_columns_with_unfc_subtotal_validation
IBM-NMI2025-5-15-state-rajasthan-metal-primary-01,official_nmi_resource_inventory,5.15,19,2025-04-01,Gold,"[""Gold""]",state,Rajasthan,Rajasthan,Metal (Primary),contained_metal_or_compound,Tonne,1.0,tonnes,0.0,0.0,0.0,0.0,0.0,0.0,0.0,6.67,109.33,128.84,0.07,244.91,244.91,244.91,0,True,0.0,2.0,True,,,False,inventory_context_only_not_used_as_point_or_grid_model_evidence,SRC_IBM_NMI_2025,https://ibm.gov.in/IBMPortal/pages/national-mineral-inventory-at-a-glance-2025,https://ibm.gov.in/writereaddata/files/17848872906a6337fae632bChapter__5_Mineral_wise.pdf,491b70eccee4f1a63f9ae0fe25b1c2d7c40e8b7c714abab7e12a10e594020d67,pdfplumber_position_aware_columns_with_unfc_subtotal_validation
IBM-NMI2025-5-15-state-tamil-nadu-ore-primary-01,official_nmi_resource_inventory,5.15,19,2025-04-01,Gold,"[""Gold""]",state,Tamil Nadu,Tamil Nadu,Ore (Primary),ore,Tonne,1.0,tonnes,0.0,0.0,0.0,0.0,0.0,0.0,0.0,0.0,0.0,67000.0,0.0,67000.0,67000.0,67000.0,0,True,0.0,2.0,True,,,False,inventory_context_only_not_used_as_point_or_grid_model_evidence,SRC_IBM_NMI_2025,https://ibm.gov.in/IBMPortal/pages/national-mineral-inventory-at-a-glance-2025,https://ibm.gov.in/writereaddata/files/17848872906a6337fae632bChapter__5_Mineral_wise.pdf,491b70eccee4f1a63f9ae0fe25b1c2d7c40e8b7c714abab7e12a10e594020d67,pdfplumber_position_aware_columns_with_unfc_subtotal_validation
IBM-NMI2025-5-15-state-tamil-nadu-metal-primary-01,official_nmi_resource_inventory,5.15,19,2025-04-01,Gold,"[""Gold""]",state,Tamil Nadu,Tamil Nadu,Metal (Primary),contained_metal_or_compound,Tonne,1.0,tonnes,0.0,0.0,0.0,0.0,0.0,0.0,0.0,0.0,0.0,1.0,0.0,1.0,1.0,1.0,0,True,0.0,2.0,True,,,False,inventory_context_only_not_used_as_point_or_grid_model_evidence,SRC_IBM_NMI_2025,https://ibm.gov.in/IBMPortal/pages/national-mineral-inventory-at-a-glance-2025,https://ibm.gov.in/writereaddata/files/17848872906a6337fae632bChapter__5_Mineral_wise.pdf,491b70eccee4f1a63f9ae0fe25b1c2d7c40e8b7c714abab7e12a10e594020d67,pdfplumber_position_aware_columns_with_unfc_subtotal_validation
IBM-NMI2025-5-15-state-uttar-pradesh-ore-primary-01,official_nmi_resource_inventory,5.15,19,2025-04-01,Gold,"[""Gold""]",state,Uttar Pradesh,Uttar Pradesh,Ore (Primary),ore,Tonne,1.0,tonnes,0.0,0.0,0.0,0.0,0.0,0.0,0.0,0.0,0.0,0.0,13000000.0,13000000.0,13000000.0,13000000.0,0,True,0.0,260.0,True,,,False,inventory_context_only_not_used_as_point_or_grid_model_evidence,SRC_IBM_NMI_2025,https://ibm.gov.in/IBMPortal/pages/national-mineral-inventory-at-a-glance-2025,https://ibm.gov.in/writereaddata/files/17848872906a6337fae632bChapter__5_Mineral_wise.pdf,491b70eccee4f1a63f9ae0fe25b1c2d7c40e8b7c714abab7e12a10e594020d67,pdfplumber_position_aware_columns_with_unfc_subtotal_validation
IBM-NMI2025-5-15-state-uttar-pradesh-metal-primary-01,official_nmi_resource_inventory,5.15,19,2025-04-01,Gold,"[""Gold""]",state,Uttar Pradesh,Uttar Pradesh,Metal (Primary),contained_metal_or_compound,Tonne,1.0,tonnes,0.0,0.0,0.0,0.0,0.0,0.0,0.0,0.0,0.0,0.0,2.08,2.08,2.08,2.08,0,True,0.0,2.0,True,,,False,inventory_context_only_not_used_as_point_or_grid_model_evidence,SRC_IBM_NMI_2025,https://ibm.gov.in/IBMPortal/pages/national-mineral-inventory-at-a-glance-2025,https://ibm.gov.in/writereaddata/files/17848872906a6337fae632bChapter__5_Mineral_wise.pdf,491b70eccee4f1a63f9ae0fe25b1c2d7c40e8b7c714abab7e12a10e594020d67,pdfplumber_position_aware_columns_with_unfc_subtotal_validation
IBM-NMI2025-5-15-state-west-bengal-ore-primary-01,official_nmi_resource_inventory,5.15,19,2025-04-01,Gold,"[""Gold""]",state,West Bengal,West Bengal,Ore (Primary),ore,Tonne,1.0,tonnes,0.0,0.0,0.0,0.0,0.0,0.0,0.0,0.0,0.0,0.0,12833333.0,12833333.0,12833333.0,12833333.0,0,True,0.0,256.66666000000004,True,,,False,inventory_context_only_not_used_as_point_or_grid_model_evidence,SRC_IBM_NMI_2025,https://ibm.gov.in/IBMPortal/pages/national-mineral-inventory-at-a-glance-2025,https://ibm.gov.in/writereaddata/files/17848872906a6337fae632bChapter__5_Mineral_wise.pdf,491b70eccee4f1a63f9ae0fe25b1c2d7c40e8b7c714abab7e12a10e594020d67,pdfplumber_position_aware_columns_with_unfc_subtotal_validation
IBM-NMI2025-5-15-state-west-bengal-metal-primary-01,official_nmi_resource_inventory,5.15,19,2025-04-01,Gold,"[""Gold""]",state,West Bengal,West Bengal,Metal (Primary),contained_metal_or_compound,Tonne,1.0,tonnes,0.0,0.0,0.0,0.0,0.0,0.0,0.0,0.0,0.0,0.0,0.65,0.65,0.65,0.65,0,True,0.0,2.0,True,,,False,inventory_context_only_not_used_as_point_or_grid_model_evidence,SRC_IBM_NMI_2025,https://ibm.gov.in/IBMPortal/pages/national-mineral-inventory-at-a-glance-2025,https://ibm.gov.in/writereaddata/files/17848872906a6337fae632bChapter__5_Mineral_wise.pdf,491b70eccee4f1a63f9ae0fe25b1c2d7c40e8b7c714abab7e12a10e594020d67,pdfplumber_position_aware_columns_with_unfc_subtotal_validation
IBM-NMI2025-5-16-national-total-all-india-total-01,official_nmi_resource_inventory,5.16,20,2025-04-01,Graphite,"[""Graphite""]",national_total,,All India,Total,bulk_mineral_or_source_grade,Tonne,1.0,tonnes,4345781.0,6219957.0,1611707.0,12177446.0,3143682.0,4812095.0,3733248.0,804651.0,52991112.95,112176518.0,142818900.0,320480206.0,332657652.0,332657652.0,0,True,1.0,6653.15304,True,,,False,inventory_context_only_not_used_as_point_or_grid_model_evidence,SRC_IBM_NMI_2025,https://ibm.gov.in/IBMPortal/pages/national-mineral-inventory-at-a-glance-2025,https://ibm.gov.in/writereaddata/files/17848872906a6337fae632bChapter__5_Mineral_wise.pdf,491b70eccee4f1a63f9ae0fe25b1c2d7c40e8b7c714abab7e12a10e594020d67,pdfplumber_position_aware_columns_with_unfc_subtotal_validation
IBM-NMI2025-5-16-grade-all-india-40-f-c-01,official_nmi_resource_inventory,5.16,20,2025-04-01,Graphite,"[""Graphite""]",grade,,All India,+ 40% F.C.,bulk_mineral_or_source_grade,Tonne,1.0,tonnes,1121513.0,0.0,266338.0,1387851.0,327513.0,39155.0,315485.0,338686.0,11342204.0,57026349.0,628247.0,70017639.0,71405490.0,71405490.0,0,True,0.0,1428.1098000000002,True,,,False,inventory_context_only_not_used_as_point_or_grid_model_evidence,SRC_IBM_NMI_2025,https://ibm.gov.in/IBMPortal/pages/national-mineral-inventory-at-a-glance-2025,https://ibm.gov.in/writereaddata/files/17848872906a6337fae632bChapter__5_Mineral_wise.pdf,491b70eccee4f1a63f9ae0fe25b1c2d7c40e8b7c714abab7e12a10e594020d67,pdfplumber_position_aware_columns_with_unfc_subtotal_validation
IBM-NMI2025-5-16-grade-all-india-10-40-f-c-01,official_nmi_resource_inventory,5.16,20,2025-04-01,Graphite,"[""Graphite""]",grade,,All India,10-40% F.C.,bulk_mineral_or_source_grade,Tonne,1.0,tonnes,2783710.0,5799678.0,283807.0,8867195.0,1973608.0,4581047.0,2924645.0,417039.0,6239791.0,14147190.0,3169316.0,33452636.0,42319831.0,42319831.0,0,True,0.0,846.3966200000001,True,,,False,inventory_context_only_not_used_as_point_or_grid_model_evidence,SRC_IBM_NMI_2025,https://ibm.gov.in/IBMPortal/pages/national-mineral-inventory-at-a-glance-2025,https://ibm.gov.in/writereaddata/files/17848872906a6337fae632bChapter__5_Mineral_wise.pdf,491b70eccee4f1a63f9ae0fe25b1c2d7c40e8b7c714abab7e12a10e594020d67,pdfplumber_position_aware_columns_with_unfc_subtotal_validation
IBM-NMI2025-5-16-grade-all-india-beneficiable-01,official_nmi_resource_inventory,5.16,20,2025-04-01,Graphite,"[""Graphite""]",grade,,All India,Beneficiable,bulk_mineral_or_source_grade,Tonne,1.0,tonnes,75258.0,19029.0,794463.69,888751.0,2394.0,0.0,87860.0,0.0,142000.0,11539413.75,23442.9,11795111.0,12683861.0,12683861.0,0,True,1.0,253.67722000000003,True,,,False,inventory_context_only_not_used_as_point_or_grid_model_evidence,SRC_IBM_NMI_2025,https://ibm.gov.in/IBMPortal/pages/national-mineral-inventory-at-a-glance-2025,https://ibm.gov.in/writereaddata/files/17848872906a6337fae632bChapter__5_Mineral_wise.pdf,491b70eccee4f1a63f9ae0fe25b1c2d7c40e8b7c714abab7e12a10e594020d67,pdfplumber_position_aware_columns_with_unfc_subtotal_validation
IBM-NMI2025-5-16-grade-all-india-others-01,official_nmi_resource_inventory,5.16,20,2025-04-01,Graphite,"[""Graphite""]",grade,,All India,Others,bulk_mineral_or_source_grade,Tonne,1.0,tonnes,176250.0,401250.0,0.0,577500.0,395752.0,0.0,103552.0,0.0,34188823.0,22302878.0,3830009.9,60821015.0,61398515.0,61398515.0,0,True,0.10000000149011612,1227.9703000000002,True,,,False,inventory_context_only_not_used_as_point_or_grid_model_evidence,SRC_IBM_NMI_2025,https://ibm.gov.in/IBMPortal/pages/national-mineral-inventory-at-a-glance-2025,https://ibm.gov.in/writereaddata/files/17848872906a6337fae632bChapter__5_Mineral_wise.pdf,491b70eccee4f1a63f9ae0fe25b1c2d7c40e8b7c714abab7e12a10e594020d67,pdfplumber_position_aware_columns_with_unfc_subtotal_validation
IBM-NMI2025-5-16-grade-all-india-unclassified-01,official_nmi_resource_inventory,5.16,20,2025-04-01,Graphite,"[""Graphite""]",grade,,All India,Unclassified,bulk_mineral_or_source_grade,Tonne,1.0,tonnes,189050.0,0.0,234879.0,423929.0,444415.0,191893.0,301706.0,9090.0,7253.0,5931715.0,62249569.0,69135641.0,69559570.0,69559570.0,0,True,0.0,1391.1914000000002,True,,,False,inventory_context_only_not_used_as_point_or_grid_model_evidence,SRC_IBM_NMI_2025,https://ibm.gov.in/IBMPortal/pages/national-mineral-inventory-at-a-glance-2025,https://ibm.gov.in/writereaddata/files/17848872906a6337fae632bChapter__5_Mineral_wise.pdf,491b70eccee4f1a63f9ae0fe25b1c2d7c40e8b7c714abab7e12a10e594020d67,pdfplumber_position_aware_columns_with_unfc_subtotal_validation
IBM-NMI2025-5-16-grade-all-india-not-known-01,official_nmi_resource_inventory,5.16,20,2025-04-01,Graphite,"[""Graphite""]",grade,,All India,Not - known,bulk_mineral_or_source_grade,Tonne,1.0,tonnes,0.0,0.0,32220.0,32220.0,0.0,0.0,0.0,39836.0,1071042.0,1228972.0,72918315.0,75258165.0,75290385.0,75290385.0,0,True,0.0,1505.8077,True,,,False,inventory_context_only_not_used_as_point_or_grid_model_evidence,SRC_IBM_NMI_2025,https://ibm.gov.in/IBMPortal/pages/national-mineral-inventory-at-a-glance-2025,https://ibm.gov.in/writereaddata/files/17848872906a6337fae632bChapter__5_Mineral_wise.pdf,491b70eccee4f1a63f9ae0fe25b1c2d7c40e8b7c714abab7e12a10e594020d67,pdfplumber_position_aware_columns_with_unfc_subtotal_validation
IBM-NMI2025-5-16-state-andhra-pradesh-total-01,official_nmi_resource_inventory,5.16,20,2025-04-01,Graphite,"[""Graphite""]",state,Andhra Pradesh,Andhra Pradesh,Total,bulk_mineral_or_source_grade,Tonne,1.0,tonnes,0.0,0.0,0.0,0.0,0.0,0.0,1135.0,0.0,1122.0,1761018.0,0.0,1763275.0,1763275.0,1763275.0,0,True,0.0,35.2655,True,,,False,inventory_context_only_not_used_as_point_or_grid_model_evidence,SRC_IBM_NMI_2025,https://ibm.gov.in/IBMPortal/pages/national-mineral-inventory-at-a-glance-2025,https://ibm.gov.in/writereaddata/files/17848872906a6337fae632bChapter__5_Mineral_wise.pdf,491b70eccee4f1a63f9ae0fe25b1c2d7c40e8b7c714abab7e12a10e594020d67,pdfplumber_position_aware_columns_with_unfc_subtotal_validation
IBM-NMI2025-5-16-state-arunachal-pradesh-total-01,official_nmi_resource_inventory,5.16,20,2025-04-01,Graphite,"[""Graphite""]",state,Arunachal Pradesh,Arunachal Pradesh,Total,bulk_mineral_or_source_grade,Tonne,1.0,tonnes,0.0,0.0,0.0,0.0,0.0,0.0,0.0,0.0,0.0,42701670.0,73118257.0,115819927.0,115819927.0,115819927.0,0,True,0.0,2316.39854,True,,,False,inventory_context_only_not_used_as_point_or_grid_model_evidence,SRC_IBM_NMI_2025,https://ibm.gov.in/IBMPortal/pages/national-mineral-inventory-at-a-glance-2025,https://ibm.gov.in/writereaddata/files/17848872906a6337fae632bChapter__5_Mineral_wise.pdf,491b70eccee4f1a63f9ae0fe25b1c2d7c40e8b7c714abab7e12a10e594020d67,pdfplumber_position_aware_columns_with_unfc_subtotal_validation
IBM-NMI2025-5-16-state-chhattisgarh-total-01,official_nmi_resource_inventory,5.16,20,2025-04-01,Graphite,"[""Graphite""]",state,Chhattisgarh,Chhattisgarh,Total,bulk_mineral_or_source_grade,Tonne,1.0,tonnes,21800.0,0.0,0.0,21800.0,0.0,0.0,0.0,0.0,16200000.0,9280000.0,0.0,25480000.0,25501800.0,25501800.0,0,True,0.0,510.03600000000006,True,,,False,inventory_context_only_not_used_as_point_or_grid_model_evidence,SRC_IBM_NMI_2025,https://ibm.gov.in/IBMPortal/pages/national-mineral-inventory-at-a-glance-2025,https://ibm.gov.in/writereaddata/files/17848872906a6337fae632bChapter__5_Mineral_wise.pdf,491b70eccee4f1a63f9ae0fe25b1c2d7c40e8b7c714abab7e12a10e594020d67,pdfplumber_position_aware_columns_with_unfc_subtotal_validation
IBM-NMI2025-5-16-state-gujarat-total-01,official_nmi_resource_inventory,5.16,20,2025-04-01,Graphite,"[""Graphite""]",state,Gujarat,Gujarat,Total,bulk_mineral_or_source_grade,Tonne,1.0,tonnes,0.0,0.0,0.0,0.0,0.0,0.0,0.0,0.0,2520805.0,835000.0,0.0,3355805.0,3355805.0,3355805.0,0,True,0.0,67.1161,True,,,False,inventory_context_only_not_used_as_point_or_grid_model_evidence,SRC_IBM_NMI_2025,https://ibm.gov.in/IBMPortal/pages/national-mineral-inventory-at-a-glance-2025,https://ibm.gov.in/writereaddata/files/17848872906a6337fae632bChapter__5_Mineral_wise.pdf,491b70eccee4f1a63f9ae0fe25b1c2d7c40e8b7c714abab7e12a10e594020d67,pdfplumber_position_aware_columns_with_unfc_subtotal_validation
IBM-NMI2025-5-16-state-jammu-kashmir-total-01,official_nmi_resource_inventory,5.16,20,2025-04-01,Graphite,"[""Graphite""]",state,Jammu & Kashmir,Jammu & Kashmir,Total,bulk_mineral_or_source_grade,Tonne,1.0,tonnes,0.0,0.0,0.0,0.0,0.0,0.0,0.0,0.0,0.0,1059520.0,61681035.0,62740555.0,62740555.0,62740555.0,0,True,0.0,1254.8111000000001,True,,,False,inventory_context_only_not_used_as_point_or_grid_model_evidence,SRC_IBM_NMI_2025,https://ibm.gov.in/IBMPortal/pages/national-mineral-inventory-at-a-glance-2025,https://ibm.gov.in/writereaddata/files/17848872906a6337fae632bChapter__5_Mineral_wise.pdf,491b70eccee4f1a63f9ae0fe25b1c2d7c40e8b7c714abab7e12a10e594020d67,pdfplumber_position_aware_columns_with_unfc_subtotal_validation
IBM-NMI2025-5-16-state-jharkhand-total-01,official_nmi_resource_inventory,5.16,20,2025-04-01,Graphite,"[""Graphite""]",state,Jharkhand,Jharkhand,Total,bulk_mineral_or_source_grade,Tonne,1.0,tonnes,2174820.0,0.0,349231.0,2524050.0,1341224.0,757706.0,2388849.0,60607.0,12549270.0,24756828.0,681208.0,42535692.0,45059742.0,45059742.0,0,True,1.0,901.1948400000001,True,,,False,inventory_context_only_not_used_as_point_or_grid_model_evidence,SRC_IBM_NMI_2025,https://ibm.gov.in/IBMPortal/pages/national-mineral-inventory-at-a-glance-2025,https://ibm.gov.in/writereaddata/files/17848872906a6337fae632bChapter__5_Mineral_wise.pdf,491b70eccee4f1a63f9ae0fe25b1c2d7c40e8b7c714abab7e12a10e594020d67,pdfplumber_position_aware_columns_with_unfc_subtotal_validation
IBM-NMI2025-5-16-state-karnataka-total-01,official_nmi_resource_inventory,5.16,20,2025-04-01,Graphite,"[""Graphite""]",state,Karnataka,Karnataka,Total,bulk_mineral_or_source_grade,Tonne,1.0,tonnes,176250.0,420279.0,0.0,596529.0,39008.0,0.0,0.0,0.0,41605.0,15603.0,556216.0,652432.0,1248961.0,1248961.0,0,True,0.0,24.97922,True,,,False,inventory_context_only_not_used_as_point_or_grid_model_evidence,SRC_IBM_NMI_2025,https://ibm.gov.in/IBMPortal/pages/national-mineral-inventory-at-a-glance-2025,https://ibm.gov.in/writereaddata/files/17848872906a6337fae632bChapter__5_Mineral_wise.pdf,491b70eccee4f1a63f9ae0fe25b1c2d7c40e8b7c714abab7e12a10e594020d67,pdfplumber_position_aware_columns_with_unfc_subtotal_validation
IBM-NMI2025-5-16-state-kerala-total-01,official_nmi_resource_inventory,5.16,20,2025-04-01,Graphite,"[""Graphite""]",state,Kerala,Kerala,Total,bulk_mineral_or_source_grade,Tonne,1.0,tonnes,0.0,0.0,15443.0,15443.0,0.0,8376.0,0.0,0.0,1088550.0,322606.0,0.0,1419532.0,1434975.0,1434975.0,0,True,0.0,28.699500000000004,True,,,False,inventory_context_only_not_used_as_point_or_grid_model_evidence,SRC_IBM_NMI_2025,https://ibm.gov.in/IBMPortal/pages/national-mineral-inventory-at-a-glance-2025,https://ibm.gov.in/writereaddata/files/17848872906a6337fae632bChapter__5_Mineral_wise.pdf,491b70eccee4f1a63f9ae0fe25b1c2d7c40e8b7c714abab7e12a10e594020d67,pdfplumber_position_aware_columns_with_unfc_subtotal_validation
IBM-NMI2025-5-16-state-madhya-pradesh-total-01,official_nmi_resource_inventory,5.16,20,2025-04-01,Graphite,"[""Graphite""]",state,Madhya Pradesh,Madhya Pradesh,Total,bulk_mineral_or_source_grade,Tonne,1.0,tonnes,0.0,0.0,0.0,0.0,0.0,0.0,0.0,0.0,9400508.0,13434003.0,6110000.0,28944511.0,28944511.0,28944511.0,0,True,0.0,578.89022,True,,,False,inventory_context_only_not_used_as_point_or_grid_model_evidence,SRC_IBM_NMI_2025,https://ibm.gov.in/IBMPortal/pages/national-mineral-inventory-at-a-glance-2025,https://ibm.gov.in/writereaddata/files/17848872906a6337fae632bChapter__5_Mineral_wise.pdf,491b70eccee4f1a63f9ae0fe25b1c2d7c40e8b7c714abab7e12a10e594020d67,pdfplumber_position_aware_columns_with_unfc_subtotal_validation
IBM-NMI2025-5-16-state-maharashtra-total-01,official_nmi_resource_inventory,5.16,20,2025-04-01,Graphite,"[""Graphite""]",state,Maharashtra,Maharashtra,Total,bulk_mineral_or_source_grade,Tonne,1.0,tonnes,0.0,0.0,0.0,0.0,0.0,0.0,0.0,0.0,3577500.0,230000.0,0.0,3807500.0,3807500.0,3807500.0,0,True,0.0,76.15,True,,,False,inventory_context_only_not_used_as_point_or_grid_model_evidence,SRC_IBM_NMI_2025,https://ibm.gov.in/IBMPortal/pages/national-mineral-inventory-at-a-glance-2025,https://ibm.gov.in/writereaddata/files/17848872906a6337fae632bChapter__5_Mineral_wise.pdf,491b70eccee4f1a63f9ae0fe25b1c2d7c40e8b7c714abab7e12a10e594020d67,pdfplumber_position_aware_columns_with_unfc_subtotal_validation
IBM-NMI2025-5-16-state-odisha-total-01,official_nmi_resource_inventory,5.16,20,2025-04-01,Graphite,"[""Graphite""]",state,Odisha,Odisha,Total,bulk_mineral_or_source_grade,Tonne,1.0,tonnes,810729.0,5799678.0,1247034.0,7857441.0,1715811.0,1470162.0,1174859.0,704208.0,6590616.0,13278527.0,672184.0,25606366.0,33463807.0,33463807.0,0,True,1.0,669.27614,True,,,False,inventory_context_only_not_used_as_point_or_grid_model_evidence,SRC_IBM_NMI_2025,https://ibm.gov.in/IBMPortal/pages/national-mineral-inventory-at-a-glance-2025,https://ibm.gov.in/writereaddata/files/17848872906a6337fae632bChapter__5_Mineral_wise.pdf,491b70eccee4f1a63f9ae0fe25b1c2d7c40e8b7c714abab7e12a10e594020d67,pdfplumber_position_aware_columns_with_unfc_subtotal_validation
IBM-NMI2025-5-16-state-rajasthan-total-01,official_nmi_resource_inventory,5.16,20,2025-04-01,Graphite,"[""Graphite""]",state,Rajasthan,Rajasthan,Total,bulk_mineral_or_source_grade,Tonne,1.0,tonnes,0.0,0.0,0.0,0.0,47600.0,0.0,165920.0,0.0,250000.0,1450034.0,0.0,1913554.0,1913554.0,1913554.0,0,True,0.0,38.271080000000005,True,,,False,inventory_context_only_not_used_as_point_or_grid_model_evidence,SRC_IBM_NMI_2025,https://ibm.gov.in/IBMPortal/pages/national-mineral-inventory-at-a-glance-2025,https://ibm.gov.in/writereaddata/files/17848872906a6337fae632bChapter__5_Mineral_wise.pdf,491b70eccee4f1a63f9ae0fe25b1c2d7c40e8b7c714abab7e12a10e594020d67,pdfplumber_position_aware_columns_with_unfc_subtotal_validation
IBM-NMI2025-5-16-state-tamil-nadu-total-01,official_nmi_resource_inventory,5.16,20,2025-04-01,Graphite,"[""Graphite""]",state,Tamil Nadu,Tamil Nadu,Total,bulk_mineral_or_source_grade,Tonne,1.0,tonnes,1162183.0,0.0,0.0,1162183.0,39.0,2575851.0,2486.0,29136.0,647500.0,2955890.0,0.0,6210902.0,7373084.0,7373084.0,0,True,1.0,147.46168,True,,,False,inventory_context_only_not_used_as_point_or_grid_model_evidence,SRC_IBM_NMI_2025,https://ibm.gov.in/IBMPortal/pages/national-mineral-inventory-at-a-glance-2025,https://ibm.gov.in/writereaddata/files/17848872906a6337fae632bChapter__5_Mineral_wise.pdf,491b70eccee4f1a63f9ae0fe25b1c2d7c40e8b7c714abab7e12a10e594020d67,pdfplumber_position_aware_columns_with_unfc_subtotal_validation
IBM-NMI2025-5-16-state-telangana-total-01,official_nmi_resource_inventory,5.16,20,2025-04-01,Graphite,"[""Graphite""]",state,Telangana,Telangana,Total,bulk_mineral_or_source_grade,Tonne,1.0,tonnes,0.0,0.0,0.0,0.0,0.0,0.0,0.0,0.0,123636.0,95818.0,0.0,219455.0,219455.0,219455.0,0,True,1.0,4.3891,True,,,False,inventory_context_only_not_used_as_point_or_grid_model_evidence,SRC_IBM_NMI_2025,https://ibm.gov.in/IBMPortal/pages/national-mineral-inventory-at-a-glance-2025,https://ibm.gov.in/writereaddata/files/17848872906a6337fae632bChapter__5_Mineral_wise.pdf,491b70eccee4f1a63f9ae0fe25b1c2d7c40e8b7c714abab7e12a10e594020d67,pdfplumber_position_aware_columns_with_unfc_subtotal_validation
IBM-NMI2025-5-16-state-uttarakhand-total-01,official_nmi_resource_inventory,5.16,20,2025-04-01,Graphite,"[""Graphite""]",state,Uttarakhand,Uttarakhand,Total,bulk_mineral_or_source_grade,Tonne,1.0,tonnes,0.0,0.0,0.0,0.0,0.0,0.0,0.0,10700.0,0.0,0.0,0.0,10700.0,10700.0,10700.0,0,True,0.0,2.0,True,,,False,inventory_context_only_not_used_as_point_or_grid_model_evidence,SRC_IBM_NMI_2025,https://ibm.gov.in/IBMPortal/pages/national-mineral-inventory-at-a-glance-2025,https://ibm.gov.in/writereaddata/files/17848872906a6337fae632bChapter__5_Mineral_wise.pdf,491b70eccee4f1a63f9ae0fe25b1c2d7c40e8b7c714abab7e12a10e594020d67,pdfplumber_position_aware_columns_with_unfc_subtotal_validation
IBM-NMI2025-5-17-national-total-all-india-total-01,official_nmi_resource_inventory,5.17,21,2025-04-01,Iron ore (Hematite),"[""Iron""]",national_total,,All India,Total,bulk_mineral_or_source_grade,'000 Tonnes,1000.0,tonnes,7263270.0,2343241.0,1931227.0,11537738.0,3716122.0,2644066.0,2087408.0,1028668.0,2121718.0,6039127.0,3129176.0,20766285.0,32304023.0,32304023000.0,0,True,0.0,646.08046,True,,,False,inventory_context_only_not_used_as_point_or_grid_model_evidence,SRC_IBM_NMI_2025,https://ibm.gov.in/IBMPortal/pages/national-mineral-inventory-at-a-glance-2025,https://ibm.gov.in/writereaddata/files/17848872906a6337fae632bChapter__5_Mineral_wise.pdf,491b70eccee4f1a63f9ae0fe25b1c2d7c40e8b7c714abab7e12a10e594020d67,pdfplumber_position_aware_columns_with_unfc_subtotal_validation
IBM-NMI2025-5-17-grade-all-india-lump-high-grade-01,official_nmi_resource_inventory,5.17,21,2025-04-01,Iron ore (Hematite),"[""Iron""]",grade,,All India,"Lump, High grade",bulk_mineral_or_source_grade,'000 Tonnes,1000.0,tonnes,1325245.0,120027.0,49960.0,1495231.0,653846.0,154315.0,132209.0,69900.0,35640.0,140297.0,35951.0,1222158.0,2717389.0,2717389000.0,0,True,1.0,54.34778000000001,True,,,False,inventory_context_only_not_used_as_point_or_grid_model_evidence,SRC_IBM_NMI_2025,https://ibm.gov.in/IBMPortal/pages/national-mineral-inventory-at-a-glance-2025,https://ibm.gov.in/writereaddata/files/17848872906a6337fae632bChapter__5_Mineral_wise.pdf,491b70eccee4f1a63f9ae0fe25b1c2d7c40e8b7c714abab7e12a10e594020d67,pdfplumber_position_aware_columns_with_unfc_subtotal_validation
IBM-NMI2025-5-17-grade-all-india-lump-medium-grade-01,official_nmi_resource_inventory,5.17,21,2025-04-01,Iron ore (Hematite),"[""Iron""]",grade,,All India,"Lump, Medium grade",bulk_mineral_or_source_grade,'000 Tonnes,1000.0,tonnes,1114022.0,263374.0,687509.0,2064906.0,1088558.0,385120.0,635915.0,239485.0,579142.0,1503909.0,93275.0,4525404.0,6590310.0,6590310000.0,0,True,1.0,131.80620000000002,True,,,False,inventory_context_only_not_used_as_point_or_grid_model_evidence,SRC_IBM_NMI_2025,https://ibm.gov.in/IBMPortal/pages/national-mineral-inventory-at-a-glance-2025,https://ibm.gov.in/writereaddata/files/17848872906a6337fae632bChapter__5_Mineral_wise.pdf,491b70eccee4f1a63f9ae0fe25b1c2d7c40e8b7c714abab7e12a10e594020d67,pdfplumber_position_aware_columns_with_unfc_subtotal_validation
IBM-NMI2025-5-17-grade-all-india-lump-low-grade-01,official_nmi_resource_inventory,5.17,21,2025-04-01,Iron ore (Hematite),"[""Iron""]",grade,,All India,"Lump, Low grade",bulk_mineral_or_source_grade,'000 Tonnes,1000.0,tonnes,1296427.0,812588.0,363403.0,2472418.0,469038.0,344563.0,91918.0,168002.0,299588.0,987554.0,239340.0,2600003.0,5072421.0,5072421000.0,0,True,0.0,101.44842000000001,True,,,False,inventory_context_only_not_used_as_point_or_grid_model_evidence,SRC_IBM_NMI_2025,https://ibm.gov.in/IBMPortal/pages/national-mineral-inventory-at-a-glance-2025,https://ibm.gov.in/writereaddata/files/17848872906a6337fae632bChapter__5_Mineral_wise.pdf,491b70eccee4f1a63f9ae0fe25b1c2d7c40e8b7c714abab7e12a10e594020d67,pdfplumber_position_aware_columns_with_unfc_subtotal_validation
IBM-NMI2025-5-17-grade-all-india-lump-unclassified-grade-01,official_nmi_resource_inventory,5.17,21,2025-04-01,Iron ore (Hematite),"[""Iron""]",grade,,All India,"Lump, Unclassified grade",bulk_mineral_or_source_grade,'000 Tonnes,1000.0,tonnes,194.0,0.0,16.0,210.0,54880.0,28.0,7782.0,16768.0,31742.0,112248.0,22800.0,246248.0,246459.0,246459000.0,0,True,1.0,4.929180000000001,True,,,False,inventory_context_only_not_used_as_point_or_grid_model_evidence,SRC_IBM_NMI_2025,https://ibm.gov.in/IBMPortal/pages/national-mineral-inventory-at-a-glance-2025,https://ibm.gov.in/writereaddata/files/17848872906a6337fae632bChapter__5_Mineral_wise.pdf,491b70eccee4f1a63f9ae0fe25b1c2d7c40e8b7c714abab7e12a10e594020d67,pdfplumber_position_aware_columns_with_unfc_subtotal_validation
IBM-NMI2025-5-17-grade-all-india-fines-high-grade-01,official_nmi_resource_inventory,5.17,21,2025-04-01,Iron ore (Hematite),"[""Iron""]",grade,,All India,"Fines, high grade",bulk_mineral_or_source_grade,'000 Tonnes,1000.0,tonnes,0.0,0.0,0.0,0.0,7222.0,1196.0,4849.0,44930.0,8451.0,147.0,0.0,66796.0,66796.0,66796000.0,0,True,1.0,2.0,True,,,False,inventory_context_only_not_used_as_point_or_grid_model_evidence,SRC_IBM_NMI_2025,https://ibm.gov.in/IBMPortal/pages/national-mineral-inventory-at-a-glance-2025,https://ibm.gov.in/writereaddata/files/17848872906a6337fae632bChapter__5_Mineral_wise.pdf,491b70eccee4f1a63f9ae0fe25b1c2d7c40e8b7c714abab7e12a10e594020d67,pdfplumber_position_aware_columns_with_unfc_subtotal_validation
IBM-NMI2025-5-17-grade-all-india-fines-medium-grade-01,official_nmi_resource_inventory,5.17,21,2025-04-01,Iron ore (Hematite),"[""Iron""]",grade,,All India,"Fines, medium grade",bulk_mineral_or_source_grade,'000 Tonnes,1000.0,tonnes,9995.0,7372.0,22381.0,39748.0,5872.0,235100.0,38171.0,170724.0,268136.0,432734.0,932.0,1151668.0,1191416.0,1191416000.0,0,True,1.0,23.82832,True,,,False,inventory_context_only_not_used_as_point_or_grid_model_evidence,SRC_IBM_NMI_2025,https://ibm.gov.in/IBMPortal/pages/national-mineral-inventory-at-a-glance-2025,https://ibm.gov.in/writereaddata/files/17848872906a6337fae632bChapter__5_Mineral_wise.pdf,491b70eccee4f1a63f9ae0fe25b1c2d7c40e8b7c714abab7e12a10e594020d67,pdfplumber_position_aware_columns_with_unfc_subtotal_validation
IBM-NMI2025-5-17-grade-all-india-fines-low-grade-01,official_nmi_resource_inventory,5.17,21,2025-04-01,Iron ore (Hematite),"[""Iron""]",grade,,All India,"Fines, Low grade",bulk_mineral_or_source_grade,'000 Tonnes,1000.0,tonnes,50436.0,7666.0,17848.0,75949.0,219298.0,208092.0,98672.0,23552.0,151379.0,501600.0,4048.0,1206641.0,1282590.0,1282590000.0,0,True,1.0,25.6518,True,,,False,inventory_context_only_not_used_as_point_or_grid_model_evidence,SRC_IBM_NMI_2025,https://ibm.gov.in/IBMPortal/pages/national-mineral-inventory-at-a-glance-2025,https://ibm.gov.in/writereaddata/files/17848872906a6337fae632bChapter__5_Mineral_wise.pdf,491b70eccee4f1a63f9ae0fe25b1c2d7c40e8b7c714abab7e12a10e594020d67,pdfplumber_position_aware_columns_with_unfc_subtotal_validation
IBM-NMI2025-5-17-grade-all-india-fines-unclassified-grade-01,official_nmi_resource_inventory,5.17,21,2025-04-01,Iron ore (Hematite),"[""Iron""]",grade,,All India,"Fines, unclassified grade",bulk_mineral_or_source_grade,'000 Tonnes,1000.0,tonnes,300.0,190.0,0.0,490.0,343.0,341.0,0.0,8734.0,12610.0,78658.0,15200.0,115885.0,116375.0,116375000.0,0,True,1.0,2.3275,True,,,False,inventory_context_only_not_used_as_point_or_grid_model_evidence,SRC_IBM_NMI_2025,https://ibm.gov.in/IBMPortal/pages/national-mineral-inventory-at-a-glance-2025,https://ibm.gov.in/writereaddata/files/17848872906a6337fae632bChapter__5_Mineral_wise.pdf,491b70eccee4f1a63f9ae0fe25b1c2d7c40e8b7c714abab7e12a10e594020d67,pdfplumber_position_aware_columns_with_unfc_subtotal_validation
IBM-NMI2025-5-17-grade-all-india-lumps-fines-high-grade-01,official_nmi_resource_inventory,5.17,21,2025-04-01,Iron ore (Hematite),"[""Iron""]",grade,,All India,"Lumps & fines, high grade",bulk_mineral_or_source_grade,'000 Tonnes,1000.0,tonnes,385633.0,0.0,42365.0,427998.0,75009.0,30493.0,38552.0,0.0,322.0,231121.0,295127.0,670623.0,1098622.0,1098622000.0,0,True,1.0,21.972440000000002,True,,,False,inventory_context_only_not_used_as_point_or_grid_model_evidence,SRC_IBM_NMI_2025,https://ibm.gov.in/IBMPortal/pages/national-mineral-inventory-at-a-glance-2025,https://ibm.gov.in/writereaddata/files/17848872906a6337fae632bChapter__5_Mineral_wise.pdf,491b70eccee4f1a63f9ae0fe25b1c2d7c40e8b7c714abab7e12a10e594020d67,pdfplumber_position_aware_columns_with_unfc_subtotal_validation
IBM-NMI2025-5-17-grade-all-india-lumps-fines-medium-grade-01,official_nmi_resource_inventory,5.17,21,2025-04-01,Iron ore (Hematite),"[""Iron""]",grade,,All India,"Lumps & fines, medium grade",bulk_mineral_or_source_grade,'000 Tonnes,1000.0,tonnes,1345647.0,879114.0,465443.0,2690204.0,352811.0,424734.0,110747.0,146373.0,153724.0,444420.0,280531.0,1913341.0,4603545.0,4603545000.0,0,True,1.0,92.07090000000001,True,,,False,inventory_context_only_not_used_as_point_or_grid_model_evidence,SRC_IBM_NMI_2025,https://ibm.gov.in/IBMPortal/pages/national-mineral-inventory-at-a-glance-2025,https://ibm.gov.in/writereaddata/files/17848872906a6337fae632bChapter__5_Mineral_wise.pdf,491b70eccee4f1a63f9ae0fe25b1c2d7c40e8b7c714abab7e12a10e594020d67,pdfplumber_position_aware_columns_with_unfc_subtotal_validation
IBM-NMI2025-5-17-grade-all-india-lumps-fines-low-grade-01,official_nmi_resource_inventory,5.17,21,2025-04-01,Iron ore (Hematite),"[""Iron""]",grade,,All India,"Lumps & fines, low grade",bulk_mineral_or_source_grade,'000 Tonnes,1000.0,tonnes,488319.0,7463.0,109867.0,605649.0,365624.0,700201.0,663261.0,55464.0,116785.0,505235.0,102621.0,2509190.0,3114839.0,3114839000.0,0,True,1.0,62.296780000000005,True,,,False,inventory_context_only_not_used_as_point_or_grid_model_evidence,SRC_IBM_NMI_2025,https://ibm.gov.in/IBMPortal/pages/national-mineral-inventory-at-a-glance-2025,https://ibm.gov.in/writereaddata/files/17848872906a6337fae632bChapter__5_Mineral_wise.pdf,491b70eccee4f1a63f9ae0fe25b1c2d7c40e8b7c714abab7e12a10e594020d67,pdfplumber_position_aware_columns_with_unfc_subtotal_validation
IBM-NMI2025-5-17-grade-all-india-lumps-fines-unclassified-grade-01,official_nmi_resource_inventory,5.17,21,2025-04-01,Iron ore (Hematite),"[""Iron""]",grade,,All India,Lumps & fines unclassified grade,bulk_mineral_or_source_grade,'000 Tonnes,1000.0,tonnes,87694.0,47108.0,12519.0,147321.0,42734.0,48317.0,23766.0,3604.0,1949.0,29033.0,3602.0,153005.0,300326.0,300326000.0,0,True,0.0,6.00652,True,,,False,inventory_context_only_not_used_as_point_or_grid_model_evidence,SRC_IBM_NMI_2025,https://ibm.gov.in/IBMPortal/pages/national-mineral-inventory-at-a-glance-2025,https://ibm.gov.in/writereaddata/files/17848872906a6337fae632bChapter__5_Mineral_wise.pdf,491b70eccee4f1a63f9ae0fe25b1c2d7c40e8b7c714abab7e12a10e594020d67,pdfplumber_position_aware_columns_with_unfc_subtotal_validation
IBM-NMI2025-5-17-grade-all-india-black-iron-ore-01,official_nmi_resource_inventory,5.17,21,2025-04-01,Iron ore (Hematite),"[""Iron""]",grade,,All India,Black Iron Ore,ore,'000 Tonnes,1000.0,tonnes,0.0,0.0,0.0,0.0,7017.0,3224.0,2120.0,0.0,1059.0,6986.0,0.0,20406.0,20406.0,20406000.0,0,True,0.0,2.0,True,,,False,inventory_context_only_not_used_as_point_or_grid_model_evidence,SRC_IBM_NMI_2025,https://ibm.gov.in/IBMPortal/pages/national-mineral-inventory-at-a-glance-2025,https://ibm.gov.in/writereaddata/files/17848872906a6337fae632bChapter__5_Mineral_wise.pdf,491b70eccee4f1a63f9ae0fe25b1c2d7c40e8b7c714abab7e12a10e594020d67,pdfplumber_position_aware_columns_with_unfc_subtotal_validation
IBM-NMI2025-5-17-grade-all-india-beneficiable-grade-01,official_nmi_resource_inventory,5.17,21,2025-04-01,Iron ore (Hematite),"[""Iron""]",grade,,All India,Beneficiable grade,bulk_mineral_or_source_grade,'000 Tonnes,1000.0,tonnes,306877.0,166640.0,114703.0,588220.0,122097.0,68056.0,147914.0,76036.0,435543.0,363601.0,214911.0,1428159.0,2016379.0,2016379000.0,0,True,1.0,40.327580000000005,True,,,False,inventory_context_only_not_used_as_point_or_grid_model_evidence,SRC_IBM_NMI_2025,https://ibm.gov.in/IBMPortal/pages/national-mineral-inventory-at-a-glance-2025,https://ibm.gov.in/writereaddata/files/17848872906a6337fae632bChapter__5_Mineral_wise.pdf,491b70eccee4f1a63f9ae0fe25b1c2d7c40e8b7c714abab7e12a10e594020d67,pdfplumber_position_aware_columns_with_unfc_subtotal_validation
IBM-NMI2025-5-17-grade-all-india-others-01,official_nmi_resource_inventory,5.17,21,2025-04-01,Iron ore (Hematite),"[""Iron""]",grade,,All India,Others,bulk_mineral_or_source_grade,'000 Tonnes,1000.0,tonnes,127396.0,26250.0,15059.0,168705.0,17751.0,1368.0,27151.0,0.0,16590.0,433310.0,190943.0,687112.0,855817.0,855817000.0,0,True,1.0,17.11634,True,,,False,inventory_context_only_not_used_as_point_or_grid_model_evidence,SRC_IBM_NMI_2025,https://ibm.gov.in/IBMPortal/pages/national-mineral-inventory-at-a-glance-2025,https://ibm.gov.in/writereaddata/files/17848872906a6337fae632bChapter__5_Mineral_wise.pdf,491b70eccee4f1a63f9ae0fe25b1c2d7c40e8b7c714abab7e12a10e594020d67,pdfplumber_position_aware_columns_with_unfc_subtotal_validation
IBM-NMI2025-5-17-grade-all-india-unclassified-01,official_nmi_resource_inventory,5.17,21,2025-04-01,Iron ore (Hematite),"[""Iron""]",grade,,All India,Unclassified,bulk_mineral_or_source_grade,'000 Tonnes,1000.0,tonnes,601646.0,3559.0,30155.0,635361.0,198321.0,17164.0,54894.0,5095.0,8908.0,86652.0,105046.0,476081.0,1111442.0,1111442000.0,0,True,1.0,22.22884,True,,,False,inventory_context_only_not_used_as_point_or_grid_model_evidence,SRC_IBM_NMI_2025,https://ibm.gov.in/IBMPortal/pages/national-mineral-inventory-at-a-glance-2025,https://ibm.gov.in/writereaddata/files/17848872906a6337fae632bChapter__5_Mineral_wise.pdf,491b70eccee4f1a63f9ae0fe25b1c2d7c40e8b7c714abab7e12a10e594020d67,pdfplumber_position_aware_columns_with_unfc_subtotal_validation
IBM-NMI2025-5-17-grade-all-india-not-known-01,official_nmi_resource_inventory,5.17,21,2025-04-01,Iron ore (Hematite),"[""Iron""]",grade,,All India,Not known,bulk_mineral_or_source_grade,'000 Tonnes,1000.0,tonnes,1393.0,0.0,0.0,1393.0,1365.0,20000.0,3864.0,0.0,151.0,180168.0,1524850.0,1730398.0,1731791.0,1731791000.0,0,True,0.0,34.63582,True,,,False,inventory_context_only_not_used_as_point_or_grid_model_evidence,SRC_IBM_NMI_2025,https://ibm.gov.in/IBMPortal/pages/national-mineral-inventory-at-a-glance-2025,https://ibm.gov.in/writereaddata/files/17848872906a6337fae632bChapter__5_Mineral_wise.pdf,491b70eccee4f1a63f9ae0fe25b1c2d7c40e8b7c714abab7e12a10e594020d67,pdfplumber_position_aware_columns_with_unfc_subtotal_validation
IBM-NMI2025-5-17-grade-all-india-lumps-fines-blue-dust-low-grade-01,official_nmi_resource_inventory,5.17,21,2025-04-01,Iron ore (Hematite),"[""Iron""]",grade,,All India,"Lumps & fines & blue dust, Low grade",bulk_mineral_or_source_grade,'000 Tonnes,1000.0,tonnes,0.0,0.0,0.0,0.0,0.0,0.0,410.0,0.0,0.0,1437.0,0.0,1847.0,1847.0,1847000.0,0,True,0.0,2.0,True,,,False,inventory_context_only_not_used_as_point_or_grid_model_evidence,SRC_IBM_NMI_2025,https://ibm.gov.in/IBMPortal/pages/national-mineral-inventory-at-a-glance-2025,https://ibm.gov.in/writereaddata/files/17848872906a6337fae632bChapter__5_Mineral_wise.pdf,491b70eccee4f1a63f9ae0fe25b1c2d7c40e8b7c714abab7e12a10e594020d67,pdfplumber_position_aware_columns_with_unfc_subtotal_validation
IBM-NMI2025-5-17-grade-all-india-lumps-fines-blue-dust-unclassified-grade-01,official_nmi_resource_inventory,5.17,21,2025-04-01,Iron ore (Hematite),"[""Iron""]",grade,,All India,"Lumps & fines & blue dust, unclassified grade",bulk_mineral_or_source_grade,'000 Tonnes,1000.0,tonnes,122045.0,1890.0,0.0,123935.0,34335.0,1755.0,5213.0,0.0,0.0,16.0,0.0,41319.0,165254.0,165254000.0,0,True,0.0,3.3050800000000002,True,,,False,inventory_context_only_not_used_as_point_or_grid_model_evidence,SRC_IBM_NMI_2025,https://ibm.gov.in/IBMPortal/pages/national-mineral-inventory-at-a-glance-2025,https://ibm.gov.in/writereaddata/files/17848872906a6337fae632bChapter__5_Mineral_wise.pdf,491b70eccee4f1a63f9ae0fe25b1c2d7c40e8b7c714abab7e12a10e594020d67,pdfplumber_position_aware_columns_with_unfc_subtotal_validation
IBM-NMI2025-5-17-state-andhra-pradesh-total-01,official_nmi_resource_inventory,5.17,21,2025-04-01,Iron ore (Hematite),"[""Iron""]",state,Andhra Pradesh,Andhra Pradesh,Total,bulk_mineral_or_source_grade,'000 Tonnes,1000.0,tonnes,34321.0,0.0,12270.0,46591.0,41889.0,69591.0,62944.0,377.0,5863.0,144488.0,23039.0,348193.0,394784.0,394784000.0,0,True,2.0,7.8956800000000005,True,,,False,inventory_context_only_not_used_as_point_or_grid_model_evidence,SRC_IBM_NMI_2025,https://ibm.gov.in/IBMPortal/pages/national-mineral-inventory-at-a-glance-2025,https://ibm.gov.in/writereaddata/files/17848872906a6337fae632bChapter__5_Mineral_wise.pdf,491b70eccee4f1a63f9ae0fe25b1c2d7c40e8b7c714abab7e12a10e594020d67,pdfplumber_position_aware_columns_with_unfc_subtotal_validation
IBM-NMI2025-5-17-state-assam-total-01,official_nmi_resource_inventory,5.17,21,2025-04-01,Iron ore (Hematite),"[""Iron""]",state,Assam,Assam,Total,bulk_mineral_or_source_grade,'000 Tonnes,1000.0,tonnes,0.0,0.0,0.0,0.0,0.0,0.0,0.0,0.0,8600.0,22290.0,0.0,30890.0,30890.0,30890000.0,0,True,0.0,2.0,True,,,False,inventory_context_only_not_used_as_point_or_grid_model_evidence,SRC_IBM_NMI_2025,https://ibm.gov.in/IBMPortal/pages/national-mineral-inventory-at-a-glance-2025,https://ibm.gov.in/writereaddata/files/17848872906a6337fae632bChapter__5_Mineral_wise.pdf,491b70eccee4f1a63f9ae0fe25b1c2d7c40e8b7c714abab7e12a10e594020d67,pdfplumber_position_aware_columns_with_unfc_subtotal_validation
IBM-NMI2025-5-17-state-bihar-total-01,official_nmi_resource_inventory,5.17,21,2025-04-01,Iron ore (Hematite),"[""Iron""]",state,Bihar,Bihar,Total,bulk_mineral_or_source_grade,'000 Tonnes,1000.0,tonnes,0.0,0.0,0.0,0.0,0.0,0.0,0.0,0.0,0.0,55.0,0.0,55.0,55.0,55000.0,0,True,0.0,2.0,True,,,False,inventory_context_only_not_used_as_point_or_grid_model_evidence,SRC_IBM_NMI_2025,https://ibm.gov.in/IBMPortal/pages/national-mineral-inventory-at-a-glance-2025,https://ibm.gov.in/writereaddata/files/17848872906a6337fae632bChapter__5_Mineral_wise.pdf,491b70eccee4f1a63f9ae0fe25b1c2d7c40e8b7c714abab7e12a10e594020d67,pdfplumber_position_aware_columns_with_unfc_subtotal_validation
IBM-NMI2025-5-17-state-chhattisgarh-total-01,official_nmi_resource_inventory,5.17,21,2025-04-01,Iron ore (Hematite),"[""Iron""]",state,Chhattisgarh,Chattishgarh,Total,bulk_mineral_or_source_grade,'000 Tonnes,1000.0,tonnes,1750646.0,3727.0,111412.0,1865785.0,461370.0,7666.0,33095.0,133391.0,538735.0,1048859.0,1101020.0,3324136.0,5189921.0,5189921000.0,0,True,0.0,103.79842000000001,True,,,False,inventory_context_only_not_used_as_point_or_grid_model_evidence,SRC_IBM_NMI_2025,https://ibm.gov.in/IBMPortal/pages/national-mineral-inventory-at-a-glance-2025,https://ibm.gov.in/writereaddata/files/17848872906a6337fae632bChapter__5_Mineral_wise.pdf,491b70eccee4f1a63f9ae0fe25b1c2d7c40e8b7c714abab7e12a10e594020d67,pdfplumber_position_aware_columns_with_unfc_subtotal_validation
IBM-NMI2025-5-17-state-goa-total-01,official_nmi_resource_inventory,5.17,21,2025-04-01,Iron ore (Hematite),"[""Iron""]",state,Goa,Goa,Total,bulk_mineral_or_source_grade,'000 Tonnes,1000.0,tonnes,101206.0,7666.0,14029.0,122900.0,458299.0,261594.0,198174.0,26281.0,23745.0,164575.0,5701.0,1138368.0,1261268.0,1261268000.0,0,True,1.0,25.225360000000002,True,,,False,inventory_context_only_not_used_as_point_or_grid_model_evidence,SRC_IBM_NMI_2025,https://ibm.gov.in/IBMPortal/pages/national-mineral-inventory-at-a-glance-2025,https://ibm.gov.in/writereaddata/files/17848872906a6337fae632bChapter__5_Mineral_wise.pdf,491b70eccee4f1a63f9ae0fe25b1c2d7c40e8b7c714abab7e12a10e594020d67,pdfplumber_position_aware_columns_with_unfc_subtotal_validation
IBM-NMI2025-5-17-state-jharkhand-total-01,official_nmi_resource_inventory,5.17,22,2025-04-01,Iron ore (Hematite),"[""Iron""]",state,Jharkhand,Jharkhand,Total,bulk_mineral_or_source_grade,'000 Tonnes,1000.0,tonnes,454012.0,31741.0,205133.0,690886.0,261103.0,923087.0,822119.0,102069.0,122904.0,615636.0,1334762.0,4181680.0,4872566.0,4872566000.0,0,True,0.0,97.45132000000001,True,,,False,inventory_context_only_not_used_as_point_or_grid_model_evidence,SRC_IBM_NMI_2025,https://ibm.gov.in/IBMPortal/pages/national-mineral-inventory-at-a-glance-2025,https://ibm.gov.in/writereaddata/files/17848872906a6337fae632bChapter__5_Mineral_wise.pdf,491b70eccee4f1a63f9ae0fe25b1c2d7c40e8b7c714abab7e12a10e594020d67,pdfplumber_position_aware_columns_with_unfc_subtotal_validation
IBM-NMI2025-5-17-state-karnataka-total-01,official_nmi_resource_inventory,5.17,22,2025-04-01,Iron ore (Hematite),"[""Iron""]",state,Karnataka,Karnataka,Total,bulk_mineral_or_source_grade,'000 Tonnes,1000.0,tonnes,1234111.0,971.0,90752.0,1325833.0,471517.0,44479.0,90677.0,587355.0,63469.0,502512.0,209991.0,1969999.0,3295833.0,3295833000.0,0,True,1.0,65.91666000000001,True,,,False,inventory_context_only_not_used_as_point_or_grid_model_evidence,SRC_IBM_NMI_2025,https://ibm.gov.in/IBMPortal/pages/national-mineral-inventory-at-a-glance-2025,https://ibm.gov.in/writereaddata/files/17848872906a6337fae632bChapter__5_Mineral_wise.pdf,491b70eccee4f1a63f9ae0fe25b1c2d7c40e8b7c714abab7e12a10e594020d67,pdfplumber_position_aware_columns_with_unfc_subtotal_validation
IBM-NMI2025-5-17-state-madhya-pradesh-total-01,official_nmi_resource_inventory,5.17,22,2025-04-01,Iron ore (Hematite),"[""Iron""]",state,Madhya Pradesh,Madhya Pradesh,Total,bulk_mineral_or_source_grade,'000 Tonnes,1000.0,tonnes,8675.0,9169.0,46486.0,64330.0,16858.0,5192.0,51603.0,11693.0,2322.0,148883.0,59773.0,296325.0,360655.0,360655000.0,0,True,1.0,7.213100000000001,True,,,False,inventory_context_only_not_used_as_point_or_grid_model_evidence,SRC_IBM_NMI_2025,https://ibm.gov.in/IBMPortal/pages/national-mineral-inventory-at-a-glance-2025,https://ibm.gov.in/writereaddata/files/17848872906a6337fae632bChapter__5_Mineral_wise.pdf,491b70eccee4f1a63f9ae0fe25b1c2d7c40e8b7c714abab7e12a10e594020d67,pdfplumber_position_aware_columns_with_unfc_subtotal_validation
IBM-NMI2025-5-17-state-maharashtra-total-01,official_nmi_resource_inventory,5.17,22,2025-04-01,Iron ore (Hematite),"[""Iron""]",state,Maharashtra,Maharashtra,Total,bulk_mineral_or_source_grade,'000 Tonnes,1000.0,tonnes,30059.0,1815.0,248248.0,280121.0,4451.0,23256.0,29383.0,84522.0,73724.0,313317.0,32474.0,561127.0,841248.0,841248000.0,0,True,1.0,16.82496,True,,,False,inventory_context_only_not_used_as_point_or_grid_model_evidence,SRC_IBM_NMI_2025,https://ibm.gov.in/IBMPortal/pages/national-mineral-inventory-at-a-glance-2025,https://ibm.gov.in/writereaddata/files/17848872906a6337fae632bChapter__5_Mineral_wise.pdf,491b70eccee4f1a63f9ae0fe25b1c2d7c40e8b7c714abab7e12a10e594020d67,pdfplumber_position_aware_columns_with_unfc_subtotal_validation
IBM-NMI2025-5-17-state-meghalaya-total-01,official_nmi_resource_inventory,5.17,22,2025-04-01,Iron ore (Hematite),"[""Iron""]",state,Meghalaya,Meghalaya,Total,bulk_mineral_or_source_grade,'000 Tonnes,1000.0,tonnes,0.0,0.0,0.0,0.0,0.0,0.0,0.0,0.0,0.0,225.0,0.0,225.0,225.0,225000.0,0,True,0.0,2.0,True,,,False,inventory_context_only_not_used_as_point_or_grid_model_evidence,SRC_IBM_NMI_2025,https://ibm.gov.in/IBMPortal/pages/national-mineral-inventory-at-a-glance-2025,https://ibm.gov.in/writereaddata/files/17848872906a6337fae632bChapter__5_Mineral_wise.pdf,491b70eccee4f1a63f9ae0fe25b1c2d7c40e8b7c714abab7e12a10e594020d67,pdfplumber_position_aware_columns_with_unfc_subtotal_validation
IBM-NMI2025-5-17-state-odisha-total-01,official_nmi_resource_inventory,5.17,22,2025-04-01,Iron ore (Hematite),"[""Iron""]",state,Odisha,Odisha,Total,bulk_mineral_or_source_grade,'000 Tonnes,1000.0,tonnes,3558175.0,2287035.0,1202824.0,7048034.0,1979677.0,1285264.0,798298.0,82980.0,1260308.0,2864528.0,329829.0,8600885.0,15648919.0,15648919000.0,0,True,1.0,312.97838,True,,,False,inventory_context_only_not_used_as_point_or_grid_model_evidence,SRC_IBM_NMI_2025,https://ibm.gov.in/IBMPortal/pages/national-mineral-inventory-at-a-glance-2025,https://ibm.gov.in/writereaddata/files/17848872906a6337fae632bChapter__5_Mineral_wise.pdf,491b70eccee4f1a63f9ae0fe25b1c2d7c40e8b7c714abab7e12a10e594020d67,pdfplumber_position_aware_columns_with_unfc_subtotal_validation
IBM-NMI2025-5-17-state-rajasthan-total-01,official_nmi_resource_inventory,5.17,22,2025-04-01,Iron ore (Hematite),"[""Iron""]",state,Rajasthan,Rajasthan,Total,bulk_mineral_or_source_grade,'000 Tonnes,1000.0,tonnes,92065.0,1118.0,73.0,93257.0,19795.0,3834.0,1116.0,0.0,18679.0,41264.0,5347.0,90035.0,183292.0,183292000.0,0,True,1.0,3.66584,True,,,False,inventory_context_only_not_used_as_point_or_grid_model_evidence,SRC_IBM_NMI_2025,https://ibm.gov.in/IBMPortal/pages/national-mineral-inventory-at-a-glance-2025,https://ibm.gov.in/writereaddata/files/17848872906a6337fae632bChapter__5_Mineral_wise.pdf,491b70eccee4f1a63f9ae0fe25b1c2d7c40e8b7c714abab7e12a10e594020d67,pdfplumber_position_aware_columns_with_unfc_subtotal_validation
IBM-NMI2025-5-17-state-telangana-total-01,official_nmi_resource_inventory,5.17,22,2025-04-01,Iron ore (Hematite),"[""Iron""]",state,Telangana,Telangana,Total,bulk_mineral_or_source_grade,'000 Tonnes,1000.0,tonnes,0.0,0.0,0.0,0.0,1162.0,102.0,0.0,0.0,3370.0,73754.0,27240.0,105627.0,105627.0,105627000.0,0,True,1.0,2.11254,True,,,False,inventory_context_only_not_used_as_point_or_grid_model_evidence,SRC_IBM_NMI_2025,https://ibm.gov.in/IBMPortal/pages/national-mineral-inventory-at-a-glance-2025,https://ibm.gov.in/writereaddata/files/17848872906a6337fae632bChapter__5_Mineral_wise.pdf,491b70eccee4f1a63f9ae0fe25b1c2d7c40e8b7c714abab7e12a10e594020d67,pdfplumber_position_aware_columns_with_unfc_subtotal_validation
IBM-NMI2025-5-17-state-uttar-pradesh-total-01,official_nmi_resource_inventory,5.17,22,2025-04-01,Iron ore (Hematite),"[""Iron""]",state,Uttar Pradesh,Uttar Pradesh,Total,bulk_mineral_or_source_grade,'000 Tonnes,1000.0,tonnes,0.0,0.0,0.0,0.0,0.0,20000.0,0.0,0.0,0.0,98740.0,0.0,118740.0,118740.0,118740000.0,0,True,0.0,2.3748,True,,,False,inventory_context_only_not_used_as_point_or_grid_model_evidence,SRC_IBM_NMI_2025,https://ibm.gov.in/IBMPortal/pages/national-mineral-inventory-at-a-glance-2025,https://ibm.gov.in/writereaddata/files/17848872906a6337fae632bChapter__5_Mineral_wise.pdf,491b70eccee4f1a63f9ae0fe25b1c2d7c40e8b7c714abab7e12a10e594020d67,pdfplumber_position_aware_columns_with_unfc_subtotal_validation
IBM-NMI2025-5-18-national-total-all-india-total-01,official_nmi_resource_inventory,5.18,23,2025-04-01,Iron ore (Magnetite),"[""Iron""]",national_total,,All India,Total,bulk_mineral_or_source_grade,'000 Tonnes,1000.0,tonnes,242009.0,320.0,2485.0,244814.0,360861.0,16177.0,54242.0,1513168.0,2086860.0,6449511.0,1157342.0,11638160.0,11882975.0,11882975000.0,0,True,1.0,237.6595,True,,,False,inventory_context_only_not_used_as_point_or_grid_model_evidence,SRC_IBM_NMI_2025,https://ibm.gov.in/IBMPortal/pages/national-mineral-inventory-at-a-glance-2025,https://ibm.gov.in/writereaddata/files/17848872906a6337fae632bChapter__5_Mineral_wise.pdf,491b70eccee4f1a63f9ae0fe25b1c2d7c40e8b7c714abab7e12a10e594020d67,pdfplumber_position_aware_columns_with_unfc_subtotal_validation
IBM-NMI2025-5-18-grade-all-india-metallurgical-01,official_nmi_resource_inventory,5.18,23,2025-04-01,Iron ore (Magnetite),"[""Iron""]",grade,,All India,Metallurgical,contained_metal_or_compound,'000 Tonnes,1000.0,tonnes,27951.0,0.0,0.0,27951.0,182935.0,0.0,21583.0,690596.0,398362.0,968739.0,13555.0,2275770.0,2303721.0,2303721000.0,0,True,0.0,46.07442,True,,,False,inventory_context_only_not_used_as_point_or_grid_model_evidence,SRC_IBM_NMI_2025,https://ibm.gov.in/IBMPortal/pages/national-mineral-inventory-at-a-glance-2025,https://ibm.gov.in/writereaddata/files/17848872906a6337fae632bChapter__5_Mineral_wise.pdf,491b70eccee4f1a63f9ae0fe25b1c2d7c40e8b7c714abab7e12a10e594020d67,pdfplumber_position_aware_columns_with_unfc_subtotal_validation
IBM-NMI2025-5-18-grade-all-india-coal-washery-01,official_nmi_resource_inventory,5.18,23,2025-04-01,Iron ore (Magnetite),"[""Iron""]",grade,,All India,Coal Washery,bulk_mineral_or_source_grade,'000 Tonnes,1000.0,tonnes,58213.0,0.0,0.0,58213.0,0.0,518.0,1981.0,411.0,318.0,16168.0,34.0,19429.0,77642.0,77642000.0,0,True,1.0,2.0,True,,,False,inventory_context_only_not_used_as_point_or_grid_model_evidence,SRC_IBM_NMI_2025,https://ibm.gov.in/IBMPortal/pages/national-mineral-inventory-at-a-glance-2025,https://ibm.gov.in/writereaddata/files/17848872906a6337fae632bChapter__5_Mineral_wise.pdf,491b70eccee4f1a63f9ae0fe25b1c2d7c40e8b7c714abab7e12a10e594020d67,pdfplumber_position_aware_columns_with_unfc_subtotal_validation
IBM-NMI2025-5-18-grade-all-india-foundary-01,official_nmi_resource_inventory,5.18,23,2025-04-01,Iron ore (Magnetite),"[""Iron""]",grade,,All India,Foundary,bulk_mineral_or_source_grade,'000 Tonnes,1000.0,tonnes,0.0,0.0,0.0,0.0,330.0,125.0,0.0,0.0,0.0,381.0,0.0,836.0,836.0,836000.0,0,True,0.0,2.0,True,,,False,inventory_context_only_not_used_as_point_or_grid_model_evidence,SRC_IBM_NMI_2025,https://ibm.gov.in/IBMPortal/pages/national-mineral-inventory-at-a-glance-2025,https://ibm.gov.in/writereaddata/files/17848872906a6337fae632bChapter__5_Mineral_wise.pdf,491b70eccee4f1a63f9ae0fe25b1c2d7c40e8b7c714abab7e12a10e594020d67,pdfplumber_position_aware_columns_with_unfc_subtotal_validation
IBM-NMI2025-5-18-grade-all-india-beneficiable-01,official_nmi_resource_inventory,5.18,23,2025-04-01,Iron ore (Magnetite),"[""Iron""]",grade,,All India,Beneficiable,bulk_mineral_or_source_grade,'000 Tonnes,1000.0,tonnes,0.0,0.0,0.0,0.0,0.0,0.0,0.0,0.0,32573.0,23602.0,9180.0,65355.0,65355.0,65355000.0,0,True,0.0,2.0,True,,,False,inventory_context_only_not_used_as_point_or_grid_model_evidence,SRC_IBM_NMI_2025,https://ibm.gov.in/IBMPortal/pages/national-mineral-inventory-at-a-glance-2025,https://ibm.gov.in/writereaddata/files/17848872906a6337fae632bChapter__5_Mineral_wise.pdf,491b70eccee4f1a63f9ae0fe25b1c2d7c40e8b7c714abab7e12a10e594020d67,pdfplumber_position_aware_columns_with_unfc_subtotal_validation
IBM-NMI2025-5-18-grade-all-india-others-01,official_nmi_resource_inventory,5.18,23,2025-04-01,Iron ore (Magnetite),"[""Iron""]",grade,,All India,Others,bulk_mineral_or_source_grade,'000 Tonnes,1000.0,tonnes,806.0,0.0,430.0,1236.0,4214.0,985.0,58.0,0.0,14150.0,93312.0,525707.0,638426.0,639663.0,639663000.0,0,True,1.0,12.793260000000002,True,,,False,inventory_context_only_not_used_as_point_or_grid_model_evidence,SRC_IBM_NMI_2025,https://ibm.gov.in/IBMPortal/pages/national-mineral-inventory-at-a-glance-2025,https://ibm.gov.in/writereaddata/files/17848872906a6337fae632bChapter__5_Mineral_wise.pdf,491b70eccee4f1a63f9ae0fe25b1c2d7c40e8b7c714abab7e12a10e594020d67,pdfplumber_position_aware_columns_with_unfc_subtotal_validation
IBM-NMI2025-5-18-grade-all-india-unclassified-01,official_nmi_resource_inventory,5.18,23,2025-04-01,Iron ore (Magnetite),"[""Iron""]",grade,,All India,Unclassified,bulk_mineral_or_source_grade,'000 Tonnes,1000.0,tonnes,155039.0,320.0,2055.0,157414.0,101404.0,13840.0,30615.0,822161.0,1534068.0,5066985.0,606428.0,8175502.0,8332916.0,8332916000.0,0,True,1.0,166.65832,True,,,False,inventory_context_only_not_used_as_point_or_grid_model_evidence,SRC_IBM_NMI_2025,https://ibm.gov.in/IBMPortal/pages/national-mineral-inventory-at-a-glance-2025,https://ibm.gov.in/writereaddata/files/17848872906a6337fae632bChapter__5_Mineral_wise.pdf,491b70eccee4f1a63f9ae0fe25b1c2d7c40e8b7c714abab7e12a10e594020d67,pdfplumber_position_aware_columns_with_unfc_subtotal_validation
IBM-NMI2025-5-18-grade-all-india-not-known-01,official_nmi_resource_inventory,5.18,23,2025-04-01,Iron ore (Magnetite),"[""Iron""]",grade,,All India,Not-Known,bulk_mineral_or_source_grade,'000 Tonnes,1000.0,tonnes,0.0,0.0,0.0,0.0,71978.0,709.0,6.0,0.0,107388.0,280324.0,2438.0,462842.0,462842.0,462842000.0,0,True,1.0,9.25684,True,,,False,inventory_context_only_not_used_as_point_or_grid_model_evidence,SRC_IBM_NMI_2025,https://ibm.gov.in/IBMPortal/pages/national-mineral-inventory-at-a-glance-2025,https://ibm.gov.in/writereaddata/files/17848872906a6337fae632bChapter__5_Mineral_wise.pdf,491b70eccee4f1a63f9ae0fe25b1c2d7c40e8b7c714abab7e12a10e594020d67,pdfplumber_position_aware_columns_with_unfc_subtotal_validation
IBM-NMI2025-5-18-state-andhra-pradesh-total-01,official_nmi_resource_inventory,5.18,23,2025-04-01,Iron ore (Magnetite),"[""Iron""]",state,Andhra Pradesh,Andhra Pradesh,Total,bulk_mineral_or_source_grade,'000 Tonnes,1000.0,tonnes,0.0,0.0,0.0,0.0,114210.0,0.0,0.0,13800.0,1266666.0,68527.0,9180.0,1472383.0,1472383.0,1472383000.0,0,True,0.0,29.447660000000003,True,,,False,inventory_context_only_not_used_as_point_or_grid_model_evidence,SRC_IBM_NMI_2025,https://ibm.gov.in/IBMPortal/pages/national-mineral-inventory-at-a-glance-2025,https://ibm.gov.in/writereaddata/files/17848872906a6337fae632bChapter__5_Mineral_wise.pdf,491b70eccee4f1a63f9ae0fe25b1c2d7c40e8b7c714abab7e12a10e594020d67,pdfplumber_position_aware_columns_with_unfc_subtotal_validation
IBM-NMI2025-5-18-state-assam-total-01,official_nmi_resource_inventory,5.18,23,2025-04-01,Iron ore (Magnetite),"[""Iron""]",state,Assam,Assam,Total,bulk_mineral_or_source_grade,'000 Tonnes,1000.0,tonnes,0.0,0.0,0.0,0.0,0.0,0.0,0.0,0.0,0.0,15380.0,0.0,15380.0,15380.0,15380000.0,0,True,0.0,2.0,True,,,False,inventory_context_only_not_used_as_point_or_grid_model_evidence,SRC_IBM_NMI_2025,https://ibm.gov.in/IBMPortal/pages/national-mineral-inventory-at-a-glance-2025,https://ibm.gov.in/writereaddata/files/17848872906a6337fae632bChapter__5_Mineral_wise.pdf,491b70eccee4f1a63f9ae0fe25b1c2d7c40e8b7c714abab7e12a10e594020d67,pdfplumber_position_aware_columns_with_unfc_subtotal_validation
IBM-NMI2025-5-18-state-bihar-total-01,official_nmi_resource_inventory,5.18,23,2025-04-01,Iron ore (Magnetite),"[""Iron""]",state,Bihar,Bihar,Total,bulk_mineral_or_source_grade,'000 Tonnes,1000.0,tonnes,0.0,0.0,0.0,0.0,0.0,0.0,0.0,0.0,48850.0,7079.0,0.0,55929.0,55929.0,55929000.0,0,True,0.0,2.0,True,,,False,inventory_context_only_not_used_as_point_or_grid_model_evidence,SRC_IBM_NMI_2025,https://ibm.gov.in/IBMPortal/pages/national-mineral-inventory-at-a-glance-2025,https://ibm.gov.in/writereaddata/files/17848872906a6337fae632bChapter__5_Mineral_wise.pdf,491b70eccee4f1a63f9ae0fe25b1c2d7c40e8b7c714abab7e12a10e594020d67,pdfplumber_position_aware_columns_with_unfc_subtotal_validation
IBM-NMI2025-5-18-state-chhattisgarh-total-01,official_nmi_resource_inventory,5.18,23,2025-04-01,Iron ore (Magnetite),"[""Iron""]",state,Chhattisgarh,Chhattisgarh,Total,bulk_mineral_or_source_grade,'000 Tonnes,1000.0,tonnes,137230.0,0.0,1271.0,138501.0,60436.0,0.0,129.0,0.0,0.0,0.0,1190.0,61756.0,200257.0,200257000.0,0,True,1.0,4.00514,True,,,False,inventory_context_only_not_used_as_point_or_grid_model_evidence,SRC_IBM_NMI_2025,https://ibm.gov.in/IBMPortal/pages/national-mineral-inventory-at-a-glance-2025,https://ibm.gov.in/writereaddata/files/17848872906a6337fae632bChapter__5_Mineral_wise.pdf,491b70eccee4f1a63f9ae0fe25b1c2d7c40e8b7c714abab7e12a10e594020d67,pdfplumber_position_aware_columns_with_unfc_subtotal_validation
IBM-NMI2025-5-18-state-goa-total-01,official_nmi_resource_inventory,5.18,23,2025-04-01,Iron ore (Magnetite),"[""Iron""]",state,Goa,Goa,Total,bulk_mineral_or_source_grade,'000 Tonnes,1000.0,tonnes,16674.0,0.0,626.0,17300.0,47319.0,14516.0,33512.0,0.0,0.0,151811.0,1997.0,249155.0,266456.0,266456000.0,0,True,1.0,5.3291200000000005,True,,,False,inventory_context_only_not_used_as_point_or_grid_model_evidence,SRC_IBM_NMI_2025,https://ibm.gov.in/IBMPortal/pages/national-mineral-inventory-at-a-glance-2025,https://ibm.gov.in/writereaddata/files/17848872906a6337fae632bChapter__5_Mineral_wise.pdf,491b70eccee4f1a63f9ae0fe25b1c2d7c40e8b7c714abab7e12a10e594020d67,pdfplumber_position_aware_columns_with_unfc_subtotal_validation
IBM-NMI2025-5-18-state-jharkhand-total-01,official_nmi_resource_inventory,5.18,23,2025-04-01,Iron ore (Magnetite),"[""Iron""]",state,Jharkhand,Jharkhand,Total,bulk_mineral_or_source_grade,'000 Tonnes,1000.0,tonnes,0.0,0.0,0.0,0.0,0.0,518.0,1986.0,411.0,3948.0,3722.0,82.0,10667.0,10667.0,10667000.0,0,True,0.0,2.0,True,,,False,inventory_context_only_not_used_as_point_or_grid_model_evidence,SRC_IBM_NMI_2025,https://ibm.gov.in/IBMPortal/pages/national-mineral-inventory-at-a-glance-2025,https://ibm.gov.in/writereaddata/files/17848872906a6337fae632bChapter__5_Mineral_wise.pdf,491b70eccee4f1a63f9ae0fe25b1c2d7c40e8b7c714abab7e12a10e594020d67,pdfplumber_position_aware_columns_with_unfc_subtotal_validation
IBM-NMI2025-5-18-state-karnataka-total-01,official_nmi_resource_inventory,5.18,23,2025-04-01,Iron ore (Magnetite),"[""Iron""]",state,Karnataka,Karnataka,Total,bulk_mineral_or_source_grade,'000 Tonnes,1000.0,tonnes,133.0,185.0,0.0,318.0,120131.0,0.0,18375.0,1498957.0,479372.0,5409128.0,340000.0,7865963.0,7866281.0,7866281000.0,0,True,0.0,157.32562000000001,True,,,False,inventory_context_only_not_used_as_point_or_grid_model_evidence,SRC_IBM_NMI_2025,https://ibm.gov.in/IBMPortal/pages/national-mineral-inventory-at-a-glance-2025,https://ibm.gov.in/writereaddata/files/17848872906a6337fae632bChapter__5_Mineral_wise.pdf,491b70eccee4f1a63f9ae0fe25b1c2d7c40e8b7c714abab7e12a10e594020d67,pdfplumber_position_aware_columns_with_unfc_subtotal_validation
IBM-NMI2025-5-18-state-kerala-total-01,official_nmi_resource_inventory,5.18,23,2025-04-01,Iron ore (Magnetite),"[""Iron""]",state,Kerala,Kerala,Total,bulk_mineral_or_source_grade,'000 Tonnes,1000.0,tonnes,0.0,0.0,0.0,0.0,0.0,0.0,0.0,0.0,59912.0,23523.0,0.0,83435.0,83435.0,83435000.0,0,True,0.0,2.0,True,,,False,inventory_context_only_not_used_as_point_or_grid_model_evidence,SRC_IBM_NMI_2025,https://ibm.gov.in/IBMPortal/pages/national-mineral-inventory-at-a-glance-2025,https://ibm.gov.in/writereaddata/files/17848872906a6337fae632bChapter__5_Mineral_wise.pdf,491b70eccee4f1a63f9ae0fe25b1c2d7c40e8b7c714abab7e12a10e594020d67,pdfplumber_position_aware_columns_with_unfc_subtotal_validation
IBM-NMI2025-5-18-state-madhya-pradesh-total-01,official_nmi_resource_inventory,5.18,23,2025-04-01,Iron ore (Magnetite),"[""Iron""]",state,Madhya Pradesh,Madhya Pradesh,Total,bulk_mineral_or_source_grade,'000 Tonnes,1000.0,tonnes,0.0,0.0,0.0,0.0,0.0,0.0,0.0,0.0,42708.0,0.0,0.0,42708.0,42708.0,42708000.0,0,True,0.0,2.0,True,,,False,inventory_context_only_not_used_as_point_or_grid_model_evidence,SRC_IBM_NMI_2025,https://ibm.gov.in/IBMPortal/pages/national-mineral-inventory-at-a-glance-2025,https://ibm.gov.in/writereaddata/files/17848872906a6337fae632bChapter__5_Mineral_wise.pdf,491b70eccee4f1a63f9ae0fe25b1c2d7c40e8b7c714abab7e12a10e594020d67,pdfplumber_position_aware_columns_with_unfc_subtotal_validation
IBM-NMI2025-5-18-state-maharashtra-total-01,official_nmi_resource_inventory,5.18,23,2025-04-01,Iron ore (Magnetite),"[""Iron""]",state,Maharashtra,Maharashtra,Total,bulk_mineral_or_source_grade,'000 Tonnes,1000.0,tonnes,561.0,0.0,0.0,561.0,581.0,0.0,155.0,0.0,0.0,683.0,0.0,1418.0,1980.0,1980000.0,0,True,1.0,2.0,True,,,False,inventory_context_only_not_used_as_point_or_grid_model_evidence,SRC_IBM_NMI_2025,https://ibm.gov.in/IBMPortal/pages/national-mineral-inventory-at-a-glance-2025,https://ibm.gov.in/writereaddata/files/17848872906a6337fae632bChapter__5_Mineral_wise.pdf,491b70eccee4f1a63f9ae0fe25b1c2d7c40e8b7c714abab7e12a10e594020d67,pdfplumber_position_aware_columns_with_unfc_subtotal_validation
IBM-NMI2025-5-18-state-meghalaya-total-01,official_nmi_resource_inventory,5.18,23,2025-04-01,Iron ore (Magnetite),"[""Iron""]",state,Meghalaya,Meghalaya,Total,bulk_mineral_or_source_grade,'000 Tonnes,1000.0,tonnes,0.0,0.0,0.0,0.0,0.0,0.0,0.0,0.0,0.0,3380.0,0.0,3380.0,3380.0,3380000.0,0,True,0.0,2.0,True,,,False,inventory_context_only_not_used_as_point_or_grid_model_evidence,SRC_IBM_NMI_2025,https://ibm.gov.in/IBMPortal/pages/national-mineral-inventory-at-a-glance-2025,https://ibm.gov.in/writereaddata/files/17848872906a6337fae632bChapter__5_Mineral_wise.pdf,491b70eccee4f1a63f9ae0fe25b1c2d7c40e8b7c714abab7e12a10e594020d67,pdfplumber_position_aware_columns_with_unfc_subtotal_validation
IBM-NMI2025-5-18-state-nagaland-total-01,official_nmi_resource_inventory,5.18,23,2025-04-01,Iron ore (Magnetite),"[""Iron""]",state,Nagaland,Nagaland,Total,bulk_mineral_or_source_grade,'000 Tonnes,1000.0,tonnes,0.0,0.0,0.0,0.0,0.0,0.0,0.0,0.0,5280.0,0.0,0.0,5280.0,5280.0,5280000.0,0,True,0.0,2.0,True,,,False,inventory_context_only_not_used_as_point_or_grid_model_evidence,SRC_IBM_NMI_2025,https://ibm.gov.in/IBMPortal/pages/national-mineral-inventory-at-a-glance-2025,https://ibm.gov.in/writereaddata/files/17848872906a6337fae632bChapter__5_Mineral_wise.pdf,491b70eccee4f1a63f9ae0fe25b1c2d7c40e8b7c714abab7e12a10e594020d67,pdfplumber_position_aware_columns_with_unfc_subtotal_validation
IBM-NMI2025-5-18-state-odisha-total-01,official_nmi_resource_inventory,5.18,23,2025-04-01,Iron ore (Magnetite),"[""Iron""]",state,Odisha,Odisha,Total,bulk_mineral_or_source_grade,'000 Tonnes,1000.0,tonnes,0.0,0.0,0.0,0.0,79.0,120.0,0.0,0.0,0.0,43.0,0.0,242.0,242.0,242000.0,0,True,0.0,2.0,True,,,False,inventory_context_only_not_used_as_point_or_grid_model_evidence,SRC_IBM_NMI_2025,https://ibm.gov.in/IBMPortal/pages/national-mineral-inventory-at-a-glance-2025,https://ibm.gov.in/writereaddata/files/17848872906a6337fae632bChapter__5_Mineral_wise.pdf,491b70eccee4f1a63f9ae0fe25b1c2d7c40e8b7c714abab7e12a10e594020d67,pdfplumber_position_aware_columns_with_unfc_subtotal_validation
IBM-NMI2025-5-18-state-rajasthan-total-01,official_nmi_resource_inventory,5.18,23,2025-04-01,Iron ore (Magnetite),"[""Iron""]",state,Rajasthan,Rajasthan,Total,bulk_mineral_or_source_grade,'000 Tonnes,1000.0,tonnes,87410.0,136.0,588.0,88133.0,18105.0,1023.0,85.0,0.0,10736.0,584007.0,525742.0,1139698.0,1227831.0,1227831000.0,0,True,1.0,24.556620000000002,True,,,False,inventory_context_only_not_used_as_point_or_grid_model_evidence,SRC_IBM_NMI_2025,https://ibm.gov.in/IBMPortal/pages/national-mineral-inventory-at-a-glance-2025,https://ibm.gov.in/writereaddata/files/17848872906a6337fae632bChapter__5_Mineral_wise.pdf,491b70eccee4f1a63f9ae0fe25b1c2d7c40e8b7c714abab7e12a10e594020d67,pdfplumber_position_aware_columns_with_unfc_subtotal_validation
IBM-NMI2025-5-18-state-tamil-nadu-total-01,official_nmi_resource_inventory,5.18,23,2025-04-01,Iron ore (Magnetite),"[""Iron""]",state,Tamil Nadu,Tamil Nadu,Total,bulk_mineral_or_source_grade,'000 Tonnes,1000.0,tonnes,0.0,0.0,0.0,0.0,0.0,0.0,0.0,0.0,169388.0,110728.0,248785.0,528901.0,528901.0,528901000.0,0,True,0.0,10.57802,True,,,False,inventory_context_only_not_used_as_point_or_grid_model_evidence,SRC_IBM_NMI_2025,https://ibm.gov.in/IBMPortal/pages/national-mineral-inventory-at-a-glance-2025,https://ibm.gov.in/writereaddata/files/17848872906a6337fae632bChapter__5_Mineral_wise.pdf,491b70eccee4f1a63f9ae0fe25b1c2d7c40e8b7c714abab7e12a10e594020d67,pdfplumber_position_aware_columns_with_unfc_subtotal_validation
IBM-NMI2025-5-18-state-telangana-total-01,official_nmi_resource_inventory,5.18,23,2025-04-01,Iron ore (Magnetite),"[""Iron""]",state,Telangana,Telangana,Total,bulk_mineral_or_source_grade,'000 Tonnes,1000.0,tonnes,0.0,0.0,0.0,0.0,0.0,0.0,0.0,0.0,0.0,71500.0,30366.0,101866.0,101866.0,101866000.0,0,True,0.0,2.0373200000000002,True,,,False,inventory_context_only_not_used_as_point_or_grid_model_evidence,SRC_IBM_NMI_2025,https://ibm.gov.in/IBMPortal/pages/national-mineral-inventory-at-a-glance-2025,https://ibm.gov.in/writereaddata/files/17848872906a6337fae632bChapter__5_Mineral_wise.pdf,491b70eccee4f1a63f9ae0fe25b1c2d7c40e8b7c714abab7e12a10e594020d67,pdfplumber_position_aware_columns_with_unfc_subtotal_validation
IBM-NMI2025-5-19-national-total-all-india-total-01,official_nmi_resource_inventory,5.19,24,2025-04-01,Kyanite,[],national_total,,All India,Total,bulk_mineral_or_source_grade,Tonne,1.0,tonnes,659756.0,88752.0,130460.0,878968.0,1323291.0,714980.0,1884884.0,561680.0,3577402.0,96522179.0,0.0,104584416.0,105463384.0,105463384.0,0,True,0.0,2109.2676800000004,True,,,False,inventory_context_only_not_used_as_point_or_grid_model_evidence,SRC_IBM_NMI_2025,https://ibm.gov.in/IBMPortal/pages/national-mineral-inventory-at-a-glance-2025,https://ibm.gov.in/writereaddata/files/17848872906a6337fae632bChapter__5_Mineral_wise.pdf,491b70eccee4f1a63f9ae0fe25b1c2d7c40e8b7c714abab7e12a10e594020d67,pdfplumber_position_aware_columns_with_unfc_subtotal_validation
IBM-NMI2025-5-19-grade-all-india-high-grade-01,official_nmi_resource_inventory,5.19,24,2025-04-01,Kyanite,[],grade,,All India,High Grade,bulk_mineral_or_source_grade,Tonne,1.0,tonnes,0.0,0.0,0.0,0.0,0.0,4317.0,21867.0,0.0,297827.0,114689.0,0.0,438700.0,438700.0,438700.0,0,True,0.0,8.774000000000001,True,,,False,inventory_context_only_not_used_as_point_or_grid_model_evidence,SRC_IBM_NMI_2025,https://ibm.gov.in/IBMPortal/pages/national-mineral-inventory-at-a-glance-2025,https://ibm.gov.in/writereaddata/files/17848872906a6337fae632bChapter__5_Mineral_wise.pdf,491b70eccee4f1a63f9ae0fe25b1c2d7c40e8b7c714abab7e12a10e594020d67,pdfplumber_position_aware_columns_with_unfc_subtotal_validation
IBM-NMI2025-5-19-grade-all-india-medium-grade-01,official_nmi_resource_inventory,5.19,24,2025-04-01,Kyanite,[],grade,,All India,Medium grade,bulk_mineral_or_source_grade,Tonne,1.0,tonnes,256017.0,0.0,25191.0,281208.0,27590.0,0.0,276252.0,0.0,34410.0,370745.0,0.0,708997.0,990205.0,990205.0,0,True,0.0,19.804100000000002,True,,,False,inventory_context_only_not_used_as_point_or_grid_model_evidence,SRC_IBM_NMI_2025,https://ibm.gov.in/IBMPortal/pages/national-mineral-inventory-at-a-glance-2025,https://ibm.gov.in/writereaddata/files/17848872906a6337fae632bChapter__5_Mineral_wise.pdf,491b70eccee4f1a63f9ae0fe25b1c2d7c40e8b7c714abab7e12a10e594020d67,pdfplumber_position_aware_columns_with_unfc_subtotal_validation
IBM-NMI2025-5-19-grade-all-india-low-grade-01,official_nmi_resource_inventory,5.19,24,2025-04-01,Kyanite,[],grade,,All India,Low grade,bulk_mineral_or_source_grade,Tonne,1.0,tonnes,55696.0,88752.0,0.0,144448.0,691161.0,25469.0,1191151.0,386247.0,2214900.0,4063596.0,0.0,8572524.0,8716972.0,8716972.0,0,True,0.0,174.33944000000002,True,,,False,inventory_context_only_not_used_as_point_or_grid_model_evidence,SRC_IBM_NMI_2025,https://ibm.gov.in/IBMPortal/pages/national-mineral-inventory-at-a-glance-2025,https://ibm.gov.in/writereaddata/files/17848872906a6337fae632bChapter__5_Mineral_wise.pdf,491b70eccee4f1a63f9ae0fe25b1c2d7c40e8b7c714abab7e12a10e594020d67,pdfplumber_position_aware_columns_with_unfc_subtotal_validation
IBM-NMI2025-5-19-grade-all-india-high-medium-mixed-01,official_nmi_resource_inventory,5.19,24,2025-04-01,Kyanite,[],grade,,All India,High & medium mixed,bulk_mineral_or_source_grade,Tonne,1.0,tonnes,0.0,0.0,0.0,0.0,0.0,0.0,0.0,0.0,93640.0,47750.0,0.0,141390.0,141390.0,141390.0,0,True,0.0,2.8278000000000003,True,,,False,inventory_context_only_not_used_as_point_or_grid_model_evidence,SRC_IBM_NMI_2025,https://ibm.gov.in/IBMPortal/pages/national-mineral-inventory-at-a-glance-2025,https://ibm.gov.in/writereaddata/files/17848872906a6337fae632bChapter__5_Mineral_wise.pdf,491b70eccee4f1a63f9ae0fe25b1c2d7c40e8b7c714abab7e12a10e594020d67,pdfplumber_position_aware_columns_with_unfc_subtotal_validation
IBM-NMI2025-5-19-grade-all-india-medium-low-mixed-01,official_nmi_resource_inventory,5.19,24,2025-04-01,Kyanite,[],grade,,All India,Medium & low mixed,bulk_mineral_or_source_grade,Tonne,1.0,tonnes,0.0,0.0,0.0,0.0,0.0,0.0,0.0,0.0,0.0,48000.0,0.0,48000.0,48000.0,48000.0,0,True,0.0,2.0,True,,,False,inventory_context_only_not_used_as_point_or_grid_model_evidence,SRC_IBM_NMI_2025,https://ibm.gov.in/IBMPortal/pages/national-mineral-inventory-at-a-glance-2025,https://ibm.gov.in/writereaddata/files/17848872906a6337fae632bChapter__5_Mineral_wise.pdf,491b70eccee4f1a63f9ae0fe25b1c2d7c40e8b7c714abab7e12a10e594020d67,pdfplumber_position_aware_columns_with_unfc_subtotal_validation
IBM-NMI2025-5-19-grade-all-india-high-medium-low-mixed-01,official_nmi_resource_inventory,5.19,24,2025-04-01,Kyanite,[],grade,,All India,"High, Medium & low mixed",bulk_mineral_or_source_grade,Tonne,1.0,tonnes,0.0,0.0,0.0,0.0,13097.0,89650.0,10606.0,0.0,45000.0,210025.0,0.0,368378.0,368378.0,368378.0,0,True,0.0,7.367560000000001,True,,,False,inventory_context_only_not_used_as_point_or_grid_model_evidence,SRC_IBM_NMI_2025,https://ibm.gov.in/IBMPortal/pages/national-mineral-inventory-at-a-glance-2025,https://ibm.gov.in/writereaddata/files/17848872906a6337fae632bChapter__5_Mineral_wise.pdf,491b70eccee4f1a63f9ae0fe25b1c2d7c40e8b7c714abab7e12a10e594020d67,pdfplumber_position_aware_columns_with_unfc_subtotal_validation
IBM-NMI2025-5-19-grade-all-india-granular-01,official_nmi_resource_inventory,5.19,24,2025-04-01,Kyanite,[],grade,,All India,Granular,bulk_mineral_or_source_grade,Tonne,1.0,tonnes,1620.0,0.0,0.0,1620.0,578.0,117.0,0.0,700.0,167000.0,79434.0,0.0,247829.0,249449.0,249449.0,0,True,0.0,4.988980000000001,True,,,False,inventory_context_only_not_used_as_point_or_grid_model_evidence,SRC_IBM_NMI_2025,https://ibm.gov.in/IBMPortal/pages/national-mineral-inventory-at-a-glance-2025,https://ibm.gov.in/writereaddata/files/17848872906a6337fae632bChapter__5_Mineral_wise.pdf,491b70eccee4f1a63f9ae0fe25b1c2d7c40e8b7c714abab7e12a10e594020d67,pdfplumber_position_aware_columns_with_unfc_subtotal_validation
IBM-NMI2025-5-19-grade-all-india-quartz-kyanite-rock-01,official_nmi_resource_inventory,5.19,24,2025-04-01,Kyanite,[],grade,,All India,Quartz Kyanite Rock,bulk_mineral_or_source_grade,Tonne,1.0,tonnes,346359.0,0.0,0.0,346359.0,0.0,595428.0,38000.0,0.0,0.0,81696358.0,0.0,82329786.0,82676145.0,82676145.0,0,True,0.0,1653.5229000000002,True,,,False,inventory_context_only_not_used_as_point_or_grid_model_evidence,SRC_IBM_NMI_2025,https://ibm.gov.in/IBMPortal/pages/national-mineral-inventory-at-a-glance-2025,https://ibm.gov.in/writereaddata/files/17848872906a6337fae632bChapter__5_Mineral_wise.pdf,491b70eccee4f1a63f9ae0fe25b1c2d7c40e8b7c714abab7e12a10e594020d67,pdfplumber_position_aware_columns_with_unfc_subtotal_validation
IBM-NMI2025-5-19-grade-all-india-kyanite-gneiss-rock-01,official_nmi_resource_inventory,5.19,24,2025-04-01,Kyanite,[],grade,,All India,Kyanite Gneiss Rock,bulk_mineral_or_source_grade,Tonne,1.0,tonnes,0.0,0.0,0.0,0.0,0.0,0.0,0.0,0.0,0.0,5370800.0,0.0,5370800.0,5370800.0,5370800.0,0,True,0.0,107.41600000000001,True,,,False,inventory_context_only_not_used_as_point_or_grid_model_evidence,SRC_IBM_NMI_2025,https://ibm.gov.in/IBMPortal/pages/national-mineral-inventory-at-a-glance-2025,https://ibm.gov.in/writereaddata/files/17848872906a6337fae632bChapter__5_Mineral_wise.pdf,491b70eccee4f1a63f9ae0fe25b1c2d7c40e8b7c714abab7e12a10e594020d67,pdfplumber_position_aware_columns_with_unfc_subtotal_validation
IBM-NMI2025-5-19-grade-all-india-kyanite-schist-01,official_nmi_resource_inventory,5.19,24,2025-04-01,Kyanite,[],grade,,All India,Kyanite schist,bulk_mineral_or_source_grade,Tonne,1.0,tonnes,0.0,0.0,0.0,0.0,0.0,0.0,0.0,0.0,724625.0,4250000.0,0.0,4974625.0,4974625.0,4974625.0,0,True,0.0,99.4925,True,,,False,inventory_context_only_not_used_as_point_or_grid_model_evidence,SRC_IBM_NMI_2025,https://ibm.gov.in/IBMPortal/pages/national-mineral-inventory-at-a-glance-2025,https://ibm.gov.in/writereaddata/files/17848872906a6337fae632bChapter__5_Mineral_wise.pdf,491b70eccee4f1a63f9ae0fe25b1c2d7c40e8b7c714abab7e12a10e594020d67,pdfplumber_position_aware_columns_with_unfc_subtotal_validation
IBM-NMI2025-5-19-grade-all-india-unclassified-01,official_nmi_resource_inventory,5.19,24,2025-04-01,Kyanite,[],grade,,All India,Unclassified,bulk_mineral_or_source_grade,Tonne,1.0,tonnes,63.0,0.0,0.0,63.0,0.0,0.0,0.0,0.0,0.0,0.0,0.0,0.0,63.0,63.0,0,True,0.0,2.0,True,,,False,inventory_context_only_not_used_as_point_or_grid_model_evidence,SRC_IBM_NMI_2025,https://ibm.gov.in/IBMPortal/pages/national-mineral-inventory-at-a-glance-2025,https://ibm.gov.in/writereaddata/files/17848872906a6337fae632bChapter__5_Mineral_wise.pdf,491b70eccee4f1a63f9ae0fe25b1c2d7c40e8b7c714abab7e12a10e594020d67,pdfplumber_position_aware_columns_with_unfc_subtotal_validation
IBM-NMI2025-5-19-grade-all-india-others-01,official_nmi_resource_inventory,5.19,24,2025-04-01,Kyanite,[],grade,,All India,Others,bulk_mineral_or_source_grade,Tonne,1.0,tonnes,0.0,0.0,105269.0,105269.0,590865.0,0.0,347008.0,0.0,0.0,35162.0,0.0,973035.0,1078304.0,1078304.0,0,True,0.0,21.566080000000003,True,,,False,inventory_context_only_not_used_as_point_or_grid_model_evidence,SRC_IBM_NMI_2025,https://ibm.gov.in/IBMPortal/pages/national-mineral-inventory-at-a-glance-2025,https://ibm.gov.in/writereaddata/files/17848872906a6337fae632bChapter__5_Mineral_wise.pdf,491b70eccee4f1a63f9ae0fe25b1c2d7c40e8b7c714abab7e12a10e594020d67,pdfplumber_position_aware_columns_with_unfc_subtotal_validation
IBM-NMI2025-5-19-grade-all-india-not-known-01,official_nmi_resource_inventory,5.19,24,2025-04-01,Kyanite,[],grade,,All India,Not - known,bulk_mineral_or_source_grade,Tonne,1.0,tonnes,0.0,0.0,0.0,0.0,0.0,0.0,0.0,174733.0,0.0,235620.0,0.0,410353.0,410353.0,410353.0,1,True,0.0,8.20706,True,,,False,inventory_context_only_not_used_as_point_or_grid_model_evidence,SRC_IBM_NMI_2025,https://ibm.gov.in/IBMPortal/pages/national-mineral-inventory-at-a-glance-2025,https://ibm.gov.in/writereaddata/files/17848872906a6337fae632bChapter__5_Mineral_wise.pdf,491b70eccee4f1a63f9ae0fe25b1c2d7c40e8b7c714abab7e12a10e594020d67,pdfplumber_position_aware_columns_with_unfc_subtotal_validation
IBM-NMI2025-5-19-state-andhra-pradesh-total-01,official_nmi_resource_inventory,5.19,24,2025-04-01,Kyanite,[],state,Andhra Pradesh,Andhra Pradesh,Total,bulk_mineral_or_source_grade,Tonne,1.0,tonnes,0.0,88752.0,0.0,88752.0,0.0,0.0,0.0,0.0,0.0,32003430.0,0.0,32003430.0,32092182.0,32092182.0,0,True,0.0,641.84364,True,,,False,inventory_context_only_not_used_as_point_or_grid_model_evidence,SRC_IBM_NMI_2025,https://ibm.gov.in/IBMPortal/pages/national-mineral-inventory-at-a-glance-2025,https://ibm.gov.in/writereaddata/files/17848872906a6337fae632bChapter__5_Mineral_wise.pdf,491b70eccee4f1a63f9ae0fe25b1c2d7c40e8b7c714abab7e12a10e594020d67,pdfplumber_position_aware_columns_with_unfc_subtotal_validation
IBM-NMI2025-5-19-state-jharkhand-total-01,official_nmi_resource_inventory,5.19,24,2025-04-01,Kyanite,[],state,Jharkhand,Jharkhand,Total,bulk_mineral_or_source_grade,Tonne,1.0,tonnes,347402.0,0.0,0.0,347402.0,1017105.0,694616.0,523589.0,0.0,1754900.0,3727685.0,0.0,7717895.0,8065297.0,8065297.0,0,True,0.0,161.30594000000002,True,,,False,inventory_context_only_not_used_as_point_or_grid_model_evidence,SRC_IBM_NMI_2025,https://ibm.gov.in/IBMPortal/pages/national-mineral-inventory-at-a-glance-2025,https://ibm.gov.in/writereaddata/files/17848872906a6337fae632bChapter__5_Mineral_wise.pdf,491b70eccee4f1a63f9ae0fe25b1c2d7c40e8b7c714abab7e12a10e594020d67,pdfplumber_position_aware_columns_with_unfc_subtotal_validation
IBM-NMI2025-5-19-state-karnataka-total-01,official_nmi_resource_inventory,5.19,24,2025-04-01,Kyanite,[],state,Karnataka,Karnataka,Total,bulk_mineral_or_source_grade,Tonne,1.0,tonnes,172810.0,0.0,0.0,172810.0,230660.0,15930.0,119368.0,386247.0,1610502.0,10628753.0,0.0,12991460.0,13164270.0,13164270.0,0,True,0.0,263.28540000000004,True,,,False,inventory_context_only_not_used_as_point_or_grid_model_evidence,SRC_IBM_NMI_2025,https://ibm.gov.in/IBMPortal/pages/national-mineral-inventory-at-a-glance-2025,https://ibm.gov.in/writereaddata/files/17848872906a6337fae632bChapter__5_Mineral_wise.pdf,491b70eccee4f1a63f9ae0fe25b1c2d7c40e8b7c714abab7e12a10e594020d67,pdfplumber_position_aware_columns_with_unfc_subtotal_validation
IBM-NMI2025-5-19-state-kerala-total-01,official_nmi_resource_inventory,5.19,24,2025-04-01,Kyanite,[],state,Kerala,Kerala,Total,bulk_mineral_or_source_grade,Tonne,1.0,tonnes,0.0,0.0,0.0,0.0,0.0,0.0,0.0,174733.0,0.0,10000.0,0.0,184733.0,184733.0,184733.0,0,True,0.0,3.6946600000000003,True,,,False,inventory_context_only_not_used_as_point_or_grid_model_evidence,SRC_IBM_NMI_2025,https://ibm.gov.in/IBMPortal/pages/national-mineral-inventory-at-a-glance-2025,https://ibm.gov.in/writereaddata/files/17848872906a6337fae632bChapter__5_Mineral_wise.pdf,491b70eccee4f1a63f9ae0fe25b1c2d7c40e8b7c714abab7e12a10e594020d67,pdfplumber_position_aware_columns_with_unfc_subtotal_validation
IBM-NMI2025-5-19-state-maharashtra-total-01,official_nmi_resource_inventory,5.19,24,2025-04-01,Kyanite,[],state,Maharashtra,Maharashtra,Total,bulk_mineral_or_source_grade,Tonne,1.0,tonnes,137861.0,0.0,130460.0,268321.0,61851.0,4317.0,1231321.0,0.0,45000.0,1696357.0,0.0,3038846.0,3307167.0,3307167.0,0,True,0.0,66.14334000000001,True,,,False,inventory_context_only_not_used_as_point_or_grid_model_evidence,SRC_IBM_NMI_2025,https://ibm.gov.in/IBMPortal/pages/national-mineral-inventory-at-a-glance-2025,https://ibm.gov.in/writereaddata/files/17848872906a6337fae632bChapter__5_Mineral_wise.pdf,491b70eccee4f1a63f9ae0fe25b1c2d7c40e8b7c714abab7e12a10e594020d67,pdfplumber_position_aware_columns_with_unfc_subtotal_validation
IBM-NMI2025-5-19-state-rajasthan-total-01,official_nmi_resource_inventory,5.19,24,2025-04-01,Kyanite,[],state,Rajasthan,Rajasthan,Total,bulk_mineral_or_source_grade,Tonne,1.0,tonnes,0.0,0.0,0.0,0.0,13097.0,0.0,10606.0,0.0,0.0,0.0,0.0,23703.0,23703.0,23703.0,0,True,0.0,2.0,True,,,False,inventory_context_only_not_used_as_point_or_grid_model_evidence,SRC_IBM_NMI_2025,https://ibm.gov.in/IBMPortal/pages/national-mineral-inventory-at-a-glance-2025,https://ibm.gov.in/writereaddata/files/17848872906a6337fae632bChapter__5_Mineral_wise.pdf,491b70eccee4f1a63f9ae0fe25b1c2d7c40e8b7c714abab7e12a10e594020d67,pdfplumber_position_aware_columns_with_unfc_subtotal_validation
IBM-NMI2025-5-19-state-tamil-nadu-total-01,official_nmi_resource_inventory,5.19,24,2025-04-01,Kyanite,[],state,Tamil Nadu,Tamil Nadu,Total,bulk_mineral_or_source_grade,Tonne,1.0,tonnes,1683.0,0.0,0.0,1683.0,578.0,117.0,0.0,700.0,167000.0,79434.0,0.0,247829.0,249512.0,249512.0,0,True,0.0,4.99024,True,,,False,inventory_context_only_not_used_as_point_or_grid_model_evidence,SRC_IBM_NMI_2025,https://ibm.gov.in/IBMPortal/pages/national-mineral-inventory-at-a-glance-2025,https://ibm.gov.in/writereaddata/files/17848872906a6337fae632bChapter__5_Mineral_wise.pdf,491b70eccee4f1a63f9ae0fe25b1c2d7c40e8b7c714abab7e12a10e594020d67,pdfplumber_position_aware_columns_with_unfc_subtotal_validation
IBM-NMI2025-5-19-state-telangana-total-01,official_nmi_resource_inventory,5.19,24,2025-04-01,Kyanite,[],state,Telangana,Telangana,Total,bulk_mineral_or_source_grade,Tonne,1.0,tonnes,0.0,0.0,0.0,0.0,0.0,0.0,0.0,0.0,0.0,48350000.0,0.0,48350000.0,48350000.0,48350000.0,0,True,0.0,967.0000000000001,True,,,False,inventory_context_only_not_used_as_point_or_grid_model_evidence,SRC_IBM_NMI_2025,https://ibm.gov.in/IBMPortal/pages/national-mineral-inventory-at-a-glance-2025,https://ibm.gov.in/writereaddata/files/17848872906a6337fae632bChapter__5_Mineral_wise.pdf,491b70eccee4f1a63f9ae0fe25b1c2d7c40e8b7c714abab7e12a10e594020d67,pdfplumber_position_aware_columns_with_unfc_subtotal_validation
IBM-NMI2025-5-19-state-west-bengal-total-01,official_nmi_resource_inventory,5.19,24,2025-04-01,Kyanite,[],state,West Bengal,West Bengal,Total,bulk_mineral_or_source_grade,Tonne,1.0,tonnes,0.0,0.0,0.0,0.0,0.0,0.0,0.0,0.0,0.0,26520.0,0.0,26520.0,26520.0,26520.0,0,True,0.0,2.0,True,,,False,inventory_context_only_not_used_as_point_or_grid_model_evidence,SRC_IBM_NMI_2025,https://ibm.gov.in/IBMPortal/pages/national-mineral-inventory-at-a-glance-2025,https://ibm.gov.in/writereaddata/files/17848872906a6337fae632bChapter__5_Mineral_wise.pdf,491b70eccee4f1a63f9ae0fe25b1c2d7c40e8b7c714abab7e12a10e594020d67,pdfplumber_position_aware_columns_with_unfc_subtotal_validation
IBM-NMI2025-5-20-national-total-all-india-ore-01,official_nmi_resource_inventory,5.20,25,2025-04-01,Lead & Zinc Ore,"[""Lead"",""Zinc""]",national_total,,All India,Ore,ore,'000 Tonnes,1000.0,tonnes,91930.0,0.0,99628.0,191558.0,21462.0,3995.0,27533.0,58308.0,184126.0,338516.0,5253.0,639193.0,830751.0,830751000.0,0,True,0.0,16.61502,True,,,False,inventory_context_only_not_used_as_point_or_grid_model_evidence,SRC_IBM_NMI_2025,https://ibm.gov.in/IBMPortal/pages/national-mineral-inventory-at-a-glance-2025,https://ibm.gov.in/writereaddata/files/17848872906a6337fae632bChapter__5_Mineral_wise.pdf,491b70eccee4f1a63f9ae0fe25b1c2d7c40e8b7c714abab7e12a10e594020d67,pdfplumber_position_aware_columns_with_unfc_subtotal_validation
IBM-NMI2025-5-20-national-total-all-india-lead-metal-01,official_nmi_resource_inventory,5.20,25,2025-04-01,Lead & Zinc Ore,"[""Lead"",""Zinc""]",national_total,,All India,Lead metal,contained_metal_or_compound,'000 Tonnes,1000.0,tonnes,1553.4,0.0,1418.63,2972.03,409.11,120.85,521.43,1063.89,1701.87,5428.3,1.23,9246.68,12218.71,12218710.0,0,True,1.8189894035458565e-12,2.0,True,,,False,inventory_context_only_not_used_as_point_or_grid_model_evidence,SRC_IBM_NMI_2025,https://ibm.gov.in/IBMPortal/pages/national-mineral-inventory-at-a-glance-2025,https://ibm.gov.in/writereaddata/files/17848872906a6337fae632bChapter__5_Mineral_wise.pdf,491b70eccee4f1a63f9ae0fe25b1c2d7c40e8b7c714abab7e12a10e594020d67,pdfplumber_position_aware_columns_with_unfc_subtotal_validation
IBM-NMI2025-5-20-national-total-all-india-zinc-metal-01,official_nmi_resource_inventory,5.20,25,2025-04-01,Lead & Zinc Ore,"[""Lead"",""Zinc""]",national_total,,All India,Zinc metal,contained_metal_or_compound,'000 Tonnes,1000.0,tonnes,5478.2,0.0,4878.98,10357.18,912.71,116.77,2179.72,2402.5,4675.21,10210.8,104.92,20602.63,30959.81,30959810.0,0,True,3.637978807091713e-12,2.0,True,,,False,inventory_context_only_not_used_as_point_or_grid_model_evidence,SRC_IBM_NMI_2025,https://ibm.gov.in/IBMPortal/pages/national-mineral-inventory-at-a-glance-2025,https://ibm.gov.in/writereaddata/files/17848872906a6337fae632bChapter__5_Mineral_wise.pdf,491b70eccee4f1a63f9ae0fe25b1c2d7c40e8b7c714abab7e12a10e594020d67,pdfplumber_position_aware_columns_with_unfc_subtotal_validation
IBM-NMI2025-5-20-national-total-all-india-lead-zinc-metal-01,official_nmi_resource_inventory,5.20,25,2025-04-01,Lead & Zinc Ore,"[""Lead"",""Zinc""]",national_total,,All India,Lead & Zinc metal,contained_metal_or_compound,'000 Tonnes,1000.0,tonnes,0.0,0.0,0.0,0.0,0.0,0.0,0.0,0.0,38.38,250.7,36.43,325.51,325.51,325510.0,0,True,0.0,2.0,True,,,False,inventory_context_only_not_used_as_point_or_grid_model_evidence,SRC_IBM_NMI_2025,https://ibm.gov.in/IBMPortal/pages/national-mineral-inventory-at-a-glance-2025,https://ibm.gov.in/writereaddata/files/17848872906a6337fae632bChapter__5_Mineral_wise.pdf,491b70eccee4f1a63f9ae0fe25b1c2d7c40e8b7c714abab7e12a10e594020d67,pdfplumber_position_aware_columns_with_unfc_subtotal_validation
IBM-NMI2025-5-20-grade-all-india-ore-with-10-pb-zn-01,official_nmi_resource_inventory,5.20,25,2025-04-01,Lead & Zinc Ore,"[""Lead"",""Zinc""]",grade,,All India,Ore With (+)10% Pb & Zn,ore,'000 Tonnes,1000.0,tonnes,30380.0,0.0,16382.0,46762.0,469.0,148.0,10386.0,0.0,3520.0,8725.0,0.0,23248.0,70010.0,70010000.0,0,True,0.0,2.0,True,,,False,inventory_context_only_not_used_as_point_or_grid_model_evidence,SRC_IBM_NMI_2025,https://ibm.gov.in/IBMPortal/pages/national-mineral-inventory-at-a-glance-2025,https://ibm.gov.in/writereaddata/files/17848872906a6337fae632bChapter__5_Mineral_wise.pdf,491b70eccee4f1a63f9ae0fe25b1c2d7c40e8b7c714abab7e12a10e594020d67,pdfplumber_position_aware_columns_with_unfc_subtotal_validation
IBM-NMI2025-5-20-grade-all-india-ore-with-5-10-pb-zn-01,official_nmi_resource_inventory,5.20,25,2025-04-01,Lead & Zinc Ore,"[""Lead"",""Zinc""]",grade,,All India,Ore With 5-10% Pb & Zn,ore,'000 Tonnes,1000.0,tonnes,29454.0,0.0,36463.0,65917.0,14251.0,3730.0,14093.0,50157.0,16447.0,135121.0,0.0,233799.0,299716.0,299716000.0,0,True,0.0,5.99432,True,,,False,inventory_context_only_not_used_as_point_or_grid_model_evidence,SRC_IBM_NMI_2025,https://ibm.gov.in/IBMPortal/pages/national-mineral-inventory-at-a-glance-2025,https://ibm.gov.in/writereaddata/files/17848872906a6337fae632bChapter__5_Mineral_wise.pdf,491b70eccee4f1a63f9ae0fe25b1c2d7c40e8b7c714abab7e12a10e594020d67,pdfplumber_position_aware_columns_with_unfc_subtotal_validation
IBM-NMI2025-5-20-grade-all-india-ore-with-5-pb-zn-01,official_nmi_resource_inventory,5.20,25,2025-04-01,Lead & Zinc Ore,"[""Lead"",""Zinc""]",grade,,All India,Ore With (-)5% Pb & Zn,ore,'000 Tonnes,1000.0,tonnes,32096.0,0.0,46783.0,78879.0,6742.0,117.0,3054.0,8151.0,164159.0,194670.0,5253.0,382146.0,461025.0,461025000.0,0,True,0.0,9.220500000000001,True,,,False,inventory_context_only_not_used_as_point_or_grid_model_evidence,SRC_IBM_NMI_2025,https://ibm.gov.in/IBMPortal/pages/national-mineral-inventory-at-a-glance-2025,https://ibm.gov.in/writereaddata/files/17848872906a6337fae632bChapter__5_Mineral_wise.pdf,491b70eccee4f1a63f9ae0fe25b1c2d7c40e8b7c714abab7e12a10e594020d67,pdfplumber_position_aware_columns_with_unfc_subtotal_validation
IBM-NMI2025-5-20-grade-all-india-lead-metal-01,official_nmi_resource_inventory,5.20,25,2025-04-01,Lead & Zinc Ore,"[""Lead"",""Zinc""]",grade,,All India,Lead metal,contained_metal_or_compound,'000 Tonnes,1000.0,tonnes,1553.4,0.0,1418.63,2972.03,409.11,120.85,521.43,1063.89,1701.87,5428.3,1.23,9246.68,12218.71,12218710.0,0,True,1.8189894035458565e-12,2.0,True,,,False,inventory_context_only_not_used_as_point_or_grid_model_evidence,SRC_IBM_NMI_2025,https://ibm.gov.in/IBMPortal/pages/national-mineral-inventory-at-a-glance-2025,https://ibm.gov.in/writereaddata/files/17848872906a6337fae632bChapter__5_Mineral_wise.pdf,491b70eccee4f1a63f9ae0fe25b1c2d7c40e8b7c714abab7e12a10e594020d67,pdfplumber_position_aware_columns_with_unfc_subtotal_validation
IBM-NMI2025-5-20-grade-all-india-zinc-metal-01,official_nmi_resource_inventory,5.20,25,2025-04-01,Lead & Zinc Ore,"[""Lead"",""Zinc""]",grade,,All India,Zinc metal,contained_metal_or_compound,'000 Tonnes,1000.0,tonnes,5478.2,0.0,4878.98,10357.18,912.71,116.77,2179.72,2402.5,4675.21,10210.8,104.92,20602.63,30959.81,30959810.0,0,True,3.637978807091713e-12,2.0,True,,,False,inventory_context_only_not_used_as_point_or_grid_model_evidence,SRC_IBM_NMI_2025,https://ibm.gov.in/IBMPortal/pages/national-mineral-inventory-at-a-glance-2025,https://ibm.gov.in/writereaddata/files/17848872906a6337fae632bChapter__5_Mineral_wise.pdf,491b70eccee4f1a63f9ae0fe25b1c2d7c40e8b7c714abab7e12a10e594020d67,pdfplumber_position_aware_columns_with_unfc_subtotal_validation
IBM-NMI2025-5-20-grade-all-india-lead-zinc-metal-01,official_nmi_resource_inventory,5.20,25,2025-04-01,Lead & Zinc Ore,"[""Lead"",""Zinc""]",grade,,All India,Lead & Zinc metal,contained_metal_or_compound,'000 Tonnes,1000.0,tonnes,0.0,0.0,0.0,0.0,0.0,0.0,0.0,0.0,38.38,250.7,36.43,325.51,325.51,325510.0,0,True,0.0,2.0,True,,,False,inventory_context_only_not_used_as_point_or_grid_model_evidence,SRC_IBM_NMI_2025,https://ibm.gov.in/IBMPortal/pages/national-mineral-inventory-at-a-glance-2025,https://ibm.gov.in/writereaddata/files/17848872906a6337fae632bChapter__5_Mineral_wise.pdf,491b70eccee4f1a63f9ae0fe25b1c2d7c40e8b7c714abab7e12a10e594020d67,pdfplumber_position_aware_columns_with_unfc_subtotal_validation
IBM-NMI2025-5-20-state-andhra-pradesh-ore-01,official_nmi_resource_inventory,5.20,25,2025-04-01,Lead & Zinc Ore,"[""Lead"",""Zinc""]",state,Andhra Pradesh,Andhra Pradesh,Ore,ore,'000 Tonnes,1000.0,tonnes,0.0,0.0,0.0,0.0,0.0,0.0,0.0,1000.0,4159.0,18310.0,330.0,23799.0,23799.0,23799000.0,0,True,0.0,2.0,True,,,False,inventory_context_only_not_used_as_point_or_grid_model_evidence,SRC_IBM_NMI_2025,https://ibm.gov.in/IBMPortal/pages/national-mineral-inventory-at-a-glance-2025,https://ibm.gov.in/writereaddata/files/17848872906a6337fae632bChapter__5_Mineral_wise.pdf,491b70eccee4f1a63f9ae0fe25b1c2d7c40e8b7c714abab7e12a10e594020d67,pdfplumber_position_aware_columns_with_unfc_subtotal_validation
IBM-NMI2025-5-20-state-andhra-pradesh-lead-metal-01,official_nmi_resource_inventory,5.20,25,2025-04-01,Lead & Zinc Ore,"[""Lead"",""Zinc""]",state,Andhra Pradesh,Andhra Pradesh,Lead metal,contained_metal_or_compound,'000 Tonnes,1000.0,tonnes,0.0,0.0,0.0,0.0,0.0,0.0,0.0,28.7,119.53,688.65,0.0,836.88,836.88,836880.0,0,True,0.0,2.0,True,,,False,inventory_context_only_not_used_as_point_or_grid_model_evidence,SRC_IBM_NMI_2025,https://ibm.gov.in/IBMPortal/pages/national-mineral-inventory-at-a-glance-2025,https://ibm.gov.in/writereaddata/files/17848872906a6337fae632bChapter__5_Mineral_wise.pdf,491b70eccee4f1a63f9ae0fe25b1c2d7c40e8b7c714abab7e12a10e594020d67,pdfplumber_position_aware_columns_with_unfc_subtotal_validation
IBM-NMI2025-5-20-state-andhra-pradesh-zinc-metal-01,official_nmi_resource_inventory,5.20,25,2025-04-01,Lead & Zinc Ore,"[""Lead"",""Zinc""]",state,Andhra Pradesh,Andhra Pradesh,Zinc metal,contained_metal_or_compound,'000 Tonnes,1000.0,tonnes,0.0,0.0,0.0,0.0,0.0,0.0,0.0,12.4,43.57,7.19,0.0,63.16,63.16,63160.0,0,True,7.105427357601002e-15,2.0,True,,,False,inventory_context_only_not_used_as_point_or_grid_model_evidence,SRC_IBM_NMI_2025,https://ibm.gov.in/IBMPortal/pages/national-mineral-inventory-at-a-glance-2025,https://ibm.gov.in/writereaddata/files/17848872906a6337fae632bChapter__5_Mineral_wise.pdf,491b70eccee4f1a63f9ae0fe25b1c2d7c40e8b7c714abab7e12a10e594020d67,pdfplumber_position_aware_columns_with_unfc_subtotal_validation
IBM-NMI2025-5-20-state-andhra-pradesh-lead-zinc-metal-01,official_nmi_resource_inventory,5.20,25,2025-04-01,Lead & Zinc Ore,"[""Lead"",""Zinc""]",state,Andhra Pradesh,Andhra Pradesh,Lead & Zinc metal,contained_metal_or_compound,'000 Tonnes,1000.0,tonnes,0.0,0.0,0.0,0.0,0.0,0.0,0.0,0.0,0.0,37.13,12.84,49.97,49.97,49970.0,0,True,0.0,2.0,True,,,False,inventory_context_only_not_used_as_point_or_grid_model_evidence,SRC_IBM_NMI_2025,https://ibm.gov.in/IBMPortal/pages/national-mineral-inventory-at-a-glance-2025,https://ibm.gov.in/writereaddata/files/17848872906a6337fae632bChapter__5_Mineral_wise.pdf,491b70eccee4f1a63f9ae0fe25b1c2d7c40e8b7c714abab7e12a10e594020d67,pdfplumber_position_aware_columns_with_unfc_subtotal_validation
IBM-NMI2025-5-20-state-bihar-ore-01,official_nmi_resource_inventory,5.20,25,2025-04-01,Lead & Zinc Ore,"[""Lead"",""Zinc""]",state,Bihar,Bihar,Ore,ore,'000 Tonnes,1000.0,tonnes,0.0,0.0,0.0,0.0,0.0,0.0,0.0,0.0,435.0,11012.0,0.0,11447.0,11447.0,11447000.0,0,True,0.0,2.0,True,,,False,inventory_context_only_not_used_as_point_or_grid_model_evidence,SRC_IBM_NMI_2025,https://ibm.gov.in/IBMPortal/pages/national-mineral-inventory-at-a-glance-2025,https://ibm.gov.in/writereaddata/files/17848872906a6337fae632bChapter__5_Mineral_wise.pdf,491b70eccee4f1a63f9ae0fe25b1c2d7c40e8b7c714abab7e12a10e594020d67,pdfplumber_position_aware_columns_with_unfc_subtotal_validation
IBM-NMI2025-5-20-state-bihar-lead-metal-01,official_nmi_resource_inventory,5.20,25,2025-04-01,Lead & Zinc Ore,"[""Lead"",""Zinc""]",state,Bihar,Bihar,Lead metal,contained_metal_or_compound,'000 Tonnes,1000.0,tonnes,0.0,0.0,0.0,0.0,0.0,0.0,0.0,0.0,0.0,24.0,0.0,24.0,24.0,24000.0,0,True,0.0,2.0,True,,,False,inventory_context_only_not_used_as_point_or_grid_model_evidence,SRC_IBM_NMI_2025,https://ibm.gov.in/IBMPortal/pages/national-mineral-inventory-at-a-glance-2025,https://ibm.gov.in/writereaddata/files/17848872906a6337fae632bChapter__5_Mineral_wise.pdf,491b70eccee4f1a63f9ae0fe25b1c2d7c40e8b7c714abab7e12a10e594020d67,pdfplumber_position_aware_columns_with_unfc_subtotal_validation
IBM-NMI2025-5-20-state-bihar-zinc-metal-01,official_nmi_resource_inventory,5.20,25,2025-04-01,Lead & Zinc Ore,"[""Lead"",""Zinc""]",state,Bihar,Bihar,Zinc metal,contained_metal_or_compound,'000 Tonnes,1000.0,tonnes,0.0,0.0,0.0,0.0,0.0,0.0,0.0,0.0,14.75,24.0,0.0,38.75,38.75,38750.0,0,True,0.0,2.0,True,,,False,inventory_context_only_not_used_as_point_or_grid_model_evidence,SRC_IBM_NMI_2025,https://ibm.gov.in/IBMPortal/pages/national-mineral-inventory-at-a-glance-2025,https://ibm.gov.in/writereaddata/files/17848872906a6337fae632bChapter__5_Mineral_wise.pdf,491b70eccee4f1a63f9ae0fe25b1c2d7c40e8b7c714abab7e12a10e594020d67,pdfplumber_position_aware_columns_with_unfc_subtotal_validation
IBM-NMI2025-5-20-state-bihar-lead-zinc-metal-01,official_nmi_resource_inventory,5.20,25,2025-04-01,Lead & Zinc Ore,"[""Lead"",""Zinc""]",state,Bihar,Bihar,Lead & Zinc metal,contained_metal_or_compound,'000 Tonnes,1000.0,tonnes,0.0,0.0,0.0,0.0,0.0,0.0,0.0,0.0,0.0,0.28,0.0,0.28,0.28,280.0,0,True,0.0,2.0,True,,,False,inventory_context_only_not_used_as_point_or_grid_model_evidence,SRC_IBM_NMI_2025,https://ibm.gov.in/IBMPortal/pages/national-mineral-inventory-at-a-glance-2025,https://ibm.gov.in/writereaddata/files/17848872906a6337fae632bChapter__5_Mineral_wise.pdf,491b70eccee4f1a63f9ae0fe25b1c2d7c40e8b7c714abab7e12a10e594020d67,pdfplumber_position_aware_columns_with_unfc_subtotal_validation
IBM-NMI2025-5-20-state-chhattisgarh-ore-01,official_nmi_resource_inventory,5.20,25,2025-04-01,Lead & Zinc Ore,"[""Lead"",""Zinc""]",state,Chhattisgarh,Chattisgarh,Ore,ore,'000 Tonnes,1000.0,tonnes,0.0,0.0,0.0,0.0,0.0,0.0,0.0,0.0,0.0,22.0,0.0,22.0,22.0,22000.0,0,True,0.0,2.0,True,,,False,inventory_context_only_not_used_as_point_or_grid_model_evidence,SRC_IBM_NMI_2025,https://ibm.gov.in/IBMPortal/pages/national-mineral-inventory-at-a-glance-2025,https://ibm.gov.in/writereaddata/files/17848872906a6337fae632bChapter__5_Mineral_wise.pdf,491b70eccee4f1a63f9ae0fe25b1c2d7c40e8b7c714abab7e12a10e594020d67,pdfplumber_position_aware_columns_with_unfc_subtotal_validation
IBM-NMI2025-5-20-state-chhattisgarh-lead-metal-01,official_nmi_resource_inventory,5.20,25,2025-04-01,Lead & Zinc Ore,"[""Lead"",""Zinc""]",state,Chhattisgarh,Chattisgarh,Lead metal,contained_metal_or_compound,'000 Tonnes,1000.0,tonnes,0.0,0.0,0.0,0.0,0.0,0.0,0.0,0.0,0.0,0.0,0.0,0.0,0.0,0.0,0,True,0.0,2.0,True,,,False,inventory_context_only_not_used_as_point_or_grid_model_evidence,SRC_IBM_NMI_2025,https://ibm.gov.in/IBMPortal/pages/national-mineral-inventory-at-a-glance-2025,https://ibm.gov.in/writereaddata/files/17848872906a6337fae632bChapter__5_Mineral_wise.pdf,491b70eccee4f1a63f9ae0fe25b1c2d7c40e8b7c714abab7e12a10e594020d67,pdfplumber_position_aware_columns_with_unfc_subtotal_validation
IBM-NMI2025-5-20-state-chhattisgarh-zinc-metal-01,official_nmi_resource_inventory,5.20,25,2025-04-01,Lead & Zinc Ore,"[""Lead"",""Zinc""]",state,Chhattisgarh,Chattisgarh,Zinc metal,contained_metal_or_compound,'000 Tonnes,1000.0,tonnes,0.0,0.0,0.0,0.0,0.0,0.0,0.0,0.0,0.0,0.0,0.0,0.0,0.0,0.0,0,True,0.0,2.0,True,,,False,inventory_context_only_not_used_as_point_or_grid_model_evidence,SRC_IBM_NMI_2025,https://ibm.gov.in/IBMPortal/pages/national-mineral-inventory-at-a-glance-2025,https://ibm.gov.in/writereaddata/files/17848872906a6337fae632bChapter__5_Mineral_wise.pdf,491b70eccee4f1a63f9ae0fe25b1c2d7c40e8b7c714abab7e12a10e594020d67,pdfplumber_position_aware_columns_with_unfc_subtotal_validation
IBM-NMI2025-5-20-state-chhattisgarh-lead-zinc-metal-01,official_nmi_resource_inventory,5.20,25,2025-04-01,Lead & Zinc Ore,"[""Lead"",""Zinc""]",state,Chhattisgarh,Chattisgarh,Lead & Zinc metal,contained_metal_or_compound,'000 Tonnes,1000.0,tonnes,0.0,0.0,0.0,0.0,0.0,0.0,0.0,0.0,0.0,1.9,0.0,1.9,1.9,1900.0,0,True,0.0,2.0,True,,,False,inventory_context_only_not_used_as_point_or_grid_model_evidence,SRC_IBM_NMI_2025,https://ibm.gov.in/IBMPortal/pages/national-mineral-inventory-at-a-glance-2025,https://ibm.gov.in/writereaddata/files/17848872906a6337fae632bChapter__5_Mineral_wise.pdf,491b70eccee4f1a63f9ae0fe25b1c2d7c40e8b7c714abab7e12a10e594020d67,pdfplumber_position_aware_columns_with_unfc_subtotal_validation
IBM-NMI2025-5-20-state-gujarat-ore-01,official_nmi_resource_inventory,5.20,25,2025-04-01,Lead & Zinc Ore,"[""Lead"",""Zinc""]",state,Gujarat,Gujarat,Ore,ore,'000 Tonnes,1000.0,tonnes,3188.0,0.0,3279.0,6467.0,0.0,2334.0,230.0,129.0,0.0,1377.0,101.0,4171.0,10638.0,10638000.0,0,True,0.0,2.0,True,,,False,inventory_context_only_not_used_as_point_or_grid_model_evidence,SRC_IBM_NMI_2025,https://ibm.gov.in/IBMPortal/pages/national-mineral-inventory-at-a-glance-2025,https://ibm.gov.in/writereaddata/files/17848872906a6337fae632bChapter__5_Mineral_wise.pdf,491b70eccee4f1a63f9ae0fe25b1c2d7c40e8b7c714abab7e12a10e594020d67,pdfplumber_position_aware_columns_with_unfc_subtotal_validation
IBM-NMI2025-5-20-state-gujarat-lead-metal-01,official_nmi_resource_inventory,5.20,25,2025-04-01,Lead & Zinc Ore,"[""Lead"",""Zinc""]",state,Gujarat,Gujarat,Lead metal,contained_metal_or_compound,'000 Tonnes,1000.0,tonnes,94.68,0.0,97.39,192.07,0.0,69.31,6.82,3.9,0.0,34.95,0.0,114.98,307.05,307050.0,0,True,0.0,2.0,True,,,False,inventory_context_only_not_used_as_point_or_grid_model_evidence,SRC_IBM_NMI_2025,https://ibm.gov.in/IBMPortal/pages/national-mineral-inventory-at-a-glance-2025,https://ibm.gov.in/writereaddata/files/17848872906a6337fae632bChapter__5_Mineral_wise.pdf,491b70eccee4f1a63f9ae0fe25b1c2d7c40e8b7c714abab7e12a10e594020d67,pdfplumber_position_aware_columns_with_unfc_subtotal_validation
IBM-NMI2025-5-20-state-gujarat-zinc-metal-01,official_nmi_resource_inventory,5.20,26,2025-04-01,Lead & Zinc Ore,"[""Lead"",""Zinc""]",state,Gujarat,Gujarat,Zinc metal,contained_metal_or_compound,'000 Tonnes,1000.0,tonnes,119.23,0.0,122.63,241.86,0.0,87.28,8.58,1.1,0.0,44.01,0.0,140.97,382.83,382830.0,0,True,5.684341886080802e-14,2.0,True,,,False,inventory_context_only_not_used_as_point_or_grid_model_evidence,SRC_IBM_NMI_2025,https://ibm.gov.in/IBMPortal/pages/national-mineral-inventory-at-a-glance-2025,https://ibm.gov.in/writereaddata/files/17848872906a6337fae632bChapter__5_Mineral_wise.pdf,491b70eccee4f1a63f9ae0fe25b1c2d7c40e8b7c714abab7e12a10e594020d67,pdfplumber_position_aware_columns_with_unfc_subtotal_validation
IBM-NMI2025-5-20-state-gujarat-lead-zinc-metal-01,official_nmi_resource_inventory,5.20,26,2025-04-01,Lead & Zinc Ore,"[""Lead"",""Zinc""]",state,Gujarat,Gujarat,Lead & Zinc metal,contained_metal_or_compound,'000 Tonnes,1000.0,tonnes,0.0,0.0,0.0,0.0,0.0,0.0,0.0,0.0,0.0,0.9,1.22,2.12,2.12,2120.0,0,True,0.0,2.0,True,,,False,inventory_context_only_not_used_as_point_or_grid_model_evidence,SRC_IBM_NMI_2025,https://ibm.gov.in/IBMPortal/pages/national-mineral-inventory-at-a-glance-2025,https://ibm.gov.in/writereaddata/files/17848872906a6337fae632bChapter__5_Mineral_wise.pdf,491b70eccee4f1a63f9ae0fe25b1c2d7c40e8b7c714abab7e12a10e594020d67,pdfplumber_position_aware_columns_with_unfc_subtotal_validation
IBM-NMI2025-5-20-state-jharkhand-ore-01,official_nmi_resource_inventory,5.20,26,2025-04-01,Lead & Zinc Ore,"[""Lead"",""Zinc""]",state,Jharkhand,Jharkhand,Ore,ore,'000 Tonnes,1000.0,tonnes,0.0,0.0,0.0,0.0,0.0,0.0,0.0,0.0,0.0,0.0,292.0,292.0,292.0,292000.0,0,True,0.0,2.0,True,,,False,inventory_context_only_not_used_as_point_or_grid_model_evidence,SRC_IBM_NMI_2025,https://ibm.gov.in/IBMPortal/pages/national-mineral-inventory-at-a-glance-2025,https://ibm.gov.in/writereaddata/files/17848872906a6337fae632bChapter__5_Mineral_wise.pdf,491b70eccee4f1a63f9ae0fe25b1c2d7c40e8b7c714abab7e12a10e594020d67,pdfplumber_position_aware_columns_with_unfc_subtotal_validation
IBM-NMI2025-5-20-state-jharkhand-lead-metal-01,official_nmi_resource_inventory,5.20,26,2025-04-01,Lead & Zinc Ore,"[""Lead"",""Zinc""]",state,Jharkhand,Jharkhand,Lead metal,contained_metal_or_compound,'000 Tonnes,1000.0,tonnes,0.0,0.0,0.0,0.0,0.0,0.0,0.0,0.0,0.0,0.0,1.23,1.23,1.23,1230.0,0,True,0.0,2.0,True,,,False,inventory_context_only_not_used_as_point_or_grid_model_evidence,SRC_IBM_NMI_2025,https://ibm.gov.in/IBMPortal/pages/national-mineral-inventory-at-a-glance-2025,https://ibm.gov.in/writereaddata/files/17848872906a6337fae632bChapter__5_Mineral_wise.pdf,491b70eccee4f1a63f9ae0fe25b1c2d7c40e8b7c714abab7e12a10e594020d67,pdfplumber_position_aware_columns_with_unfc_subtotal_validation
IBM-NMI2025-5-20-state-jharkhand-zinc-metal-01,official_nmi_resource_inventory,5.20,26,2025-04-01,Lead & Zinc Ore,"[""Lead"",""Zinc""]",state,Jharkhand,Jharkhand,Zinc metal,contained_metal_or_compound,'000 Tonnes,1000.0,tonnes,0.0,0.0,0.0,0.0,0.0,0.0,0.0,0.0,0.0,0.0,3.27,3.27,3.27,3270.0,0,True,0.0,2.0,True,,,False,inventory_context_only_not_used_as_point_or_grid_model_evidence,SRC_IBM_NMI_2025,https://ibm.gov.in/IBMPortal/pages/national-mineral-inventory-at-a-glance-2025,https://ibm.gov.in/writereaddata/files/17848872906a6337fae632bChapter__5_Mineral_wise.pdf,491b70eccee4f1a63f9ae0fe25b1c2d7c40e8b7c714abab7e12a10e594020d67,pdfplumber_position_aware_columns_with_unfc_subtotal_validation
IBM-NMI2025-5-20-state-jharkhand-lead-zinc-metal-01,official_nmi_resource_inventory,5.20,26,2025-04-01,Lead & Zinc Ore,"[""Lead"",""Zinc""]",state,Jharkhand,Jharkhand,Lead & Zinc metal,contained_metal_or_compound,'000 Tonnes,1000.0,tonnes,0.0,0.0,0.0,0.0,0.0,0.0,0.0,0.0,0.0,0.0,0.0,0.0,0.0,0.0,0,True,0.0,2.0,True,,,False,inventory_context_only_not_used_as_point_or_grid_model_evidence,SRC_IBM_NMI_2025,https://ibm.gov.in/IBMPortal/pages/national-mineral-inventory-at-a-glance-2025,https://ibm.gov.in/writereaddata/files/17848872906a6337fae632bChapter__5_Mineral_wise.pdf,491b70eccee4f1a63f9ae0fe25b1c2d7c40e8b7c714abab7e12a10e594020d67,pdfplumber_position_aware_columns_with_unfc_subtotal_validation
IBM-NMI2025-5-20-state-madhya-pradesh-ore-01,official_nmi_resource_inventory,5.20,26,2025-04-01,Lead & Zinc Ore,"[""Lead"",""Zinc""]",state,Madhya Pradesh,Madhya Pradesh,Ore,ore,'000 Tonnes,1000.0,tonnes,0.0,0.0,0.0,0.0,129.0,117.0,0.0,1510.0,9776.0,7765.0,3150.0,22447.0,22447.0,22447000.0,0,True,0.0,2.0,True,,,False,inventory_context_only_not_used_as_point_or_grid_model_evidence,SRC_IBM_NMI_2025,https://ibm.gov.in/IBMPortal/pages/national-mineral-inventory-at-a-glance-2025,https://ibm.gov.in/writereaddata/files/17848872906a6337fae632bChapter__5_Mineral_wise.pdf,491b70eccee4f1a63f9ae0fe25b1c2d7c40e8b7c714abab7e12a10e594020d67,pdfplumber_position_aware_columns_with_unfc_subtotal_validation
IBM-NMI2025-5-20-state-madhya-pradesh-lead-metal-01,official_nmi_resource_inventory,5.20,26,2025-04-01,Lead & Zinc Ore,"[""Lead"",""Zinc""]",state,Madhya Pradesh,Madhya Pradesh,Lead metal,contained_metal_or_compound,'000 Tonnes,1000.0,tonnes,0.0,0.0,0.0,0.0,0.0,0.0,0.0,26.12,5.13,5.04,0.0,36.29,36.29,36290.0,0,True,0.0,2.0,True,,,False,inventory_context_only_not_used_as_point_or_grid_model_evidence,SRC_IBM_NMI_2025,https://ibm.gov.in/IBMPortal/pages/national-mineral-inventory-at-a-glance-2025,https://ibm.gov.in/writereaddata/files/17848872906a6337fae632bChapter__5_Mineral_wise.pdf,491b70eccee4f1a63f9ae0fe25b1c2d7c40e8b7c714abab7e12a10e594020d67,pdfplumber_position_aware_columns_with_unfc_subtotal_validation
IBM-NMI2025-5-20-state-madhya-pradesh-zinc-metal-01,official_nmi_resource_inventory,5.20,26,2025-04-01,Lead & Zinc Ore,"[""Lead"",""Zinc""]",state,Madhya Pradesh,Madhya Pradesh,Zinc metal,contained_metal_or_compound,'000 Tonnes,1000.0,tonnes,0.0,0.0,0.0,0.0,5.2,4.71,0.0,114.76,44.67,200.07,101.12,470.53,470.53,470530.0,0,True,5.684341886080802e-14,2.0,True,,,False,inventory_context_only_not_used_as_point_or_grid_model_evidence,SRC_IBM_NMI_2025,https://ibm.gov.in/IBMPortal/pages/national-mineral-inventory-at-a-glance-2025,https://ibm.gov.in/writereaddata/files/17848872906a6337fae632bChapter__5_Mineral_wise.pdf,491b70eccee4f1a63f9ae0fe25b1c2d7c40e8b7c714abab7e12a10e594020d67,pdfplumber_position_aware_columns_with_unfc_subtotal_validation
IBM-NMI2025-5-20-state-madhya-pradesh-lead-zinc-metal-01,official_nmi_resource_inventory,5.20,26,2025-04-01,Lead & Zinc Ore,"[""Lead"",""Zinc""]",state,Madhya Pradesh,Madhya Pradesh,Lead & Zinc metal,contained_metal_or_compound,'000 Tonnes,1000.0,tonnes,0.0,0.0,0.0,0.0,0.0,0.0,0.0,0.0,38.38,0.0,0.0,38.38,38.38,38380.0,0,True,0.0,2.0,True,,,False,inventory_context_only_not_used_as_point_or_grid_model_evidence,SRC_IBM_NMI_2025,https://ibm.gov.in/IBMPortal/pages/national-mineral-inventory-at-a-glance-2025,https://ibm.gov.in/writereaddata/files/17848872906a6337fae632bChapter__5_Mineral_wise.pdf,491b70eccee4f1a63f9ae0fe25b1c2d7c40e8b7c714abab7e12a10e594020d67,pdfplumber_position_aware_columns_with_unfc_subtotal_validation
IBM-NMI2025-5-20-state-maharashtra-ore-01,official_nmi_resource_inventory,5.20,26,2025-04-01,Lead & Zinc Ore,"[""Lead"",""Zinc""]",state,Maharashtra,Maharashtra,Ore,ore,'000 Tonnes,1000.0,tonnes,0.0,0.0,0.0,0.0,0.0,0.0,0.0,1967.0,6305.0,1000.0,0.0,9272.0,9272.0,9272000.0,0,True,0.0,2.0,True,,,False,inventory_context_only_not_used_as_point_or_grid_model_evidence,SRC_IBM_NMI_2025,https://ibm.gov.in/IBMPortal/pages/national-mineral-inventory-at-a-glance-2025,https://ibm.gov.in/writereaddata/files/17848872906a6337fae632bChapter__5_Mineral_wise.pdf,491b70eccee4f1a63f9ae0fe25b1c2d7c40e8b7c714abab7e12a10e594020d67,pdfplumber_position_aware_columns_with_unfc_subtotal_validation
IBM-NMI2025-5-20-state-maharashtra-zinc-metal-01,official_nmi_resource_inventory,5.20,26,2025-04-01,Lead & Zinc Ore,"[""Lead"",""Zinc""]",state,Maharashtra,Maharashtra,Zinc metal,contained_metal_or_compound,'000 Tonnes,1000.0,tonnes,0.0,0.0,0.0,0.0,0.0,0.0,0.0,133.56,428.11,28.0,0.0,589.67,589.67,589670.0,0,True,1.1368683772161603e-13,2.0,True,,,False,inventory_context_only_not_used_as_point_or_grid_model_evidence,SRC_IBM_NMI_2025,https://ibm.gov.in/IBMPortal/pages/national-mineral-inventory-at-a-glance-2025,https://ibm.gov.in/writereaddata/files/17848872906a6337fae632bChapter__5_Mineral_wise.pdf,491b70eccee4f1a63f9ae0fe25b1c2d7c40e8b7c714abab7e12a10e594020d67,pdfplumber_position_aware_columns_with_unfc_subtotal_validation
IBM-NMI2025-5-20-state-meghalaya-ore-01,official_nmi_resource_inventory,5.20,26,2025-04-01,Lead & Zinc Ore,"[""Lead"",""Zinc""]",state,Meghalaya,Meghalaya,Ore,ore,'000 Tonnes,1000.0,tonnes,0.0,0.0,0.0,0.0,0.0,0.0,0.0,0.0,880.0,0.0,0.0,880.0,880.0,880000.0,0,True,0.0,2.0,True,,,False,inventory_context_only_not_used_as_point_or_grid_model_evidence,SRC_IBM_NMI_2025,https://ibm.gov.in/IBMPortal/pages/national-mineral-inventory-at-a-glance-2025,https://ibm.gov.in/writereaddata/files/17848872906a6337fae632bChapter__5_Mineral_wise.pdf,491b70eccee4f1a63f9ae0fe25b1c2d7c40e8b7c714abab7e12a10e594020d67,pdfplumber_position_aware_columns_with_unfc_subtotal_validation
IBM-NMI2025-5-20-state-meghalaya-lead-metal-01,official_nmi_resource_inventory,5.20,26,2025-04-01,Lead & Zinc Ore,"[""Lead"",""Zinc""]",state,Meghalaya,Meghalaya,Lead metal,contained_metal_or_compound,'000 Tonnes,1000.0,tonnes,0.0,0.0,0.0,0.0,0.0,0.0,0.0,0.0,16.5,0.0,0.0,16.5,16.5,16500.0,0,True,0.0,2.0,True,,,False,inventory_context_only_not_used_as_point_or_grid_model_evidence,SRC_IBM_NMI_2025,https://ibm.gov.in/IBMPortal/pages/national-mineral-inventory-at-a-glance-2025,https://ibm.gov.in/writereaddata/files/17848872906a6337fae632bChapter__5_Mineral_wise.pdf,491b70eccee4f1a63f9ae0fe25b1c2d7c40e8b7c714abab7e12a10e594020d67,pdfplumber_position_aware_columns_with_unfc_subtotal_validation
IBM-NMI2025-5-20-state-meghalaya-zinc-metal-01,official_nmi_resource_inventory,5.20,26,2025-04-01,Lead & Zinc Ore,"[""Lead"",""Zinc""]",state,Meghalaya,Meghalaya,Zinc metal,contained_metal_or_compound,'000 Tonnes,1000.0,tonnes,0.0,0.0,0.0,0.0,0.0,0.0,0.0,0.0,14.0,0.0,0.0,14.0,14.0,14000.0,0,True,0.0,2.0,True,,,False,inventory_context_only_not_used_as_point_or_grid_model_evidence,SRC_IBM_NMI_2025,https://ibm.gov.in/IBMPortal/pages/national-mineral-inventory-at-a-glance-2025,https://ibm.gov.in/writereaddata/files/17848872906a6337fae632bChapter__5_Mineral_wise.pdf,491b70eccee4f1a63f9ae0fe25b1c2d7c40e8b7c714abab7e12a10e594020d67,pdfplumber_position_aware_columns_with_unfc_subtotal_validation
IBM-NMI2025-5-20-state-odisha-ore-01,official_nmi_resource_inventory,5.20,26,2025-04-01,Lead & Zinc Ore,"[""Lead"",""Zinc""]",state,Odisha,Odisha,Ore,ore,'000 Tonnes,1000.0,tonnes,0.0,0.0,0.0,0.0,0.0,961.0,119.0,0.0,0.0,670.0,0.0,1750.0,1750.0,1750000.0,0,True,0.0,2.0,True,,,False,inventory_context_only_not_used_as_point_or_grid_model_evidence,SRC_IBM_NMI_2025,https://ibm.gov.in/IBMPortal/pages/national-mineral-inventory-at-a-glance-2025,https://ibm.gov.in/writereaddata/files/17848872906a6337fae632bChapter__5_Mineral_wise.pdf,491b70eccee4f1a63f9ae0fe25b1c2d7c40e8b7c714abab7e12a10e594020d67,pdfplumber_position_aware_columns_with_unfc_subtotal_validation
IBM-NMI2025-5-20-state-odisha-lead-metal-01,official_nmi_resource_inventory,5.20,26,2025-04-01,Lead & Zinc Ore,"[""Lead"",""Zinc""]",state,Odisha,Odisha,Lead metal,contained_metal_or_compound,'000 Tonnes,1000.0,tonnes,0.0,0.0,0.0,0.0,0.0,34.32,4.25,0.0,0.0,38.39,0.0,76.96,76.96,76960.0,0,True,1.4210854715202004e-14,2.0,True,,,False,inventory_context_only_not_used_as_point_or_grid_model_evidence,SRC_IBM_NMI_2025,https://ibm.gov.in/IBMPortal/pages/national-mineral-inventory-at-a-glance-2025,https://ibm.gov.in/writereaddata/files/17848872906a6337fae632bChapter__5_Mineral_wise.pdf,491b70eccee4f1a63f9ae0fe25b1c2d7c40e8b7c714abab7e12a10e594020d67,pdfplumber_position_aware_columns_with_unfc_subtotal_validation
IBM-NMI2025-5-20-state-rajasthan-ore-01,official_nmi_resource_inventory,5.20,26,2025-04-01,Lead & Zinc Ore,"[""Lead"",""Zinc""]",state,Rajasthan,Rajasthan,Ore,ore,'000 Tonnes,1000.0,tonnes,88742.0,0.0,96349.0,185091.0,21333.0,148.0,27120.0,50032.0,156820.0,297151.0,1380.0,553984.0,739076.0,739076000.0,0,True,1.0,14.78152,True,,,False,inventory_context_only_not_used_as_point_or_grid_model_evidence,SRC_IBM_NMI_2025,https://ibm.gov.in/IBMPortal/pages/national-mineral-inventory-at-a-glance-2025,https://ibm.gov.in/writereaddata/files/17848872906a6337fae632bChapter__5_Mineral_wise.pdf,491b70eccee4f1a63f9ae0fe25b1c2d7c40e8b7c714abab7e12a10e594020d67,pdfplumber_position_aware_columns_with_unfc_subtotal_validation
IBM-NMI2025-5-20-state-rajasthan-lead-metal-01,official_nmi_resource_inventory,5.20,26,2025-04-01,Lead & Zinc Ore,"[""Lead"",""Zinc""]",state,Rajasthan,Rajasthan,Lead metal,contained_metal_or_compound,'000 Tonnes,1000.0,tonnes,1458.72,0.0,1321.25,2779.97,409.11,10.32,508.68,864.06,1390.91,4617.67,0.0,7800.75,10580.72,10580720.0,0,True,4.547473508864641e-13,2.0,True,,,False,inventory_context_only_not_used_as_point_or_grid_model_evidence,SRC_IBM_NMI_2025,https://ibm.gov.in/IBMPortal/pages/national-mineral-inventory-at-a-glance-2025,https://ibm.gov.in/writereaddata/files/17848872906a6337fae632bChapter__5_Mineral_wise.pdf,491b70eccee4f1a63f9ae0fe25b1c2d7c40e8b7c714abab7e12a10e594020d67,pdfplumber_position_aware_columns_with_unfc_subtotal_validation
IBM-NMI2025-5-20-state-rajasthan-zinc-metal-01,official_nmi_resource_inventory,5.20,26,2025-04-01,Lead & Zinc Ore,"[""Lead"",""Zinc""]",state,Rajasthan,Rajasthan,Zinc metal,contained_metal_or_compound,'000 Tonnes,1000.0,tonnes,5358.97,0.0,4756.34,10115.31,907.51,11.9,2168.0,1974.71,3886.94,9865.85,0.53,18815.44,28930.75,28930750.0,0,True,1.8189894035458565e-12,2.0,True,,,False,inventory_context_only_not_used_as_point_or_grid_model_evidence,SRC_IBM_NMI_2025,https://ibm.gov.in/IBMPortal/pages/national-mineral-inventory-at-a-glance-2025,https://ibm.gov.in/writereaddata/files/17848872906a6337fae632bChapter__5_Mineral_wise.pdf,491b70eccee4f1a63f9ae0fe25b1c2d7c40e8b7c714abab7e12a10e594020d67,pdfplumber_position_aware_columns_with_unfc_subtotal_validation
IBM-NMI2025-5-20-state-rajasthan-lead-zinc-metal-01,official_nmi_resource_inventory,5.20,26,2025-04-01,Lead & Zinc Ore,"[""Lead"",""Zinc""]",state,Rajasthan,Rajasthan,Lead & Zinc metal,contained_metal_or_compound,'000 Tonnes,1000.0,tonnes,0.0,0.0,0.0,0.0,0.0,0.0,0.0,0.0,0.0,210.49,22.37,232.86,232.86,232860.0,0,True,0.0,2.0,True,,,False,inventory_context_only_not_used_as_point_or_grid_model_evidence,SRC_IBM_NMI_2025,https://ibm.gov.in/IBMPortal/pages/national-mineral-inventory-at-a-glance-2025,https://ibm.gov.in/writereaddata/files/17848872906a6337fae632bChapter__5_Mineral_wise.pdf,491b70eccee4f1a63f9ae0fe25b1c2d7c40e8b7c714abab7e12a10e594020d67,pdfplumber_position_aware_columns_with_unfc_subtotal_validation
IBM-NMI2025-5-20-state-sikkim-ore-01,official_nmi_resource_inventory,5.20,26,2025-04-01,Lead & Zinc Ore,"[""Lead"",""Zinc""]",state,Sikkim,Sikkim,Ore,ore,'000 Tonnes,1000.0,tonnes,0.0,0.0,0.0,0.0,0.0,436.0,64.0,300.0,0.0,150.0,0.0,950.0,950.0,950000.0,0,True,0.0,2.0,True,,,False,inventory_context_only_not_used_as_point_or_grid_model_evidence,SRC_IBM_NMI_2025,https://ibm.gov.in/IBMPortal/pages/national-mineral-inventory-at-a-glance-2025,https://ibm.gov.in/writereaddata/files/17848872906a6337fae632bChapter__5_Mineral_wise.pdf,491b70eccee4f1a63f9ae0fe25b1c2d7c40e8b7c714abab7e12a10e594020d67,pdfplumber_position_aware_columns_with_unfc_subtotal_validation
IBM-NMI2025-5-20-state-sikkim-lead-metal-01,official_nmi_resource_inventory,5.20,26,2025-04-01,Lead & Zinc Ore,"[""Lead"",""Zinc""]",state,Sikkim,Sikkim,Lead metal,contained_metal_or_compound,'000 Tonnes,1000.0,tonnes,0.0,0.0,0.0,0.0,0.0,6.9,1.68,0.0,0.0,0.0,0.0,8.58,8.58,8580.0,0,True,0.0,2.0,True,,,False,inventory_context_only_not_used_as_point_or_grid_model_evidence,SRC_IBM_NMI_2025,https://ibm.gov.in/IBMPortal/pages/national-mineral-inventory-at-a-glance-2025,https://ibm.gov.in/writereaddata/files/17848872906a6337fae632bChapter__5_Mineral_wise.pdf,491b70eccee4f1a63f9ae0fe25b1c2d7c40e8b7c714abab7e12a10e594020d67,pdfplumber_position_aware_columns_with_unfc_subtotal_validation
IBM-NMI2025-5-20-state-sikkim-zinc-metal-01,official_nmi_resource_inventory,5.20,26,2025-04-01,Lead & Zinc Ore,"[""Lead"",""Zinc""]",state,Sikkim,Sikkim,Zinc metal,contained_metal_or_compound,'000 Tonnes,1000.0,tonnes,0.0,0.0,0.0,0.0,0.0,12.88,3.14,3.0,0.0,1.05,0.0,20.07,20.07,20070.0,0,True,0.0,2.0,True,,,False,inventory_context_only_not_used_as_point_or_grid_model_evidence,SRC_IBM_NMI_2025,https://ibm.gov.in/IBMPortal/pages/national-mineral-inventory-at-a-glance-2025,https://ibm.gov.in/writereaddata/files/17848872906a6337fae632bChapter__5_Mineral_wise.pdf,491b70eccee4f1a63f9ae0fe25b1c2d7c40e8b7c714abab7e12a10e594020d67,pdfplumber_position_aware_columns_with_unfc_subtotal_validation
IBM-NMI2025-5-20-state-tamil-nadu-ore-01,official_nmi_resource_inventory,5.20,27,2025-04-01,Lead & Zinc Ore,"[""Lead"",""Zinc""]",state,Tamil Nadu,Tamil Nadu,Ore,ore,'000 Tonnes,1000.0,tonnes,0.0,0.0,0.0,0.0,0.0,0.0,0.0,200.0,590.0,0.0,0.0,790.0,790.0,790000.0,0,True,0.0,2.0,True,,,False,inventory_context_only_not_used_as_point_or_grid_model_evidence,SRC_IBM_NMI_2025,https://ibm.gov.in/IBMPortal/pages/national-mineral-inventory-at-a-glance-2025,https://ibm.gov.in/writereaddata/files/17848872906a6337fae632bChapter__5_Mineral_wise.pdf,491b70eccee4f1a63f9ae0fe25b1c2d7c40e8b7c714abab7e12a10e594020d67,pdfplumber_position_aware_columns_with_unfc_subtotal_validation
IBM-NMI2025-5-20-state-tamil-nadu-lead-metal-01,official_nmi_resource_inventory,5.20,27,2025-04-01,Lead & Zinc Ore,"[""Lead"",""Zinc""]",state,Tamil Nadu,Tamil Nadu,Lead metal,contained_metal_or_compound,'000 Tonnes,1000.0,tonnes,0.0,0.0,0.0,0.0,0.0,0.0,0.0,2.26,5.48,0.0,0.0,7.74,7.74,7740.0,0,True,0.0,2.0,True,,,False,inventory_context_only_not_used_as_point_or_grid_model_evidence,SRC_IBM_NMI_2025,https://ibm.gov.in/IBMPortal/pages/national-mineral-inventory-at-a-glance-2025,https://ibm.gov.in/writereaddata/files/17848872906a6337fae632bChapter__5_Mineral_wise.pdf,491b70eccee4f1a63f9ae0fe25b1c2d7c40e8b7c714abab7e12a10e594020d67,pdfplumber_position_aware_columns_with_unfc_subtotal_validation
IBM-NMI2025-5-20-state-tamil-nadu-zinc-metal-01,official_nmi_resource_inventory,5.20,27,2025-04-01,Lead & Zinc Ore,"[""Lead"",""Zinc""]",state,Tamil Nadu,Tamil Nadu,Zinc metal,contained_metal_or_compound,'000 Tonnes,1000.0,tonnes,0.0,0.0,0.0,0.0,0.0,0.0,0.0,11.76,24.76,0.0,0.0,36.52,36.52,36520.0,0,True,0.0,2.0,True,,,False,inventory_context_only_not_used_as_point_or_grid_model_evidence,SRC_IBM_NMI_2025,https://ibm.gov.in/IBMPortal/pages/national-mineral-inventory-at-a-glance-2025,https://ibm.gov.in/writereaddata/files/17848872906a6337fae632bChapter__5_Mineral_wise.pdf,491b70eccee4f1a63f9ae0fe25b1c2d7c40e8b7c714abab7e12a10e594020d67,pdfplumber_position_aware_columns_with_unfc_subtotal_validation
IBM-NMI2025-5-20-state-telangana-ore-01,official_nmi_resource_inventory,5.20,27,2025-04-01,Lead & Zinc Ore,"[""Lead"",""Zinc""]",state,Telangana,Telangana,Ore,ore,'000 Tonnes,1000.0,tonnes,0.0,0.0,0.0,0.0,0.0,0.0,0.0,0.0,0.0,64.0,0.0,64.0,64.0,64000.0,0,True,0.0,2.0,True,,,False,inventory_context_only_not_used_as_point_or_grid_model_evidence,SRC_IBM_NMI_2025,https://ibm.gov.in/IBMPortal/pages/national-mineral-inventory-at-a-glance-2025,https://ibm.gov.in/writereaddata/files/17848872906a6337fae632bChapter__5_Mineral_wise.pdf,491b70eccee4f1a63f9ae0fe25b1c2d7c40e8b7c714abab7e12a10e594020d67,pdfplumber_position_aware_columns_with_unfc_subtotal_validation
IBM-NMI2025-5-20-state-telangana-lead-metal-01,official_nmi_resource_inventory,5.20,27,2025-04-01,Lead & Zinc Ore,"[""Lead"",""Zinc""]",state,Telangana,Telangana,Lead metal,contained_metal_or_compound,'000 Tonnes,1000.0,tonnes,0.0,0.0,0.0,0.0,0.0,0.0,0.0,0.0,0.0,0.1,0.0,0.1,0.1,100.0,0,True,0.0,2.0,True,,,False,inventory_context_only_not_used_as_point_or_grid_model_evidence,SRC_IBM_NMI_2025,https://ibm.gov.in/IBMPortal/pages/national-mineral-inventory-at-a-glance-2025,https://ibm.gov.in/writereaddata/files/17848872906a6337fae632bChapter__5_Mineral_wise.pdf,491b70eccee4f1a63f9ae0fe25b1c2d7c40e8b7c714abab7e12a10e594020d67,pdfplumber_position_aware_columns_with_unfc_subtotal_validation
IBM-NMI2025-5-20-state-uttarakhand-ore-01,official_nmi_resource_inventory,5.20,27,2025-04-01,Lead & Zinc Ore,"[""Lead"",""Zinc""]",state,Uttarakhand,Uttarakhand,Ore,ore,'000 Tonnes,1000.0,tonnes,0.0,0.0,0.0,0.0,0.0,0.0,0.0,3170.0,1790.0,660.0,0.0,5620.0,5620.0,5620000.0,0,True,0.0,2.0,True,,,False,inventory_context_only_not_used_as_point_or_grid_model_evidence,SRC_IBM_NMI_2025,https://ibm.gov.in/IBMPortal/pages/national-mineral-inventory-at-a-glance-2025,https://ibm.gov.in/writereaddata/files/17848872906a6337fae632bChapter__5_Mineral_wise.pdf,491b70eccee4f1a63f9ae0fe25b1c2d7c40e8b7c714abab7e12a10e594020d67,pdfplumber_position_aware_columns_with_unfc_subtotal_validation
IBM-NMI2025-5-20-state-uttarakhand-lead-metal-01,official_nmi_resource_inventory,5.20,27,2025-04-01,Lead & Zinc Ore,"[""Lead"",""Zinc""]",state,Uttarakhand,Uttarakhand,Lead metal,contained_metal_or_compound,'000 Tonnes,1000.0,tonnes,0.0,0.0,0.0,0.0,0.0,0.0,0.0,138.85,34.25,9.5,0.0,182.6,182.6,182600.0,0,True,0.0,2.0,True,,,False,inventory_context_only_not_used_as_point_or_grid_model_evidence,SRC_IBM_NMI_2025,https://ibm.gov.in/IBMPortal/pages/national-mineral-inventory-at-a-glance-2025,https://ibm.gov.in/writereaddata/files/17848872906a6337fae632bChapter__5_Mineral_wise.pdf,491b70eccee4f1a63f9ae0fe25b1c2d7c40e8b7c714abab7e12a10e594020d67,pdfplumber_position_aware_columns_with_unfc_subtotal_validation
IBM-NMI2025-5-20-state-uttarakhand-zinc-metal-01,official_nmi_resource_inventory,5.20,27,2025-04-01,Lead & Zinc Ore,"[""Lead"",""Zinc""]",state,Uttarakhand,Uttarakhand,Zinc metal,contained_metal_or_compound,'000 Tonnes,1000.0,tonnes,0.0,0.0,0.0,0.0,0.0,0.0,0.0,151.21,87.99,27.63,0.0,266.83,266.83,266830.0,0,True,0.0,2.0,True,,,False,inventory_context_only_not_used_as_point_or_grid_model_evidence,SRC_IBM_NMI_2025,https://ibm.gov.in/IBMPortal/pages/national-mineral-inventory-at-a-glance-2025,https://ibm.gov.in/writereaddata/files/17848872906a6337fae632bChapter__5_Mineral_wise.pdf,491b70eccee4f1a63f9ae0fe25b1c2d7c40e8b7c714abab7e12a10e594020d67,pdfplumber_position_aware_columns_with_unfc_subtotal_validation
IBM-NMI2025-5-20-state-west-bengal-ore-01,official_nmi_resource_inventory,5.20,27,2025-04-01,Lead & Zinc Ore,"[""Lead"",""Zinc""]",state,West Bengal,West Bengal,Ore,ore,'000 Tonnes,1000.0,tonnes,0.0,0.0,0.0,0.0,0.0,0.0,0.0,0.0,3371.0,335.0,0.0,3706.0,3706.0,3706000.0,0,True,0.0,2.0,True,,,False,inventory_context_only_not_used_as_point_or_grid_model_evidence,SRC_IBM_NMI_2025,https://ibm.gov.in/IBMPortal/pages/national-mineral-inventory-at-a-glance-2025,https://ibm.gov.in/writereaddata/files/17848872906a6337fae632bChapter__5_Mineral_wise.pdf,491b70eccee4f1a63f9ae0fe25b1c2d7c40e8b7c714abab7e12a10e594020d67,pdfplumber_position_aware_columns_with_unfc_subtotal_validation
IBM-NMI2025-5-20-state-west-bengal-lead-metal-01,official_nmi_resource_inventory,5.20,27,2025-04-01,Lead & Zinc Ore,"[""Lead"",""Zinc""]",state,West Bengal,West Bengal,Lead metal,contained_metal_or_compound,'000 Tonnes,1000.0,tonnes,0.0,0.0,0.0,0.0,0.0,0.0,0.0,0.0,130.07,10.0,0.0,140.07,140.07,140070.0,0,True,0.0,2.0,True,,,False,inventory_context_only_not_used_as_point_or_grid_model_evidence,SRC_IBM_NMI_2025,https://ibm.gov.in/IBMPortal/pages/national-mineral-inventory-at-a-glance-2025,https://ibm.gov.in/writereaddata/files/17848872906a6337fae632bChapter__5_Mineral_wise.pdf,491b70eccee4f1a63f9ae0fe25b1c2d7c40e8b7c714abab7e12a10e594020d67,pdfplumber_position_aware_columns_with_unfc_subtotal_validation
IBM-NMI2025-5-20-state-west-bengal-zinc-metal-01,official_nmi_resource_inventory,5.20,27,2025-04-01,Lead & Zinc Ore,"[""Lead"",""Zinc""]",state,West Bengal,West Bengal,Zinc metal,contained_metal_or_compound,'000 Tonnes,1000.0,tonnes,0.0,0.0,0.0,0.0,0.0,0.0,0.0,0.0,130.42,13.0,0.0,143.42,143.42,143420.0,0,True,0.0,2.0,True,,,False,inventory_context_only_not_used_as_point_or_grid_model_evidence,SRC_IBM_NMI_2025,https://ibm.gov.in/IBMPortal/pages/national-mineral-inventory-at-a-glance-2025,https://ibm.gov.in/writereaddata/files/17848872906a6337fae632bChapter__5_Mineral_wise.pdf,491b70eccee4f1a63f9ae0fe25b1c2d7c40e8b7c714abab7e12a10e594020d67,pdfplumber_position_aware_columns_with_unfc_subtotal_validation
IBM-NMI2025-5-21-national-total-all-india-total-01,official_nmi_resource_inventory,5.21,28,2025-04-01,Limestone,"[""Calcium and limestone""]",national_total,,All India,Total,bulk_mineral_or_source_grade,'000 Tonnes,1000.0,tonnes,27053382.0,1465697.0,3670581.0,32189660.0,13435428.0,11742468.0,9310067.0,8088150.0,33589054.0,146876168.0,12294745.0,235336081.0,267525741.0,267525741000.0,0,True,1.0,5350.51482,True,,,False,inventory_context_only_not_used_as_point_or_grid_model_evidence,SRC_IBM_NMI_2025,https://ibm.gov.in/IBMPortal/pages/national-mineral-inventory-at-a-glance-2025,https://ibm.gov.in/writereaddata/files/17848872906a6337fae632bChapter__5_Mineral_wise.pdf,491b70eccee4f1a63f9ae0fe25b1c2d7c40e8b7c714abab7e12a10e594020d67,pdfplumber_position_aware_columns_with_unfc_subtotal_validation
IBM-NMI2025-5-21-grade-all-india-chemical-01,official_nmi_resource_inventory,5.21,28,2025-04-01,Limestone,"[""Calcium and limestone""]",grade,,All India,Chemical,bulk_mineral_or_source_grade,'000 Tonnes,1000.0,tonnes,149614.0,30190.0,14099.0,193903.0,109644.0,130130.0,585628.0,52864.0,1867394.0,2352479.0,17529.0,5115667.0,5309570.0,5309570000.0,0,True,1.0,106.19140000000002,True,,,False,inventory_context_only_not_used_as_point_or_grid_model_evidence,SRC_IBM_NMI_2025,https://ibm.gov.in/IBMPortal/pages/national-mineral-inventory-at-a-glance-2025,https://ibm.gov.in/writereaddata/files/17848872906a6337fae632bChapter__5_Mineral_wise.pdf,491b70eccee4f1a63f9ae0fe25b1c2d7c40e8b7c714abab7e12a10e594020d67,pdfplumber_position_aware_columns_with_unfc_subtotal_validation
IBM-NMI2025-5-21-grade-all-india-s-m-s-o-h-01,official_nmi_resource_inventory,5.21,28,2025-04-01,Limestone,"[""Calcium and limestone""]",grade,,All India,S.M.S.(O.H.),bulk_mineral_or_source_grade,'000 Tonnes,1000.0,tonnes,91177.0,5789.0,35774.0,132740.0,45332.0,339339.0,745421.0,471791.0,876507.0,2735490.0,12338.0,5226219.0,5358960.0,5358960000.0,0,True,1.0,107.17920000000001,True,,,False,inventory_context_only_not_used_as_point_or_grid_model_evidence,SRC_IBM_NMI_2025,https://ibm.gov.in/IBMPortal/pages/national-mineral-inventory-at-a-glance-2025,https://ibm.gov.in/writereaddata/files/17848872906a6337fae632bChapter__5_Mineral_wise.pdf,491b70eccee4f1a63f9ae0fe25b1c2d7c40e8b7c714abab7e12a10e594020d67,pdfplumber_position_aware_columns_with_unfc_subtotal_validation
IBM-NMI2025-5-21-grade-all-india-s-m-s-l-d-01,official_nmi_resource_inventory,5.21,28,2025-04-01,Limestone,"[""Calcium and limestone""]",grade,,All India,S.M.S.(L.D.),bulk_mineral_or_source_grade,'000 Tonnes,1000.0,tonnes,14648.0,472.0,21974.0,37093.0,139965.0,37581.0,16010.0,253.0,333088.0,487156.0,2202.0,1016255.0,1053348.0,1053348000.0,0,True,1.0,21.06696,True,,,False,inventory_context_only_not_used_as_point_or_grid_model_evidence,SRC_IBM_NMI_2025,https://ibm.gov.in/IBMPortal/pages/national-mineral-inventory-at-a-glance-2025,https://ibm.gov.in/writereaddata/files/17848872906a6337fae632bChapter__5_Mineral_wise.pdf,491b70eccee4f1a63f9ae0fe25b1c2d7c40e8b7c714abab7e12a10e594020d67,pdfplumber_position_aware_columns_with_unfc_subtotal_validation
IBM-NMI2025-5-21-grade-all-india-s-m-s-o-h-l-d-mixed-01,official_nmi_resource_inventory,5.21,28,2025-04-01,Limestone,"[""Calcium and limestone""]",grade,,All India,S.M.S.(O.H. & L.D. mixed),bulk_mineral_or_source_grade,'000 Tonnes,1000.0,tonnes,143912.0,0.0,0.0,143912.0,0.0,1527.0,0.0,0.0,69460.0,167182.0,0.0,238169.0,382081.0,382081000.0,0,True,0.0,7.6416200000000005,True,,,False,inventory_context_only_not_used_as_point_or_grid_model_evidence,SRC_IBM_NMI_2025,https://ibm.gov.in/IBMPortal/pages/national-mineral-inventory-at-a-glance-2025,https://ibm.gov.in/writereaddata/files/17848872906a6337fae632bChapter__5_Mineral_wise.pdf,491b70eccee4f1a63f9ae0fe25b1c2d7c40e8b7c714abab7e12a10e594020d67,pdfplumber_position_aware_columns_with_unfc_subtotal_validation
IBM-NMI2025-5-21-grade-all-india-b-f-01,official_nmi_resource_inventory,5.21,28,2025-04-01,Limestone,"[""Calcium and limestone""]",grade,,All India,B.F.,bulk_mineral_or_source_grade,'000 Tonnes,1000.0,tonnes,766094.0,6659.0,295484.0,1068237.0,326995.0,502613.0,303043.0,463865.0,1244917.0,11669259.0,24147.0,14534840.0,15603077.0,15603077000.0,0,True,1.0,312.06154000000004,True,,,False,inventory_context_only_not_used_as_point_or_grid_model_evidence,SRC_IBM_NMI_2025,https://ibm.gov.in/IBMPortal/pages/national-mineral-inventory-at-a-glance-2025,https://ibm.gov.in/writereaddata/files/17848872906a6337fae632bChapter__5_Mineral_wise.pdf,491b70eccee4f1a63f9ae0fe25b1c2d7c40e8b7c714abab7e12a10e594020d67,pdfplumber_position_aware_columns_with_unfc_subtotal_validation
IBM-NMI2025-5-21-grade-all-india-s-m-s-b-f-mixed-01,official_nmi_resource_inventory,5.21,28,2025-04-01,Limestone,"[""Calcium and limestone""]",grade,,All India,S.M.S. & B.F. mixed,bulk_mineral_or_source_grade,'000 Tonnes,1000.0,tonnes,20609.0,2666.0,27145.0,50420.0,22698.0,11542.0,67506.0,6064.0,145038.0,712421.0,240733.0,1206001.0,1256422.0,1256422000.0,0,True,1.0,25.12844,True,,,False,inventory_context_only_not_used_as_point_or_grid_model_evidence,SRC_IBM_NMI_2025,https://ibm.gov.in/IBMPortal/pages/national-mineral-inventory-at-a-glance-2025,https://ibm.gov.in/writereaddata/files/17848872906a6337fae632bChapter__5_Mineral_wise.pdf,491b70eccee4f1a63f9ae0fe25b1c2d7c40e8b7c714abab7e12a10e594020d67,pdfplumber_position_aware_columns_with_unfc_subtotal_validation
IBM-NMI2025-5-21-grade-all-india-cement-portland-01,official_nmi_resource_inventory,5.21,28,2025-04-01,Limestone,"[""Calcium and limestone""]",grade,,All India,Cement (portland),bulk_mineral_or_source_grade,'000 Tonnes,1000.0,tonnes,22268070.0,1155133.0,1948767.0,25371969.0,10511076.0,9168244.0,6269043.0,5935194.0,18632360.0,90915400.0,9379281.0,150810598.0,176182567.0,176182567000.0,0,True,1.0,3523.6513400000003,True,,,False,inventory_context_only_not_used_as_point_or_grid_model_evidence,SRC_IBM_NMI_2025,https://ibm.gov.in/IBMPortal/pages/national-mineral-inventory-at-a-glance-2025,https://ibm.gov.in/writereaddata/files/17848872906a6337fae632bChapter__5_Mineral_wise.pdf,491b70eccee4f1a63f9ae0fe25b1c2d7c40e8b7c714abab7e12a10e594020d67,pdfplumber_position_aware_columns_with_unfc_subtotal_validation
IBM-NMI2025-5-21-grade-all-india-cement-white-01,official_nmi_resource_inventory,5.21,28,2025-04-01,Limestone,"[""Calcium and limestone""]",grade,,All India,Cement (white),bulk_mineral_or_source_grade,'000 Tonnes,1000.0,tonnes,33689.0,451.0,562.0,34702.0,8184.0,693.0,1765.0,0.0,27225.0,120571.0,0.0,158438.0,193140.0,193140000.0,0,True,0.0,3.8628000000000005,True,,,False,inventory_context_only_not_used_as_point_or_grid_model_evidence,SRC_IBM_NMI_2025,https://ibm.gov.in/IBMPortal/pages/national-mineral-inventory-at-a-glance-2025,https://ibm.gov.in/writereaddata/files/17848872906a6337fae632bChapter__5_Mineral_wise.pdf,491b70eccee4f1a63f9ae0fe25b1c2d7c40e8b7c714abab7e12a10e594020d67,pdfplumber_position_aware_columns_with_unfc_subtotal_validation
IBM-NMI2025-5-21-grade-all-india-cement-portland-white-01,official_nmi_resource_inventory,5.21,28,2025-04-01,Limestone,"[""Calcium and limestone""]",grade,,All India,Cement (portland & white),bulk_mineral_or_source_grade,'000 Tonnes,1000.0,tonnes,0.0,0.0,1239.0,1239.0,14126.0,7694.0,16033.0,338670.0,60000.0,504908.0,40942.0,982374.0,983613.0,983613000.0,0,True,1.0,19.67226,True,,,False,inventory_context_only_not_used_as_point_or_grid_model_evidence,SRC_IBM_NMI_2025,https://ibm.gov.in/IBMPortal/pages/national-mineral-inventory-at-a-glance-2025,https://ibm.gov.in/writereaddata/files/17848872906a6337fae632bChapter__5_Mineral_wise.pdf,491b70eccee4f1a63f9ae0fe25b1c2d7c40e8b7c714abab7e12a10e594020d67,pdfplumber_position_aware_columns_with_unfc_subtotal_validation
IBM-NMI2025-5-21-grade-all-india-cement-blendable-beneficiable-01,official_nmi_resource_inventory,5.21,28,2025-04-01,Limestone,"[""Calcium and limestone""]",grade,,All India,Cement (blendable/beneficiable),bulk_mineral_or_source_grade,'000 Tonnes,1000.0,tonnes,2891864.0,253577.0,1051410.0,4196852.0,1663603.0,1392201.0,1047491.0,182419.0,2853699.0,8023977.0,764401.0,15927791.0,20124643.0,20124643000.0,0,True,1.0,402.49286,True,,,False,inventory_context_only_not_used_as_point_or_grid_model_evidence,SRC_IBM_NMI_2025,https://ibm.gov.in/IBMPortal/pages/national-mineral-inventory-at-a-glance-2025,https://ibm.gov.in/writereaddata/files/17848872906a6337fae632bChapter__5_Mineral_wise.pdf,491b70eccee4f1a63f9ae0fe25b1c2d7c40e8b7c714abab7e12a10e594020d67,pdfplumber_position_aware_columns_with_unfc_subtotal_validation
IBM-NMI2025-5-21-grade-all-india-b-f-cement-mixed-01,official_nmi_resource_inventory,5.21,28,2025-04-01,Limestone,"[""Calcium and limestone""]",grade,,All India,B.F. & cement mixed,bulk_mineral_or_source_grade,'000 Tonnes,1000.0,tonnes,16524.0,0.0,379.0,16903.0,40098.0,26131.0,33280.0,485.0,479069.0,40442.0,0.0,619505.0,636408.0,636408000.0,0,True,0.0,12.72816,True,,,False,inventory_context_only_not_used_as_point_or_grid_model_evidence,SRC_IBM_NMI_2025,https://ibm.gov.in/IBMPortal/pages/national-mineral-inventory-at-a-glance-2025,https://ibm.gov.in/writereaddata/files/17848872906a6337fae632bChapter__5_Mineral_wise.pdf,491b70eccee4f1a63f9ae0fe25b1c2d7c40e8b7c714abab7e12a10e594020d67,pdfplumber_position_aware_columns_with_unfc_subtotal_validation
IBM-NMI2025-5-21-grade-all-india-s-m-s-chemical-paper-01,official_nmi_resource_inventory,5.21,28,2025-04-01,Limestone,"[""Calcium and limestone""]",grade,,All India,"S.M.S.,chemical & paper",bulk_mineral_or_source_grade,'000 Tonnes,1000.0,tonnes,195.0,0.0,0.0,195.0,1362.0,2174.0,1329.0,0.0,0.0,1228344.0,517.0,1233725.0,1233920.0,1233920000.0,0,True,1.0,24.678400000000003,True,,,False,inventory_context_only_not_used_as_point_or_grid_model_evidence,SRC_IBM_NMI_2025,https://ibm.gov.in/IBMPortal/pages/national-mineral-inventory-at-a-glance-2025,https://ibm.gov.in/writereaddata/files/17848872906a6337fae632bChapter__5_Mineral_wise.pdf,491b70eccee4f1a63f9ae0fe25b1c2d7c40e8b7c714abab7e12a10e594020d67,pdfplumber_position_aware_columns_with_unfc_subtotal_validation
IBM-NMI2025-5-21-grade-all-india-paper-01,official_nmi_resource_inventory,5.21,28,2025-04-01,Limestone,"[""Calcium and limestone""]",grade,,All India,Paper,bulk_mineral_or_source_grade,'000 Tonnes,1000.0,tonnes,296811.0,0.0,0.0,296811.0,391205.0,0.0,131.0,119433.0,27073.0,649618.0,0.0,1187460.0,1484271.0,1484271000.0,0,True,0.0,29.685420000000004,True,,,False,inventory_context_only_not_used_as_point_or_grid_model_evidence,SRC_IBM_NMI_2025,https://ibm.gov.in/IBMPortal/pages/national-mineral-inventory-at-a-glance-2025,https://ibm.gov.in/writereaddata/files/17848872906a6337fae632bChapter__5_Mineral_wise.pdf,491b70eccee4f1a63f9ae0fe25b1c2d7c40e8b7c714abab7e12a10e594020d67,pdfplumber_position_aware_columns_with_unfc_subtotal_validation
IBM-NMI2025-5-21-grade-all-india-blendable-cao-34-38-01,official_nmi_resource_inventory,5.21,28,2025-04-01,Limestone,"[""Calcium and limestone""]",grade,,All India,Blendable (CaO 34-38%),bulk_mineral_or_source_grade,'000 Tonnes,1000.0,tonnes,25458.0,6730.0,262044.0,294233.0,16097.0,9502.0,135399.0,39760.0,333985.0,1008099.0,836310.0,2379153.0,2673385.0,2673385000.0,0,True,1.0,53.46770000000001,True,,,False,inventory_context_only_not_used_as_point_or_grid_model_evidence,SRC_IBM_NMI_2025,https://ibm.gov.in/IBMPortal/pages/national-mineral-inventory-at-a-glance-2025,https://ibm.gov.in/writereaddata/files/17848872906a6337fae632bChapter__5_Mineral_wise.pdf,491b70eccee4f1a63f9ae0fe25b1c2d7c40e8b7c714abab7e12a10e594020d67,pdfplumber_position_aware_columns_with_unfc_subtotal_validation
IBM-NMI2025-5-21-grade-all-india-others-01,official_nmi_resource_inventory,5.21,28,2025-04-01,Limestone,"[""Calcium and limestone""]",grade,,All India,Others,bulk_mineral_or_source_grade,'000 Tonnes,1000.0,tonnes,37370.0,3658.0,3841.0,44869.0,24054.0,20939.0,30442.0,64646.0,593978.0,2758729.0,33025.0,3525814.0,3570683.0,3570683000.0,0,True,1.0,71.41366000000001,True,,,False,inventory_context_only_not_used_as_point_or_grid_model_evidence,SRC_IBM_NMI_2025,https://ibm.gov.in/IBMPortal/pages/national-mineral-inventory-at-a-glance-2025,https://ibm.gov.in/writereaddata/files/17848872906a6337fae632bChapter__5_Mineral_wise.pdf,491b70eccee4f1a63f9ae0fe25b1c2d7c40e8b7c714abab7e12a10e594020d67,pdfplumber_position_aware_columns_with_unfc_subtotal_validation
IBM-NMI2025-5-21-grade-all-india-unclassified-01,official_nmi_resource_inventory,5.21,28,2025-04-01,Limestone,"[""Calcium and limestone""]",grade,,All India,Unclassified,bulk_mineral_or_source_grade,'000 Tonnes,1000.0,tonnes,129992.0,292.0,3565.0,133849.0,102559.0,62352.0,50510.0,225426.0,5665113.0,20829825.0,374428.0,27310213.0,27444062.0,27444062000.0,0,True,0.0,548.88124,True,,,False,inventory_context_only_not_used_as_point_or_grid_model_evidence,SRC_IBM_NMI_2025,https://ibm.gov.in/IBMPortal/pages/national-mineral-inventory-at-a-glance-2025,https://ibm.gov.in/writereaddata/files/17848872906a6337fae632bChapter__5_Mineral_wise.pdf,491b70eccee4f1a63f9ae0fe25b1c2d7c40e8b7c714abab7e12a10e594020d67,pdfplumber_position_aware_columns_with_unfc_subtotal_validation
IBM-NMI2025-5-21-grade-all-india-not-known-01,official_nmi_resource_inventory,5.21,28,2025-04-01,Limestone,"[""Calcium and limestone""]",grade,,All India,Not - known,bulk_mineral_or_source_grade,'000 Tonnes,1000.0,tonnes,167354.0,80.0,4299.0,171733.0,18430.0,29804.0,7035.0,187280.0,380149.0,2672267.0,568892.0,3863859.0,4035592.0,4035592000.0,0,True,2.0,80.71184000000001,True,,,False,inventory_context_only_not_used_as_point_or_grid_model_evidence,SRC_IBM_NMI_2025,https://ibm.gov.in/IBMPortal/pages/national-mineral-inventory-at-a-glance-2025,https://ibm.gov.in/writereaddata/files/17848872906a6337fae632bChapter__5_Mineral_wise.pdf,491b70eccee4f1a63f9ae0fe25b1c2d7c40e8b7c714abab7e12a10e594020d67,pdfplumber_position_aware_columns_with_unfc_subtotal_validation
IBM-NMI2025-5-21-state-andhra-pradesh-total-01,official_nmi_resource_inventory,5.21,28,2025-04-01,Limestone,"[""Calcium and limestone""]",state,Andhra Pradesh,Andhra Pradesh,Total,bulk_mineral_or_source_grade,'000 Tonnes,1000.0,tonnes,5921590.0,85879.0,346247.0,6353716.0,3314092.0,493593.0,821557.0,62073.0,2107309.0,18337681.0,3345255.0,28481561.0,34835276.0,34835276000.0,0,True,1.0,696.7055200000001,True,,,False,inventory_context_only_not_used_as_point_or_grid_model_evidence,SRC_IBM_NMI_2025,https://ibm.gov.in/IBMPortal/pages/national-mineral-inventory-at-a-glance-2025,https://ibm.gov.in/writereaddata/files/17848872906a6337fae632bChapter__5_Mineral_wise.pdf,491b70eccee4f1a63f9ae0fe25b1c2d7c40e8b7c714abab7e12a10e594020d67,pdfplumber_position_aware_columns_with_unfc_subtotal_validation
IBM-NMI2025-5-21-state-arunachal-pradesh-total-01,official_nmi_resource_inventory,5.21,28,2025-04-01,Limestone,"[""Calcium and limestone""]",state,Arunachal Pradesh,Arunachal Pradesh,Total,bulk_mineral_or_source_grade,'000 Tonnes,1000.0,tonnes,0.0,0.0,0.0,0.0,0.0,0.0,0.0,0.0,49220.0,433575.0,1.0,482796.0,482796.0,482796000.0,0,True,0.0,9.65592,True,,,False,inventory_context_only_not_used_as_point_or_grid_model_evidence,SRC_IBM_NMI_2025,https://ibm.gov.in/IBMPortal/pages/national-mineral-inventory-at-a-glance-2025,https://ibm.gov.in/writereaddata/files/17848872906a6337fae632bChapter__5_Mineral_wise.pdf,491b70eccee4f1a63f9ae0fe25b1c2d7c40e8b7c714abab7e12a10e594020d67,pdfplumber_position_aware_columns_with_unfc_subtotal_validation
IBM-NMI2025-5-21-state-assam-total-01,official_nmi_resource_inventory,5.21,28,2025-04-01,Limestone,"[""Calcium and limestone""]",state,Assam,Assam,Total,bulk_mineral_or_source_grade,'000 Tonnes,1000.0,tonnes,100914.0,0.0,175980.0,276894.0,32716.0,7941.0,110730.0,67000.0,45394.0,2317644.0,0.0,2581425.0,2858319.0,2858319000.0,0,True,0.0,57.166380000000004,True,,,False,inventory_context_only_not_used_as_point_or_grid_model_evidence,SRC_IBM_NMI_2025,https://ibm.gov.in/IBMPortal/pages/national-mineral-inventory-at-a-glance-2025,https://ibm.gov.in/writereaddata/files/17848872906a6337fae632bChapter__5_Mineral_wise.pdf,491b70eccee4f1a63f9ae0fe25b1c2d7c40e8b7c714abab7e12a10e594020d67,pdfplumber_position_aware_columns_with_unfc_subtotal_validation
IBM-NMI2025-5-21-state-bihar-total-01,official_nmi_resource_inventory,5.21,28,2025-04-01,Limestone,"[""Calcium and limestone""]",state,Bihar,Bihar,Total,bulk_mineral_or_source_grade,'000 Tonnes,1000.0,tonnes,0.0,0.0,4598.0,4598.0,2898.0,2558.0,3827.0,67926.0,135740.0,772343.0,10558.0,995850.0,1000448.0,1000448000.0,0,True,0.0,20.008960000000002,True,,,False,inventory_context_only_not_used_as_point_or_grid_model_evidence,SRC_IBM_NMI_2025,https://ibm.gov.in/IBMPortal/pages/national-mineral-inventory-at-a-glance-2025,https://ibm.gov.in/writereaddata/files/17848872906a6337fae632bChapter__5_Mineral_wise.pdf,491b70eccee4f1a63f9ae0fe25b1c2d7c40e8b7c714abab7e12a10e594020d67,pdfplumber_position_aware_columns_with_unfc_subtotal_validation
IBM-NMI2025-5-21-state-chhattisgarh-total-01,official_nmi_resource_inventory,5.21,28,2025-04-01,Limestone,"[""Calcium and limestone""]",state,Chhattisgarh,Chhattisgarh,Total,bulk_mineral_or_source_grade,'000 Tonnes,1000.0,tonnes,3058377.0,419282.0,20041.0,3497701.0,1524678.0,1655349.0,318560.0,1341690.0,2132603.0,10729485.0,1297233.0,18999597.0,22497298.0,22497298000.0,0,True,1.0,449.94596,True,,,False,inventory_context_only_not_used_as_point_or_grid_model_evidence,SRC_IBM_NMI_2025,https://ibm.gov.in/IBMPortal/pages/national-mineral-inventory-at-a-glance-2025,https://ibm.gov.in/writereaddata/files/17848872906a6337fae632bChapter__5_Mineral_wise.pdf,491b70eccee4f1a63f9ae0fe25b1c2d7c40e8b7c714abab7e12a10e594020d67,pdfplumber_position_aware_columns_with_unfc_subtotal_validation
IBM-NMI2025-5-21-state-daman-diu-total-01,official_nmi_resource_inventory,5.21,28,2025-04-01,Limestone,"[""Calcium and limestone""]",state,Daman & Diu,Daman & Diu,Total,bulk_mineral_or_source_grade,'000 Tonnes,1000.0,tonnes,0.0,0.0,0.0,0.0,0.0,0.0,0.0,0.0,0.0,128670.0,0.0,128670.0,128670.0,128670000.0,0,True,0.0,2.5734000000000004,True,,,False,inventory_context_only_not_used_as_point_or_grid_model_evidence,SRC_IBM_NMI_2025,https://ibm.gov.in/IBMPortal/pages/national-mineral-inventory-at-a-glance-2025,https://ibm.gov.in/writereaddata/files/17848872906a6337fae632bChapter__5_Mineral_wise.pdf,491b70eccee4f1a63f9ae0fe25b1c2d7c40e8b7c714abab7e12a10e594020d67,pdfplumber_position_aware_columns_with_unfc_subtotal_validation
IBM-NMI2025-5-21-state-gujarat-total-01,official_nmi_resource_inventory,5.21,28,2025-04-01,Limestone,"[""Calcium and limestone""]",state,Gujarat,Gujarat,Total,bulk_mineral_or_source_grade,'000 Tonnes,1000.0,tonnes,1743517.0,337698.0,406844.0,2488059.0,490717.0,319972.0,234969.0,34638.0,2594933.0,17976752.0,0.0,21651980.0,24140039.0,24140039000.0,0,True,1.0,482.80078000000003,True,,,False,inventory_context_only_not_used_as_point_or_grid_model_evidence,SRC_IBM_NMI_2025,https://ibm.gov.in/IBMPortal/pages/national-mineral-inventory-at-a-glance-2025,https://ibm.gov.in/writereaddata/files/17848872906a6337fae632bChapter__5_Mineral_wise.pdf,491b70eccee4f1a63f9ae0fe25b1c2d7c40e8b7c714abab7e12a10e594020d67,pdfplumber_position_aware_columns_with_unfc_subtotal_validation
IBM-NMI2025-5-21-state-haryana-total-01,official_nmi_resource_inventory,5.21,28,2025-04-01,Limestone,"[""Calcium and limestone""]",state,Haryana,Haryana,Total,bulk_mineral_or_source_grade,'000 Tonnes,1000.0,tonnes,562.0,0.0,0.0,562.0,2138.0,13491.0,3391.0,0.0,4255.0,49474.0,0.0,72750.0,73312.0,73312000.0,0,True,1.0,2.0,True,,,False,inventory_context_only_not_used_as_point_or_grid_model_evidence,SRC_IBM_NMI_2025,https://ibm.gov.in/IBMPortal/pages/national-mineral-inventory-at-a-glance-2025,https://ibm.gov.in/writereaddata/files/17848872906a6337fae632bChapter__5_Mineral_wise.pdf,491b70eccee4f1a63f9ae0fe25b1c2d7c40e8b7c714abab7e12a10e594020d67,pdfplumber_position_aware_columns_with_unfc_subtotal_validation
IBM-NMI2025-5-21-state-himachal-pradesh-total-01,official_nmi_resource_inventory,5.21,29,2025-04-01,Limestone,"[""Calcium and limestone""]",state,Himachal Pradesh,Himachal Pradesh,Total,bulk_mineral_or_source_grade,'000 Tonnes,1000.0,tonnes,869873.0,169933.0,40080.0,1079886.0,860931.0,582888.0,88797.0,1527568.0,11600.0,2779280.0,14271.0,5865334.0,6945220.0,6945220000.0,0,True,1.0,138.9044,True,,,False,inventory_context_only_not_used_as_point_or_grid_model_evidence,SRC_IBM_NMI_2025,https://ibm.gov.in/IBMPortal/pages/national-mineral-inventory-at-a-glance-2025,https://ibm.gov.in/writereaddata/files/17848872906a6337fae632bChapter__5_Mineral_wise.pdf,491b70eccee4f1a63f9ae0fe25b1c2d7c40e8b7c714abab7e12a10e594020d67,pdfplumber_position_aware_columns_with_unfc_subtotal_validation
IBM-NMI2025-5-21-state-jammu-kashmir-total-01,official_nmi_resource_inventory,5.21,29,2025-04-01,Limestone,"[""Calcium and limestone""]",state,Jammu & Kashmir,Jammu & Kashmir,Total,bulk_mineral_or_source_grade,'000 Tonnes,1000.0,tonnes,260895.0,7716.0,13418.0,282028.0,65534.0,145550.0,22891.0,131834.0,15851.0,1874162.0,227629.0,2483452.0,2765480.0,2765480000.0,0,True,1.0,55.3096,True,,,False,inventory_context_only_not_used_as_point_or_grid_model_evidence,SRC_IBM_NMI_2025,https://ibm.gov.in/IBMPortal/pages/national-mineral-inventory-at-a-glance-2025,https://ibm.gov.in/writereaddata/files/17848872906a6337fae632bChapter__5_Mineral_wise.pdf,491b70eccee4f1a63f9ae0fe25b1c2d7c40e8b7c714abab7e12a10e594020d67,pdfplumber_position_aware_columns_with_unfc_subtotal_validation
IBM-NMI2025-5-21-state-jharkhand-total-01,official_nmi_resource_inventory,5.21,29,2025-04-01,Limestone,"[""Calcium and limestone""]",state,Jharkhand,Jharkhand,Total,bulk_mineral_or_source_grade,'000 Tonnes,1000.0,tonnes,6184.0,1916.0,563.0,8662.0,34422.0,51214.0,11182.0,91924.0,13220.0,342588.0,1503.0,546053.0,554715.0,554715000.0,0,True,1.0,11.0943,True,,,False,inventory_context_only_not_used_as_point_or_grid_model_evidence,SRC_IBM_NMI_2025,https://ibm.gov.in/IBMPortal/pages/national-mineral-inventory-at-a-glance-2025,https://ibm.gov.in/writereaddata/files/17848872906a6337fae632bChapter__5_Mineral_wise.pdf,491b70eccee4f1a63f9ae0fe25b1c2d7c40e8b7c714abab7e12a10e594020d67,pdfplumber_position_aware_columns_with_unfc_subtotal_validation
IBM-NMI2025-5-21-state-karnataka-total-01,official_nmi_resource_inventory,5.21,29,2025-04-01,Limestone,"[""Calcium and limestone""]",state,Karnataka,Karnataka,Total,bulk_mineral_or_source_grade,'000 Tonnes,1000.0,tonnes,3000086.0,2470.0,440277.0,3442833.0,1192774.0,1552504.0,919556.0,1550023.0,15626706.0,38873066.0,1545445.0,61260075.0,64702908.0,64702908000.0,0,True,1.0,1294.05816,True,,,False,inventory_context_only_not_used_as_point_or_grid_model_evidence,SRC_IBM_NMI_2025,https://ibm.gov.in/IBMPortal/pages/national-mineral-inventory-at-a-glance-2025,https://ibm.gov.in/writereaddata/files/17848872906a6337fae632bChapter__5_Mineral_wise.pdf,491b70eccee4f1a63f9ae0fe25b1c2d7c40e8b7c714abab7e12a10e594020d67,pdfplumber_position_aware_columns_with_unfc_subtotal_validation
IBM-NMI2025-5-21-state-kerala-total-01,official_nmi_resource_inventory,5.21,29,2025-04-01,Limestone,"[""Calcium and limestone""]",state,Kerala,Kerala,Total,bulk_mineral_or_source_grade,'000 Tonnes,1000.0,tonnes,8636.0,0.0,65.0,8701.0,123286.0,103.0,0.0,22555.0,2888.0,35228.0,0.0,184060.0,192761.0,192761000.0,0,True,0.0,3.8552200000000005,True,,,False,inventory_context_only_not_used_as_point_or_grid_model_evidence,SRC_IBM_NMI_2025,https://ibm.gov.in/IBMPortal/pages/national-mineral-inventory-at-a-glance-2025,https://ibm.gov.in/writereaddata/files/17848872906a6337fae632bChapter__5_Mineral_wise.pdf,491b70eccee4f1a63f9ae0fe25b1c2d7c40e8b7c714abab7e12a10e594020d67,pdfplumber_position_aware_columns_with_unfc_subtotal_validation
IBM-NMI2025-5-21-state-madhya-pradesh-total-01,official_nmi_resource_inventory,5.21,29,2025-04-01,Limestone,"[""Calcium and limestone""]",state,Madhya Pradesh,Madhya Pradesh,Total,bulk_mineral_or_source_grade,'000 Tonnes,1000.0,tonnes,2299930.0,179274.0,1456031.0,3935236.0,1122047.0,1959055.0,1467885.0,342884.0,783450.0,4787130.0,385949.0,10848399.0,14783635.0,14783635000.0,0,True,1.0,295.6727,True,,,False,inventory_context_only_not_used_as_point_or_grid_model_evidence,SRC_IBM_NMI_2025,https://ibm.gov.in/IBMPortal/pages/national-mineral-inventory-at-a-glance-2025,https://ibm.gov.in/writereaddata/files/17848872906a6337fae632bChapter__5_Mineral_wise.pdf,491b70eccee4f1a63f9ae0fe25b1c2d7c40e8b7c714abab7e12a10e594020d67,pdfplumber_position_aware_columns_with_unfc_subtotal_validation
IBM-NMI2025-5-21-state-maharashtra-total-01,official_nmi_resource_inventory,5.21,29,2025-04-01,Limestone,"[""Calcium and limestone""]",state,Maharashtra,Maharashtra,Total,bulk_mineral_or_source_grade,'000 Tonnes,1000.0,tonnes,905408.0,9656.0,99852.0,1014917.0,596364.0,403411.0,73478.0,71257.0,668479.0,1258395.0,15847.0,3087231.0,4102148.0,4102148000.0,0,True,1.0,82.04296000000001,True,,,False,inventory_context_only_not_used_as_point_or_grid_model_evidence,SRC_IBM_NMI_2025,https://ibm.gov.in/IBMPortal/pages/national-mineral-inventory-at-a-glance-2025,https://ibm.gov.in/writereaddata/files/17848872906a6337fae632bChapter__5_Mineral_wise.pdf,491b70eccee4f1a63f9ae0fe25b1c2d7c40e8b7c714abab7e12a10e594020d67,pdfplumber_position_aware_columns_with_unfc_subtotal_validation
IBM-NMI2025-5-21-state-manipur-total-01,official_nmi_resource_inventory,5.21,29,2025-04-01,Limestone,"[""Calcium and limestone""]",state,Manipur,Manipur,Total,bulk_mineral_or_source_grade,'000 Tonnes,1000.0,tonnes,0.0,0.0,0.0,0.0,0.0,0.0,0.0,10197.0,2138.0,33718.0,0.0,46053.0,46053.0,46053000.0,0,True,0.0,2.0,True,,,False,inventory_context_only_not_used_as_point_or_grid_model_evidence,SRC_IBM_NMI_2025,https://ibm.gov.in/IBMPortal/pages/national-mineral-inventory-at-a-glance-2025,https://ibm.gov.in/writereaddata/files/17848872906a6337fae632bChapter__5_Mineral_wise.pdf,491b70eccee4f1a63f9ae0fe25b1c2d7c40e8b7c714abab7e12a10e594020d67,pdfplumber_position_aware_columns_with_unfc_subtotal_validation
IBM-NMI2025-5-21-state-meghalaya-total-01,official_nmi_resource_inventory,5.21,29,2025-04-01,Limestone,"[""Calcium and limestone""]",state,Meghalaya,Meghalaya,Total,bulk_mineral_or_source_grade,'000 Tonnes,1000.0,tonnes,532841.0,57824.0,72832.0,663496.0,165261.0,344959.0,71549.0,690930.0,4173313.0,18657656.0,720309.0,24823977.0,25487473.0,25487473000.0,0,True,1.0,509.74946000000006,True,,,False,inventory_context_only_not_used_as_point_or_grid_model_evidence,SRC_IBM_NMI_2025,https://ibm.gov.in/IBMPortal/pages/national-mineral-inventory-at-a-glance-2025,https://ibm.gov.in/writereaddata/files/17848872906a6337fae632bChapter__5_Mineral_wise.pdf,491b70eccee4f1a63f9ae0fe25b1c2d7c40e8b7c714abab7e12a10e594020d67,pdfplumber_position_aware_columns_with_unfc_subtotal_validation
IBM-NMI2025-5-21-state-nagaland-total-01,official_nmi_resource_inventory,5.21,29,2025-04-01,Limestone,"[""Calcium and limestone""]",state,Nagaland,Nagaland,Total,bulk_mineral_or_source_grade,'000 Tonnes,1000.0,tonnes,0.0,0.0,0.0,0.0,825.0,0.0,0.0,0.0,1005500.0,745875.0,0.0,1752200.0,1752200.0,1752200000.0,0,True,0.0,35.044000000000004,True,,,False,inventory_context_only_not_used_as_point_or_grid_model_evidence,SRC_IBM_NMI_2025,https://ibm.gov.in/IBMPortal/pages/national-mineral-inventory-at-a-glance-2025,https://ibm.gov.in/writereaddata/files/17848872906a6337fae632bChapter__5_Mineral_wise.pdf,491b70eccee4f1a63f9ae0fe25b1c2d7c40e8b7c714abab7e12a10e594020d67,pdfplumber_position_aware_columns_with_unfc_subtotal_validation
IBM-NMI2025-5-21-state-odisha-total-01,official_nmi_resource_inventory,5.21,29,2025-04-01,Limestone,"[""Calcium and limestone""]",state,Odisha,Odisha,Total,bulk_mineral_or_source_grade,'000 Tonnes,1000.0,tonnes,522191.0,7207.0,35828.0,565226.0,311545.0,427688.0,265000.0,139924.0,249797.0,394945.0,33911.0,1822810.0,2388036.0,2388036000.0,0,True,0.0,47.760720000000006,True,,,False,inventory_context_only_not_used_as_point_or_grid_model_evidence,SRC_IBM_NMI_2025,https://ibm.gov.in/IBMPortal/pages/national-mineral-inventory-at-a-glance-2025,https://ibm.gov.in/writereaddata/files/17848872906a6337fae632bChapter__5_Mineral_wise.pdf,491b70eccee4f1a63f9ae0fe25b1c2d7c40e8b7c714abab7e12a10e594020d67,pdfplumber_position_aware_columns_with_unfc_subtotal_validation
IBM-NMI2025-5-21-state-puducherry-total-01,official_nmi_resource_inventory,5.21,29,2025-04-01,Limestone,"[""Calcium and limestone""]",state,Puducherry,Pondicherry,Total,bulk_mineral_or_source_grade,'000 Tonnes,1000.0,tonnes,0.0,0.0,0.0,0.0,0.0,0.0,0.0,4433.0,4333.0,6966.0,0.0,15732.0,15732.0,15732000.0,0,True,0.0,2.0,True,,,False,inventory_context_only_not_used_as_point_or_grid_model_evidence,SRC_IBM_NMI_2025,https://ibm.gov.in/IBMPortal/pages/national-mineral-inventory-at-a-glance-2025,https://ibm.gov.in/writereaddata/files/17848872906a6337fae632bChapter__5_Mineral_wise.pdf,491b70eccee4f1a63f9ae0fe25b1c2d7c40e8b7c714abab7e12a10e594020d67,pdfplumber_position_aware_columns_with_unfc_subtotal_validation
IBM-NMI2025-5-21-state-rajasthan-total-01,official_nmi_resource_inventory,5.21,29,2025-04-01,Limestone,"[""Calcium and limestone""]",state,Rajasthan,Rajasthan,Total,bulk_mineral_or_source_grade,'000 Tonnes,1000.0,tonnes,4805851.0,173539.0,415492.0,5394882.0,1520553.0,3001318.0,4444880.0,1550125.0,2436892.0,12890217.0,1586026.0,27430012.0,32824894.0,32824894000.0,0,True,1.0,656.49788,True,,,False,inventory_context_only_not_used_as_point_or_grid_model_evidence,SRC_IBM_NMI_2025,https://ibm.gov.in/IBMPortal/pages/national-mineral-inventory-at-a-glance-2025,https://ibm.gov.in/writereaddata/files/17848872906a6337fae632bChapter__5_Mineral_wise.pdf,491b70eccee4f1a63f9ae0fe25b1c2d7c40e8b7c714abab7e12a10e594020d67,pdfplumber_position_aware_columns_with_unfc_subtotal_validation
IBM-NMI2025-5-21-state-sikkim-total-01,official_nmi_resource_inventory,5.21,29,2025-04-01,Limestone,"[""Calcium and limestone""]",state,Sikkim,Sikkim,Total,bulk_mineral_or_source_grade,'000 Tonnes,1000.0,tonnes,0.0,0.0,0.0,0.0,0.0,0.0,0.0,0.0,0.0,2380.0,0.0,2380.0,2380.0,2380000.0,0,True,0.0,2.0,True,,,False,inventory_context_only_not_used_as_point_or_grid_model_evidence,SRC_IBM_NMI_2025,https://ibm.gov.in/IBMPortal/pages/national-mineral-inventory-at-a-glance-2025,https://ibm.gov.in/writereaddata/files/17848872906a6337fae632bChapter__5_Mineral_wise.pdf,491b70eccee4f1a63f9ae0fe25b1c2d7c40e8b7c714abab7e12a10e594020d67,pdfplumber_position_aware_columns_with_unfc_subtotal_validation
IBM-NMI2025-5-21-state-tamil-nadu-total-01,official_nmi_resource_inventory,5.21,29,2025-04-01,Limestone,"[""Calcium and limestone""]",state,Tamil Nadu,Tamil Nadu,Total,bulk_mineral_or_source_grade,'000 Tonnes,1000.0,tonnes,484257.0,8029.0,7933.0,500219.0,240649.0,349187.0,104260.0,109781.0,418006.0,793689.0,13140.0,2028712.0,2528931.0,2528931000.0,0,True,0.0,50.57862,True,,,False,inventory_context_only_not_used_as_point_or_grid_model_evidence,SRC_IBM_NMI_2025,https://ibm.gov.in/IBMPortal/pages/national-mineral-inventory-at-a-glance-2025,https://ibm.gov.in/writereaddata/files/17848872906a6337fae632bChapter__5_Mineral_wise.pdf,491b70eccee4f1a63f9ae0fe25b1c2d7c40e8b7c714abab7e12a10e594020d67,pdfplumber_position_aware_columns_with_unfc_subtotal_validation
IBM-NMI2025-5-21-state-telangana-total-01,official_nmi_resource_inventory,5.21,29,2025-04-01,Limestone,"[""Calcium and limestone""]",state,Telangana,Telangana,Total,bulk_mineral_or_source_grade,'000 Tonnes,1000.0,tonnes,2519429.0,5235.0,134169.0,2658833.0,1830681.0,212140.0,184759.0,89985.0,887067.0,11370410.0,3064658.0,17639700.0,20298533.0,20298533000.0,0,True,0.0,405.97066,True,,,False,inventory_context_only_not_used_as_point_or_grid_model_evidence,SRC_IBM_NMI_2025,https://ibm.gov.in/IBMPortal/pages/national-mineral-inventory-at-a-glance-2025,https://ibm.gov.in/writereaddata/files/17848872906a6337fae632bChapter__5_Mineral_wise.pdf,491b70eccee4f1a63f9ae0fe25b1c2d7c40e8b7c714abab7e12a10e594020d67,pdfplumber_position_aware_columns_with_unfc_subtotal_validation
IBM-NMI2025-5-21-state-uttar-pradesh-total-01,official_nmi_resource_inventory,5.21,29,2025-04-01,Limestone,"[""Calcium and limestone""]",state,Uttar Pradesh,Uttar Pradesh,Total,bulk_mineral_or_source_grade,'000 Tonnes,1000.0,tonnes,12351.0,0.0,0.0,12351.0,0.0,126981.0,101510.0,144815.0,40000.0,70926.0,0.0,484232.0,496583.0,496583000.0,0,True,0.0,9.93166,True,,,False,inventory_context_only_not_used_as_point_or_grid_model_evidence,SRC_IBM_NMI_2025,https://ibm.gov.in/IBMPortal/pages/national-mineral-inventory-at-a-glance-2025,https://ibm.gov.in/writereaddata/files/17848872906a6337fae632bChapter__5_Mineral_wise.pdf,491b70eccee4f1a63f9ae0fe25b1c2d7c40e8b7c714abab7e12a10e594020d67,pdfplumber_position_aware_columns_with_unfc_subtotal_validation
IBM-NMI2025-5-21-state-uttarakhand-total-01,official_nmi_resource_inventory,5.21,29,2025-04-01,Limestone,"[""Calcium and limestone""]",state,Uttarakhand,Uttarakhand,Total,bulk_mineral_or_source_grade,'000 Tonnes,1000.0,tonnes,489.0,41.0,332.0,861.0,3317.0,92564.0,61286.0,29486.0,164879.0,1191793.0,33011.0,1576335.0,1577196.0,1577196000.0,0,True,1.0,31.543920000000004,True,,,False,inventory_context_only_not_used_as_point_or_grid_model_evidence,SRC_IBM_NMI_2025,https://ibm.gov.in/IBMPortal/pages/national-mineral-inventory-at-a-glance-2025,https://ibm.gov.in/writereaddata/files/17848872906a6337fae632bChapter__5_Mineral_wise.pdf,491b70eccee4f1a63f9ae0fe25b1c2d7c40e8b7c714abab7e12a10e594020d67,pdfplumber_position_aware_columns_with_unfc_subtotal_validation
IBM-NMI2025-5-21-state-west-bengal-total-01,official_nmi_resource_inventory,5.21,29,2025-04-01,Limestone,"[""Calcium and limestone""]",state,West Bengal,West Bengal,Total,bulk_mineral_or_source_grade,'000 Tonnes,1000.0,tonnes,0.0,0.0,0.0,0.0,0.0,0.0,0.0,7104.0,15482.0,22120.0,0.0,44706.0,44706.0,44706000.0,0,True,0.0,2.0,True,,,False,inventory_context_only_not_used_as_point_or_grid_model_evidence,SRC_IBM_NMI_2025,https://ibm.gov.in/IBMPortal/pages/national-mineral-inventory-at-a-glance-2025,https://ibm.gov.in/writereaddata/files/17848872906a6337fae632bChapter__5_Mineral_wise.pdf,491b70eccee4f1a63f9ae0fe25b1c2d7c40e8b7c714abab7e12a10e594020d67,pdfplumber_position_aware_columns_with_unfc_subtotal_validation
IBM-NMI2025-5-22-national-total-all-india-total-01,official_nmi_resource_inventory,5.22,30,2025-04-01,Magnesite,"[""Magnesium""]",national_total,,All India,Total,bulk_mineral_or_source_grade,'000 Tonnes,1000.0,tonnes,41117.0,1133.0,11346.0,53596.0,3511.0,88238.0,433311.0,59010.0,90572.0,138612.0,329.0,813582.0,867178.0,867178000.0,0,True,1.0,17.34356,True,,,False,inventory_context_only_not_used_as_point_or_grid_model_evidence,SRC_IBM_NMI_2025,https://ibm.gov.in/IBMPortal/pages/national-mineral-inventory-at-a-glance-2025,https://ibm.gov.in/writereaddata/files/17848872906a6337fae632bChapter__5_Mineral_wise.pdf,491b70eccee4f1a63f9ae0fe25b1c2d7c40e8b7c714abab7e12a10e594020d67,pdfplumber_position_aware_columns_with_unfc_subtotal_validation
IBM-NMI2025-5-22-grade-all-india-high-grade-01,official_nmi_resource_inventory,5.22,30,2025-04-01,Magnesite,"[""Magnesium""]",grade,,All India,High Grade,bulk_mineral_or_source_grade,'000 Tonnes,1000.0,tonnes,2114.0,599.0,0.0,2714.0,553.0,108.0,1.0,2.0,0.0,28.0,0.0,692.0,3406.0,3406000.0,0,True,1.0,2.0,True,,,False,inventory_context_only_not_used_as_point_or_grid_model_evidence,SRC_IBM_NMI_2025,https://ibm.gov.in/IBMPortal/pages/national-mineral-inventory-at-a-glance-2025,https://ibm.gov.in/writereaddata/files/17848872906a6337fae632bChapter__5_Mineral_wise.pdf,491b70eccee4f1a63f9ae0fe25b1c2d7c40e8b7c714abab7e12a10e594020d67,pdfplumber_position_aware_columns_with_unfc_subtotal_validation
IBM-NMI2025-5-22-grade-all-india-medium-grade-01,official_nmi_resource_inventory,5.22,30,2025-04-01,Magnesite,"[""Magnesium""]",grade,,All India,Medium grade,bulk_mineral_or_source_grade,'000 Tonnes,1000.0,tonnes,28800.0,534.0,11287.0,40620.0,959.0,74175.0,385229.0,64.0,109.0,4405.0,0.0,464941.0,505561.0,505561000.0,0,True,1.0,10.111220000000001,True,,,False,inventory_context_only_not_used_as_point_or_grid_model_evidence,SRC_IBM_NMI_2025,https://ibm.gov.in/IBMPortal/pages/national-mineral-inventory-at-a-glance-2025,https://ibm.gov.in/writereaddata/files/17848872906a6337fae632bChapter__5_Mineral_wise.pdf,491b70eccee4f1a63f9ae0fe25b1c2d7c40e8b7c714abab7e12a10e594020d67,pdfplumber_position_aware_columns_with_unfc_subtotal_validation
IBM-NMI2025-5-22-grade-all-india-benificiable-low-01,official_nmi_resource_inventory,5.22,30,2025-04-01,Magnesite,"[""Magnesium""]",grade,,All India,Benificiable /Low,bulk_mineral_or_source_grade,'000 Tonnes,1000.0,tonnes,10137.0,0.0,0.0,10137.0,733.0,11721.0,14759.0,648.0,43528.0,119528.0,264.0,191181.0,201318.0,201318000.0,0,True,0.0,4.02636,True,,,False,inventory_context_only_not_used_as_point_or_grid_model_evidence,SRC_IBM_NMI_2025,https://ibm.gov.in/IBMPortal/pages/national-mineral-inventory-at-a-glance-2025,https://ibm.gov.in/writereaddata/files/17848872906a6337fae632bChapter__5_Mineral_wise.pdf,491b70eccee4f1a63f9ae0fe25b1c2d7c40e8b7c714abab7e12a10e594020d67,pdfplumber_position_aware_columns_with_unfc_subtotal_validation
IBM-NMI2025-5-22-grade-all-india-high-medium-mixed-01,official_nmi_resource_inventory,5.22,30,2025-04-01,Magnesite,"[""Magnesium""]",grade,,All India,High & Medium mixed,bulk_mineral_or_source_grade,'000 Tonnes,1000.0,tonnes,0.0,0.0,0.0,0.0,6.0,173.0,2059.0,0.0,0.0,100.0,0.0,2339.0,2339.0,2339000.0,0,True,1.0,2.0,True,,,False,inventory_context_only_not_used_as_point_or_grid_model_evidence,SRC_IBM_NMI_2025,https://ibm.gov.in/IBMPortal/pages/national-mineral-inventory-at-a-glance-2025,https://ibm.gov.in/writereaddata/files/17848872906a6337fae632bChapter__5_Mineral_wise.pdf,491b70eccee4f1a63f9ae0fe25b1c2d7c40e8b7c714abab7e12a10e594020d67,pdfplumber_position_aware_columns_with_unfc_subtotal_validation
IBM-NMI2025-5-22-grade-all-india-medium-low-mixed-01,official_nmi_resource_inventory,5.22,30,2025-04-01,Magnesite,"[""Magnesium""]",grade,,All India,Medium & low mixed,bulk_mineral_or_source_grade,'000 Tonnes,1000.0,tonnes,0.0,0.0,0.0,0.0,0.0,429.0,29237.0,58271.0,27766.0,207.0,0.0,115910.0,115910.0,115910000.0,0,True,0.0,2.3182,True,,,False,inventory_context_only_not_used_as_point_or_grid_model_evidence,SRC_IBM_NMI_2025,https://ibm.gov.in/IBMPortal/pages/national-mineral-inventory-at-a-glance-2025,https://ibm.gov.in/writereaddata/files/17848872906a6337fae632bChapter__5_Mineral_wise.pdf,491b70eccee4f1a63f9ae0fe25b1c2d7c40e8b7c714abab7e12a10e594020d67,pdfplumber_position_aware_columns_with_unfc_subtotal_validation
IBM-NMI2025-5-22-grade-all-india-others-01,official_nmi_resource_inventory,5.22,30,2025-04-01,Magnesite,"[""Magnesium""]",grade,,All India,Others,bulk_mineral_or_source_grade,'000 Tonnes,1000.0,tonnes,6.0,0.0,59.0,65.0,1260.0,1448.0,2025.0,24.0,0.0,2501.0,20.0,7278.0,7343.0,7343000.0,0,True,0.0,2.0,True,,,False,inventory_context_only_not_used_as_point_or_grid_model_evidence,SRC_IBM_NMI_2025,https://ibm.gov.in/IBMPortal/pages/national-mineral-inventory-at-a-glance-2025,https://ibm.gov.in/writereaddata/files/17848872906a6337fae632bChapter__5_Mineral_wise.pdf,491b70eccee4f1a63f9ae0fe25b1c2d7c40e8b7c714abab7e12a10e594020d67,pdfplumber_position_aware_columns_with_unfc_subtotal_validation
IBM-NMI2025-5-22-grade-all-india-unclassified-01,official_nmi_resource_inventory,5.22,30,2025-04-01,Magnesite,"[""Magnesium""]",grade,,All India,Unclassified,bulk_mineral_or_source_grade,'000 Tonnes,1000.0,tonnes,0.0,0.0,0.0,0.0,0.0,0.0,0.0,0.0,18950.0,8673.0,0.0,27623.0,27623.0,27623000.0,0,True,0.0,2.0,True,,,False,inventory_context_only_not_used_as_point_or_grid_model_evidence,SRC_IBM_NMI_2025,https://ibm.gov.in/IBMPortal/pages/national-mineral-inventory-at-a-glance-2025,https://ibm.gov.in/writereaddata/files/17848872906a6337fae632bChapter__5_Mineral_wise.pdf,491b70eccee4f1a63f9ae0fe25b1c2d7c40e8b7c714abab7e12a10e594020d67,pdfplumber_position_aware_columns_with_unfc_subtotal_validation
IBM-NMI2025-5-22-grade-all-india-not-known-01,official_nmi_resource_inventory,5.22,30,2025-04-01,Magnesite,"[""Magnesium""]",grade,,All India,Not - known,bulk_mineral_or_source_grade,'000 Tonnes,1000.0,tonnes,60.0,0.0,0.0,60.0,0.0,184.0,0.0,0.0,219.0,3170.0,45.0,3617.0,3677.0,3677000.0,0,True,1.0,2.0,True,,,False,inventory_context_only_not_used_as_point_or_grid_model_evidence,SRC_IBM_NMI_2025,https://ibm.gov.in/IBMPortal/pages/national-mineral-inventory-at-a-glance-2025,https://ibm.gov.in/writereaddata/files/17848872906a6337fae632bChapter__5_Mineral_wise.pdf,491b70eccee4f1a63f9ae0fe25b1c2d7c40e8b7c714abab7e12a10e594020d67,pdfplumber_position_aware_columns_with_unfc_subtotal_validation
IBM-NMI2025-5-22-state-andhra-pradesh-total-01,official_nmi_resource_inventory,5.22,30,2025-04-01,Magnesite,"[""Magnesium""]",state,Andhra Pradesh,Andhra Pradesh,Total,bulk_mineral_or_source_grade,'000 Tonnes,1000.0,tonnes,0.0,0.0,0.0,0.0,0.0,0.0,0.0,0.0,0.0,80.0,0.0,80.0,80.0,80000.0,0,True,0.0,2.0,True,,,False,inventory_context_only_not_used_as_point_or_grid_model_evidence,SRC_IBM_NMI_2025,https://ibm.gov.in/IBMPortal/pages/national-mineral-inventory-at-a-glance-2025,https://ibm.gov.in/writereaddata/files/17848872906a6337fae632bChapter__5_Mineral_wise.pdf,491b70eccee4f1a63f9ae0fe25b1c2d7c40e8b7c714abab7e12a10e594020d67,pdfplumber_position_aware_columns_with_unfc_subtotal_validation
IBM-NMI2025-5-22-state-himachal-pradesh-total-01,official_nmi_resource_inventory,5.22,30,2025-04-01,Magnesite,"[""Magnesium""]",state,Himachal Pradesh,Himachal Pradesh,Total,bulk_mineral_or_source_grade,'000 Tonnes,1000.0,tonnes,0.0,0.0,0.0,0.0,0.0,0.0,0.0,0.0,0.0,298.0,0.0,298.0,298.0,298000.0,0,True,0.0,2.0,True,,,False,inventory_context_only_not_used_as_point_or_grid_model_evidence,SRC_IBM_NMI_2025,https://ibm.gov.in/IBMPortal/pages/national-mineral-inventory-at-a-glance-2025,https://ibm.gov.in/writereaddata/files/17848872906a6337fae632bChapter__5_Mineral_wise.pdf,491b70eccee4f1a63f9ae0fe25b1c2d7c40e8b7c714abab7e12a10e594020d67,pdfplumber_position_aware_columns_with_unfc_subtotal_validation
IBM-NMI2025-5-22-state-jammu-kashmir-total-01,official_nmi_resource_inventory,5.22,30,2025-04-01,Magnesite,"[""Magnesium""]",state,Jammu & Kashmir,Jammu & Kashmir,Total,bulk_mineral_or_source_grade,'000 Tonnes,1000.0,tonnes,2610.0,740.0,0.0,3350.0,600.0,100.0,0.0,0.0,0.0,150.0,45.0,895.0,4245.0,4245000.0,0,True,0.0,2.0,True,,,False,inventory_context_only_not_used_as_point_or_grid_model_evidence,SRC_IBM_NMI_2025,https://ibm.gov.in/IBMPortal/pages/national-mineral-inventory-at-a-glance-2025,https://ibm.gov.in/writereaddata/files/17848872906a6337fae632bChapter__5_Mineral_wise.pdf,491b70eccee4f1a63f9ae0fe25b1c2d7c40e8b7c714abab7e12a10e594020d67,pdfplumber_position_aware_columns_with_unfc_subtotal_validation
IBM-NMI2025-5-22-state-karnataka-total-01,official_nmi_resource_inventory,5.22,30,2025-04-01,Magnesite,"[""Magnesium""]",state,Karnataka,Karnataka,Total,bulk_mineral_or_source_grade,'000 Tonnes,1000.0,tonnes,795.0,0.0,89.0,884.0,656.0,247.0,270.0,88.0,10.0,2803.0,284.0,4360.0,5243.0,5243000.0,0,True,2.0,2.0,True,,,False,inventory_context_only_not_used_as_point_or_grid_model_evidence,SRC_IBM_NMI_2025,https://ibm.gov.in/IBMPortal/pages/national-mineral-inventory-at-a-glance-2025,https://ibm.gov.in/writereaddata/files/17848872906a6337fae632bChapter__5_Mineral_wise.pdf,491b70eccee4f1a63f9ae0fe25b1c2d7c40e8b7c714abab7e12a10e594020d67,pdfplumber_position_aware_columns_with_unfc_subtotal_validation
IBM-NMI2025-5-22-state-kerala-total-01,official_nmi_resource_inventory,5.22,30,2025-04-01,Magnesite,"[""Magnesium""]",state,Kerala,Kerala,Total,bulk_mineral_or_source_grade,'000 Tonnes,1000.0,tonnes,0.0,0.0,0.0,0.0,0.0,0.0,0.0,2.0,0.0,38.0,0.0,40.0,40.0,40000.0,0,True,0.0,2.0,True,,,False,inventory_context_only_not_used_as_point_or_grid_model_evidence,SRC_IBM_NMI_2025,https://ibm.gov.in/IBMPortal/pages/national-mineral-inventory-at-a-glance-2025,https://ibm.gov.in/writereaddata/files/17848872906a6337fae632bChapter__5_Mineral_wise.pdf,491b70eccee4f1a63f9ae0fe25b1c2d7c40e8b7c714abab7e12a10e594020d67,pdfplumber_position_aware_columns_with_unfc_subtotal_validation
IBM-NMI2025-5-22-state-rajasthan-total-01,official_nmi_resource_inventory,5.22,30,2025-04-01,Magnesite,"[""Magnesium""]",state,Rajasthan,Rajasthan,Total,bulk_mineral_or_source_grade,'000 Tonnes,1000.0,tonnes,38.0,0.0,0.0,38.0,972.0,1578.0,2045.0,0.0,31069.0,59845.0,0.0,95510.0,95548.0,95548000.0,0,True,1.0,2.0,True,,,False,inventory_context_only_not_used_as_point_or_grid_model_evidence,SRC_IBM_NMI_2025,https://ibm.gov.in/IBMPortal/pages/national-mineral-inventory-at-a-glance-2025,https://ibm.gov.in/writereaddata/files/17848872906a6337fae632bChapter__5_Mineral_wise.pdf,491b70eccee4f1a63f9ae0fe25b1c2d7c40e8b7c714abab7e12a10e594020d67,pdfplumber_position_aware_columns_with_unfc_subtotal_validation
IBM-NMI2025-5-22-state-tamil-nadu-total-01,official_nmi_resource_inventory,5.22,30,2025-04-01,Magnesite,"[""Magnesium""]",state,Tamil Nadu,Tamil Nadu,Total,bulk_mineral_or_source_grade,'000 Tonnes,1000.0,tonnes,29444.0,393.0,9592.0,39429.0,424.0,82678.0,397191.0,17.0,737.0,2124.0,0.0,483171.0,522600.0,522600000.0,0,True,0.0,10.452000000000002,True,,,False,inventory_context_only_not_used_as_point_or_grid_model_evidence,SRC_IBM_NMI_2025,https://ibm.gov.in/IBMPortal/pages/national-mineral-inventory-at-a-glance-2025,https://ibm.gov.in/writereaddata/files/17848872906a6337fae632bChapter__5_Mineral_wise.pdf,491b70eccee4f1a63f9ae0fe25b1c2d7c40e8b7c714abab7e12a10e594020d67,pdfplumber_position_aware_columns_with_unfc_subtotal_validation
IBM-NMI2025-5-22-state-uttarakhand-total-01,official_nmi_resource_inventory,5.22,30,2025-04-01,Magnesite,"[""Magnesium""]",state,Uttarakhand,Uttarakhand,Total,bulk_mineral_or_source_grade,'000 Tonnes,1000.0,tonnes,8230.0,0.0,1665.0,9895.0,859.0,3635.0,33804.0,58902.0,58756.0,73274.0,0.0,229229.0,239124.0,239124000.0,0,True,1.0,4.7824800000000005,True,,,False,inventory_context_only_not_used_as_point_or_grid_model_evidence,SRC_IBM_NMI_2025,https://ibm.gov.in/IBMPortal/pages/national-mineral-inventory-at-a-glance-2025,https://ibm.gov.in/writereaddata/files/17848872906a6337fae632bChapter__5_Mineral_wise.pdf,491b70eccee4f1a63f9ae0fe25b1c2d7c40e8b7c714abab7e12a10e594020d67,pdfplumber_position_aware_columns_with_unfc_subtotal_validation
IBM-NMI2025-5-23-national-total-all-india-total-01,official_nmi_resource_inventory,5.23,31,2025-04-01,Manganese Ore,"[""Manganese""]",national_total,,All India,Total,bulk_mineral_or_source_grade,'000 Tonnes,1000.0,tonnes,76930.0,14688.0,61467.0,153085.0,74435.0,60971.0,49510.0,34587.0,79534.0,128999.0,18149.0,446186.0,599271.0,599271000.0,0,True,1.0,11.985420000000001,True,,,False,inventory_context_only_not_used_as_point_or_grid_model_evidence,SRC_IBM_NMI_2025,https://ibm.gov.in/IBMPortal/pages/national-mineral-inventory-at-a-glance-2025,https://ibm.gov.in/writereaddata/files/17848872906a6337fae632bChapter__5_Mineral_wise.pdf,491b70eccee4f1a63f9ae0fe25b1c2d7c40e8b7c714abab7e12a10e594020d67,pdfplumber_position_aware_columns_with_unfc_subtotal_validation
IBM-NMI2025-5-23-grade-all-india-battery-chemical-01,official_nmi_resource_inventory,5.23,31,2025-04-01,Manganese Ore,"[""Manganese""]",grade,,All India,Battery/ Chemical,bulk_mineral_or_source_grade,'000 Tonnes,1000.0,tonnes,0.0,0.0,0.0,0.0,4.0,9.0,12.0,4.0,26.0,112.0,0.0,167.0,167.0,167000.0,0,True,0.0,2.0,True,,,False,inventory_context_only_not_used_as_point_or_grid_model_evidence,SRC_IBM_NMI_2025,https://ibm.gov.in/IBMPortal/pages/national-mineral-inventory-at-a-glance-2025,https://ibm.gov.in/writereaddata/files/17848872906a6337fae632bChapter__5_Mineral_wise.pdf,491b70eccee4f1a63f9ae0fe25b1c2d7c40e8b7c714abab7e12a10e594020d67,pdfplumber_position_aware_columns_with_unfc_subtotal_validation
IBM-NMI2025-5-23-grade-all-india-ferro-manganese-01,official_nmi_resource_inventory,5.23,31,2025-04-01,Manganese Ore,"[""Manganese""]",grade,,All India,Ferro-Manganese,bulk_mineral_or_source_grade,'000 Tonnes,1000.0,tonnes,15340.0,801.0,1925.0,18066.0,5824.0,3160.0,3896.0,1435.0,3311.0,6763.0,466.0,24855.0,42921.0,42921000.0,0,True,0.0,2.0,True,,,False,inventory_context_only_not_used_as_point_or_grid_model_evidence,SRC_IBM_NMI_2025,https://ibm.gov.in/IBMPortal/pages/national-mineral-inventory-at-a-glance-2025,https://ibm.gov.in/writereaddata/files/17848872906a6337fae632bChapter__5_Mineral_wise.pdf,491b70eccee4f1a63f9ae0fe25b1c2d7c40e8b7c714abab7e12a10e594020d67,pdfplumber_position_aware_columns_with_unfc_subtotal_validation
IBM-NMI2025-5-23-grade-all-india-medium-01,official_nmi_resource_inventory,5.23,31,2025-04-01,Manganese Ore,"[""Manganese""]",grade,,All India,Medium,bulk_mineral_or_source_grade,'000 Tonnes,1000.0,tonnes,800.0,131.0,221.0,1152.0,4106.0,2318.0,3687.0,448.0,3933.0,13008.0,116.0,27617.0,28768.0,28768000.0,0,True,1.0,2.0,True,,,False,inventory_context_only_not_used_as_point_or_grid_model_evidence,SRC_IBM_NMI_2025,https://ibm.gov.in/IBMPortal/pages/national-mineral-inventory-at-a-glance-2025,https://ibm.gov.in/writereaddata/files/17848872906a6337fae632bChapter__5_Mineral_wise.pdf,491b70eccee4f1a63f9ae0fe25b1c2d7c40e8b7c714abab7e12a10e594020d67,pdfplumber_position_aware_columns_with_unfc_subtotal_validation
IBM-NMI2025-5-23-grade-all-india-bf-01,official_nmi_resource_inventory,5.23,31,2025-04-01,Manganese Ore,"[""Manganese""]",grade,,All India,BF,bulk_mineral_or_source_grade,'000 Tonnes,1000.0,tonnes,16974.0,1406.0,17253.0,35633.0,27789.0,8290.0,18585.0,14924.0,13407.0,47562.0,2007.0,132565.0,168198.0,168198000.0,0,True,1.0,3.36396,True,,,False,inventory_context_only_not_used_as_point_or_grid_model_evidence,SRC_IBM_NMI_2025,https://ibm.gov.in/IBMPortal/pages/national-mineral-inventory-at-a-glance-2025,https://ibm.gov.in/writereaddata/files/17848872906a6337fae632bChapter__5_Mineral_wise.pdf,491b70eccee4f1a63f9ae0fe25b1c2d7c40e8b7c714abab7e12a10e594020d67,pdfplumber_position_aware_columns_with_unfc_subtotal_validation
IBM-NMI2025-5-23-grade-all-india-mixed-01,official_nmi_resource_inventory,5.23,31,2025-04-01,Manganese Ore,"[""Manganese""]",grade,,All India,Mixed,bulk_mineral_or_source_grade,'000 Tonnes,1000.0,tonnes,1970.0,0.0,0.0,1970.0,394.0,654.0,5922.0,0.0,0.0,12729.0,0.0,19699.0,21669.0,21669000.0,0,True,0.0,2.0,True,,,False,inventory_context_only_not_used_as_point_or_grid_model_evidence,SRC_IBM_NMI_2025,https://ibm.gov.in/IBMPortal/pages/national-mineral-inventory-at-a-glance-2025,https://ibm.gov.in/writereaddata/files/17848872906a6337fae632bChapter__5_Mineral_wise.pdf,491b70eccee4f1a63f9ae0fe25b1c2d7c40e8b7c714abab7e12a10e594020d67,pdfplumber_position_aware_columns_with_unfc_subtotal_validation
IBM-NMI2025-5-23-grade-all-india-medium-bf-mixed-01,official_nmi_resource_inventory,5.23,31,2025-04-01,Manganese Ore,"[""Manganese""]",grade,,All India,Medium & BF Mixed,bulk_mineral_or_source_grade,'000 Tonnes,1000.0,tonnes,12317.0,3989.0,1393.0,17699.0,7874.0,14386.0,5207.0,195.0,1868.0,16663.0,221.0,46415.0,64114.0,64114000.0,0,True,1.0,2.0,True,,,False,inventory_context_only_not_used_as_point_or_grid_model_evidence,SRC_IBM_NMI_2025,https://ibm.gov.in/IBMPortal/pages/national-mineral-inventory-at-a-glance-2025,https://ibm.gov.in/writereaddata/files/17848872906a6337fae632bChapter__5_Mineral_wise.pdf,491b70eccee4f1a63f9ae0fe25b1c2d7c40e8b7c714abab7e12a10e594020d67,pdfplumber_position_aware_columns_with_unfc_subtotal_validation
IBM-NMI2025-5-23-grade-all-india-ferro-manganese-medium-bf-mixed-01,official_nmi_resource_inventory,5.23,31,2025-04-01,Manganese Ore,"[""Manganese""]",grade,,All India,"Ferro-Manganese, Medium & BF Mixed",bulk_mineral_or_source_grade,'000 Tonnes,1000.0,tonnes,18741.0,246.0,27049.0,46036.0,17087.0,19600.0,4849.0,4918.0,4166.0,1494.0,33.0,52148.0,98184.0,98184000.0,0,True,1.0,2.0,True,,,False,inventory_context_only_not_used_as_point_or_grid_model_evidence,SRC_IBM_NMI_2025,https://ibm.gov.in/IBMPortal/pages/national-mineral-inventory-at-a-glance-2025,https://ibm.gov.in/writereaddata/files/17848872906a6337fae632bChapter__5_Mineral_wise.pdf,491b70eccee4f1a63f9ae0fe25b1c2d7c40e8b7c714abab7e12a10e594020d67,pdfplumber_position_aware_columns_with_unfc_subtotal_validation
IBM-NMI2025-5-23-grade-all-india-ferro-manganese-bf-01,official_nmi_resource_inventory,5.23,31,2025-04-01,Manganese Ore,"[""Manganese""]",grade,,All India,Ferro-Manganese & BF,bulk_mineral_or_source_grade,'000 Tonnes,1000.0,tonnes,573.0,791.0,441.0,1805.0,147.0,485.0,834.0,1255.0,912.0,3186.0,0.0,6818.0,8624.0,8624000.0,0,True,1.0,2.0,True,,,False,inventory_context_only_not_used_as_point_or_grid_model_evidence,SRC_IBM_NMI_2025,https://ibm.gov.in/IBMPortal/pages/national-mineral-inventory-at-a-glance-2025,https://ibm.gov.in/writereaddata/files/17848872906a6337fae632bChapter__5_Mineral_wise.pdf,491b70eccee4f1a63f9ae0fe25b1c2d7c40e8b7c714abab7e12a10e594020d67,pdfplumber_position_aware_columns_with_unfc_subtotal_validation
IBM-NMI2025-5-23-grade-all-india-low-25-mn-01,official_nmi_resource_inventory,5.23,31,2025-04-01,Manganese Ore,"[""Manganese""]",grade,,All India,Low (-)25% Mn,bulk_mineral_or_source_grade,'000 Tonnes,1000.0,tonnes,5122.0,435.0,1682.0,7240.0,1528.0,482.0,2267.0,3916.0,8214.0,6598.0,11206.0,34212.0,41452.0,41452000.0,0,True,1.0,2.0,True,,,False,inventory_context_only_not_used_as_point_or_grid_model_evidence,SRC_IBM_NMI_2025,https://ibm.gov.in/IBMPortal/pages/national-mineral-inventory-at-a-glance-2025,https://ibm.gov.in/writereaddata/files/17848872906a6337fae632bChapter__5_Mineral_wise.pdf,491b70eccee4f1a63f9ae0fe25b1c2d7c40e8b7c714abab7e12a10e594020d67,pdfplumber_position_aware_columns_with_unfc_subtotal_validation
IBM-NMI2025-5-23-grade-all-india-beneficiable-01,official_nmi_resource_inventory,5.23,31,2025-04-01,Manganese Ore,"[""Manganese""]",grade,,All India,Beneficiable,bulk_mineral_or_source_grade,'000 Tonnes,1000.0,tonnes,2459.0,6172.0,9907.0,18539.0,4905.0,2134.0,1775.0,6703.0,43007.0,13045.0,3913.0,75481.0,94020.0,94020000.0,0,True,1.0,2.0,True,,,False,inventory_context_only_not_used_as_point_or_grid_model_evidence,SRC_IBM_NMI_2025,https://ibm.gov.in/IBMPortal/pages/national-mineral-inventory-at-a-glance-2025,https://ibm.gov.in/writereaddata/files/17848872906a6337fae632bChapter__5_Mineral_wise.pdf,491b70eccee4f1a63f9ae0fe25b1c2d7c40e8b7c714abab7e12a10e594020d67,pdfplumber_position_aware_columns_with_unfc_subtotal_validation
IBM-NMI2025-5-23-grade-all-india-others-01,official_nmi_resource_inventory,5.23,31,2025-04-01,Manganese Ore,"[""Manganese""]",grade,,All India,Others,bulk_mineral_or_source_grade,'000 Tonnes,1000.0,tonnes,2338.0,705.0,815.0,3858.0,820.0,5833.0,663.0,705.0,403.0,1220.0,16.0,9659.0,13517.0,13517000.0,0,True,1.0,2.0,True,,,False,inventory_context_only_not_used_as_point_or_grid_model_evidence,SRC_IBM_NMI_2025,https://ibm.gov.in/IBMPortal/pages/national-mineral-inventory-at-a-glance-2025,https://ibm.gov.in/writereaddata/files/17848872906a6337fae632bChapter__5_Mineral_wise.pdf,491b70eccee4f1a63f9ae0fe25b1c2d7c40e8b7c714abab7e12a10e594020d67,pdfplumber_position_aware_columns_with_unfc_subtotal_validation
IBM-NMI2025-5-23-grade-all-india-unclassified-01,official_nmi_resource_inventory,5.23,31,2025-04-01,Manganese Ore,"[""Manganese""]",grade,,All India,Unclassified,bulk_mineral_or_source_grade,'000 Tonnes,1000.0,tonnes,294.0,12.0,782.0,1088.0,3778.0,2911.0,1756.0,84.0,130.0,4872.0,171.0,13701.0,14789.0,14789000.0,0,True,1.0,2.0,True,,,False,inventory_context_only_not_used_as_point_or_grid_model_evidence,SRC_IBM_NMI_2025,https://ibm.gov.in/IBMPortal/pages/national-mineral-inventory-at-a-glance-2025,https://ibm.gov.in/writereaddata/files/17848872906a6337fae632bChapter__5_Mineral_wise.pdf,491b70eccee4f1a63f9ae0fe25b1c2d7c40e8b7c714abab7e12a10e594020d67,pdfplumber_position_aware_columns_with_unfc_subtotal_validation
IBM-NMI2025-5-23-grade-all-india-not-known-01,official_nmi_resource_inventory,5.23,31,2025-04-01,Manganese Ore,"[""Manganese""]",grade,,All India,Not known,bulk_mineral_or_source_grade,'000 Tonnes,1000.0,tonnes,0.0,0.0,0.0,0.0,178.0,709.0,59.0,0.0,156.0,1747.0,0.0,2848.0,2848.0,2848000.0,0,True,1.0,2.0,True,,,False,inventory_context_only_not_used_as_point_or_grid_model_evidence,SRC_IBM_NMI_2025,https://ibm.gov.in/IBMPortal/pages/national-mineral-inventory-at-a-glance-2025,https://ibm.gov.in/writereaddata/files/17848872906a6337fae632bChapter__5_Mineral_wise.pdf,491b70eccee4f1a63f9ae0fe25b1c2d7c40e8b7c714abab7e12a10e594020d67,pdfplumber_position_aware_columns_with_unfc_subtotal_validation
IBM-NMI2025-5-23-state-andhra-pradesh-total-01,official_nmi_resource_inventory,5.23,31,2025-04-01,Manganese Ore,"[""Manganese""]",state,Andhra Pradesh,Andhra Pradesh,Total,bulk_mineral_or_source_grade,'000 Tonnes,1000.0,tonnes,8383.0,999.0,14478.0,23860.0,3234.0,711.0,3362.0,398.0,10645.0,8055.0,70.0,26475.0,50335.0,50335000.0,0,True,0.0,2.0,True,,,False,inventory_context_only_not_used_as_point_or_grid_model_evidence,SRC_IBM_NMI_2025,https://ibm.gov.in/IBMPortal/pages/national-mineral-inventory-at-a-glance-2025,https://ibm.gov.in/writereaddata/files/17848872906a6337fae632bChapter__5_Mineral_wise.pdf,491b70eccee4f1a63f9ae0fe25b1c2d7c40e8b7c714abab7e12a10e594020d67,pdfplumber_position_aware_columns_with_unfc_subtotal_validation
IBM-NMI2025-5-23-state-goa-total-01,official_nmi_resource_inventory,5.23,31,2025-04-01,Manganese Ore,"[""Manganese""]",state,Goa,Goa,Total,bulk_mineral_or_source_grade,'000 Tonnes,1000.0,tonnes,671.0,0.0,110.0,781.0,14009.0,1314.0,9043.0,48.0,262.0,11307.0,0.0,35983.0,36764.0,36764000.0,0,True,0.0,2.0,True,,,False,inventory_context_only_not_used_as_point_or_grid_model_evidence,SRC_IBM_NMI_2025,https://ibm.gov.in/IBMPortal/pages/national-mineral-inventory-at-a-glance-2025,https://ibm.gov.in/writereaddata/files/17848872906a6337fae632bChapter__5_Mineral_wise.pdf,491b70eccee4f1a63f9ae0fe25b1c2d7c40e8b7c714abab7e12a10e594020d67,pdfplumber_position_aware_columns_with_unfc_subtotal_validation
IBM-NMI2025-5-23-state-gujarat-total-01,official_nmi_resource_inventory,5.23,31,2025-04-01,Manganese Ore,"[""Manganese""]",state,Gujarat,Gujarat,Total,bulk_mineral_or_source_grade,'000 Tonnes,1000.0,tonnes,0.0,0.0,0.0,0.0,695.0,0.0,0.0,0.0,0.0,2182.0,0.0,2877.0,2877.0,2877000.0,0,True,0.0,2.0,True,,,False,inventory_context_only_not_used_as_point_or_grid_model_evidence,SRC_IBM_NMI_2025,https://ibm.gov.in/IBMPortal/pages/national-mineral-inventory-at-a-glance-2025,https://ibm.gov.in/writereaddata/files/17848872906a6337fae632bChapter__5_Mineral_wise.pdf,491b70eccee4f1a63f9ae0fe25b1c2d7c40e8b7c714abab7e12a10e594020d67,pdfplumber_position_aware_columns_with_unfc_subtotal_validation
IBM-NMI2025-5-23-state-jharkhand-total-01,official_nmi_resource_inventory,5.23,31,2025-04-01,Manganese Ore,"[""Manganese""]",state,Jharkhand,Jharkhand,Total,bulk_mineral_or_source_grade,'000 Tonnes,1000.0,tonnes,0.0,1705.0,1391.0,3096.0,1624.0,2407.0,5754.0,0.0,81.0,9547.0,0.0,19413.0,22508.0,22508000.0,0,True,1.0,2.0,True,,,False,inventory_context_only_not_used_as_point_or_grid_model_evidence,SRC_IBM_NMI_2025,https://ibm.gov.in/IBMPortal/pages/national-mineral-inventory-at-a-glance-2025,https://ibm.gov.in/writereaddata/files/17848872906a6337fae632bChapter__5_Mineral_wise.pdf,491b70eccee4f1a63f9ae0fe25b1c2d7c40e8b7c714abab7e12a10e594020d67,pdfplumber_position_aware_columns_with_unfc_subtotal_validation
IBM-NMI2025-5-23-state-karnataka-total-01,official_nmi_resource_inventory,5.23,31,2025-04-01,Manganese Ore,"[""Manganese""]",state,Karnataka,Karnataka,Total,bulk_mineral_or_source_grade,'000 Tonnes,1000.0,tonnes,19162.0,66.0,3931.0,23159.0,13345.0,2594.0,9280.0,18700.0,7306.0,54829.0,152.0,106207.0,129365.0,129365000.0,0,True,1.0,2.5873000000000004,True,,,False,inventory_context_only_not_used_as_point_or_grid_model_evidence,SRC_IBM_NMI_2025,https://ibm.gov.in/IBMPortal/pages/national-mineral-inventory-at-a-glance-2025,https://ibm.gov.in/writereaddata/files/17848872906a6337fae632bChapter__5_Mineral_wise.pdf,491b70eccee4f1a63f9ae0fe25b1c2d7c40e8b7c714abab7e12a10e594020d67,pdfplumber_position_aware_columns_with_unfc_subtotal_validation
IBM-NMI2025-5-23-state-madhya-pradesh-total-01,official_nmi_resource_inventory,5.23,31,2025-04-01,Manganese Ore,"[""Manganese""]",state,Madhya Pradesh,Madhya Pradesh,Total,bulk_mineral_or_source_grade,'000 Tonnes,1000.0,tonnes,16305.0,2209.0,16875.0,35389.0,10948.0,10235.0,2750.0,44.0,5487.0,3503.0,79.0,33046.0,68435.0,68435000.0,0,True,0.0,2.0,True,,,False,inventory_context_only_not_used_as_point_or_grid_model_evidence,SRC_IBM_NMI_2025,https://ibm.gov.in/IBMPortal/pages/national-mineral-inventory-at-a-glance-2025,https://ibm.gov.in/writereaddata/files/17848872906a6337fae632bChapter__5_Mineral_wise.pdf,491b70eccee4f1a63f9ae0fe25b1c2d7c40e8b7c714abab7e12a10e594020d67,pdfplumber_position_aware_columns_with_unfc_subtotal_validation
IBM-NMI2025-5-23-state-maharashtra-total-01,official_nmi_resource_inventory,5.23,31,2025-04-01,Manganese Ore,"[""Manganese""]",state,Maharashtra,Maharashtra,Total,bulk_mineral_or_source_grade,'000 Tonnes,1000.0,tonnes,17164.0,1043.0,589.0,18797.0,11061.0,17751.0,5561.0,5439.0,3010.0,3035.0,260.0,46117.0,64913.0,64913000.0,0,True,1.0,2.0,True,,,False,inventory_context_only_not_used_as_point_or_grid_model_evidence,SRC_IBM_NMI_2025,https://ibm.gov.in/IBMPortal/pages/national-mineral-inventory-at-a-glance-2025,https://ibm.gov.in/writereaddata/files/17848872906a6337fae632bChapter__5_Mineral_wise.pdf,491b70eccee4f1a63f9ae0fe25b1c2d7c40e8b7c714abab7e12a10e594020d67,pdfplumber_position_aware_columns_with_unfc_subtotal_validation
IBM-NMI2025-5-23-state-odisha-total-01,official_nmi_resource_inventory,5.23,31,2025-04-01,Manganese Ore,"[""Manganese""]",state,Odisha,Odisha,Total,bulk_mineral_or_source_grade,'000 Tonnes,1000.0,tonnes,14292.0,8440.0,23913.0,46645.0,19263.0,25955.0,13625.0,9959.0,51857.0,34315.0,4086.0,159060.0,205705.0,205705000.0,0,True,0.0,4.1141000000000005,True,,,False,inventory_context_only_not_used_as_point_or_grid_model_evidence,SRC_IBM_NMI_2025,https://ibm.gov.in/IBMPortal/pages/national-mineral-inventory-at-a-glance-2025,https://ibm.gov.in/writereaddata/files/17848872906a6337fae632bChapter__5_Mineral_wise.pdf,491b70eccee4f1a63f9ae0fe25b1c2d7c40e8b7c714abab7e12a10e594020d67,pdfplumber_position_aware_columns_with_unfc_subtotal_validation
IBM-NMI2025-5-23-state-rajasthan-total-01,official_nmi_resource_inventory,5.23,31,2025-04-01,Manganese Ore,"[""Manganese""]",state,Rajasthan,Rajasthan,Total,bulk_mineral_or_source_grade,'000 Tonnes,1000.0,tonnes,639.0,114.0,0.0,752.0,235.0,0.0,0.0,0.0,0.0,1820.0,10962.0,13017.0,13769.0,13769000.0,0,True,1.0,2.0,True,,,False,inventory_context_only_not_used_as_point_or_grid_model_evidence,SRC_IBM_NMI_2025,https://ibm.gov.in/IBMPortal/pages/national-mineral-inventory-at-a-glance-2025,https://ibm.gov.in/writereaddata/files/17848872906a6337fae632bChapter__5_Mineral_wise.pdf,491b70eccee4f1a63f9ae0fe25b1c2d7c40e8b7c714abab7e12a10e594020d67,pdfplumber_position_aware_columns_with_unfc_subtotal_validation
IBM-NMI2025-5-23-state-telangana-total-01,official_nmi_resource_inventory,5.23,31,2025-04-01,Manganese Ore,"[""Manganese""]",state,Telangana,Telangana,Total,bulk_mineral_or_source_grade,'000 Tonnes,1000.0,tonnes,314.0,114.0,179.0,607.0,19.0,4.0,133.0,0.0,886.0,209.0,2540.0,3791.0,4398.0,4398000.0,0,True,0.0,2.0,True,,,False,inventory_context_only_not_used_as_point_or_grid_model_evidence,SRC_IBM_NMI_2025,https://ibm.gov.in/IBMPortal/pages/national-mineral-inventory-at-a-glance-2025,https://ibm.gov.in/writereaddata/files/17848872906a6337fae632bChapter__5_Mineral_wise.pdf,491b70eccee4f1a63f9ae0fe25b1c2d7c40e8b7c714abab7e12a10e594020d67,pdfplumber_position_aware_columns_with_unfc_subtotal_validation
IBM-NMI2025-5-23-state-west-bengal-total-01,official_nmi_resource_inventory,5.23,31,2025-04-01,Manganese Ore,"[""Manganese""]",state,West Bengal,West Bengal,Total,bulk_mineral_or_source_grade,'000 Tonnes,1000.0,tonnes,0.0,0.0,0.0,0.0,0.0,0.0,0.0,0.0,0.0,200.0,0.0,200.0,200.0,200000.0,0,True,0.0,2.0,True,,,False,inventory_context_only_not_used_as_point_or_grid_model_evidence,SRC_IBM_NMI_2025,https://ibm.gov.in/IBMPortal/pages/national-mineral-inventory-at-a-glance-2025,https://ibm.gov.in/writereaddata/files/17848872906a6337fae632bChapter__5_Mineral_wise.pdf,491b70eccee4f1a63f9ae0fe25b1c2d7c40e8b7c714abab7e12a10e594020d67,pdfplumber_position_aware_columns_with_unfc_subtotal_validation
IBM-NMI2025-5-24-national-total-all-india-total-01,official_nmi_resource_inventory,5.24,32,2025-04-01,Marl,"[""Calcium and limestone""]",national_total,,All India,Total,bulk_mineral_or_source_grade,Tonne,1.0,tonnes,85228141.0,25199375.0,1673127.0,112100643.0,36922595.0,37260479.0,6191764.0,2339280.0,0.0,0.0,0.0,82714118.0,194814761.0,194814761.0,0,True,0.0,3896.2952200000004,True,,,False,inventory_context_only_not_used_as_point_or_grid_model_evidence,SRC_IBM_NMI_2025,https://ibm.gov.in/IBMPortal/pages/national-mineral-inventory-at-a-glance-2025,https://ibm.gov.in/writereaddata/files/17848872906a6337fae632bChapter__5_Mineral_wise.pdf,491b70eccee4f1a63f9ae0fe25b1c2d7c40e8b7c714abab7e12a10e594020d67,pdfplumber_position_aware_columns_with_unfc_subtotal_validation
IBM-NMI2025-5-24-grade-all-india-unclassified-01,official_nmi_resource_inventory,5.24,32,2025-04-01,Marl,"[""Calcium and limestone""]",grade,,All India,Unclassified,bulk_mineral_or_source_grade,Tonne,1.0,tonnes,85228141.0,25199375.0,1673127.0,112100643.0,36922595.0,37260479.0,6191764.0,2339280.0,0.0,0.0,0.0,82714118.0,194814761.0,194814761.0,0,True,0.0,3896.2952200000004,True,,,False,inventory_context_only_not_used_as_point_or_grid_model_evidence,SRC_IBM_NMI_2025,https://ibm.gov.in/IBMPortal/pages/national-mineral-inventory-at-a-glance-2025,https://ibm.gov.in/writereaddata/files/17848872906a6337fae632bChapter__5_Mineral_wise.pdf,491b70eccee4f1a63f9ae0fe25b1c2d7c40e8b7c714abab7e12a10e594020d67,pdfplumber_position_aware_columns_with_unfc_subtotal_validation
IBM-NMI2025-5-24-state-gujarat-total-01,official_nmi_resource_inventory,5.24,32,2025-04-01,Marl,"[""Calcium and limestone""]",state,Gujarat,Gujarat,Total,bulk_mineral_or_source_grade,Tonne,1.0,tonnes,48803551.0,20211135.0,1673127.0,70687813.0,25724307.0,9144236.0,6191764.0,0.0,0.0,0.0,0.0,41060307.0,111748120.0,111748120.0,0,True,0.0,2234.9624000000003,True,,,False,inventory_context_only_not_used_as_point_or_grid_model_evidence,SRC_IBM_NMI_2025,https://ibm.gov.in/IBMPortal/pages/national-mineral-inventory-at-a-glance-2025,https://ibm.gov.in/writereaddata/files/17848872906a6337fae632bChapter__5_Mineral_wise.pdf,491b70eccee4f1a63f9ae0fe25b1c2d7c40e8b7c714abab7e12a10e594020d67,pdfplumber_position_aware_columns_with_unfc_subtotal_validation
IBM-NMI2025-5-24-state-tamil-nadu-total-01,official_nmi_resource_inventory,5.24,32,2025-04-01,Marl,"[""Calcium and limestone""]",state,Tamil Nadu,Tamil Nadu,Total,bulk_mineral_or_source_grade,Tonne,1.0,tonnes,36424590.0,4988240.0,0.0,41412830.0,11198288.0,28116243.0,0.0,2339280.0,0.0,0.0,0.0,41653811.0,83066641.0,83066641.0,0,True,0.0,1661.33282,True,,,False,inventory_context_only_not_used_as_point_or_grid_model_evidence,SRC_IBM_NMI_2025,https://ibm.gov.in/IBMPortal/pages/national-mineral-inventory-at-a-glance-2025,https://ibm.gov.in/writereaddata/files/17848872906a6337fae632bChapter__5_Mineral_wise.pdf,491b70eccee4f1a63f9ae0fe25b1c2d7c40e8b7c714abab7e12a10e594020d67,pdfplumber_position_aware_columns_with_unfc_subtotal_validation
IBM-NMI2025-5-25-national-total-all-india-ore-01,official_nmi_resource_inventory,5.25,33,2025-04-01,Molybdenum,"[""Molybdenum""]",national_total,,All India,Ore,ore,Tonne,1.0,tonnes,0.0,0.0,0.0,0.0,0.0,1500000.0,0.0,2382000.0,6221104.0,22433394.0,167800.0,32704298.0,32704298.0,32704298.0,0,True,0.0,654.08596,True,,,False,inventory_context_only_not_used_as_point_or_grid_model_evidence,SRC_IBM_NMI_2025,https://ibm.gov.in/IBMPortal/pages/national-mineral-inventory-at-a-glance-2025,https://ibm.gov.in/writereaddata/files/17848872906a6337fae632bChapter__5_Mineral_wise.pdf,491b70eccee4f1a63f9ae0fe25b1c2d7c40e8b7c714abab7e12a10e594020d67,pdfplumber_position_aware_columns_with_unfc_subtotal_validation
IBM-NMI2025-5-25-national-total-all-india-contained-mos2-01,official_nmi_resource_inventory,5.25,33,2025-04-01,Molybdenum,"[""Molybdenum""]",national_total,,All India,Contained MoS2,contained_metal_or_compound,Tonne,1.0,tonnes,0.0,0.0,0.0,0.0,0.0,1050.0,0.0,1599.54,2765.08,13418.62,50.34,18883.57,18883.57,18883.57,0,True,0.010000000002037268,2.0,True,,,False,inventory_context_only_not_used_as_point_or_grid_model_evidence,SRC_IBM_NMI_2025,https://ibm.gov.in/IBMPortal/pages/national-mineral-inventory-at-a-glance-2025,https://ibm.gov.in/writereaddata/files/17848872906a6337fae632bChapter__5_Mineral_wise.pdf,491b70eccee4f1a63f9ae0fe25b1c2d7c40e8b7c714abab7e12a10e594020d67,pdfplumber_position_aware_columns_with_unfc_subtotal_validation
IBM-NMI2025-5-25-state-karnataka-ore-01,official_nmi_resource_inventory,5.25,33,2025-04-01,Molybdenum,"[""Molybdenum""]",state,Karnataka,Karnataka,Ore,ore,Tonne,1.0,tonnes,0.0,0.0,0.0,0.0,0.0,0.0,0.0,0.0,0.0,1320900.0,0.0,1320900.0,1320900.0,1320900.0,0,True,0.0,26.418000000000003,True,,,False,inventory_context_only_not_used_as_point_or_grid_model_evidence,SRC_IBM_NMI_2025,https://ibm.gov.in/IBMPortal/pages/national-mineral-inventory-at-a-glance-2025,https://ibm.gov.in/writereaddata/files/17848872906a6337fae632bChapter__5_Mineral_wise.pdf,491b70eccee4f1a63f9ae0fe25b1c2d7c40e8b7c714abab7e12a10e594020d67,pdfplumber_position_aware_columns_with_unfc_subtotal_validation
IBM-NMI2025-5-25-state-karnataka-contained-mos2-01,official_nmi_resource_inventory,5.25,33,2025-04-01,Molybdenum,"[""Molybdenum""]",state,Karnataka,Karnataka,Contained MoS2,contained_metal_or_compound,Tonne,1.0,tonnes,0.0,0.0,0.0,0.0,0.0,0.0,0.0,0.0,0.0,1718.7,0.0,1718.7,1718.7,1718.7,0,True,0.0,2.0,True,,,False,inventory_context_only_not_used_as_point_or_grid_model_evidence,SRC_IBM_NMI_2025,https://ibm.gov.in/IBMPortal/pages/national-mineral-inventory-at-a-glance-2025,https://ibm.gov.in/writereaddata/files/17848872906a6337fae632bChapter__5_Mineral_wise.pdf,491b70eccee4f1a63f9ae0fe25b1c2d7c40e8b7c714abab7e12a10e594020d67,pdfplumber_position_aware_columns_with_unfc_subtotal_validation
IBM-NMI2025-5-25-state-madhya-pradesh-ore-01,official_nmi_resource_inventory,5.25,33,2025-04-01,Molybdenum,"[""Molybdenum""]",state,Madhya Pradesh,Madhya Pradesh,Ore,ore,Tonne,1.0,tonnes,0.0,0.0,0.0,0.0,0.0,0.0,0.0,0.0,0.0,8000000.0,0.0,8000000.0,8000000.0,8000000.0,0,True,0.0,160.0,True,,,False,inventory_context_only_not_used_as_point_or_grid_model_evidence,SRC_IBM_NMI_2025,https://ibm.gov.in/IBMPortal/pages/national-mineral-inventory-at-a-glance-2025,https://ibm.gov.in/writereaddata/files/17848872906a6337fae632bChapter__5_Mineral_wise.pdf,491b70eccee4f1a63f9ae0fe25b1c2d7c40e8b7c714abab7e12a10e594020d67,pdfplumber_position_aware_columns_with_unfc_subtotal_validation
IBM-NMI2025-5-25-state-madhya-pradesh-contained-mos2-01,official_nmi_resource_inventory,5.25,33,2025-04-01,Molybdenum,"[""Molybdenum""]",state,Madhya Pradesh,Madhya Pradesh,Contained MoS2,contained_metal_or_compound,Tonne,1.0,tonnes,0.0,0.0,0.0,0.0,0.0,0.0,0.0,0.0,0.0,5020.0,0.0,5020.0,5020.0,5020.0,0,True,0.0,2.0,True,,,False,inventory_context_only_not_used_as_point_or_grid_model_evidence,SRC_IBM_NMI_2025,https://ibm.gov.in/IBMPortal/pages/national-mineral-inventory-at-a-glance-2025,https://ibm.gov.in/writereaddata/files/17848872906a6337fae632bChapter__5_Mineral_wise.pdf,491b70eccee4f1a63f9ae0fe25b1c2d7c40e8b7c714abab7e12a10e594020d67,pdfplumber_position_aware_columns_with_unfc_subtotal_validation
IBM-NMI2025-5-25-state-rajasthan-ore-01,official_nmi_resource_inventory,5.25,33,2025-04-01,Molybdenum,"[""Molybdenum""]",state,Rajasthan,Rajasthan,Ore,ore,Tonne,1.0,tonnes,0.0,0.0,0.0,0.0,0.0,0.0,0.0,0.0,0.0,820000.0,0.0,820000.0,820000.0,820000.0,0,True,0.0,16.400000000000002,True,,,False,inventory_context_only_not_used_as_point_or_grid_model_evidence,SRC_IBM_NMI_2025,https://ibm.gov.in/IBMPortal/pages/national-mineral-inventory-at-a-glance-2025,https://ibm.gov.in/writereaddata/files/17848872906a6337fae632bChapter__5_Mineral_wise.pdf,491b70eccee4f1a63f9ae0fe25b1c2d7c40e8b7c714abab7e12a10e594020d67,pdfplumber_position_aware_columns_with_unfc_subtotal_validation
IBM-NMI2025-5-25-state-rajasthan-contained-mos2-01,official_nmi_resource_inventory,5.25,33,2025-04-01,Molybdenum,"[""Molybdenum""]",state,Rajasthan,Rajasthan,Contained MoS2,contained_metal_or_compound,Tonne,1.0,tonnes,0.0,0.0,0.0,0.0,0.0,0.0,0.0,0.0,0.0,512.5,0.0,512.5,512.5,512.5,0,True,0.0,2.0,True,,,False,inventory_context_only_not_used_as_point_or_grid_model_evidence,SRC_IBM_NMI_2025,https://ibm.gov.in/IBMPortal/pages/national-mineral-inventory-at-a-glance-2025,https://ibm.gov.in/writereaddata/files/17848872906a6337fae632bChapter__5_Mineral_wise.pdf,491b70eccee4f1a63f9ae0fe25b1c2d7c40e8b7c714abab7e12a10e594020d67,pdfplumber_position_aware_columns_with_unfc_subtotal_validation
IBM-NMI2025-5-25-state-tamil-nadu-ore-01,official_nmi_resource_inventory,5.25,33,2025-04-01,Molybdenum,"[""Molybdenum""]",state,Tamil Nadu,Tamil Nadu,Ore,ore,Tonne,1.0,tonnes,0.0,0.0,0.0,0.0,0.0,1500000.0,0.0,2382000.0,6221104.0,12292494.0,167800.0,22563398.0,22563398.0,22563398.0,0,True,0.0,451.26796,True,,,False,inventory_context_only_not_used_as_point_or_grid_model_evidence,SRC_IBM_NMI_2025,https://ibm.gov.in/IBMPortal/pages/national-mineral-inventory-at-a-glance-2025,https://ibm.gov.in/writereaddata/files/17848872906a6337fae632bChapter__5_Mineral_wise.pdf,491b70eccee4f1a63f9ae0fe25b1c2d7c40e8b7c714abab7e12a10e594020d67,pdfplumber_position_aware_columns_with_unfc_subtotal_validation
IBM-NMI2025-5-25-state-tamil-nadu-contained-mos2-01,official_nmi_resource_inventory,5.25,33,2025-04-01,Molybdenum,"[""Molybdenum""]",state,Tamil Nadu,Tamil Nadu,Contained MoS2,contained_metal_or_compound,Tonne,1.0,tonnes,0.0,0.0,0.0,0.0,0.0,1050.0,0.0,1599.54,2765.08,6167.42,50.34,11632.37,11632.37,11632.37,0,True,0.00999999999839929,2.0,True,,,False,inventory_context_only_not_used_as_point_or_grid_model_evidence,SRC_IBM_NMI_2025,https://ibm.gov.in/IBMPortal/pages/national-mineral-inventory-at-a-glance-2025,https://ibm.gov.in/writereaddata/files/17848872906a6337fae632bChapter__5_Mineral_wise.pdf,491b70eccee4f1a63f9ae0fe25b1c2d7c40e8b7c714abab7e12a10e594020d67,pdfplumber_position_aware_columns_with_unfc_subtotal_validation
IBM-NMI2025-5-26-national-total-all-india-total-01,official_nmi_resource_inventory,5.26,34,2025-04-01,Nickel Ore,"[""Nickel""]",national_total,,All India,Total,bulk_mineral_or_source_grade,Million Tonnes,1000000.0,tonnes,0.0,0.0,0.0,0.0,0.0,20.84,20.62,30.85,64.83,64.23,0.19,201.55,201.55,201550000.0,0,True,0.009999999999990905,2.0,True,,,False,inventory_context_only_not_used_as_point_or_grid_model_evidence,SRC_IBM_NMI_2025,https://ibm.gov.in/IBMPortal/pages/national-mineral-inventory-at-a-glance-2025,https://ibm.gov.in/writereaddata/files/17848872906a6337fae632bChapter__5_Mineral_wise.pdf,491b70eccee4f1a63f9ae0fe25b1c2d7c40e8b7c714abab7e12a10e594020d67,pdfplumber_position_aware_columns_with_unfc_subtotal_validation
IBM-NMI2025-5-26-grade-all-india-0-9-ni-01,official_nmi_resource_inventory,5.26,34,2025-04-01,Nickel Ore,"[""Nickel""]",grade,,All India,(+) 0.9% Ni,bulk_mineral_or_source_grade,Million Tonnes,1000000.0,tonnes,0.0,0.0,0.0,0.0,0.0,13.38,7.37,0.0,17.9,3.48,0.0,42.13,42.13,42130000.0,0,True,0.0,2.0,True,,,False,inventory_context_only_not_used_as_point_or_grid_model_evidence,SRC_IBM_NMI_2025,https://ibm.gov.in/IBMPortal/pages/national-mineral-inventory-at-a-glance-2025,https://ibm.gov.in/writereaddata/files/17848872906a6337fae632bChapter__5_Mineral_wise.pdf,491b70eccee4f1a63f9ae0fe25b1c2d7c40e8b7c714abab7e12a10e594020d67,pdfplumber_position_aware_columns_with_unfc_subtotal_validation
IBM-NMI2025-5-26-grade-all-india-0-5-to-0-9-ni-01,official_nmi_resource_inventory,5.26,34,2025-04-01,Nickel Ore,"[""Nickel""]",grade,,All India,0.5 to 0.9% Ni,bulk_mineral_or_source_grade,Million Tonnes,1000000.0,tonnes,0.0,0.0,0.0,0.0,0.0,7.46,13.25,30.62,21.44,21.5,0.0,94.27,94.27,94270000.0,0,True,0.0,2.0,True,,,False,inventory_context_only_not_used_as_point_or_grid_model_evidence,SRC_IBM_NMI_2025,https://ibm.gov.in/IBMPortal/pages/national-mineral-inventory-at-a-glance-2025,https://ibm.gov.in/writereaddata/files/17848872906a6337fae632bChapter__5_Mineral_wise.pdf,491b70eccee4f1a63f9ae0fe25b1c2d7c40e8b7c714abab7e12a10e594020d67,pdfplumber_position_aware_columns_with_unfc_subtotal_validation
IBM-NMI2025-5-26-grade-all-india-0-5-ni-unclassified-01,official_nmi_resource_inventory,5.26,34,2025-04-01,Nickel Ore,"[""Nickel""]",grade,,All India,"(+) 0.5% Ni, unclassified",bulk_mineral_or_source_grade,Million Tonnes,1000000.0,tonnes,0.0,0.0,0.0,0.0,0.0,0.0,0.0,0.0,13.72,39.25,0.0,52.97,52.97,52970000.0,0,True,0.0,2.0,True,,,False,inventory_context_only_not_used_as_point_or_grid_model_evidence,SRC_IBM_NMI_2025,https://ibm.gov.in/IBMPortal/pages/national-mineral-inventory-at-a-glance-2025,https://ibm.gov.in/writereaddata/files/17848872906a6337fae632bChapter__5_Mineral_wise.pdf,491b70eccee4f1a63f9ae0fe25b1c2d7c40e8b7c714abab7e12a10e594020d67,pdfplumber_position_aware_columns_with_unfc_subtotal_validation
IBM-NMI2025-5-26-grade-all-india-not-known-01,official_nmi_resource_inventory,5.26,34,2025-04-01,Nickel Ore,"[""Nickel""]",grade,,All India,Not Known,bulk_mineral_or_source_grade,Million Tonnes,1000000.0,tonnes,0.0,0.0,0.0,0.0,0.0,0.0,0.0,0.23,11.77,0.0,0.19,12.18,12.18,12180000.0,0,True,0.009999999999999787,2.0,True,,,False,inventory_context_only_not_used_as_point_or_grid_model_evidence,SRC_IBM_NMI_2025,https://ibm.gov.in/IBMPortal/pages/national-mineral-inventory-at-a-glance-2025,https://ibm.gov.in/writereaddata/files/17848872906a6337fae632bChapter__5_Mineral_wise.pdf,491b70eccee4f1a63f9ae0fe25b1c2d7c40e8b7c714abab7e12a10e594020d67,pdfplumber_position_aware_columns_with_unfc_subtotal_validation
IBM-NMI2025-5-26-state-jharkhand-total-01,official_nmi_resource_inventory,5.26,34,2025-04-01,Nickel Ore,"[""Nickel""]",state,Jharkhand,Jharkhand,Total,bulk_mineral_or_source_grade,Million Tonnes,1000000.0,tonnes,0.0,0.0,0.0,0.0,0.0,0.0,0.0,0.0,2.0,7.0,0.0,9.0,9.0,9000000.0,0,True,0.0,2.0,True,,,False,inventory_context_only_not_used_as_point_or_grid_model_evidence,SRC_IBM_NMI_2025,https://ibm.gov.in/IBMPortal/pages/national-mineral-inventory-at-a-glance-2025,https://ibm.gov.in/writereaddata/files/17848872906a6337fae632bChapter__5_Mineral_wise.pdf,491b70eccee4f1a63f9ae0fe25b1c2d7c40e8b7c714abab7e12a10e594020d67,pdfplumber_position_aware_columns_with_unfc_subtotal_validation
IBM-NMI2025-5-26-state-karnataka-total-01,official_nmi_resource_inventory,5.26,34,2025-04-01,Nickel Ore,"[""Nickel""]",state,Karnataka,Karnataka,Total,bulk_mineral_or_source_grade,Million Tonnes,1000000.0,tonnes,0.0,0.0,0.0,0.0,0.0,0.0,0.0,0.0,9.4,0.23,0.19,9.82,9.82,9820000.0,0,True,0.0,2.0,True,,,False,inventory_context_only_not_used_as_point_or_grid_model_evidence,SRC_IBM_NMI_2025,https://ibm.gov.in/IBMPortal/pages/national-mineral-inventory-at-a-glance-2025,https://ibm.gov.in/writereaddata/files/17848872906a6337fae632bChapter__5_Mineral_wise.pdf,491b70eccee4f1a63f9ae0fe25b1c2d7c40e8b7c714abab7e12a10e594020d67,pdfplumber_position_aware_columns_with_unfc_subtotal_validation
IBM-NMI2025-5-26-state-kerala-total-01,official_nmi_resource_inventory,5.26,34,2025-04-01,Nickel Ore,"[""Nickel""]",state,Kerala,Kerala,Total,bulk_mineral_or_source_grade,Million Tonnes,1000000.0,tonnes,0.0,0.0,0.0,0.0,0.0,0.0,0.0,0.0,0.22,0.0,0.0,0.22,0.22,220000.0,0,True,0.0,2.0,True,,,False,inventory_context_only_not_used_as_point_or_grid_model_evidence,SRC_IBM_NMI_2025,https://ibm.gov.in/IBMPortal/pages/national-mineral-inventory-at-a-glance-2025,https://ibm.gov.in/writereaddata/files/17848872906a6337fae632bChapter__5_Mineral_wise.pdf,491b70eccee4f1a63f9ae0fe25b1c2d7c40e8b7c714abab7e12a10e594020d67,pdfplumber_position_aware_columns_with_unfc_subtotal_validation
IBM-NMI2025-5-26-state-nagaland-total-01,official_nmi_resource_inventory,5.26,34,2025-04-01,Nickel Ore,"[""Nickel""]",state,Nagaland,Nagaland,Total,bulk_mineral_or_source_grade,Million Tonnes,1000000.0,tonnes,0.0,0.0,0.0,0.0,0.0,0.0,0.0,0.0,0.0,5.74,0.0,5.74,5.74,5740000.0,0,True,0.0,2.0,True,,,False,inventory_context_only_not_used_as_point_or_grid_model_evidence,SRC_IBM_NMI_2025,https://ibm.gov.in/IBMPortal/pages/national-mineral-inventory-at-a-glance-2025,https://ibm.gov.in/writereaddata/files/17848872906a6337fae632bChapter__5_Mineral_wise.pdf,491b70eccee4f1a63f9ae0fe25b1c2d7c40e8b7c714abab7e12a10e594020d67,pdfplumber_position_aware_columns_with_unfc_subtotal_validation
IBM-NMI2025-5-26-state-odisha-total-01,official_nmi_resource_inventory,5.26,34,2025-04-01,Nickel Ore,"[""Nickel""]",state,Odisha,Odisha,Total,bulk_mineral_or_source_grade,Million Tonnes,1000000.0,tonnes,0.0,0.0,0.0,0.0,0.0,20.84,20.62,30.85,53.21,51.26,0.0,176.78,176.78,176780000.0,0,True,0.0,2.0,True,,,False,inventory_context_only_not_used_as_point_or_grid_model_evidence,SRC_IBM_NMI_2025,https://ibm.gov.in/IBMPortal/pages/national-mineral-inventory-at-a-glance-2025,https://ibm.gov.in/writereaddata/files/17848872906a6337fae632bChapter__5_Mineral_wise.pdf,491b70eccee4f1a63f9ae0fe25b1c2d7c40e8b7c714abab7e12a10e594020d67,pdfplumber_position_aware_columns_with_unfc_subtotal_validation
IBM-NMI2025-5-27-national-total-all-india-total-01,official_nmi_resource_inventory,5.27,35,2025-04-01,Perlite,[],national_total,,All India,Total,bulk_mineral_or_source_grade,'000 Tonnes,1000.0,tonnes,0.0,0.0,0.0,0.0,300.0,0.0,300.0,600.0,0.0,0.0,0.0,1200.0,1200.0,1200000.0,0,True,0.0,2.0,True,,,False,inventory_context_only_not_used_as_point_or_grid_model_evidence,SRC_IBM_NMI_2025,https://ibm.gov.in/IBMPortal/pages/national-mineral-inventory-at-a-glance-2025,https://ibm.gov.in/writereaddata/files/17848872906a6337fae632bChapter__5_Mineral_wise.pdf,491b70eccee4f1a63f9ae0fe25b1c2d7c40e8b7c714abab7e12a10e594020d67,pdfplumber_position_aware_columns_with_unfc_subtotal_validation
IBM-NMI2025-5-27-grade-all-india-high-01,official_nmi_resource_inventory,5.27,35,2025-04-01,Perlite,[],grade,,All India,High,bulk_mineral_or_source_grade,'000 Tonnes,1000.0,tonnes,0.0,0.0,0.0,0.0,0.0,0.0,0.0,0.0,0.0,0.0,0.0,0.0,0.0,0.0,0,True,0.0,2.0,True,,,False,inventory_context_only_not_used_as_point_or_grid_model_evidence,SRC_IBM_NMI_2025,https://ibm.gov.in/IBMPortal/pages/national-mineral-inventory-at-a-glance-2025,https://ibm.gov.in/writereaddata/files/17848872906a6337fae632bChapter__5_Mineral_wise.pdf,491b70eccee4f1a63f9ae0fe25b1c2d7c40e8b7c714abab7e12a10e594020d67,pdfplumber_position_aware_columns_with_unfc_subtotal_validation
IBM-NMI2025-5-27-grade-all-india-medium-01,official_nmi_resource_inventory,5.27,35,2025-04-01,Perlite,[],grade,,All India,Medium,bulk_mineral_or_source_grade,'000 Tonnes,1000.0,tonnes,0.0,0.0,0.0,0.0,0.0,0.0,0.0,0.0,0.0,0.0,0.0,0.0,0.0,0.0,0,True,0.0,2.0,True,,,False,inventory_context_only_not_used_as_point_or_grid_model_evidence,SRC_IBM_NMI_2025,https://ibm.gov.in/IBMPortal/pages/national-mineral-inventory-at-a-glance-2025,https://ibm.gov.in/writereaddata/files/17848872906a6337fae632bChapter__5_Mineral_wise.pdf,491b70eccee4f1a63f9ae0fe25b1c2d7c40e8b7c714abab7e12a10e594020d67,pdfplumber_position_aware_columns_with_unfc_subtotal_validation
IBM-NMI2025-5-27-grade-all-india-low-01,official_nmi_resource_inventory,5.27,35,2025-04-01,Perlite,[],grade,,All India,Low,bulk_mineral_or_source_grade,'000 Tonnes,1000.0,tonnes,0.0,0.0,0.0,0.0,0.0,0.0,0.0,0.0,0.0,0.0,0.0,0.0,0.0,0.0,0,True,0.0,2.0,True,,,False,inventory_context_only_not_used_as_point_or_grid_model_evidence,SRC_IBM_NMI_2025,https://ibm.gov.in/IBMPortal/pages/national-mineral-inventory-at-a-glance-2025,https://ibm.gov.in/writereaddata/files/17848872906a6337fae632bChapter__5_Mineral_wise.pdf,491b70eccee4f1a63f9ae0fe25b1c2d7c40e8b7c714abab7e12a10e594020d67,pdfplumber_position_aware_columns_with_unfc_subtotal_validation
IBM-NMI2025-5-27-grade-all-india-unclassified-01,official_nmi_resource_inventory,5.27,35,2025-04-01,Perlite,[],grade,,All India,Unclassified,bulk_mineral_or_source_grade,'000 Tonnes,1000.0,tonnes,0.0,0.0,0.0,0.0,300.0,0.0,300.0,600.0,0.0,0.0,0.0,1200.0,1200.0,1200000.0,0,True,0.0,2.0,True,,,False,inventory_context_only_not_used_as_point_or_grid_model_evidence,SRC_IBM_NMI_2025,https://ibm.gov.in/IBMPortal/pages/national-mineral-inventory-at-a-glance-2025,https://ibm.gov.in/writereaddata/files/17848872906a6337fae632bChapter__5_Mineral_wise.pdf,491b70eccee4f1a63f9ae0fe25b1c2d7c40e8b7c714abab7e12a10e594020d67,pdfplumber_position_aware_columns_with_unfc_subtotal_validation
IBM-NMI2025-5-27-state-gujarat-total-01,official_nmi_resource_inventory,5.27,35,2025-04-01,Perlite,[],state,Gujarat,Gujarat,Total,bulk_mineral_or_source_grade,'000 Tonnes,1000.0,tonnes,0.0,0.0,0.0,0.0,300.0,0.0,300.0,600.0,0.0,0.0,0.0,1200.0,1200.0,1200000.0,0,True,0.0,2.0,True,,,False,inventory_context_only_not_used_as_point_or_grid_model_evidence,SRC_IBM_NMI_2025,https://ibm.gov.in/IBMPortal/pages/national-mineral-inventory-at-a-glance-2025,https://ibm.gov.in/writereaddata/files/17848872906a6337fae632bChapter__5_Mineral_wise.pdf,491b70eccee4f1a63f9ae0fe25b1c2d7c40e8b7c714abab7e12a10e594020d67,pdfplumber_position_aware_columns_with_unfc_subtotal_validation
IBM-NMI2025-5-28-national-total-all-india-total-01,official_nmi_resource_inventory,5.28,36,2025-04-01,Platinum Group of Metals,"[""Platinum-group elements""]",national_total,,All India,Total,bulk_mineral_or_source_grade,In tonnes of metal content,1.0,tonnes,0.0,0.0,0.0,0.0,0.0,0.0,0.0,0.0,12.43,7.56,2.06,22.05,22.05,22.05,0,True,0.0,2.0,True,,,False,inventory_context_only_not_used_as_point_or_grid_model_evidence,SRC_IBM_NMI_2025,https://ibm.gov.in/IBMPortal/pages/national-mineral-inventory-at-a-glance-2025,https://ibm.gov.in/writereaddata/files/17848872906a6337fae632bChapter__5_Mineral_wise.pdf,491b70eccee4f1a63f9ae0fe25b1c2d7c40e8b7c714abab7e12a10e594020d67,pdfplumber_position_aware_columns_with_unfc_subtotal_validation
IBM-NMI2025-5-28-state-karnataka-total-01,official_nmi_resource_inventory,5.28,36,2025-04-01,Platinum Group of Metals,"[""Platinum-group elements""]",state,Karnataka,Karnataka,Total,bulk_mineral_or_source_grade,In tonnes of metal content,1.0,tonnes,0.0,0.0,0.0,0.0,0.0,0.0,0.0,0.0,0.0,0.01,1.7,1.71,1.71,1.71,0,True,0.0,2.0,True,,,False,inventory_context_only_not_used_as_point_or_grid_model_evidence,SRC_IBM_NMI_2025,https://ibm.gov.in/IBMPortal/pages/national-mineral-inventory-at-a-glance-2025,https://ibm.gov.in/writereaddata/files/17848872906a6337fae632bChapter__5_Mineral_wise.pdf,491b70eccee4f1a63f9ae0fe25b1c2d7c40e8b7c714abab7e12a10e594020d67,pdfplumber_position_aware_columns_with_unfc_subtotal_validation
IBM-NMI2025-5-28-state-kerala-total-01,official_nmi_resource_inventory,5.28,36,2025-04-01,Platinum Group of Metals,"[""Platinum-group elements""]",state,Kerala,Kerala,Total,bulk_mineral_or_source_grade,In tonnes of metal content,1.0,tonnes,0.0,0.0,0.0,0.0,0.0,0.0,0.0,0.0,0.77,0.33,0.0,1.1,1.1,1.1,0,True,0.0,2.0,True,,,False,inventory_context_only_not_used_as_point_or_grid_model_evidence,SRC_IBM_NMI_2025,https://ibm.gov.in/IBMPortal/pages/national-mineral-inventory-at-a-glance-2025,https://ibm.gov.in/writereaddata/files/17848872906a6337fae632bChapter__5_Mineral_wise.pdf,491b70eccee4f1a63f9ae0fe25b1c2d7c40e8b7c714abab7e12a10e594020d67,pdfplumber_position_aware_columns_with_unfc_subtotal_validation
IBM-NMI2025-5-28-state-odisha-total-01,official_nmi_resource_inventory,5.28,36,2025-04-01,Platinum Group of Metals,"[""Platinum-group elements""]",state,Odisha,Odisha,Total,bulk_mineral_or_source_grade,In tonnes of metal content,1.0,tonnes,0.0,0.0,0.0,0.0,0.0,0.0,0.0,0.0,7.7,6.5,0.0,14.2,14.2,14.2,0,True,0.0,2.0,True,,,False,inventory_context_only_not_used_as_point_or_grid_model_evidence,SRC_IBM_NMI_2025,https://ibm.gov.in/IBMPortal/pages/national-mineral-inventory-at-a-glance-2025,https://ibm.gov.in/writereaddata/files/17848872906a6337fae632bChapter__5_Mineral_wise.pdf,491b70eccee4f1a63f9ae0fe25b1c2d7c40e8b7c714abab7e12a10e594020d67,pdfplumber_position_aware_columns_with_unfc_subtotal_validation
IBM-NMI2025-5-28-state-tamil-nadu-total-01,official_nmi_resource_inventory,5.28,36,2025-04-01,Platinum Group of Metals,"[""Platinum-group elements""]",state,Tamil Nadu,Tamil Nadu,Total,bulk_mineral_or_source_grade,In tonnes of metal content,1.0,tonnes,0.0,0.0,0.0,0.0,0.0,0.0,0.0,0.0,0.61,0.72,0.36,1.69,1.69,1.69,0,True,0.0,2.0,True,,,False,inventory_context_only_not_used_as_point_or_grid_model_evidence,SRC_IBM_NMI_2025,https://ibm.gov.in/IBMPortal/pages/national-mineral-inventory-at-a-glance-2025,https://ibm.gov.in/writereaddata/files/17848872906a6337fae632bChapter__5_Mineral_wise.pdf,491b70eccee4f1a63f9ae0fe25b1c2d7c40e8b7c714abab7e12a10e594020d67,pdfplumber_position_aware_columns_with_unfc_subtotal_validation
IBM-NMI2025-5-28-state-uttar-pradesh-total-01,official_nmi_resource_inventory,5.28,36,2025-04-01,Platinum Group of Metals,"[""Platinum-group elements""]",state,Uttar Pradesh,Uttar Pradesh,Total,bulk_mineral_or_source_grade,In tonnes of metal content,1.0,tonnes,0.0,0.0,0.0,0.0,0.0,0.0,0.0,0.0,3.35,0.0,0.0,3.35,3.35,3.35,0,True,0.0,2.0,True,,,False,inventory_context_only_not_used_as_point_or_grid_model_evidence,SRC_IBM_NMI_2025,https://ibm.gov.in/IBMPortal/pages/national-mineral-inventory-at-a-glance-2025,https://ibm.gov.in/writereaddata/files/17848872906a6337fae632bChapter__5_Mineral_wise.pdf,491b70eccee4f1a63f9ae0fe25b1c2d7c40e8b7c714abab7e12a10e594020d67,pdfplumber_position_aware_columns_with_unfc_subtotal_validation
IBM-NMI2025-5-29-national-total-all-india-total-01,official_nmi_resource_inventory,5.29,37,2025-04-01,Potash,"[""Potash""]",national_total,,All India,Total,bulk_mineral_or_source_grade,Million Tonnes,1000000.0,tonnes,0.0,0.0,0.0,0.0,0.0,0.0,0.0,0.0,18174.0,6377.0,2768.0,27319.0,27319.0,27319000000.0,0,True,0.0,2.0,True,,,False,inventory_context_only_not_used_as_point_or_grid_model_evidence,SRC_IBM_NMI_2025,https://ibm.gov.in/IBMPortal/pages/national-mineral-inventory-at-a-glance-2025,https://ibm.gov.in/writereaddata/files/17848872906a6337fae632bChapter__5_Mineral_wise.pdf,491b70eccee4f1a63f9ae0fe25b1c2d7c40e8b7c714abab7e12a10e594020d67,pdfplumber_position_aware_columns_with_unfc_subtotal_validation
IBM-NMI2025-5-29-grade-all-india-glauconite-01,official_nmi_resource_inventory,5.29,37,2025-04-01,Potash,"[""Potash""]",grade,,All India,Glauconite,bulk_mineral_or_source_grade,Million Tonnes,1000000.0,tonnes,0.0,0.0,0.0,0.0,0.0,0.0,0.0,0.0,888.0,2330.0,2030.0,5248.0,5248.0,5248000000.0,0,True,0.0,2.0,True,,,False,inventory_context_only_not_used_as_point_or_grid_model_evidence,SRC_IBM_NMI_2025,https://ibm.gov.in/IBMPortal/pages/national-mineral-inventory-at-a-glance-2025,https://ibm.gov.in/writereaddata/files/17848872906a6337fae632bChapter__5_Mineral_wise.pdf,491b70eccee4f1a63f9ae0fe25b1c2d7c40e8b7c714abab7e12a10e594020d67,pdfplumber_position_aware_columns_with_unfc_subtotal_validation
IBM-NMI2025-5-29-grade-all-india-polyhalite-01,official_nmi_resource_inventory,5.29,37,2025-04-01,Potash,"[""Potash""]",grade,,All India,Polyhalite,bulk_mineral_or_source_grade,Million Tonnes,1000000.0,tonnes,0.0,0.0,0.0,0.0,0.0,0.0,0.0,0.0,13985.0,2179.0,0.0,16164.0,16164.0,16164000000.0,0,True,0.0,2.0,True,,,False,inventory_context_only_not_used_as_point_or_grid_model_evidence,SRC_IBM_NMI_2025,https://ibm.gov.in/IBMPortal/pages/national-mineral-inventory-at-a-glance-2025,https://ibm.gov.in/writereaddata/files/17848872906a6337fae632bChapter__5_Mineral_wise.pdf,491b70eccee4f1a63f9ae0fe25b1c2d7c40e8b7c714abab7e12a10e594020d67,pdfplumber_position_aware_columns_with_unfc_subtotal_validation
IBM-NMI2025-5-29-grade-all-india-sylvite-01,official_nmi_resource_inventory,5.29,37,2025-04-01,Potash,"[""Potash""]",grade,,All India,Sylvite,bulk_mineral_or_source_grade,Million Tonnes,1000000.0,tonnes,0.0,0.0,0.0,0.0,0.0,0.0,0.0,0.0,2095.0,1665.0,642.0,4402.0,4402.0,4402000000.0,0,True,0.0,2.0,True,,,False,inventory_context_only_not_used_as_point_or_grid_model_evidence,SRC_IBM_NMI_2025,https://ibm.gov.in/IBMPortal/pages/national-mineral-inventory-at-a-glance-2025,https://ibm.gov.in/writereaddata/files/17848872906a6337fae632bChapter__5_Mineral_wise.pdf,491b70eccee4f1a63f9ae0fe25b1c2d7c40e8b7c714abab7e12a10e594020d67,pdfplumber_position_aware_columns_with_unfc_subtotal_validation
IBM-NMI2025-5-29-grade-all-india-unclassified-01,official_nmi_resource_inventory,5.29,37,2025-04-01,Potash,"[""Potash""]",grade,,All India,Unclassified,bulk_mineral_or_source_grade,Million Tonnes,1000000.0,tonnes,0.0,0.0,0.0,0.0,0.0,0.0,0.0,0.0,1206.0,202.0,96.0,1505.0,1505.0,1505000000.0,0,True,1.0,2.0,True,,,False,inventory_context_only_not_used_as_point_or_grid_model_evidence,SRC_IBM_NMI_2025,https://ibm.gov.in/IBMPortal/pages/national-mineral-inventory-at-a-glance-2025,https://ibm.gov.in/writereaddata/files/17848872906a6337fae632bChapter__5_Mineral_wise.pdf,491b70eccee4f1a63f9ae0fe25b1c2d7c40e8b7c714abab7e12a10e594020d67,pdfplumber_position_aware_columns_with_unfc_subtotal_validation
IBM-NMI2025-5-29-state-bihar-total-01,official_nmi_resource_inventory,5.29,37,2025-04-01,Potash,"[""Potash""]",state,Bihar,Bihar,Total,bulk_mineral_or_source_grade,Million Tonnes,1000000.0,tonnes,0.0,0.0,0.0,0.0,0.0,0.0,0.0,0.0,0.0,284.0,0.0,284.0,284.0,284000000.0,0,True,0.0,2.0,True,,,False,inventory_context_only_not_used_as_point_or_grid_model_evidence,SRC_IBM_NMI_2025,https://ibm.gov.in/IBMPortal/pages/national-mineral-inventory-at-a-glance-2025,https://ibm.gov.in/writereaddata/files/17848872906a6337fae632bChapter__5_Mineral_wise.pdf,491b70eccee4f1a63f9ae0fe25b1c2d7c40e8b7c714abab7e12a10e594020d67,pdfplumber_position_aware_columns_with_unfc_subtotal_validation
IBM-NMI2025-5-29-state-chhattisgarh-total-01,official_nmi_resource_inventory,5.29,37,2025-04-01,Potash,"[""Potash""]",state,Chhattisgarh,Chhattisgarh,Total,bulk_mineral_or_source_grade,Million Tonnes,1000000.0,tonnes,0.0,0.0,0.0,0.0,0.0,0.0,0.0,0.0,0.0,128.0,0.0,128.0,128.0,128000000.0,0,True,0.0,2.0,True,,,False,inventory_context_only_not_used_as_point_or_grid_model_evidence,SRC_IBM_NMI_2025,https://ibm.gov.in/IBMPortal/pages/national-mineral-inventory-at-a-glance-2025,https://ibm.gov.in/writereaddata/files/17848872906a6337fae632bChapter__5_Mineral_wise.pdf,491b70eccee4f1a63f9ae0fe25b1c2d7c40e8b7c714abab7e12a10e594020d67,pdfplumber_position_aware_columns_with_unfc_subtotal_validation
IBM-NMI2025-5-29-state-jharkhand-total-01,official_nmi_resource_inventory,5.29,37,2025-04-01,Potash,"[""Potash""]",state,Jharkhand,Jharkhand,Total,bulk_mineral_or_source_grade,Million Tonnes,1000000.0,tonnes,0.0,0.0,0.0,0.0,0.0,0.0,0.0,0.0,0.0,152.0,0.0,152.0,152.0,152000000.0,0,True,0.0,2.0,True,,,False,inventory_context_only_not_used_as_point_or_grid_model_evidence,SRC_IBM_NMI_2025,https://ibm.gov.in/IBMPortal/pages/national-mineral-inventory-at-a-glance-2025,https://ibm.gov.in/writereaddata/files/17848872906a6337fae632bChapter__5_Mineral_wise.pdf,491b70eccee4f1a63f9ae0fe25b1c2d7c40e8b7c714abab7e12a10e594020d67,pdfplumber_position_aware_columns_with_unfc_subtotal_validation
IBM-NMI2025-5-29-state-madhya-pradesh-total-01,official_nmi_resource_inventory,5.29,37,2025-04-01,Potash,"[""Potash""]",state,Madhya Pradesh,Madhya Pradesh,Total,bulk_mineral_or_source_grade,Million Tonnes,1000000.0,tonnes,0.0,0.0,0.0,0.0,0.0,0.0,0.0,0.0,1206.0,690.0,1266.0,3162.0,3162.0,3162000000.0,0,True,0.0,2.0,True,,,False,inventory_context_only_not_used_as_point_or_grid_model_evidence,SRC_IBM_NMI_2025,https://ibm.gov.in/IBMPortal/pages/national-mineral-inventory-at-a-glance-2025,https://ibm.gov.in/writereaddata/files/17848872906a6337fae632bChapter__5_Mineral_wise.pdf,491b70eccee4f1a63f9ae0fe25b1c2d7c40e8b7c714abab7e12a10e594020d67,pdfplumber_position_aware_columns_with_unfc_subtotal_validation
IBM-NMI2025-5-29-state-punjab-total-01,official_nmi_resource_inventory,5.29,37,2025-04-01,Potash,"[""Potash""]",state,Punjab,Punjab,Total,bulk_mineral_or_source_grade,Million Tonnes,1000000.0,tonnes,0.0,0.0,0.0,0.0,0.0,0.0,0.0,0.0,0.0,202.0,409.0,612.0,612.0,612000000.0,0,True,1.0,2.0,True,,,False,inventory_context_only_not_used_as_point_or_grid_model_evidence,SRC_IBM_NMI_2025,https://ibm.gov.in/IBMPortal/pages/national-mineral-inventory-at-a-glance-2025,https://ibm.gov.in/writereaddata/files/17848872906a6337fae632bChapter__5_Mineral_wise.pdf,491b70eccee4f1a63f9ae0fe25b1c2d7c40e8b7c714abab7e12a10e594020d67,pdfplumber_position_aware_columns_with_unfc_subtotal_validation
IBM-NMI2025-5-29-state-rajasthan-total-01,official_nmi_resource_inventory,5.29,37,2025-04-01,Potash,"[""Potash""]",state,Rajasthan,Rajasthan,Total,bulk_mineral_or_source_grade,Million Tonnes,1000000.0,tonnes,0.0,0.0,0.0,0.0,0.0,0.0,0.0,0.0,16959.0,4722.0,408.0,22089.0,22089.0,22089000000.0,0,True,0.0,2.0,True,,,False,inventory_context_only_not_used_as_point_or_grid_model_evidence,SRC_IBM_NMI_2025,https://ibm.gov.in/IBMPortal/pages/national-mineral-inventory-at-a-glance-2025,https://ibm.gov.in/writereaddata/files/17848872906a6337fae632bChapter__5_Mineral_wise.pdf,491b70eccee4f1a63f9ae0fe25b1c2d7c40e8b7c714abab7e12a10e594020d67,pdfplumber_position_aware_columns_with_unfc_subtotal_validation
IBM-NMI2025-5-29-state-uttar-pradesh-total-01,official_nmi_resource_inventory,5.29,37,2025-04-01,Potash,"[""Potash""]",state,Uttar Pradesh,Uttar Pradesh,Total,bulk_mineral_or_source_grade,Million Tonnes,1000000.0,tonnes,0.0,0.0,0.0,0.0,0.0,0.0,0.0,0.0,10.0,198.0,685.0,893.0,893.0,893000000.0,0,True,0.0,2.0,True,,,False,inventory_context_only_not_used_as_point_or_grid_model_evidence,SRC_IBM_NMI_2025,https://ibm.gov.in/IBMPortal/pages/national-mineral-inventory-at-a-glance-2025,https://ibm.gov.in/writereaddata/files/17848872906a6337fae632bChapter__5_Mineral_wise.pdf,491b70eccee4f1a63f9ae0fe25b1c2d7c40e8b7c714abab7e12a10e594020d67,pdfplumber_position_aware_columns_with_unfc_subtotal_validation
IBM-NMI2025-5-30-national-total-all-india-total-01,official_nmi_resource_inventory,5.30,38,2025-04-01,Pyrite,[],national_total,,All India,Total,bulk_mineral_or_source_grade,'000 Tonnes,1000.0,tonnes,0.0,0.0,0.0,0.0,27129.0,0.0,32597.0,9590.0,77729.0,1527356.0,0.0,1674401.0,1674401.0,1674401000.0,0,True,0.0,33.488020000000006,True,,,False,inventory_context_only_not_used_as_point_or_grid_model_evidence,SRC_IBM_NMI_2025,https://ibm.gov.in/IBMPortal/pages/national-mineral-inventory-at-a-glance-2025,https://ibm.gov.in/writereaddata/files/17848872906a6337fae632bChapter__5_Mineral_wise.pdf,491b70eccee4f1a63f9ae0fe25b1c2d7c40e8b7c714abab7e12a10e594020d67,pdfplumber_position_aware_columns_with_unfc_subtotal_validation
IBM-NMI2025-5-30-grade-all-india-soil-reclamation-01,official_nmi_resource_inventory,5.30,38,2025-04-01,Pyrite,[],grade,,All India,Soil Reclamation,bulk_mineral_or_source_grade,'000 Tonnes,1000.0,tonnes,0.0,0.0,0.0,0.0,0.0,0.0,3000.0,0.0,0.0,3024.0,0.0,6024.0,6024.0,6024000.0,0,True,0.0,2.0,True,,,False,inventory_context_only_not_used_as_point_or_grid_model_evidence,SRC_IBM_NMI_2025,https://ibm.gov.in/IBMPortal/pages/national-mineral-inventory-at-a-glance-2025,https://ibm.gov.in/writereaddata/files/17848872906a6337fae632bChapter__5_Mineral_wise.pdf,491b70eccee4f1a63f9ae0fe25b1c2d7c40e8b7c714abab7e12a10e594020d67,pdfplumber_position_aware_columns_with_unfc_subtotal_validation
IBM-NMI2025-5-30-grade-all-india-beneficiable-01,official_nmi_resource_inventory,5.30,38,2025-04-01,Pyrite,[],grade,,All India,Beneficiable,bulk_mineral_or_source_grade,'000 Tonnes,1000.0,tonnes,0.0,0.0,0.0,0.0,27129.0,0.0,29597.0,0.0,0.0,4902.0,0.0,61628.0,61628.0,61628000.0,0,True,0.0,2.0,True,,,False,inventory_context_only_not_used_as_point_or_grid_model_evidence,SRC_IBM_NMI_2025,https://ibm.gov.in/IBMPortal/pages/national-mineral-inventory-at-a-glance-2025,https://ibm.gov.in/writereaddata/files/17848872906a6337fae632bChapter__5_Mineral_wise.pdf,491b70eccee4f1a63f9ae0fe25b1c2d7c40e8b7c714abab7e12a10e594020d67,pdfplumber_position_aware_columns_with_unfc_subtotal_validation
IBM-NMI2025-5-30-grade-all-india-low-01,official_nmi_resource_inventory,5.30,38,2025-04-01,Pyrite,[],grade,,All India,Low,bulk_mineral_or_source_grade,'000 Tonnes,1000.0,tonnes,0.0,0.0,0.0,0.0,0.0,0.0,0.0,9590.0,26310.0,1519430.0,0.0,1555330.0,1555330.0,1555330000.0,0,True,0.0,31.106600000000004,True,,,False,inventory_context_only_not_used_as_point_or_grid_model_evidence,SRC_IBM_NMI_2025,https://ibm.gov.in/IBMPortal/pages/national-mineral-inventory-at-a-glance-2025,https://ibm.gov.in/writereaddata/files/17848872906a6337fae632bChapter__5_Mineral_wise.pdf,491b70eccee4f1a63f9ae0fe25b1c2d7c40e8b7c714abab7e12a10e594020d67,pdfplumber_position_aware_columns_with_unfc_subtotal_validation
IBM-NMI2025-5-30-grade-all-india-unclassified-01,official_nmi_resource_inventory,5.30,38,2025-04-01,Pyrite,[],grade,,All India,Unclassified,bulk_mineral_or_source_grade,'000 Tonnes,1000.0,tonnes,0.0,0.0,0.0,0.0,0.0,0.0,0.0,0.0,51419.0,0.0,0.0,51419.0,51419.0,51419000.0,0,True,0.0,2.0,True,,,False,inventory_context_only_not_used_as_point_or_grid_model_evidence,SRC_IBM_NMI_2025,https://ibm.gov.in/IBMPortal/pages/national-mineral-inventory-at-a-glance-2025,https://ibm.gov.in/writereaddata/files/17848872906a6337fae632bChapter__5_Mineral_wise.pdf,491b70eccee4f1a63f9ae0fe25b1c2d7c40e8b7c714abab7e12a10e594020d67,pdfplumber_position_aware_columns_with_unfc_subtotal_validation
IBM-NMI2025-5-30-state-andhra-pradesh-total-01,official_nmi_resource_inventory,5.30,38,2025-04-01,Pyrite,[],state,Andhra Pradesh,Andhra Pradesh,Total,bulk_mineral_or_source_grade,'000 Tonnes,1000.0,tonnes,0.0,0.0,0.0,0.0,0.0,0.0,0.0,0.0,0.0,880.0,0.0,880.0,880.0,880000.0,0,True,0.0,2.0,True,,,False,inventory_context_only_not_used_as_point_or_grid_model_evidence,SRC_IBM_NMI_2025,https://ibm.gov.in/IBMPortal/pages/national-mineral-inventory-at-a-glance-2025,https://ibm.gov.in/writereaddata/files/17848872906a6337fae632bChapter__5_Mineral_wise.pdf,491b70eccee4f1a63f9ae0fe25b1c2d7c40e8b7c714abab7e12a10e594020d67,pdfplumber_position_aware_columns_with_unfc_subtotal_validation
IBM-NMI2025-5-30-state-bihar-total-01,official_nmi_resource_inventory,5.30,38,2025-04-01,Pyrite,[],state,Bihar,Bihar,Total,bulk_mineral_or_source_grade,'000 Tonnes,1000.0,tonnes,0.0,0.0,0.0,0.0,13462.0,0.0,9680.0,0.0,51419.0,1500000.0,0.0,1574561.0,1574561.0,1574561000.0,0,True,0.0,31.491220000000002,True,,,False,inventory_context_only_not_used_as_point_or_grid_model_evidence,SRC_IBM_NMI_2025,https://ibm.gov.in/IBMPortal/pages/national-mineral-inventory-at-a-glance-2025,https://ibm.gov.in/writereaddata/files/17848872906a6337fae632bChapter__5_Mineral_wise.pdf,491b70eccee4f1a63f9ae0fe25b1c2d7c40e8b7c714abab7e12a10e594020d67,pdfplumber_position_aware_columns_with_unfc_subtotal_validation
IBM-NMI2025-5-30-state-himachal-pradesh-total-01,official_nmi_resource_inventory,5.30,38,2025-04-01,Pyrite,[],state,Himachal Pradesh,Himachal Pradesh,Total,bulk_mineral_or_source_grade,'000 Tonnes,1000.0,tonnes,0.0,0.0,0.0,0.0,0.0,0.0,0.0,0.0,0.0,2560.0,0.0,2560.0,2560.0,2560000.0,0,True,0.0,2.0,True,,,False,inventory_context_only_not_used_as_point_or_grid_model_evidence,SRC_IBM_NMI_2025,https://ibm.gov.in/IBMPortal/pages/national-mineral-inventory-at-a-glance-2025,https://ibm.gov.in/writereaddata/files/17848872906a6337fae632bChapter__5_Mineral_wise.pdf,491b70eccee4f1a63f9ae0fe25b1c2d7c40e8b7c714abab7e12a10e594020d67,pdfplumber_position_aware_columns_with_unfc_subtotal_validation
IBM-NMI2025-5-30-state-karnataka-total-01,official_nmi_resource_inventory,5.30,38,2025-04-01,Pyrite,[],state,Karnataka,Karnataka,Total,bulk_mineral_or_source_grade,'000 Tonnes,1000.0,tonnes,0.0,0.0,0.0,0.0,0.0,0.0,0.0,0.0,0.0,3000.0,0.0,3000.0,3000.0,3000000.0,0,True,0.0,2.0,True,,,False,inventory_context_only_not_used_as_point_or_grid_model_evidence,SRC_IBM_NMI_2025,https://ibm.gov.in/IBMPortal/pages/national-mineral-inventory-at-a-glance-2025,https://ibm.gov.in/writereaddata/files/17848872906a6337fae632bChapter__5_Mineral_wise.pdf,491b70eccee4f1a63f9ae0fe25b1c2d7c40e8b7c714abab7e12a10e594020d67,pdfplumber_position_aware_columns_with_unfc_subtotal_validation
IBM-NMI2025-5-30-state-rajasthan-total-01,official_nmi_resource_inventory,5.30,38,2025-04-01,Pyrite,[],state,Rajasthan,Rajasthan,Total,bulk_mineral_or_source_grade,'000 Tonnes,1000.0,tonnes,0.0,0.0,0.0,0.0,13667.0,0.0,22917.0,9590.0,26310.0,18392.0,0.0,90876.0,90876.0,90876000.0,0,True,0.0,2.0,True,,,False,inventory_context_only_not_used_as_point_or_grid_model_evidence,SRC_IBM_NMI_2025,https://ibm.gov.in/IBMPortal/pages/national-mineral-inventory-at-a-glance-2025,https://ibm.gov.in/writereaddata/files/17848872906a6337fae632bChapter__5_Mineral_wise.pdf,491b70eccee4f1a63f9ae0fe25b1c2d7c40e8b7c714abab7e12a10e594020d67,pdfplumber_position_aware_columns_with_unfc_subtotal_validation
IBM-NMI2025-5-30-state-tamil-nadu-total-01,official_nmi_resource_inventory,5.30,38,2025-04-01,Pyrite,[],state,Tamil Nadu,Tamil Nadu,Total,bulk_mineral_or_source_grade,'000 Tonnes,1000.0,tonnes,0.0,0.0,0.0,0.0,0.0,0.0,0.0,0.0,0.0,24.0,0.0,24.0,24.0,24000.0,0,True,0.0,2.0,True,,,False,inventory_context_only_not_used_as_point_or_grid_model_evidence,SRC_IBM_NMI_2025,https://ibm.gov.in/IBMPortal/pages/national-mineral-inventory-at-a-glance-2025,https://ibm.gov.in/writereaddata/files/17848872906a6337fae632bChapter__5_Mineral_wise.pdf,491b70eccee4f1a63f9ae0fe25b1c2d7c40e8b7c714abab7e12a10e594020d67,pdfplumber_position_aware_columns_with_unfc_subtotal_validation
IBM-NMI2025-5-30-state-west-bengal-total-01,official_nmi_resource_inventory,5.30,38,2025-04-01,Pyrite,[],state,West Bengal,West Bengal,Total,bulk_mineral_or_source_grade,'000 Tonnes,1000.0,tonnes,0.0,0.0,0.0,0.0,0.0,0.0,0.0,0.0,0.0,2500.0,0.0,2500.0,2500.0,2500000.0,0,True,0.0,2.0,True,,,False,inventory_context_only_not_used_as_point_or_grid_model_evidence,SRC_IBM_NMI_2025,https://ibm.gov.in/IBMPortal/pages/national-mineral-inventory-at-a-glance-2025,https://ibm.gov.in/writereaddata/files/17848872906a6337fae632bChapter__5_Mineral_wise.pdf,491b70eccee4f1a63f9ae0fe25b1c2d7c40e8b7c714abab7e12a10e594020d67,pdfplumber_position_aware_columns_with_unfc_subtotal_validation
IBM-NMI2025-5-31-national-total-all-india-total-01,official_nmi_resource_inventory,5.31,39,2025-04-01,Rare Earth Elements,"[""Rare-earth elements""]",national_total,,All India,Total,bulk_mineral_or_source_grade,Tonne,1.0,tonnes,0.0,0.0,0.0,0.0,0.0,0.0,0.0,0.0,978305.0,2227002.0,30287.0,3235594.0,3235594.0,3235594.0,0,True,0.0,64.71188000000001,True,,,False,inventory_context_only_not_used_as_point_or_grid_model_evidence,SRC_IBM_NMI_2025,https://ibm.gov.in/IBMPortal/pages/national-mineral-inventory-at-a-glance-2025,https://ibm.gov.in/writereaddata/files/17848872906a6337fae632bChapter__5_Mineral_wise.pdf,491b70eccee4f1a63f9ae0fe25b1c2d7c40e8b7c714abab7e12a10e594020d67,pdfplumber_position_aware_columns_with_unfc_subtotal_validation
IBM-NMI2025-5-31-grade-all-india-unclassified-01,official_nmi_resource_inventory,5.31,39,2025-04-01,Rare Earth Elements,"[""Rare-earth elements""]",grade,,All India,Unclassified,bulk_mineral_or_source_grade,Tonne,1.0,tonnes,0.0,0.0,0.0,0.0,0.0,0.0,0.0,0.0,978305.0,2227002.0,30287.0,3235594.0,3235594.0,3235594.0,0,True,0.0,64.71188000000001,True,,,False,inventory_context_only_not_used_as_point_or_grid_model_evidence,SRC_IBM_NMI_2025,https://ibm.gov.in/IBMPortal/pages/national-mineral-inventory-at-a-glance-2025,https://ibm.gov.in/writereaddata/files/17848872906a6337fae632bChapter__5_Mineral_wise.pdf,491b70eccee4f1a63f9ae0fe25b1c2d7c40e8b7c714abab7e12a10e594020d67,pdfplumber_position_aware_columns_with_unfc_subtotal_validation
IBM-NMI2025-5-31-state-arunachal-pradesh-total-01,official_nmi_resource_inventory,5.31,39,2025-04-01,Rare Earth Elements,"[""Rare-earth elements""]",state,Arunachal Pradesh,Arunachal Pradesh,Total,bulk_mineral_or_source_grade,Tonne,1.0,tonnes,0.0,0.0,0.0,0.0,0.0,0.0,0.0,0.0,0.0,23220.0,0.0,23220.0,23220.0,23220.0,0,True,0.0,2.0,True,,,False,inventory_context_only_not_used_as_point_or_grid_model_evidence,SRC_IBM_NMI_2025,https://ibm.gov.in/IBMPortal/pages/national-mineral-inventory-at-a-glance-2025,https://ibm.gov.in/writereaddata/files/17848872906a6337fae632bChapter__5_Mineral_wise.pdf,491b70eccee4f1a63f9ae0fe25b1c2d7c40e8b7c714abab7e12a10e594020d67,pdfplumber_position_aware_columns_with_unfc_subtotal_validation
IBM-NMI2025-5-31-state-assam-total-01,official_nmi_resource_inventory,5.31,39,2025-04-01,Rare Earth Elements,"[""Rare-earth elements""]",state,Assam,Assam,Total,bulk_mineral_or_source_grade,Tonne,1.0,tonnes,0.0,0.0,0.0,0.0,0.0,0.0,0.0,0.0,0.0,0.0,24983.0,24983.0,24983.0,24983.0,0,True,0.0,2.0,True,,,False,inventory_context_only_not_used_as_point_or_grid_model_evidence,SRC_IBM_NMI_2025,https://ibm.gov.in/IBMPortal/pages/national-mineral-inventory-at-a-glance-2025,https://ibm.gov.in/writereaddata/files/17848872906a6337fae632bChapter__5_Mineral_wise.pdf,491b70eccee4f1a63f9ae0fe25b1c2d7c40e8b7c714abab7e12a10e594020d67,pdfplumber_position_aware_columns_with_unfc_subtotal_validation
IBM-NMI2025-5-31-state-bihar-total-01,official_nmi_resource_inventory,5.31,39,2025-04-01,Rare Earth Elements,"[""Rare-earth elements""]",state,Bihar,Bihar,Total,bulk_mineral_or_source_grade,Tonne,1.0,tonnes,0.0,0.0,0.0,0.0,0.0,0.0,0.0,0.0,0.0,124514.0,0.0,124514.0,124514.0,124514.0,0,True,0.0,2.4902800000000003,True,,,False,inventory_context_only_not_used_as_point_or_grid_model_evidence,SRC_IBM_NMI_2025,https://ibm.gov.in/IBMPortal/pages/national-mineral-inventory-at-a-glance-2025,https://ibm.gov.in/writereaddata/files/17848872906a6337fae632bChapter__5_Mineral_wise.pdf,491b70eccee4f1a63f9ae0fe25b1c2d7c40e8b7c714abab7e12a10e594020d67,pdfplumber_position_aware_columns_with_unfc_subtotal_validation
IBM-NMI2025-5-31-state-gujarat-total-01,official_nmi_resource_inventory,5.31,39,2025-04-01,Rare Earth Elements,"[""Rare-earth elements""]",state,Gujarat,Gujarat,Total,bulk_mineral_or_source_grade,Tonne,1.0,tonnes,0.0,0.0,0.0,0.0,0.0,0.0,0.0,0.0,916848.0,279251.0,0.0,1196099.0,1196099.0,1196099.0,0,True,0.0,23.92198,True,,,False,inventory_context_only_not_used_as_point_or_grid_model_evidence,SRC_IBM_NMI_2025,https://ibm.gov.in/IBMPortal/pages/national-mineral-inventory-at-a-glance-2025,https://ibm.gov.in/writereaddata/files/17848872906a6337fae632bChapter__5_Mineral_wise.pdf,491b70eccee4f1a63f9ae0fe25b1c2d7c40e8b7c714abab7e12a10e594020d67,pdfplumber_position_aware_columns_with_unfc_subtotal_validation
IBM-NMI2025-5-31-state-jharkhand-total-01,official_nmi_resource_inventory,5.31,39,2025-04-01,Rare Earth Elements,"[""Rare-earth elements""]",state,Jharkhand,Jharkhand,Total,bulk_mineral_or_source_grade,Tonne,1.0,tonnes,0.0,0.0,0.0,0.0,0.0,0.0,0.0,0.0,0.0,4.0,0.0,4.0,4.0,4.0,0,True,0.0,2.0,True,,,False,inventory_context_only_not_used_as_point_or_grid_model_evidence,SRC_IBM_NMI_2025,https://ibm.gov.in/IBMPortal/pages/national-mineral-inventory-at-a-glance-2025,https://ibm.gov.in/writereaddata/files/17848872906a6337fae632bChapter__5_Mineral_wise.pdf,491b70eccee4f1a63f9ae0fe25b1c2d7c40e8b7c714abab7e12a10e594020d67,pdfplumber_position_aware_columns_with_unfc_subtotal_validation
IBM-NMI2025-5-31-state-karnataka-total-01,official_nmi_resource_inventory,5.31,39,2025-04-01,Rare Earth Elements,"[""Rare-earth elements""]",state,Karnataka,Karnataka,Total,bulk_mineral_or_source_grade,Tonne,1.0,tonnes,0.0,0.0,0.0,0.0,0.0,0.0,0.0,0.0,55104.0,6166.0,384.0,61654.0,61654.0,61654.0,0,True,0.0,2.0,True,,,False,inventory_context_only_not_used_as_point_or_grid_model_evidence,SRC_IBM_NMI_2025,https://ibm.gov.in/IBMPortal/pages/national-mineral-inventory-at-a-glance-2025,https://ibm.gov.in/writereaddata/files/17848872906a6337fae632bChapter__5_Mineral_wise.pdf,491b70eccee4f1a63f9ae0fe25b1c2d7c40e8b7c714abab7e12a10e594020d67,pdfplumber_position_aware_columns_with_unfc_subtotal_validation
IBM-NMI2025-5-31-state-maharashtra-total-01,official_nmi_resource_inventory,5.31,39,2025-04-01,Rare Earth Elements,"[""Rare-earth elements""]",state,Maharashtra,Maharashtra,Total,bulk_mineral_or_source_grade,Tonne,1.0,tonnes,0.0,0.0,0.0,0.0,0.0,0.0,0.0,0.0,0.0,1404917.0,0.0,1404917.0,1404917.0,1404917.0,0,True,0.0,28.098340000000004,True,,,False,inventory_context_only_not_used_as_point_or_grid_model_evidence,SRC_IBM_NMI_2025,https://ibm.gov.in/IBMPortal/pages/national-mineral-inventory-at-a-glance-2025,https://ibm.gov.in/writereaddata/files/17848872906a6337fae632bChapter__5_Mineral_wise.pdf,491b70eccee4f1a63f9ae0fe25b1c2d7c40e8b7c714abab7e12a10e594020d67,pdfplumber_position_aware_columns_with_unfc_subtotal_validation
IBM-NMI2025-5-31-state-odisha-total-01,official_nmi_resource_inventory,5.31,39,2025-04-01,Rare Earth Elements,"[""Rare-earth elements""]",state,Odisha,Odisha,Total,bulk_mineral_or_source_grade,Tonne,1.0,tonnes,0.0,0.0,0.0,0.0,0.0,0.0,0.0,0.0,6353.0,19140.0,0.0,25493.0,25493.0,25493.0,0,True,0.0,2.0,True,,,False,inventory_context_only_not_used_as_point_or_grid_model_evidence,SRC_IBM_NMI_2025,https://ibm.gov.in/IBMPortal/pages/national-mineral-inventory-at-a-glance-2025,https://ibm.gov.in/writereaddata/files/17848872906a6337fae632bChapter__5_Mineral_wise.pdf,491b70eccee4f1a63f9ae0fe25b1c2d7c40e8b7c714abab7e12a10e594020d67,pdfplumber_position_aware_columns_with_unfc_subtotal_validation
IBM-NMI2025-5-31-state-rajasthan-total-01,official_nmi_resource_inventory,5.31,39,2025-04-01,Rare Earth Elements,"[""Rare-earth elements""]",state,Rajasthan,Rajasthan,Total,bulk_mineral_or_source_grade,Tonne,1.0,tonnes,0.0,0.0,0.0,0.0,0.0,0.0,0.0,0.0,0.0,350129.0,0.0,350129.0,350129.0,350129.0,0,True,0.0,7.002580000000001,True,,,False,inventory_context_only_not_used_as_point_or_grid_model_evidence,SRC_IBM_NMI_2025,https://ibm.gov.in/IBMPortal/pages/national-mineral-inventory-at-a-glance-2025,https://ibm.gov.in/writereaddata/files/17848872906a6337fae632bChapter__5_Mineral_wise.pdf,491b70eccee4f1a63f9ae0fe25b1c2d7c40e8b7c714abab7e12a10e594020d67,pdfplumber_position_aware_columns_with_unfc_subtotal_validation
IBM-NMI2025-5-31-state-tamil-nadu-total-01,official_nmi_resource_inventory,5.31,39,2025-04-01,Rare Earth Elements,"[""Rare-earth elements""]",state,Tamil Nadu,Tamil Nadu,Total,bulk_mineral_or_source_grade,Tonne,1.0,tonnes,0.0,0.0,0.0,0.0,0.0,0.0,0.0,0.0,0.0,12282.0,0.0,12282.0,12282.0,12282.0,0,True,0.0,2.0,True,,,False,inventory_context_only_not_used_as_point_or_grid_model_evidence,SRC_IBM_NMI_2025,https://ibm.gov.in/IBMPortal/pages/national-mineral-inventory-at-a-glance-2025,https://ibm.gov.in/writereaddata/files/17848872906a6337fae632bChapter__5_Mineral_wise.pdf,491b70eccee4f1a63f9ae0fe25b1c2d7c40e8b7c714abab7e12a10e594020d67,pdfplumber_position_aware_columns_with_unfc_subtotal_validation
IBM-NMI2025-5-31-state-telangana-total-01,official_nmi_resource_inventory,5.31,39,2025-04-01,Rare Earth Elements,"[""Rare-earth elements""]",state,Telangana,Telangana,Total,bulk_mineral_or_source_grade,Tonne,1.0,tonnes,0.0,0.0,0.0,0.0,0.0,0.0,0.0,0.0,0.0,6080.0,1972.0,8052.0,8052.0,8052.0,0,True,0.0,2.0,True,,,False,inventory_context_only_not_used_as_point_or_grid_model_evidence,SRC_IBM_NMI_2025,https://ibm.gov.in/IBMPortal/pages/national-mineral-inventory-at-a-glance-2025,https://ibm.gov.in/writereaddata/files/17848872906a6337fae632bChapter__5_Mineral_wise.pdf,491b70eccee4f1a63f9ae0fe25b1c2d7c40e8b7c714abab7e12a10e594020d67,pdfplumber_position_aware_columns_with_unfc_subtotal_validation
IBM-NMI2025-5-31-state-uttar-pradesh-total-01,official_nmi_resource_inventory,5.31,39,2025-04-01,Rare Earth Elements,"[""Rare-earth elements""]",state,Uttar Pradesh,Uttar Pradesh,Total,bulk_mineral_or_source_grade,Tonne,1.0,tonnes,0.0,0.0,0.0,0.0,0.0,0.0,0.0,0.0,0.0,0.0,2948.0,2948.0,2948.0,2948.0,0,True,0.0,2.0,True,,,False,inventory_context_only_not_used_as_point_or_grid_model_evidence,SRC_IBM_NMI_2025,https://ibm.gov.in/IBMPortal/pages/national-mineral-inventory-at-a-glance-2025,https://ibm.gov.in/writereaddata/files/17848872906a6337fae632bChapter__5_Mineral_wise.pdf,491b70eccee4f1a63f9ae0fe25b1c2d7c40e8b7c714abab7e12a10e594020d67,pdfplumber_position_aware_columns_with_unfc_subtotal_validation
IBM-NMI2025-5-31-state-west-bengal-total-01,official_nmi_resource_inventory,5.31,39,2025-04-01,Rare Earth Elements,"[""Rare-earth elements""]",state,West Bengal,West Bengal,Total,bulk_mineral_or_source_grade,Tonne,1.0,tonnes,0.0,0.0,0.0,0.0,0.0,0.0,0.0,0.0,0.0,1300.0,0.0,1300.0,1300.0,1300.0,0,True,0.0,2.0,True,,,False,inventory_context_only_not_used_as_point_or_grid_model_evidence,SRC_IBM_NMI_2025,https://ibm.gov.in/IBMPortal/pages/national-mineral-inventory-at-a-glance-2025,https://ibm.gov.in/writereaddata/files/17848872906a6337fae632bChapter__5_Mineral_wise.pdf,491b70eccee4f1a63f9ae0fe25b1c2d7c40e8b7c714abab7e12a10e594020d67,pdfplumber_position_aware_columns_with_unfc_subtotal_validation
IBM-NMI2025-5-32-national-total-all-india-total-01,official_nmi_resource_inventory,5.32,40,2025-04-01,Rock Phosphate,"[""Phosphorus""]",national_total,,All India,Total,bulk_mineral_or_source_grade,Tonne,1.0,tonnes,55048308.0,0.0,17378998.0,72427306.0,13902712.0,56656825.0,26149199.0,2879833.0,35269750.0,285435526.0,49025125.0,469318969.0,541746275.0,541746275.0,0,True,1.0,10834.925500000001,True,,,False,inventory_context_only_not_used_as_point_or_grid_model_evidence,SRC_IBM_NMI_2025,https://ibm.gov.in/IBMPortal/pages/national-mineral-inventory-at-a-glance-2025,https://ibm.gov.in/writereaddata/files/17848872906a6337fae632bChapter__5_Mineral_wise.pdf,491b70eccee4f1a63f9ae0fe25b1c2d7c40e8b7c714abab7e12a10e594020d67,pdfplumber_position_aware_columns_with_unfc_subtotal_validation
IBM-NMI2025-5-32-grade-all-india-chemical-fertilizer-01,official_nmi_resource_inventory,5.32,40,2025-04-01,Rock Phosphate,"[""Phosphorus""]",grade,,All India,Chemical Fertilizer,bulk_mineral_or_source_grade,Tonne,1.0,tonnes,0.0,0.0,0.0,0.0,0.0,0.0,1350013.0,0.0,0.0,1081200.0,0.0,2431213.0,2431213.0,2431213.0,0,True,0.0,48.62426000000001,True,,,False,inventory_context_only_not_used_as_point_or_grid_model_evidence,SRC_IBM_NMI_2025,https://ibm.gov.in/IBMPortal/pages/national-mineral-inventory-at-a-glance-2025,https://ibm.gov.in/writereaddata/files/17848872906a6337fae632bChapter__5_Mineral_wise.pdf,491b70eccee4f1a63f9ae0fe25b1c2d7c40e8b7c714abab7e12a10e594020d67,pdfplumber_position_aware_columns_with_unfc_subtotal_validation
IBM-NMI2025-5-32-grade-all-india-blendable-01,official_nmi_resource_inventory,5.32,40,2025-04-01,Rock Phosphate,"[""Phosphorus""]",grade,,All India,Blendable,bulk_mineral_or_source_grade,Tonne,1.0,tonnes,19054190.0,0.0,0.0,19054190.0,9384650.0,2361186.0,8349933.0,13333.0,9440000.0,12991513.0,0.0,42540615.0,61594804.0,61594804.0,0,True,1.0,1231.8960800000002,True,,,False,inventory_context_only_not_used_as_point_or_grid_model_evidence,SRC_IBM_NMI_2025,https://ibm.gov.in/IBMPortal/pages/national-mineral-inventory-at-a-glance-2025,https://ibm.gov.in/writereaddata/files/17848872906a6337fae632bChapter__5_Mineral_wise.pdf,491b70eccee4f1a63f9ae0fe25b1c2d7c40e8b7c714abab7e12a10e594020d67,pdfplumber_position_aware_columns_with_unfc_subtotal_validation
IBM-NMI2025-5-32-grade-all-india-soil-reclamation-01,official_nmi_resource_inventory,5.32,40,2025-04-01,Rock Phosphate,"[""Phosphorus""]",grade,,All India,Soil Reclamation,bulk_mineral_or_source_grade,Tonne,1.0,tonnes,29098668.0,0.0,939440.0,30038109.0,143305.0,39778385.0,7557668.0,700000.0,0.0,19593918.0,51840.0,67825116.0,97863224.0,97863224.0,0,True,1.0,1957.26448,True,,,False,inventory_context_only_not_used_as_point_or_grid_model_evidence,SRC_IBM_NMI_2025,https://ibm.gov.in/IBMPortal/pages/national-mineral-inventory-at-a-glance-2025,https://ibm.gov.in/writereaddata/files/17848872906a6337fae632bChapter__5_Mineral_wise.pdf,491b70eccee4f1a63f9ae0fe25b1c2d7c40e8b7c714abab7e12a10e594020d67,pdfplumber_position_aware_columns_with_unfc_subtotal_validation
IBM-NMI2025-5-32-grade-all-india-beneficiable-01,official_nmi_resource_inventory,5.32,40,2025-04-01,Rock Phosphate,"[""Phosphorus""]",grade,,All India,Beneficiable,bulk_mineral_or_source_grade,Tonne,1.0,tonnes,0.0,0.0,4751220.0,4751220.0,3237363.0,14132898.0,7000924.0,2166500.0,25089750.0,95032147.0,46315760.0,192975343.0,197726562.0,197726562.0,0,True,1.0,3954.5312400000003,True,,,False,inventory_context_only_not_used_as_point_or_grid_model_evidence,SRC_IBM_NMI_2025,https://ibm.gov.in/IBMPortal/pages/national-mineral-inventory-at-a-glance-2025,https://ibm.gov.in/writereaddata/files/17848872906a6337fae632bChapter__5_Mineral_wise.pdf,491b70eccee4f1a63f9ae0fe25b1c2d7c40e8b7c714abab7e12a10e594020d67,pdfplumber_position_aware_columns_with_unfc_subtotal_validation
IBM-NMI2025-5-32-grade-all-india-low-grade-01,official_nmi_resource_inventory,5.32,40,2025-04-01,Rock Phosphate,"[""Phosphorus""]",grade,,All India,Low Grade,bulk_mineral_or_source_grade,Tonne,1.0,tonnes,0.0,0.0,0.0,0.0,0.0,0.0,0.0,0.0,0.0,136322273.0,0.0,136322273.0,136322273.0,136322273.0,0,True,0.0,2726.4454600000004,True,,,False,inventory_context_only_not_used_as_point_or_grid_model_evidence,SRC_IBM_NMI_2025,https://ibm.gov.in/IBMPortal/pages/national-mineral-inventory-at-a-glance-2025,https://ibm.gov.in/writereaddata/files/17848872906a6337fae632bChapter__5_Mineral_wise.pdf,491b70eccee4f1a63f9ae0fe25b1c2d7c40e8b7c714abab7e12a10e594020d67,pdfplumber_position_aware_columns_with_unfc_subtotal_validation
IBM-NMI2025-5-32-grade-all-india-unclassified-01,official_nmi_resource_inventory,5.32,40,2025-04-01,Rock Phosphate,"[""Phosphorus""]",grade,,All India,Unclassified,bulk_mineral_or_source_grade,Tonne,1.0,tonnes,6895450.0,0.0,11688338.0,18583788.0,1137394.0,384356.0,1890660.0,0.0,740000.0,16839476.0,2657525.0,23649411.0,42233199.0,42233199.0,0,True,0.0,844.66398,True,,,False,inventory_context_only_not_used_as_point_or_grid_model_evidence,SRC_IBM_NMI_2025,https://ibm.gov.in/IBMPortal/pages/national-mineral-inventory-at-a-glance-2025,https://ibm.gov.in/writereaddata/files/17848872906a6337fae632bChapter__5_Mineral_wise.pdf,491b70eccee4f1a63f9ae0fe25b1c2d7c40e8b7c714abab7e12a10e594020d67,pdfplumber_position_aware_columns_with_unfc_subtotal_validation
IBM-NMI2025-5-32-grade-all-india-not-known-01,official_nmi_resource_inventory,5.32,40,2025-04-01,Rock Phosphate,"[""Phosphorus""]",grade,,All India,Not known,bulk_mineral_or_source_grade,Tonne,1.0,tonnes,0.0,0.0,0.0,0.0,0.0,0.0,0.0,0.0,0.0,3575000.0,0.0,3575000.0,3575000.0,3575000.0,0,True,0.0,71.5,True,,,False,inventory_context_only_not_used_as_point_or_grid_model_evidence,SRC_IBM_NMI_2025,https://ibm.gov.in/IBMPortal/pages/national-mineral-inventory-at-a-glance-2025,https://ibm.gov.in/writereaddata/files/17848872906a6337fae632bChapter__5_Mineral_wise.pdf,491b70eccee4f1a63f9ae0fe25b1c2d7c40e8b7c714abab7e12a10e594020d67,pdfplumber_position_aware_columns_with_unfc_subtotal_validation
IBM-NMI2025-5-32-state-chhattisgarh-total-01,official_nmi_resource_inventory,5.32,40,2025-04-01,Rock Phosphate,"[""Phosphorus""]",state,Chhattisgarh,Chhattisgarh,Total,bulk_mineral_or_source_grade,Tonne,1.0,tonnes,0.0,0.0,0.0,0.0,0.0,0.0,0.0,0.0,21960000.0,55830000.0,38270000.0,116060000.0,116060000.0,116060000.0,0,True,0.0,2321.2000000000003,True,,,False,inventory_context_only_not_used_as_point_or_grid_model_evidence,SRC_IBM_NMI_2025,https://ibm.gov.in/IBMPortal/pages/national-mineral-inventory-at-a-glance-2025,https://ibm.gov.in/writereaddata/files/17848872906a6337fae632bChapter__5_Mineral_wise.pdf,491b70eccee4f1a63f9ae0fe25b1c2d7c40e8b7c714abab7e12a10e594020d67,pdfplumber_position_aware_columns_with_unfc_subtotal_validation
IBM-NMI2025-5-32-state-gujarat-total-01,official_nmi_resource_inventory,5.32,40,2025-04-01,Rock Phosphate,"[""Phosphorus""]",state,Gujarat,Gujarat,Total,bulk_mineral_or_source_grade,Tonne,1.0,tonnes,0.0,0.0,0.0,0.0,0.0,0.0,0.0,0.0,0.0,314820.0,0.0,314820.0,314820.0,314820.0,0,True,0.0,6.2964,True,,,False,inventory_context_only_not_used_as_point_or_grid_model_evidence,SRC_IBM_NMI_2025,https://ibm.gov.in/IBMPortal/pages/national-mineral-inventory-at-a-glance-2025,https://ibm.gov.in/writereaddata/files/17848872906a6337fae632bChapter__5_Mineral_wise.pdf,491b70eccee4f1a63f9ae0fe25b1c2d7c40e8b7c714abab7e12a10e594020d67,pdfplumber_position_aware_columns_with_unfc_subtotal_validation
IBM-NMI2025-5-32-state-jharkhand-total-01,official_nmi_resource_inventory,5.32,40,2025-04-01,Rock Phosphate,"[""Phosphorus""]",state,Jharkhand,Jharkhand,Total,bulk_mineral_or_source_grade,Tonne,1.0,tonnes,0.0,0.0,0.0,0.0,0.0,0.0,0.0,0.0,0.0,107370000.0,0.0,107370000.0,107370000.0,107370000.0,0,True,0.0,2147.4,True,,,False,inventory_context_only_not_used_as_point_or_grid_model_evidence,SRC_IBM_NMI_2025,https://ibm.gov.in/IBMPortal/pages/national-mineral-inventory-at-a-glance-2025,https://ibm.gov.in/writereaddata/files/17848872906a6337fae632bChapter__5_Mineral_wise.pdf,491b70eccee4f1a63f9ae0fe25b1c2d7c40e8b7c714abab7e12a10e594020d67,pdfplumber_position_aware_columns_with_unfc_subtotal_validation
IBM-NMI2025-5-32-state-karnataka-total-01,official_nmi_resource_inventory,5.32,40,2025-04-01,Rock Phosphate,"[""Phosphorus""]",state,Karnataka,Karnataka,Total,bulk_mineral_or_source_grade,Tonne,1.0,tonnes,0.0,0.0,0.0,0.0,0.0,0.0,0.0,0.0,0.0,3279920.0,0.0,3279920.0,3279920.0,3279920.0,0,True,0.0,65.59840000000001,True,,,False,inventory_context_only_not_used_as_point_or_grid_model_evidence,SRC_IBM_NMI_2025,https://ibm.gov.in/IBMPortal/pages/national-mineral-inventory-at-a-glance-2025,https://ibm.gov.in/writereaddata/files/17848872906a6337fae632bChapter__5_Mineral_wise.pdf,491b70eccee4f1a63f9ae0fe25b1c2d7c40e8b7c714abab7e12a10e594020d67,pdfplumber_position_aware_columns_with_unfc_subtotal_validation
IBM-NMI2025-5-32-state-madhya-pradesh-total-01,official_nmi_resource_inventory,5.32,40,2025-04-01,Rock Phosphate,"[""Phosphorus""]",state,Madhya Pradesh,Madhya Pradesh,Total,bulk_mineral_or_source_grade,Tonne,1.0,tonnes,6895450.0,0.0,4184850.0,11080300.0,7256810.0,14084356.0,13091552.0,0.0,2730000.0,9382639.0,50625.0,46595982.0,57676282.0,57676282.0,0,True,0.0,1153.52564,True,,,False,inventory_context_only_not_used_as_point_or_grid_model_evidence,SRC_IBM_NMI_2025,https://ibm.gov.in/IBMPortal/pages/national-mineral-inventory-at-a-glance-2025,https://ibm.gov.in/writereaddata/files/17848872906a6337fae632bChapter__5_Mineral_wise.pdf,491b70eccee4f1a63f9ae0fe25b1c2d7c40e8b7c714abab7e12a10e594020d67,pdfplumber_position_aware_columns_with_unfc_subtotal_validation
IBM-NMI2025-5-32-state-meghalaya-total-01,official_nmi_resource_inventory,5.32,40,2025-04-01,Rock Phosphate,"[""Phosphorus""]",state,Meghalaya,Meghalaya,Total,bulk_mineral_or_source_grade,Tonne,1.0,tonnes,0.0,0.0,0.0,0.0,0.0,0.0,0.0,0.0,0.0,1311035.0,0.0,1311035.0,1311035.0,1311035.0,0,True,0.0,26.2207,True,,,False,inventory_context_only_not_used_as_point_or_grid_model_evidence,SRC_IBM_NMI_2025,https://ibm.gov.in/IBMPortal/pages/national-mineral-inventory-at-a-glance-2025,https://ibm.gov.in/writereaddata/files/17848872906a6337fae632bChapter__5_Mineral_wise.pdf,491b70eccee4f1a63f9ae0fe25b1c2d7c40e8b7c714abab7e12a10e594020d67,pdfplumber_position_aware_columns_with_unfc_subtotal_validation
IBM-NMI2025-5-32-state-rajasthan-total-01,official_nmi_resource_inventory,5.32,40,2025-04-01,Rock Phosphate,"[""Phosphorus""]",state,Rajasthan,Rajasthan,Total,bulk_mineral_or_source_grade,Tonne,1.0,tonnes,48152858.0,0.0,4650955.0,52803813.0,3582399.0,42139571.0,6965707.0,119833.0,39750.0,31656183.0,9236900.0,93740343.0,146544156.0,146544156.0,0,True,0.0,2930.8831200000004,True,,,False,inventory_context_only_not_used_as_point_or_grid_model_evidence,SRC_IBM_NMI_2025,https://ibm.gov.in/IBMPortal/pages/national-mineral-inventory-at-a-glance-2025,https://ibm.gov.in/writereaddata/files/17848872906a6337fae632bChapter__5_Mineral_wise.pdf,491b70eccee4f1a63f9ae0fe25b1c2d7c40e8b7c714abab7e12a10e594020d67,pdfplumber_position_aware_columns_with_unfc_subtotal_validation
IBM-NMI2025-5-32-state-tamil-nadu-total-01,official_nmi_resource_inventory,5.32,40,2025-04-01,Rock Phosphate,"[""Phosphorus""]",state,Tamil Nadu,Tamil Nadu,Total,bulk_mineral_or_source_grade,Tonne,1.0,tonnes,0.0,0.0,0.0,0.0,0.0,0.0,0.0,0.0,0.0,866917.0,0.0,866917.0,866917.0,866917.0,0,True,0.0,17.338340000000002,True,,,False,inventory_context_only_not_used_as_point_or_grid_model_evidence,SRC_IBM_NMI_2025,https://ibm.gov.in/IBMPortal/pages/national-mineral-inventory-at-a-glance-2025,https://ibm.gov.in/writereaddata/files/17848872906a6337fae632bChapter__5_Mineral_wise.pdf,491b70eccee4f1a63f9ae0fe25b1c2d7c40e8b7c714abab7e12a10e594020d67,pdfplumber_position_aware_columns_with_unfc_subtotal_validation
IBM-NMI2025-5-32-state-uttar-pradesh-total-01,official_nmi_resource_inventory,5.32,40,2025-04-01,Rock Phosphate,"[""Phosphorus""]",state,Uttar Pradesh,Uttar Pradesh,Total,bulk_mineral_or_source_grade,Tonne,1.0,tonnes,0.0,0.0,8543193.0,8543193.0,0.0,432898.0,4357569.0,0.0,10540000.0,58803499.0,1467600.0,75601567.0,84144760.0,84144760.0,0,True,1.0,1682.8952000000002,True,,,False,inventory_context_only_not_used_as_point_or_grid_model_evidence,SRC_IBM_NMI_2025,https://ibm.gov.in/IBMPortal/pages/national-mineral-inventory-at-a-glance-2025,https://ibm.gov.in/writereaddata/files/17848872906a6337fae632bChapter__5_Mineral_wise.pdf,491b70eccee4f1a63f9ae0fe25b1c2d7c40e8b7c714abab7e12a10e594020d67,pdfplumber_position_aware_columns_with_unfc_subtotal_validation
IBM-NMI2025-5-32-state-uttarakhand-total-01,official_nmi_resource_inventory,5.32,40,2025-04-01,Rock Phosphate,"[""Phosphorus""]",state,Uttarakhand,Uttarakhand,Total,bulk_mineral_or_source_grade,Tonne,1.0,tonnes,0.0,0.0,0.0,0.0,3063503.0,0.0,1734370.0,2760000.0,0.0,16620513.0,0.0,24178386.0,24178386.0,24178386.0,0,True,0.0,483.56772000000007,True,,,False,inventory_context_only_not_used_as_point_or_grid_model_evidence,SRC_IBM_NMI_2025,https://ibm.gov.in/IBMPortal/pages/national-mineral-inventory-at-a-glance-2025,https://ibm.gov.in/writereaddata/files/17848872906a6337fae632bChapter__5_Mineral_wise.pdf,491b70eccee4f1a63f9ae0fe25b1c2d7c40e8b7c714abab7e12a10e594020d67,pdfplumber_position_aware_columns_with_unfc_subtotal_validation
IBM-NMI2025-5-33-national-total-all-india-total-01,official_nmi_resource_inventory,5.33,41,2025-04-01,Rock Salt,[],national_total,,All India,Total,bulk_mineral_or_source_grade,'000 Tonnes,1000.0,tonnes,0.0,3860.0,0.0,3860.0,3360.0,940.0,4620.0,0.0,793550.0,19822131.0,12399910.0,33024511.0,33028371.0,33028371000.0,0,True,0.0,660.5674200000001,True,,,False,inventory_context_only_not_used_as_point_or_grid_model_evidence,SRC_IBM_NMI_2025,https://ibm.gov.in/IBMPortal/pages/national-mineral-inventory-at-a-glance-2025,https://ibm.gov.in/writereaddata/files/17848872906a6337fae632bChapter__5_Mineral_wise.pdf,491b70eccee4f1a63f9ae0fe25b1c2d7c40e8b7c714abab7e12a10e594020d67,pdfplumber_position_aware_columns_with_unfc_subtotal_validation
IBM-NMI2025-5-33-grade-all-india-grade-i-60-nacl-01,official_nmi_resource_inventory,5.33,41,2025-04-01,Rock Salt,[],grade,,All India,Grade-I (+) 60% NaCl,bulk_mineral_or_source_grade,'000 Tonnes,1000.0,tonnes,0.0,3860.0,0.0,3860.0,3360.0,940.0,4620.0,0.0,793550.0,19822131.0,12399910.0,33024511.0,33028371.0,33028371000.0,0,True,0.0,660.5674200000001,True,,,False,inventory_context_only_not_used_as_point_or_grid_model_evidence,SRC_IBM_NMI_2025,https://ibm.gov.in/IBMPortal/pages/national-mineral-inventory-at-a-glance-2025,https://ibm.gov.in/writereaddata/files/17848872906a6337fae632bChapter__5_Mineral_wise.pdf,491b70eccee4f1a63f9ae0fe25b1c2d7c40e8b7c714abab7e12a10e594020d67,pdfplumber_position_aware_columns_with_unfc_subtotal_validation
IBM-NMI2025-5-33-state-himachal-pradesh-total-01,official_nmi_resource_inventory,5.33,41,2025-04-01,Rock Salt,[],state,Himachal Pradesh,Himachal Pradesh,Total,bulk_mineral_or_source_grade,'000 Tonnes,1000.0,tonnes,0.0,3860.0,0.0,3860.0,3360.0,940.0,4620.0,0.0,0.0,0.0,0.0,8920.0,12780.0,12780000.0,0,True,0.0,2.0,True,,,False,inventory_context_only_not_used_as_point_or_grid_model_evidence,SRC_IBM_NMI_2025,https://ibm.gov.in/IBMPortal/pages/national-mineral-inventory-at-a-glance-2025,https://ibm.gov.in/writereaddata/files/17848872906a6337fae632bChapter__5_Mineral_wise.pdf,491b70eccee4f1a63f9ae0fe25b1c2d7c40e8b7c714abab7e12a10e594020d67,pdfplumber_position_aware_columns_with_unfc_subtotal_validation
IBM-NMI2025-5-33-state-punjab-total-01,official_nmi_resource_inventory,5.33,41,2025-04-01,Rock Salt,[],state,Punjab,Punjab,Total,bulk_mineral_or_source_grade,'000 Tonnes,1000.0,tonnes,0.0,0.0,0.0,0.0,0.0,0.0,0.0,0.0,0.0,0.0,1548360.0,1548360.0,1548360.0,1548360000.0,0,True,0.0,30.967200000000002,True,,,False,inventory_context_only_not_used_as_point_or_grid_model_evidence,SRC_IBM_NMI_2025,https://ibm.gov.in/IBMPortal/pages/national-mineral-inventory-at-a-glance-2025,https://ibm.gov.in/writereaddata/files/17848872906a6337fae632bChapter__5_Mineral_wise.pdf,491b70eccee4f1a63f9ae0fe25b1c2d7c40e8b7c714abab7e12a10e594020d67,pdfplumber_position_aware_columns_with_unfc_subtotal_validation
IBM-NMI2025-5-33-state-rajasthan-total-01,official_nmi_resource_inventory,5.33,41,2025-04-01,Rock Salt,[],state,Rajasthan,Rajasthan,Total,bulk_mineral_or_source_grade,'000 Tonnes,1000.0,tonnes,0.0,0.0,0.0,0.0,0.0,0.0,0.0,0.0,793550.0,19822131.0,10851550.0,31467231.0,31467231.0,31467231000.0,0,True,0.0,629.3446200000001,True,,,False,inventory_context_only_not_used_as_point_or_grid_model_evidence,SRC_IBM_NMI_2025,https://ibm.gov.in/IBMPortal/pages/national-mineral-inventory-at-a-glance-2025,https://ibm.gov.in/writereaddata/files/17848872906a6337fae632bChapter__5_Mineral_wise.pdf,491b70eccee4f1a63f9ae0fe25b1c2d7c40e8b7c714abab7e12a10e594020d67,pdfplumber_position_aware_columns_with_unfc_subtotal_validation
IBM-NMI2025-5-34-national-total-all-india-total-01,official_nmi_resource_inventory,5.34,42,2025-04-01,Ruby,[],national_total,,All India,Total,bulk_mineral_or_source_grade,Kilogram,1.0,kilograms,0.0,0.0,0.0,0.0,0.0,429.0,3296.0,0.0,0.0,1623.0,0.0,5349.0,5349.0,5349.0,0,True,1.0,2.0,True,,,False,inventory_context_only_not_used_as_point_or_grid_model_evidence,SRC_IBM_NMI_2025,https://ibm.gov.in/IBMPortal/pages/national-mineral-inventory-at-a-glance-2025,https://ibm.gov.in/writereaddata/files/17848872906a6337fae632bChapter__5_Mineral_wise.pdf,491b70eccee4f1a63f9ae0fe25b1c2d7c40e8b7c714abab7e12a10e594020d67,pdfplumber_position_aware_columns_with_unfc_subtotal_validation
IBM-NMI2025-5-34-grade-all-india-unclassified-01,official_nmi_resource_inventory,5.34,42,2025-04-01,Ruby,[],grade,,All India,Unclassified,bulk_mineral_or_source_grade,Kilogram,1.0,kilograms,0.0,0.0,0.0,0.0,0.0,429.0,3296.0,0.0,0.0,1623.0,0.0,5349.0,5349.0,5349.0,0,True,1.0,2.0,True,,,False,inventory_context_only_not_used_as_point_or_grid_model_evidence,SRC_IBM_NMI_2025,https://ibm.gov.in/IBMPortal/pages/national-mineral-inventory-at-a-glance-2025,https://ibm.gov.in/writereaddata/files/17848872906a6337fae632bChapter__5_Mineral_wise.pdf,491b70eccee4f1a63f9ae0fe25b1c2d7c40e8b7c714abab7e12a10e594020d67,pdfplumber_position_aware_columns_with_unfc_subtotal_validation
IBM-NMI2025-5-34-state-odisha-total-01,official_nmi_resource_inventory,5.34,42,2025-04-01,Ruby,[],state,Odisha,Odisha,Total,bulk_mineral_or_source_grade,Kilogram,1.0,kilograms,0.0,0.0,0.0,0.0,0.0,429.0,3296.0,0.0,0.0,1623.0,0.0,5349.0,5349.0,5349.0,0,True,1.0,2.0,True,,,False,inventory_context_only_not_used_as_point_or_grid_model_evidence,SRC_IBM_NMI_2025,https://ibm.gov.in/IBMPortal/pages/national-mineral-inventory-at-a-glance-2025,https://ibm.gov.in/writereaddata/files/17848872906a6337fae632bChapter__5_Mineral_wise.pdf,491b70eccee4f1a63f9ae0fe25b1c2d7c40e8b7c714abab7e12a10e594020d67,pdfplumber_position_aware_columns_with_unfc_subtotal_validation
IBM-NMI2025-5-35-national-total-all-india-total-01,official_nmi_resource_inventory,5.35,43,2025-04-01,Sapphire,[],national_total,,All India,Total,bulk_mineral_or_source_grade,Kilogram,1.0,kilograms,0.0,0.0,0.0,0.0,0.0,0.0,0.0,0.0,0.0,450.0,87.0,537.0,537.0,537.0,0,True,0.0,2.0,True,,,False,inventory_context_only_not_used_as_point_or_grid_model_evidence,SRC_IBM_NMI_2025,https://ibm.gov.in/IBMPortal/pages/national-mineral-inventory-at-a-glance-2025,https://ibm.gov.in/writereaddata/files/17848872906a6337fae632bChapter__5_Mineral_wise.pdf,491b70eccee4f1a63f9ae0fe25b1c2d7c40e8b7c714abab7e12a10e594020d67,pdfplumber_position_aware_columns_with_unfc_subtotal_validation
IBM-NMI2025-5-35-grade-all-india-unclassified-01,official_nmi_resource_inventory,5.35,43,2025-04-01,Sapphire,[],grade,,All India,Unclassified,bulk_mineral_or_source_grade,Kilogram,1.0,kilograms,0.0,0.0,0.0,0.0,0.0,0.0,0.0,0.0,0.0,450.0,87.0,537.0,537.0,537.0,0,True,0.0,2.0,True,,,False,inventory_context_only_not_used_as_point_or_grid_model_evidence,SRC_IBM_NMI_2025,https://ibm.gov.in/IBMPortal/pages/national-mineral-inventory-at-a-glance-2025,https://ibm.gov.in/writereaddata/files/17848872906a6337fae632bChapter__5_Mineral_wise.pdf,491b70eccee4f1a63f9ae0fe25b1c2d7c40e8b7c714abab7e12a10e594020d67,pdfplumber_position_aware_columns_with_unfc_subtotal_validation
IBM-NMI2025-5-35-state-jammu-kashmir-total-01,official_nmi_resource_inventory,5.35,43,2025-04-01,Sapphire,[],state,Jammu & Kashmir,Jammu & Kashmir,Total,bulk_mineral_or_source_grade,Kilogram,1.0,kilograms,0.0,0.0,0.0,0.0,0.0,0.0,0.0,0.0,0.0,450.0,87.0,537.0,537.0,537.0,0,True,0.0,2.0,True,,,False,inventory_context_only_not_used_as_point_or_grid_model_evidence,SRC_IBM_NMI_2025,https://ibm.gov.in/IBMPortal/pages/national-mineral-inventory-at-a-glance-2025,https://ibm.gov.in/writereaddata/files/17848872906a6337fae632bChapter__5_Mineral_wise.pdf,491b70eccee4f1a63f9ae0fe25b1c2d7c40e8b7c714abab7e12a10e594020d67,pdfplumber_position_aware_columns_with_unfc_subtotal_validation
IBM-NMI2025-5-36-national-total-all-india-total-01,official_nmi_resource_inventory,5.36,44,2025-04-01,Sillimanite,[],national_total,,All India,Total,bulk_mineral_or_source_grade,Tonne,1.0,tonnes,6321291.0,241718.0,286581.0,6849590.0,364013.0,226053.0,20549508.0,5285112.0,20384098.0,17892841.0,4278657.0,68980281.0,75829871.0,75829871.0,0,True,1.0,1516.59742,True,,,False,inventory_context_only_not_used_as_point_or_grid_model_evidence,SRC_IBM_NMI_2025,https://ibm.gov.in/IBMPortal/pages/national-mineral-inventory-at-a-glance-2025,https://ibm.gov.in/writereaddata/files/17848872906a6337fae632bChapter__5_Mineral_wise.pdf,491b70eccee4f1a63f9ae0fe25b1c2d7c40e8b7c714abab7e12a10e594020d67,pdfplumber_position_aware_columns_with_unfc_subtotal_validation
IBM-NMI2025-5-36-grade-all-india-massive-high-grade-01,official_nmi_resource_inventory,5.36,44,2025-04-01,Sillimanite,[],grade,,All India,Massive High Grade,bulk_mineral_or_source_grade,Tonne,1.0,tonnes,188874.0,0.0,68112.0,256986.0,0.0,0.0,0.0,0.0,0.0,11903.0,0.0,11903.0,268889.0,268889.0,0,True,0.0,5.3777800000000004,True,,,False,inventory_context_only_not_used_as_point_or_grid_model_evidence,SRC_IBM_NMI_2025,https://ibm.gov.in/IBMPortal/pages/national-mineral-inventory-at-a-glance-2025,https://ibm.gov.in/writereaddata/files/17848872906a6337fae632bChapter__5_Mineral_wise.pdf,491b70eccee4f1a63f9ae0fe25b1c2d7c40e8b7c714abab7e12a10e594020d67,pdfplumber_position_aware_columns_with_unfc_subtotal_validation
IBM-NMI2025-5-36-grade-all-india-massive-medium-grade-01,official_nmi_resource_inventory,5.36,44,2025-04-01,Sillimanite,[],grade,,All India,Massive Medium Grade,bulk_mineral_or_source_grade,Tonne,1.0,tonnes,0.0,0.0,0.0,0.0,0.0,4000.0,0.0,0.0,0.0,29705.0,0.0,33705.0,33705.0,33705.0,0,True,0.0,2.0,True,,,False,inventory_context_only_not_used_as_point_or_grid_model_evidence,SRC_IBM_NMI_2025,https://ibm.gov.in/IBMPortal/pages/national-mineral-inventory-at-a-glance-2025,https://ibm.gov.in/writereaddata/files/17848872906a6337fae632bChapter__5_Mineral_wise.pdf,491b70eccee4f1a63f9ae0fe25b1c2d7c40e8b7c714abab7e12a10e594020d67,pdfplumber_position_aware_columns_with_unfc_subtotal_validation
IBM-NMI2025-5-36-grade-all-india-massive-low-grade-01,official_nmi_resource_inventory,5.36,44,2025-04-01,Sillimanite,[],grade,,All India,Massive Low Grade,bulk_mineral_or_source_grade,Tonne,1.0,tonnes,0.0,0.0,0.0,0.0,15300.0,0.0,519.0,15000.0,850000.0,2258786.0,0.0,3139605.0,3139605.0,3139605.0,0,True,0.0,62.792100000000005,True,,,False,inventory_context_only_not_used_as_point_or_grid_model_evidence,SRC_IBM_NMI_2025,https://ibm.gov.in/IBMPortal/pages/national-mineral-inventory-at-a-glance-2025,https://ibm.gov.in/writereaddata/files/17848872906a6337fae632bChapter__5_Mineral_wise.pdf,491b70eccee4f1a63f9ae0fe25b1c2d7c40e8b7c714abab7e12a10e594020d67,pdfplumber_position_aware_columns_with_unfc_subtotal_validation
IBM-NMI2025-5-36-grade-all-india-massive-high-medium-01,official_nmi_resource_inventory,5.36,44,2025-04-01,Sillimanite,[],grade,,All India,Massive High & Medium,bulk_mineral_or_source_grade,Tonne,1.0,tonnes,0.0,0.0,0.0,0.0,0.0,0.0,0.0,0.0,0.0,19800.0,0.0,19800.0,19800.0,19800.0,0,True,0.0,2.0,True,,,False,inventory_context_only_not_used_as_point_or_grid_model_evidence,SRC_IBM_NMI_2025,https://ibm.gov.in/IBMPortal/pages/national-mineral-inventory-at-a-glance-2025,https://ibm.gov.in/writereaddata/files/17848872906a6337fae632bChapter__5_Mineral_wise.pdf,491b70eccee4f1a63f9ae0fe25b1c2d7c40e8b7c714abab7e12a10e594020d67,pdfplumber_position_aware_columns_with_unfc_subtotal_validation
IBM-NMI2025-5-36-grade-all-india-massive-high-medium-low-01,official_nmi_resource_inventory,5.36,44,2025-04-01,Sillimanite,[],grade,,All India,"Massive High, Medium & Low",bulk_mineral_or_source_grade,Tonne,1.0,tonnes,0.0,0.0,0.0,0.0,0.0,0.0,0.0,0.0,0.0,38.0,0.0,38.0,38.0,38.0,0,True,0.0,2.0,True,,,False,inventory_context_only_not_used_as_point_or_grid_model_evidence,SRC_IBM_NMI_2025,https://ibm.gov.in/IBMPortal/pages/national-mineral-inventory-at-a-glance-2025,https://ibm.gov.in/writereaddata/files/17848872906a6337fae632bChapter__5_Mineral_wise.pdf,491b70eccee4f1a63f9ae0fe25b1c2d7c40e8b7c714abab7e12a10e594020d67,pdfplumber_position_aware_columns_with_unfc_subtotal_validation
IBM-NMI2025-5-36-grade-all-india-granular-high-01,official_nmi_resource_inventory,5.36,44,2025-04-01,Sillimanite,[],grade,,All India,Granular High,bulk_mineral_or_source_grade,Tonne,1.0,tonnes,6101155.0,219346.0,218469.0,6538970.0,348713.0,210983.0,20548989.0,3141931.0,7430300.0,13794916.0,429057.0,45904888.0,52443859.0,52443859.0,0,True,1.0,1048.8771800000002,True,,,False,inventory_context_only_not_used_as_point_or_grid_model_evidence,SRC_IBM_NMI_2025,https://ibm.gov.in/IBMPortal/pages/national-mineral-inventory-at-a-glance-2025,https://ibm.gov.in/writereaddata/files/17848872906a6337fae632bChapter__5_Mineral_wise.pdf,491b70eccee4f1a63f9ae0fe25b1c2d7c40e8b7c714abab7e12a10e594020d67,pdfplumber_position_aware_columns_with_unfc_subtotal_validation
IBM-NMI2025-5-36-grade-all-india-quartz-sillimanite-rock-01,official_nmi_resource_inventory,5.36,44,2025-04-01,Sillimanite,[],grade,,All India,Quartz Sillimanite Rock,bulk_mineral_or_source_grade,Tonne,1.0,tonnes,0.0,0.0,0.0,0.0,0.0,0.0,0.0,0.0,0.0,0.0,3748000.0,3748000.0,3748000.0,3748000.0,0,True,0.0,74.96000000000001,True,,,False,inventory_context_only_not_used_as_point_or_grid_model_evidence,SRC_IBM_NMI_2025,https://ibm.gov.in/IBMPortal/pages/national-mineral-inventory-at-a-glance-2025,https://ibm.gov.in/writereaddata/files/17848872906a6337fae632bChapter__5_Mineral_wise.pdf,491b70eccee4f1a63f9ae0fe25b1c2d7c40e8b7c714abab7e12a10e594020d67,pdfplumber_position_aware_columns_with_unfc_subtotal_validation
IBM-NMI2025-5-36-grade-all-india-sillimanite-bearing-rock-01,official_nmi_resource_inventory,5.36,44,2025-04-01,Sillimanite,[],grade,,All India,Sillimanite Bearing Rock,bulk_mineral_or_source_grade,Tonne,1.0,tonnes,0.0,0.0,0.0,0.0,0.0,0.0,0.0,2100000.0,9350000.0,0.0,0.0,11450000.0,11450000.0,11450000.0,0,True,0.0,229.00000000000003,True,,,False,inventory_context_only_not_used_as_point_or_grid_model_evidence,SRC_IBM_NMI_2025,https://ibm.gov.in/IBMPortal/pages/national-mineral-inventory-at-a-glance-2025,https://ibm.gov.in/writereaddata/files/17848872906a6337fae632bChapter__5_Mineral_wise.pdf,491b70eccee4f1a63f9ae0fe25b1c2d7c40e8b7c714abab7e12a10e594020d67,pdfplumber_position_aware_columns_with_unfc_subtotal_validation
IBM-NMI2025-5-36-grade-all-india-others-01,official_nmi_resource_inventory,5.36,44,2025-04-01,Sillimanite,[],grade,,All India,Others,bulk_mineral_or_source_grade,Tonne,1.0,tonnes,0.0,0.0,0.0,0.0,0.0,11070.0,0.0,0.0,0.0,0.0,0.0,11070.0,11070.0,11070.0,0,True,0.0,2.0,True,,,False,inventory_context_only_not_used_as_point_or_grid_model_evidence,SRC_IBM_NMI_2025,https://ibm.gov.in/IBMPortal/pages/national-mineral-inventory-at-a-glance-2025,https://ibm.gov.in/writereaddata/files/17848872906a6337fae632bChapter__5_Mineral_wise.pdf,491b70eccee4f1a63f9ae0fe25b1c2d7c40e8b7c714abab7e12a10e594020d67,pdfplumber_position_aware_columns_with_unfc_subtotal_validation
IBM-NMI2025-5-36-grade-all-india-unclassified-01,official_nmi_resource_inventory,5.36,44,2025-04-01,Sillimanite,[],grade,,All India,Unclassified,bulk_mineral_or_source_grade,Tonne,1.0,tonnes,28147.0,22372.0,0.0,50519.0,0.0,0.0,0.0,28181.0,2753734.0,0.0,0.0,2781915.0,2832434.0,2832434.0,0,True,0.0,56.648680000000006,True,,,False,inventory_context_only_not_used_as_point_or_grid_model_evidence,SRC_IBM_NMI_2025,https://ibm.gov.in/IBMPortal/pages/national-mineral-inventory-at-a-glance-2025,https://ibm.gov.in/writereaddata/files/17848872906a6337fae632bChapter__5_Mineral_wise.pdf,491b70eccee4f1a63f9ae0fe25b1c2d7c40e8b7c714abab7e12a10e594020d67,pdfplumber_position_aware_columns_with_unfc_subtotal_validation
IBM-NMI2025-5-36-grade-all-india-not-known-01,official_nmi_resource_inventory,5.36,44,2025-04-01,Sillimanite,[],grade,,All India,Not - known,bulk_mineral_or_source_grade,Tonne,1.0,tonnes,3115.0,0.0,0.0,3115.0,0.0,0.0,0.0,0.0,64.0,1777693.0,101600.0,1879357.0,1882472.0,1882472.0,0,True,0.0,37.649440000000006,True,,,False,inventory_context_only_not_used_as_point_or_grid_model_evidence,SRC_IBM_NMI_2025,https://ibm.gov.in/IBMPortal/pages/national-mineral-inventory-at-a-glance-2025,https://ibm.gov.in/writereaddata/files/17848872906a6337fae632bChapter__5_Mineral_wise.pdf,491b70eccee4f1a63f9ae0fe25b1c2d7c40e8b7c714abab7e12a10e594020d67,pdfplumber_position_aware_columns_with_unfc_subtotal_validation
IBM-NMI2025-5-36-state-andhra-pradesh-total-01,official_nmi_resource_inventory,5.36,44,2025-04-01,Sillimanite,[],state,Andhra Pradesh,Andhra Pradesh,Total,bulk_mineral_or_source_grade,Tonne,1.0,tonnes,1451556.0,0.0,218469.0,1670025.0,0.0,11070.0,462830.0,0.0,7430300.0,1491539.0,0.0,9395739.0,11065764.0,11065764.0,0,True,0.0,221.31528000000003,True,,,False,inventory_context_only_not_used_as_point_or_grid_model_evidence,SRC_IBM_NMI_2025,https://ibm.gov.in/IBMPortal/pages/national-mineral-inventory-at-a-glance-2025,https://ibm.gov.in/writereaddata/files/17848872906a6337fae632bChapter__5_Mineral_wise.pdf,491b70eccee4f1a63f9ae0fe25b1c2d7c40e8b7c714abab7e12a10e594020d67,pdfplumber_position_aware_columns_with_unfc_subtotal_validation
IBM-NMI2025-5-36-state-assam-total-01,official_nmi_resource_inventory,5.36,44,2025-04-01,Sillimanite,[],state,Assam,Assam,Total,bulk_mineral_or_source_grade,Tonne,1.0,tonnes,0.0,0.0,0.0,0.0,0.0,0.0,0.0,0.0,850000.0,6700.0,3748000.0,4604700.0,4604700.0,4604700.0,0,True,0.0,92.09400000000001,True,,,False,inventory_context_only_not_used_as_point_or_grid_model_evidence,SRC_IBM_NMI_2025,https://ibm.gov.in/IBMPortal/pages/national-mineral-inventory-at-a-glance-2025,https://ibm.gov.in/writereaddata/files/17848872906a6337fae632bChapter__5_Mineral_wise.pdf,491b70eccee4f1a63f9ae0fe25b1c2d7c40e8b7c714abab7e12a10e594020d67,pdfplumber_position_aware_columns_with_unfc_subtotal_validation
IBM-NMI2025-5-36-state-jharkhand-total-01,official_nmi_resource_inventory,5.36,44,2025-04-01,Sillimanite,[],state,Jharkhand,Jharkhand,Total,bulk_mineral_or_source_grade,Tonne,1.0,tonnes,0.0,0.0,0.0,0.0,0.0,0.0,0.0,0.0,0.0,83000.0,0.0,83000.0,83000.0,83000.0,0,True,0.0,2.0,True,,,False,inventory_context_only_not_used_as_point_or_grid_model_evidence,SRC_IBM_NMI_2025,https://ibm.gov.in/IBMPortal/pages/national-mineral-inventory-at-a-glance-2025,https://ibm.gov.in/writereaddata/files/17848872906a6337fae632bChapter__5_Mineral_wise.pdf,491b70eccee4f1a63f9ae0fe25b1c2d7c40e8b7c714abab7e12a10e594020d67,pdfplumber_position_aware_columns_with_unfc_subtotal_validation
IBM-NMI2025-5-36-state-karnataka-total-01,official_nmi_resource_inventory,5.36,44,2025-04-01,Sillimanite,[],state,Karnataka,Karnataka,Total,bulk_mineral_or_source_grade,Tonne,1.0,tonnes,0.0,0.0,0.0,0.0,0.0,0.0,0.0,0.0,0.0,982725.0,0.0,982725.0,982725.0,982725.0,0,True,0.0,19.654500000000002,True,,,False,inventory_context_only_not_used_as_point_or_grid_model_evidence,SRC_IBM_NMI_2025,https://ibm.gov.in/IBMPortal/pages/national-mineral-inventory-at-a-glance-2025,https://ibm.gov.in/writereaddata/files/17848872906a6337fae632bChapter__5_Mineral_wise.pdf,491b70eccee4f1a63f9ae0fe25b1c2d7c40e8b7c714abab7e12a10e594020d67,pdfplumber_position_aware_columns_with_unfc_subtotal_validation
IBM-NMI2025-5-36-state-kerala-total-01,official_nmi_resource_inventory,5.36,44,2025-04-01,Sillimanite,[],state,Kerala,Kerala,Total,bulk_mineral_or_source_grade,Tonne,1.0,tonnes,95521.0,112140.0,0.0,207661.0,348713.0,0.0,0.0,2999812.0,0.0,3369200.0,0.0,6717725.0,6925386.0,6925386.0,0,True,0.0,138.50772,True,,,False,inventory_context_only_not_used_as_point_or_grid_model_evidence,SRC_IBM_NMI_2025,https://ibm.gov.in/IBMPortal/pages/national-mineral-inventory-at-a-glance-2025,https://ibm.gov.in/writereaddata/files/17848872906a6337fae632bChapter__5_Mineral_wise.pdf,491b70eccee4f1a63f9ae0fe25b1c2d7c40e8b7c714abab7e12a10e594020d67,pdfplumber_position_aware_columns_with_unfc_subtotal_validation
IBM-NMI2025-5-36-state-madhya-pradesh-total-01,official_nmi_resource_inventory,5.36,44,2025-04-01,Sillimanite,[],state,Madhya Pradesh,Madhya Pradesh,Total,bulk_mineral_or_source_grade,Tonne,1.0,tonnes,0.0,0.0,0.0,0.0,0.0,0.0,0.0,0.0,0.0,0.0,101600.0,101600.0,101600.0,101600.0,0,True,0.0,2.032,True,,,False,inventory_context_only_not_used_as_point_or_grid_model_evidence,SRC_IBM_NMI_2025,https://ibm.gov.in/IBMPortal/pages/national-mineral-inventory-at-a-glance-2025,https://ibm.gov.in/writereaddata/files/17848872906a6337fae632bChapter__5_Mineral_wise.pdf,491b70eccee4f1a63f9ae0fe25b1c2d7c40e8b7c714abab7e12a10e594020d67,pdfplumber_position_aware_columns_with_unfc_subtotal_validation
IBM-NMI2025-5-36-state-maharashtra-total-01,official_nmi_resource_inventory,5.36,44,2025-04-01,Sillimanite,[],state,Maharashtra,Maharashtra,Total,bulk_mineral_or_source_grade,Tonne,1.0,tonnes,174474.0,0.0,0.0,174474.0,15000.0,0.0,0.0,15000.0,64.0,516.0,0.0,30580.0,205054.0,205054.0,0,True,0.0,4.1010800000000005,True,,,False,inventory_context_only_not_used_as_point_or_grid_model_evidence,SRC_IBM_NMI_2025,https://ibm.gov.in/IBMPortal/pages/national-mineral-inventory-at-a-glance-2025,https://ibm.gov.in/writereaddata/files/17848872906a6337fae632bChapter__5_Mineral_wise.pdf,491b70eccee4f1a63f9ae0fe25b1c2d7c40e8b7c714abab7e12a10e594020d67,pdfplumber_position_aware_columns_with_unfc_subtotal_validation
IBM-NMI2025-5-36-state-meghalaya-total-01,official_nmi_resource_inventory,5.36,44,2025-04-01,Sillimanite,[],state,Meghalaya,Meghalaya,Total,bulk_mineral_or_source_grade,Tonne,1.0,tonnes,14400.0,0.0,68112.0,82512.0,0.0,0.0,0.0,0.0,0.0,55807.0,0.0,55807.0,138319.0,138319.0,0,True,0.0,2.7663800000000003,True,,,False,inventory_context_only_not_used_as_point_or_grid_model_evidence,SRC_IBM_NMI_2025,https://ibm.gov.in/IBMPortal/pages/national-mineral-inventory-at-a-glance-2025,https://ibm.gov.in/writereaddata/files/17848872906a6337fae632bChapter__5_Mineral_wise.pdf,491b70eccee4f1a63f9ae0fe25b1c2d7c40e8b7c714abab7e12a10e594020d67,pdfplumber_position_aware_columns_with_unfc_subtotal_validation
IBM-NMI2025-5-36-state-odisha-total-01,official_nmi_resource_inventory,5.36,44,2025-04-01,Sillimanite,[],state,Odisha,Odisha,Total,bulk_mineral_or_source_grade,Tonne,1.0,tonnes,4492152.0,0.0,0.0,4492152.0,0.0,115210.0,6557013.0,166178.0,2753734.0,6720777.0,421414.0,16734326.0,21226477.0,21226477.0,0,True,1.0,424.52954000000005,True,,,False,inventory_context_only_not_used_as_point_or_grid_model_evidence,SRC_IBM_NMI_2025,https://ibm.gov.in/IBMPortal/pages/national-mineral-inventory-at-a-glance-2025,https://ibm.gov.in/writereaddata/files/17848872906a6337fae632bChapter__5_Mineral_wise.pdf,491b70eccee4f1a63f9ae0fe25b1c2d7c40e8b7c714abab7e12a10e594020d67,pdfplumber_position_aware_columns_with_unfc_subtotal_validation
IBM-NMI2025-5-36-state-rajasthan-total-01,official_nmi_resource_inventory,5.36,44,2025-04-01,Sillimanite,[],state,Rajasthan,Rajasthan,Total,bulk_mineral_or_source_grade,Tonne,1.0,tonnes,0.0,0.0,0.0,0.0,300.0,0.0,519.0,0.0,0.0,0.0,0.0,819.0,819.0,819.0,0,True,0.0,2.0,True,,,False,inventory_context_only_not_used_as_point_or_grid_model_evidence,SRC_IBM_NMI_2025,https://ibm.gov.in/IBMPortal/pages/national-mineral-inventory-at-a-glance-2025,https://ibm.gov.in/writereaddata/files/17848872906a6337fae632bChapter__5_Mineral_wise.pdf,491b70eccee4f1a63f9ae0fe25b1c2d7c40e8b7c714abab7e12a10e594020d67,pdfplumber_position_aware_columns_with_unfc_subtotal_validation
IBM-NMI2025-5-36-state-tamil-nadu-total-01,official_nmi_resource_inventory,5.36,44,2025-04-01,Sillimanite,[],state,Tamil Nadu,Tamil Nadu,Total,bulk_mineral_or_source_grade,Tonne,1.0,tonnes,93188.0,129578.0,0.0,222766.0,0.0,99773.0,13529146.0,4122.0,0.0,3529577.0,7643.0,17170261.0,17393027.0,17393027.0,0,True,0.0,347.86054,True,,,False,inventory_context_only_not_used_as_point_or_grid_model_evidence,SRC_IBM_NMI_2025,https://ibm.gov.in/IBMPortal/pages/national-mineral-inventory-at-a-glance-2025,https://ibm.gov.in/writereaddata/files/17848872906a6337fae632bChapter__5_Mineral_wise.pdf,491b70eccee4f1a63f9ae0fe25b1c2d7c40e8b7c714abab7e12a10e594020d67,pdfplumber_position_aware_columns_with_unfc_subtotal_validation
IBM-NMI2025-5-36-state-uttar-pradesh-total-01,official_nmi_resource_inventory,5.36,44,2025-04-01,Sillimanite,[],state,Uttar Pradesh,Uttar Pradesh,Total,bulk_mineral_or_source_grade,Tonne,1.0,tonnes,0.0,0.0,0.0,0.0,0.0,0.0,0.0,2100000.0,9350000.0,0.0,0.0,11450000.0,11450000.0,11450000.0,0,True,0.0,229.00000000000003,True,,,False,inventory_context_only_not_used_as_point_or_grid_model_evidence,SRC_IBM_NMI_2025,https://ibm.gov.in/IBMPortal/pages/national-mineral-inventory-at-a-glance-2025,https://ibm.gov.in/writereaddata/files/17848872906a6337fae632bChapter__5_Mineral_wise.pdf,491b70eccee4f1a63f9ae0fe25b1c2d7c40e8b7c714abab7e12a10e594020d67,pdfplumber_position_aware_columns_with_unfc_subtotal_validation
IBM-NMI2025-5-36-state-west-bengal-total-01,official_nmi_resource_inventory,5.36,44,2025-04-01,Sillimanite,[],state,West Bengal,West Bengal,Total,bulk_mineral_or_source_grade,Tonne,1.0,tonnes,0.0,0.0,0.0,0.0,0.0,0.0,0.0,0.0,0.0,1653000.0,0.0,1653000.0,1653000.0,1653000.0,0,True,0.0,33.06,True,,,False,inventory_context_only_not_used_as_point_or_grid_model_evidence,SRC_IBM_NMI_2025,https://ibm.gov.in/IBMPortal/pages/national-mineral-inventory-at-a-glance-2025,https://ibm.gov.in/writereaddata/files/17848872906a6337fae632bChapter__5_Mineral_wise.pdf,491b70eccee4f1a63f9ae0fe25b1c2d7c40e8b7c714abab7e12a10e594020d67,pdfplumber_position_aware_columns_with_unfc_subtotal_validation
IBM-NMI2025-5-37-national-total-all-india-ore-01,official_nmi_resource_inventory,5.37,45,2025-04-01,Silver,"[""Silver""]",national_total,,All India,Ore,ore,Tonne,1.0,tonnes,118819970.0,28260000.0,96387738.0,243467708.0,24038650.0,1484543.0,58998138.0,61787138.0,56339316.0,184350234.0,0.0,386998019.0,630465727.0,630465727.0,0,True,0.0,12609.314540000001,True,,,False,inventory_context_only_not_used_as_point_or_grid_model_evidence,SRC_IBM_NMI_2025,https://ibm.gov.in/IBMPortal/pages/national-mineral-inventory-at-a-glance-2025,https://ibm.gov.in/writereaddata/files/17848872906a6337fae632bChapter__5_Mineral_wise.pdf,491b70eccee4f1a63f9ae0fe25b1c2d7c40e8b7c714abab7e12a10e594020d67,pdfplumber_position_aware_columns_with_unfc_subtotal_validation
IBM-NMI2025-5-37-national-total-all-india-metal-01,official_nmi_resource_inventory,5.37,45,2025-04-01,Silver,"[""Silver""]",national_total,,All India,Metal,contained_metal_or_compound,Tonne,1.0,tonnes,4864.41,1843.36,2861.08,9568.86,857.8,42.85,781.6,4972.06,1991.65,8604.93,0.0,17250.9,26819.75,26819.75,0,True,0.010000000002037268,2.0,True,,,False,inventory_context_only_not_used_as_point_or_grid_model_evidence,SRC_IBM_NMI_2025,https://ibm.gov.in/IBMPortal/pages/national-mineral-inventory-at-a-glance-2025,https://ibm.gov.in/writereaddata/files/17848872906a6337fae632bChapter__5_Mineral_wise.pdf,491b70eccee4f1a63f9ae0fe25b1c2d7c40e8b7c714abab7e12a10e594020d67,pdfplumber_position_aware_columns_with_unfc_subtotal_validation
IBM-NMI2025-5-37-state-andhra-pradesh-ore-01,official_nmi_resource_inventory,5.37,45,2025-04-01,Silver,"[""Silver""]",state,Andhra Pradesh,Andhra Pradesh,Ore,ore,Tonne,1.0,tonnes,0.0,0.0,0.0,0.0,0.0,0.0,16950000.0,0.0,0.0,0.0,0.0,16950000.0,16950000.0,16950000.0,0,True,0.0,339.0,True,,,False,inventory_context_only_not_used_as_point_or_grid_model_evidence,SRC_IBM_NMI_2025,https://ibm.gov.in/IBMPortal/pages/national-mineral-inventory-at-a-glance-2025,https://ibm.gov.in/writereaddata/files/17848872906a6337fae632bChapter__5_Mineral_wise.pdf,491b70eccee4f1a63f9ae0fe25b1c2d7c40e8b7c714abab7e12a10e594020d67,pdfplumber_position_aware_columns_with_unfc_subtotal_validation
IBM-NMI2025-5-37-state-andhra-pradesh-metal-01,official_nmi_resource_inventory,5.37,45,2025-04-01,Silver,"[""Silver""]",state,Andhra Pradesh,Andhra Pradesh,Metal,contained_metal_or_compound,Tonne,1.0,tonnes,0.0,0.0,0.0,0.0,0.0,0.0,128.13,0.0,0.0,0.0,0.0,128.13,128.13,128.13,0,True,0.0,2.0,True,,,False,inventory_context_only_not_used_as_point_or_grid_model_evidence,SRC_IBM_NMI_2025,https://ibm.gov.in/IBMPortal/pages/national-mineral-inventory-at-a-glance-2025,https://ibm.gov.in/writereaddata/files/17848872906a6337fae632bChapter__5_Mineral_wise.pdf,491b70eccee4f1a63f9ae0fe25b1c2d7c40e8b7c714abab7e12a10e594020d67,pdfplumber_position_aware_columns_with_unfc_subtotal_validation
IBM-NMI2025-5-37-state-chhattisgarh-ore-01,official_nmi_resource_inventory,5.37,45,2025-04-01,Silver,"[""Silver""]",state,Chhattisgarh,Chhattisgarh,Ore,ore,Tonne,1.0,tonnes,0.0,0.0,0.0,0.0,0.0,0.0,0.0,0.0,0.0,290000.0,0.0,290000.0,290000.0,290000.0,0,True,0.0,5.800000000000001,True,,,False,inventory_context_only_not_used_as_point_or_grid_model_evidence,SRC_IBM_NMI_2025,https://ibm.gov.in/IBMPortal/pages/national-mineral-inventory-at-a-glance-2025,https://ibm.gov.in/writereaddata/files/17848872906a6337fae632bChapter__5_Mineral_wise.pdf,491b70eccee4f1a63f9ae0fe25b1c2d7c40e8b7c714abab7e12a10e594020d67,pdfplumber_position_aware_columns_with_unfc_subtotal_validation
IBM-NMI2025-5-37-state-chhattisgarh-metal-01,official_nmi_resource_inventory,5.37,45,2025-04-01,Silver,"[""Silver""]",state,Chhattisgarh,Chhattisgarh,Metal,contained_metal_or_compound,Tonne,1.0,tonnes,0.0,0.0,0.0,0.0,0.0,0.0,0.0,0.0,0.0,3.16,0.0,3.16,3.161,3.161,0,True,0.0009999999999998899,2.0,True,,,False,inventory_context_only_not_used_as_point_or_grid_model_evidence,SRC_IBM_NMI_2025,https://ibm.gov.in/IBMPortal/pages/national-mineral-inventory-at-a-glance-2025,https://ibm.gov.in/writereaddata/files/17848872906a6337fae632bChapter__5_Mineral_wise.pdf,491b70eccee4f1a63f9ae0fe25b1c2d7c40e8b7c714abab7e12a10e594020d67,pdfplumber_position_aware_columns_with_unfc_subtotal_validation
IBM-NMI2025-5-37-state-jharkhand-ore-01,official_nmi_resource_inventory,5.37,45,2025-04-01,Silver,"[""Silver""]",state,Jharkhand,Jharkhand,Ore,ore,Tonne,1.0,tonnes,0.0,0.0,0.0,0.0,0.0,0.0,0.0,0.0,0.0,23840000.0,0.0,23840000.0,23840000.0,23840000.0,0,True,0.0,476.8,True,,,False,inventory_context_only_not_used_as_point_or_grid_model_evidence,SRC_IBM_NMI_2025,https://ibm.gov.in/IBMPortal/pages/national-mineral-inventory-at-a-glance-2025,https://ibm.gov.in/writereaddata/files/17848872906a6337fae632bChapter__5_Mineral_wise.pdf,491b70eccee4f1a63f9ae0fe25b1c2d7c40e8b7c714abab7e12a10e594020d67,pdfplumber_position_aware_columns_with_unfc_subtotal_validation
IBM-NMI2025-5-37-state-jharkhand-metal-01,official_nmi_resource_inventory,5.37,45,2025-04-01,Silver,"[""Silver""]",state,Jharkhand,Jharkhand,Metal,contained_metal_or_compound,Tonne,1.0,tonnes,0.0,0.0,0.0,0.0,0.0,0.0,0.0,0.0,0.0,5.22,0.0,5.22,5.22,5.22,0,True,0.0,2.0,True,,,False,inventory_context_only_not_used_as_point_or_grid_model_evidence,SRC_IBM_NMI_2025,https://ibm.gov.in/IBMPortal/pages/national-mineral-inventory-at-a-glance-2025,https://ibm.gov.in/writereaddata/files/17848872906a6337fae632bChapter__5_Mineral_wise.pdf,491b70eccee4f1a63f9ae0fe25b1c2d7c40e8b7c714abab7e12a10e594020d67,pdfplumber_position_aware_columns_with_unfc_subtotal_validation
IBM-NMI2025-5-37-state-karnataka-ore-01,official_nmi_resource_inventory,5.37,45,2025-04-01,Silver,"[""Silver""]",state,Karnataka,Karnataka,Ore,ore,Tonne,1.0,tonnes,17480000.0,4640000.0,0.0,22120000.0,0.0,0.0,69462.0,0.0,1490000.0,2254150.0,0.0,3813612.0,25933612.0,25933612.0,0,True,0.0,518.67224,True,,,False,inventory_context_only_not_used_as_point_or_grid_model_evidence,SRC_IBM_NMI_2025,https://ibm.gov.in/IBMPortal/pages/national-mineral-inventory-at-a-glance-2025,https://ibm.gov.in/writereaddata/files/17848872906a6337fae632bChapter__5_Mineral_wise.pdf,491b70eccee4f1a63f9ae0fe25b1c2d7c40e8b7c714abab7e12a10e594020d67,pdfplumber_position_aware_columns_with_unfc_subtotal_validation
IBM-NMI2025-5-37-state-karnataka-metal-01,official_nmi_resource_inventory,5.37,45,2025-04-01,Silver,"[""Silver""]",state,Karnataka,Karnataka,Metal,contained_metal_or_compound,Tonne,1.0,tonnes,4.43,1.0,0.0,5.43,0.0,0.0,0.48,0.0,0.39,3.42,0.0,4.29,9.72,9.72,0,True,1.7763568394002505e-15,2.0,True,,,False,inventory_context_only_not_used_as_point_or_grid_model_evidence,SRC_IBM_NMI_2025,https://ibm.gov.in/IBMPortal/pages/national-mineral-inventory-at-a-glance-2025,https://ibm.gov.in/writereaddata/files/17848872906a6337fae632bChapter__5_Mineral_wise.pdf,491b70eccee4f1a63f9ae0fe25b1c2d7c40e8b7c714abab7e12a10e594020d67,pdfplumber_position_aware_columns_with_unfc_subtotal_validation
IBM-NMI2025-5-37-state-madhya-pradesh-ore-01,official_nmi_resource_inventory,5.37,45,2025-04-01,Silver,"[""Silver""]",state,Madhya Pradesh,Madhya Pradesh,Ore,ore,Tonne,1.0,tonnes,0.0,0.0,361917.0,361917.0,0.0,0.0,24552.0,0.0,1510000.0,1120000.0,0.0,2654552.0,3016469.0,3016469.0,0,True,0.0,60.32938000000001,True,,,False,inventory_context_only_not_used_as_point_or_grid_model_evidence,SRC_IBM_NMI_2025,https://ibm.gov.in/IBMPortal/pages/national-mineral-inventory-at-a-glance-2025,https://ibm.gov.in/writereaddata/files/17848872906a6337fae632bChapter__5_Mineral_wise.pdf,491b70eccee4f1a63f9ae0fe25b1c2d7c40e8b7c714abab7e12a10e594020d67,pdfplumber_position_aware_columns_with_unfc_subtotal_validation
IBM-NMI2025-5-37-state-madhya-pradesh-metal-01,official_nmi_resource_inventory,5.37,45,2025-04-01,Silver,"[""Silver""]",state,Madhya Pradesh,Madhya Pradesh,Metal,contained_metal_or_compound,Tonne,1.0,tonnes,0.0,0.0,21.86,21.86,0.0,0.0,1.48,0.0,116.27,9.25,0.0,127.0,148.86,148.86,0,True,0.0,2.0,True,,,False,inventory_context_only_not_used_as_point_or_grid_model_evidence,SRC_IBM_NMI_2025,https://ibm.gov.in/IBMPortal/pages/national-mineral-inventory-at-a-glance-2025,https://ibm.gov.in/writereaddata/files/17848872906a6337fae632bChapter__5_Mineral_wise.pdf,491b70eccee4f1a63f9ae0fe25b1c2d7c40e8b7c714abab7e12a10e594020d67,pdfplumber_position_aware_columns_with_unfc_subtotal_validation
IBM-NMI2025-5-37-state-maharashtra-ore-01,official_nmi_resource_inventory,5.37,45,2025-04-01,Silver,"[""Silver""]",state,Maharashtra,Maharashtra,Ore,ore,Tonne,1.0,tonnes,0.0,0.0,0.0,0.0,0.0,0.0,0.0,0.0,0.0,235000.0,0.0,235000.0,235000.0,235000.0,0,True,0.0,4.7,True,,,False,inventory_context_only_not_used_as_point_or_grid_model_evidence,SRC_IBM_NMI_2025,https://ibm.gov.in/IBMPortal/pages/national-mineral-inventory-at-a-glance-2025,https://ibm.gov.in/writereaddata/files/17848872906a6337fae632bChapter__5_Mineral_wise.pdf,491b70eccee4f1a63f9ae0fe25b1c2d7c40e8b7c714abab7e12a10e594020d67,pdfplumber_position_aware_columns_with_unfc_subtotal_validation
IBM-NMI2025-5-37-state-maharashtra-metal-01,official_nmi_resource_inventory,5.37,45,2025-04-01,Silver,"[""Silver""]",state,Maharashtra,Maharashtra,Metal,contained_metal_or_compound,Tonne,1.0,tonnes,0.0,0.0,0.0,0.0,0.0,0.0,0.0,0.0,0.0,0.23,0.0,0.23,0.23,0.23,0,True,0.0,2.0,True,,,False,inventory_context_only_not_used_as_point_or_grid_model_evidence,SRC_IBM_NMI_2025,https://ibm.gov.in/IBMPortal/pages/national-mineral-inventory-at-a-glance-2025,https://ibm.gov.in/writereaddata/files/17848872906a6337fae632bChapter__5_Mineral_wise.pdf,491b70eccee4f1a63f9ae0fe25b1c2d7c40e8b7c714abab7e12a10e594020d67,pdfplumber_position_aware_columns_with_unfc_subtotal_validation
IBM-NMI2025-5-37-state-meghalaya-ore-01,official_nmi_resource_inventory,5.37,45,2025-04-01,Silver,"[""Silver""]",state,Meghalaya,Meghalaya,Ore,ore,Tonne,1.0,tonnes,0.0,0.0,0.0,0.0,0.0,0.0,0.0,0.0,880000.0,0.0,0.0,880000.0,880000.0,880000.0,0,True,0.0,17.6,True,,,False,inventory_context_only_not_used_as_point_or_grid_model_evidence,SRC_IBM_NMI_2025,https://ibm.gov.in/IBMPortal/pages/national-mineral-inventory-at-a-glance-2025,https://ibm.gov.in/writereaddata/files/17848872906a6337fae632bChapter__5_Mineral_wise.pdf,491b70eccee4f1a63f9ae0fe25b1c2d7c40e8b7c714abab7e12a10e594020d67,pdfplumber_position_aware_columns_with_unfc_subtotal_validation
IBM-NMI2025-5-37-state-meghalaya-metal-01,official_nmi_resource_inventory,5.37,45,2025-04-01,Silver,"[""Silver""]",state,Meghalaya,Meghalaya,Metal,contained_metal_or_compound,Tonne,1.0,tonnes,0.0,0.0,0.0,0.0,0.0,0.0,0.0,0.0,19.8,0.0,0.0,19.8,19.8,19.8,0,True,0.0,2.0,True,,,False,inventory_context_only_not_used_as_point_or_grid_model_evidence,SRC_IBM_NMI_2025,https://ibm.gov.in/IBMPortal/pages/national-mineral-inventory-at-a-glance-2025,https://ibm.gov.in/writereaddata/files/17848872906a6337fae632bChapter__5_Mineral_wise.pdf,491b70eccee4f1a63f9ae0fe25b1c2d7c40e8b7c714abab7e12a10e594020d67,pdfplumber_position_aware_columns_with_unfc_subtotal_validation
IBM-NMI2025-5-37-state-odisha-ore-01,official_nmi_resource_inventory,5.37,45,2025-04-01,Silver,"[""Silver""]",state,Odisha,Odisha,Ore,ore,Tonne,1.0,tonnes,0.0,0.0,0.0,0.0,0.0,960500.0,119000.0,0.0,630000.0,670000.0,0.0,2379500.0,2379500.0,2379500.0,0,True,0.0,47.59,True,,,False,inventory_context_only_not_used_as_point_or_grid_model_evidence,SRC_IBM_NMI_2025,https://ibm.gov.in/IBMPortal/pages/national-mineral-inventory-at-a-glance-2025,https://ibm.gov.in/writereaddata/files/17848872906a6337fae632bChapter__5_Mineral_wise.pdf,491b70eccee4f1a63f9ae0fe25b1c2d7c40e8b7c714abab7e12a10e594020d67,pdfplumber_position_aware_columns_with_unfc_subtotal_validation
IBM-NMI2025-5-37-state-odisha-metal-01,official_nmi_resource_inventory,5.37,45,2025-04-01,Silver,"[""Silver""]",state,Odisha,Odisha,Metal,contained_metal_or_compound,Tonne,1.0,tonnes,0.0,0.0,0.0,0.0,0.0,27.34,3.4,0.0,2.24,34.17,0.0,67.15,67.15,67.15,0,True,0.0,2.0,True,,,False,inventory_context_only_not_used_as_point_or_grid_model_evidence,SRC_IBM_NMI_2025,https://ibm.gov.in/IBMPortal/pages/national-mineral-inventory-at-a-glance-2025,https://ibm.gov.in/writereaddata/files/17848872906a6337fae632bChapter__5_Mineral_wise.pdf,491b70eccee4f1a63f9ae0fe25b1c2d7c40e8b7c714abab7e12a10e594020d67,pdfplumber_position_aware_columns_with_unfc_subtotal_validation
IBM-NMI2025-5-37-state-rajasthan-ore-01,official_nmi_resource_inventory,5.37,46,2025-04-01,Silver,"[""Silver""]",state,Rajasthan,Rajasthan,Ore,ore,Tonne,1.0,tonnes,101339970.0,23620000.0,96025821.0,220985791.0,24038650.0,88200.0,41771344.0,59887138.0,50099316.0,154941084.0,0.0,330825732.0,551811523.0,551811523.0,0,True,0.0,11036.23046,True,,,False,inventory_context_only_not_used_as_point_or_grid_model_evidence,SRC_IBM_NMI_2025,https://ibm.gov.in/IBMPortal/pages/national-mineral-inventory-at-a-glance-2025,https://ibm.gov.in/writereaddata/files/17848872906a6337fae632bChapter__5_Mineral_wise.pdf,491b70eccee4f1a63f9ae0fe25b1c2d7c40e8b7c714abab7e12a10e594020d67,pdfplumber_position_aware_columns_with_unfc_subtotal_validation
IBM-NMI2025-5-37-state-rajasthan-metal-01,official_nmi_resource_inventory,5.37,46,2025-04-01,Silver,"[""Silver""]",state,Rajasthan,Rajasthan,Metal,contained_metal_or_compound,Tonne,1.0,tonnes,4859.98,1842.36,2839.22,9541.57,857.8,0.26,648.07,4810.46,1832.88,8508.61,0.0,16658.08,26199.65,26199.65,0,True,0.010000000000218279,2.0,True,,,False,inventory_context_only_not_used_as_point_or_grid_model_evidence,SRC_IBM_NMI_2025,https://ibm.gov.in/IBMPortal/pages/national-mineral-inventory-at-a-glance-2025,https://ibm.gov.in/writereaddata/files/17848872906a6337fae632bChapter__5_Mineral_wise.pdf,491b70eccee4f1a63f9ae0fe25b1c2d7c40e8b7c714abab7e12a10e594020d67,pdfplumber_position_aware_columns_with_unfc_subtotal_validation
IBM-NMI2025-5-37-state-sikkim-ore-01,official_nmi_resource_inventory,5.37,46,2025-04-01,Silver,"[""Silver""]",state,Sikkim,Sikkim,Ore,ore,Tonne,1.0,tonnes,0.0,0.0,0.0,0.0,0.0,435843.0,63780.0,300000.0,0.0,150000.0,0.0,949623.0,949623.0,949623.0,0,True,0.0,18.99246,True,,,False,inventory_context_only_not_used_as_point_or_grid_model_evidence,SRC_IBM_NMI_2025,https://ibm.gov.in/IBMPortal/pages/national-mineral-inventory-at-a-glance-2025,https://ibm.gov.in/writereaddata/files/17848872906a6337fae632bChapter__5_Mineral_wise.pdf,491b70eccee4f1a63f9ae0fe25b1c2d7c40e8b7c714abab7e12a10e594020d67,pdfplumber_position_aware_columns_with_unfc_subtotal_validation
IBM-NMI2025-5-37-state-sikkim-metal-01,official_nmi_resource_inventory,5.37,46,2025-04-01,Silver,"[""Silver""]",state,Sikkim,Sikkim,Metal,contained_metal_or_compound,Tonne,1.0,tonnes,0.0,0.0,0.0,0.0,0.0,15.25,0.04,27.6,0.0,13.8,0.0,56.69,56.69,56.69,0,True,7.105427357601002e-15,2.0,True,,,False,inventory_context_only_not_used_as_point_or_grid_model_evidence,SRC_IBM_NMI_2025,https://ibm.gov.in/IBMPortal/pages/national-mineral-inventory-at-a-glance-2025,https://ibm.gov.in/writereaddata/files/17848872906a6337fae632bChapter__5_Mineral_wise.pdf,491b70eccee4f1a63f9ae0fe25b1c2d7c40e8b7c714abab7e12a10e594020d67,pdfplumber_position_aware_columns_with_unfc_subtotal_validation
IBM-NMI2025-5-37-state-tamil-nadu-ore-01,official_nmi_resource_inventory,5.37,46,2025-04-01,Silver,"[""Silver""]",state,Tamil Nadu,Tamil Nadu,Ore,ore,Tonne,1.0,tonnes,0.0,0.0,0.0,0.0,0.0,0.0,0.0,0.0,330000.0,460000.0,0.0,790000.0,790000.0,790000.0,0,True,0.0,15.8,True,,,False,inventory_context_only_not_used_as_point_or_grid_model_evidence,SRC_IBM_NMI_2025,https://ibm.gov.in/IBMPortal/pages/national-mineral-inventory-at-a-glance-2025,https://ibm.gov.in/writereaddata/files/17848872906a6337fae632bChapter__5_Mineral_wise.pdf,491b70eccee4f1a63f9ae0fe25b1c2d7c40e8b7c714abab7e12a10e594020d67,pdfplumber_position_aware_columns_with_unfc_subtotal_validation
IBM-NMI2025-5-37-state-tamil-nadu-metal-01,official_nmi_resource_inventory,5.37,46,2025-04-01,Silver,"[""Silver""]",state,Tamil Nadu,Tamil Nadu,Metal,contained_metal_or_compound,Tonne,1.0,tonnes,0.0,0.0,0.0,0.0,0.0,0.0,0.0,0.0,15.87,26.68,0.0,42.55,42.55,42.55,0,True,0.0,2.0,True,,,False,inventory_context_only_not_used_as_point_or_grid_model_evidence,SRC_IBM_NMI_2025,https://ibm.gov.in/IBMPortal/pages/national-mineral-inventory-at-a-glance-2025,https://ibm.gov.in/writereaddata/files/17848872906a6337fae632bChapter__5_Mineral_wise.pdf,491b70eccee4f1a63f9ae0fe25b1c2d7c40e8b7c714abab7e12a10e594020d67,pdfplumber_position_aware_columns_with_unfc_subtotal_validation
IBM-NMI2025-5-37-state-uttarakhand-ore-01,official_nmi_resource_inventory,5.37,46,2025-04-01,Silver,"[""Silver""]",state,Uttarakhand,Uttarakhand,Ore,ore,Tonne,1.0,tonnes,0.0,0.0,0.0,0.0,0.0,0.0,0.0,1600000.0,1400000.0,390000.0,0.0,3390000.0,3390000.0,3390000.0,0,True,0.0,67.80000000000001,True,,,False,inventory_context_only_not_used_as_point_or_grid_model_evidence,SRC_IBM_NMI_2025,https://ibm.gov.in/IBMPortal/pages/national-mineral-inventory-at-a-glance-2025,https://ibm.gov.in/writereaddata/files/17848872906a6337fae632bChapter__5_Mineral_wise.pdf,491b70eccee4f1a63f9ae0fe25b1c2d7c40e8b7c714abab7e12a10e594020d67,pdfplumber_position_aware_columns_with_unfc_subtotal_validation
IBM-NMI2025-5-37-state-uttarakhand-metal-01,official_nmi_resource_inventory,5.37,46,2025-04-01,Silver,"[""Silver""]",state,Uttarakhand,Uttarakhand,Metal,contained_metal_or_compound,Tonne,1.0,tonnes,0.0,0.0,0.0,0.0,0.0,0.0,0.0,134.0,4.2,0.39,0.0,138.59,138.59,138.59,0,True,0.0,2.0,True,,,False,inventory_context_only_not_used_as_point_or_grid_model_evidence,SRC_IBM_NMI_2025,https://ibm.gov.in/IBMPortal/pages/national-mineral-inventory-at-a-glance-2025,https://ibm.gov.in/writereaddata/files/17848872906a6337fae632bChapter__5_Mineral_wise.pdf,491b70eccee4f1a63f9ae0fe25b1c2d7c40e8b7c714abab7e12a10e594020d67,pdfplumber_position_aware_columns_with_unfc_subtotal_validation
IBM-NMI2025-5-38-national-total-all-india-total-01,official_nmi_resource_inventory,5.38,47,2025-04-01,Sulphur (Native),[],national_total,,All India,Total,bulk_mineral_or_source_grade,'000 Tonnes,1000.0,tonnes,0.0,0.0,0.0,0.0,0.0,0.0,0.0,0.0,0.0,210.0,0.0,210.0,210.0,210000.0,0,True,0.0,2.0,True,,,False,inventory_context_only_not_used_as_point_or_grid_model_evidence,SRC_IBM_NMI_2025,https://ibm.gov.in/IBMPortal/pages/national-mineral-inventory-at-a-glance-2025,https://ibm.gov.in/writereaddata/files/17848872906a6337fae632bChapter__5_Mineral_wise.pdf,491b70eccee4f1a63f9ae0fe25b1c2d7c40e8b7c714abab7e12a10e594020d67,pdfplumber_position_aware_columns_with_unfc_subtotal_validation
IBM-NMI2025-5-38-grade-all-india-sulphur-native-01,official_nmi_resource_inventory,5.38,47,2025-04-01,Sulphur (Native),[],grade,,All India,Sulphur (Native),bulk_mineral_or_source_grade,'000 Tonnes,1000.0,tonnes,0.0,0.0,0.0,0.0,0.0,0.0,0.0,0.0,0.0,210.0,0.0,210.0,210.0,210000.0,0,True,0.0,2.0,True,,,False,inventory_context_only_not_used_as_point_or_grid_model_evidence,SRC_IBM_NMI_2025,https://ibm.gov.in/IBMPortal/pages/national-mineral-inventory-at-a-glance-2025,https://ibm.gov.in/writereaddata/files/17848872906a6337fae632bChapter__5_Mineral_wise.pdf,491b70eccee4f1a63f9ae0fe25b1c2d7c40e8b7c714abab7e12a10e594020d67,pdfplumber_position_aware_columns_with_unfc_subtotal_validation
IBM-NMI2025-5-38-state-jammu-kashmir-total-01,official_nmi_resource_inventory,5.38,47,2025-04-01,Sulphur (Native),[],state,Jammu & Kashmir,Jammu & Kashmir,Total,bulk_mineral_or_source_grade,'000 Tonnes,1000.0,tonnes,0.0,0.0,0.0,0.0,0.0,0.0,0.0,0.0,0.0,210.0,0.0,210.0,210.0,210000.0,0,True,0.0,2.0,True,,,False,inventory_context_only_not_used_as_point_or_grid_model_evidence,SRC_IBM_NMI_2025,https://ibm.gov.in/IBMPortal/pages/national-mineral-inventory-at-a-glance-2025,https://ibm.gov.in/writereaddata/files/17848872906a6337fae632bChapter__5_Mineral_wise.pdf,491b70eccee4f1a63f9ae0fe25b1c2d7c40e8b7c714abab7e12a10e594020d67,pdfplumber_position_aware_columns_with_unfc_subtotal_validation
IBM-NMI2025-5-39-national-total-all-india-ore-01,official_nmi_resource_inventory,5.39,48,2025-04-01,Tin,"[""Tin""]",national_total,,All India,Ore,ore,Tonne,1.0,tonnes,1583.0,0.0,376.0,1960.0,22595227.0,2792.0,31330150.0,168285.0,711080.0,29398169.0,2802.0,84208504.0,84210464.0,84210464.0,0,True,1.0,1684.20928,True,,,False,inventory_context_only_not_used_as_point_or_grid_model_evidence,SRC_IBM_NMI_2025,https://ibm.gov.in/IBMPortal/pages/national-mineral-inventory-at-a-glance-2025,https://ibm.gov.in/writereaddata/files/17848872906a6337fae632bChapter__5_Mineral_wise.pdf,491b70eccee4f1a63f9ae0fe25b1c2d7c40e8b7c714abab7e12a10e594020d67,pdfplumber_position_aware_columns_with_unfc_subtotal_validation
IBM-NMI2025-5-39-national-total-all-india-metal-01,official_nmi_resource_inventory,5.39,48,2025-04-01,Tin,"[""Tin""]",national_total,,All India,Metal,contained_metal_or_compound,Tonne,1.0,tonnes,773.33,0.0,175.03,948.36,33650.98,913.47,54094.32,629.79,401.13,13270.72,1814.96,104775.37,105723.73,105723.73,0,True,0.0,2.1144746,True,,,False,inventory_context_only_not_used_as_point_or_grid_model_evidence,SRC_IBM_NMI_2025,https://ibm.gov.in/IBMPortal/pages/national-mineral-inventory-at-a-glance-2025,https://ibm.gov.in/writereaddata/files/17848872906a6337fae632bChapter__5_Mineral_wise.pdf,491b70eccee4f1a63f9ae0fe25b1c2d7c40e8b7c714abab7e12a10e594020d67,pdfplumber_position_aware_columns_with_unfc_subtotal_validation
IBM-NMI2025-5-39-state-bihar-ore-01,official_nmi_resource_inventory,5.39,48,2025-04-01,Tin,"[""Tin""]",state,Bihar,Bihar,Ore,ore,Tonne,1.0,tonnes,0.0,0.0,0.0,0.0,0.0,0.0,0.0,0.0,0.0,334800.0,0.0,334800.0,334800.0,334800.0,0,True,0.0,6.696000000000001,True,,,False,inventory_context_only_not_used_as_point_or_grid_model_evidence,SRC_IBM_NMI_2025,https://ibm.gov.in/IBMPortal/pages/national-mineral-inventory-at-a-glance-2025,https://ibm.gov.in/writereaddata/files/17848872906a6337fae632bChapter__5_Mineral_wise.pdf,491b70eccee4f1a63f9ae0fe25b1c2d7c40e8b7c714abab7e12a10e594020d67,pdfplumber_position_aware_columns_with_unfc_subtotal_validation
IBM-NMI2025-5-39-state-bihar-metal-01,official_nmi_resource_inventory,5.39,48,2025-04-01,Tin,"[""Tin""]",state,Bihar,Bihar,Metal,contained_metal_or_compound,Tonne,1.0,tonnes,0.0,0.0,0.0,0.0,0.0,0.0,0.0,0.0,0.0,124.21,0.0,124.21,124.21,124.21,0,True,0.0,2.0,True,,,False,inventory_context_only_not_used_as_point_or_grid_model_evidence,SRC_IBM_NMI_2025,https://ibm.gov.in/IBMPortal/pages/national-mineral-inventory-at-a-glance-2025,https://ibm.gov.in/writereaddata/files/17848872906a6337fae632bChapter__5_Mineral_wise.pdf,491b70eccee4f1a63f9ae0fe25b1c2d7c40e8b7c714abab7e12a10e594020d67,pdfplumber_position_aware_columns_with_unfc_subtotal_validation
IBM-NMI2025-5-39-state-chhattisgarh-ore-01,official_nmi_resource_inventory,5.39,48,2025-04-01,Tin,"[""Tin""]",state,Chhattisgarh,Chhattisgarh,Ore,ore,Tonne,1.0,tonnes,1583.0,0.0,376.0,1960.0,2535.0,2139.0,110.0,168285.0,559914.0,29062361.0,2802.0,29798145.0,29800105.0,29800105.0,0,True,1.0,596.0021,True,,,False,inventory_context_only_not_used_as_point_or_grid_model_evidence,SRC_IBM_NMI_2025,https://ibm.gov.in/IBMPortal/pages/national-mineral-inventory-at-a-glance-2025,https://ibm.gov.in/writereaddata/files/17848872906a6337fae632bChapter__5_Mineral_wise.pdf,491b70eccee4f1a63f9ae0fe25b1c2d7c40e8b7c714abab7e12a10e594020d67,pdfplumber_position_aware_columns_with_unfc_subtotal_validation
IBM-NMI2025-5-39-state-chhattisgarh-metal-01,official_nmi_resource_inventory,5.39,48,2025-04-01,Tin,"[""Tin""]",state,Chhattisgarh,Chhattisgarh,Metal,contained_metal_or_compound,Tonne,1.0,tonnes,773.33,0.0,175.03,948.36,1428.55,401.0,33.93,629.79,209.43,13130.9,1814.96,17648.56,18596.92,18596.92,0,True,3.637978807091713e-12,2.0,True,,,False,inventory_context_only_not_used_as_point_or_grid_model_evidence,SRC_IBM_NMI_2025,https://ibm.gov.in/IBMPortal/pages/national-mineral-inventory-at-a-glance-2025,https://ibm.gov.in/writereaddata/files/17848872906a6337fae632bChapter__5_Mineral_wise.pdf,491b70eccee4f1a63f9ae0fe25b1c2d7c40e8b7c714abab7e12a10e594020d67,pdfplumber_position_aware_columns_with_unfc_subtotal_validation
IBM-NMI2025-5-39-state-haryana-ore-01,official_nmi_resource_inventory,5.39,48,2025-04-01,Tin,"[""Tin""]",state,Haryana,Haryana,Ore,ore,Tonne,1.0,tonnes,0.0,0.0,0.0,0.0,22580000.0,0.0,31330000.0,0.0,0.0,0.0,0.0,53910000.0,53910000.0,53910000.0,0,True,0.0,1078.2,True,,,False,inventory_context_only_not_used_as_point_or_grid_model_evidence,SRC_IBM_NMI_2025,https://ibm.gov.in/IBMPortal/pages/national-mineral-inventory-at-a-glance-2025,https://ibm.gov.in/writereaddata/files/17848872906a6337fae632bChapter__5_Mineral_wise.pdf,491b70eccee4f1a63f9ae0fe25b1c2d7c40e8b7c714abab7e12a10e594020d67,pdfplumber_position_aware_columns_with_unfc_subtotal_validation
IBM-NMI2025-5-39-state-haryana-metal-01,official_nmi_resource_inventory,5.39,48,2025-04-01,Tin,"[""Tin""]",state,Haryana,Haryana,Metal,contained_metal_or_compound,Tonne,1.0,tonnes,0.0,0.0,0.0,0.0,32187.8,0.0,54032.8,0.0,0.0,0.0,0.0,86220.6,86220.6,86220.6,0,True,0.0,2.0,True,,,False,inventory_context_only_not_used_as_point_or_grid_model_evidence,SRC_IBM_NMI_2025,https://ibm.gov.in/IBMPortal/pages/national-mineral-inventory-at-a-glance-2025,https://ibm.gov.in/writereaddata/files/17848872906a6337fae632bChapter__5_Mineral_wise.pdf,491b70eccee4f1a63f9ae0fe25b1c2d7c40e8b7c714abab7e12a10e594020d67,pdfplumber_position_aware_columns_with_unfc_subtotal_validation
IBM-NMI2025-5-39-state-odisha-ore-01,official_nmi_resource_inventory,5.39,48,2025-04-01,Tin,"[""Tin""]",state,Odisha,Odisha,Ore,ore,Tonne,1.0,tonnes,0.0,0.0,0.0,0.0,12692.0,653.0,40.0,0.0,1166.0,1008.0,0.0,15560.0,15560.0,15560.0,0,True,1.0,2.0,True,,,False,inventory_context_only_not_used_as_point_or_grid_model_evidence,SRC_IBM_NMI_2025,https://ibm.gov.in/IBMPortal/pages/national-mineral-inventory-at-a-glance-2025,https://ibm.gov.in/writereaddata/files/17848872906a6337fae632bChapter__5_Mineral_wise.pdf,491b70eccee4f1a63f9ae0fe25b1c2d7c40e8b7c714abab7e12a10e594020d67,pdfplumber_position_aware_columns_with_unfc_subtotal_validation
IBM-NMI2025-5-39-state-odisha-metal-01,official_nmi_resource_inventory,5.39,48,2025-04-01,Tin,"[""Tin""]",state,Odisha,Odisha,Metal,contained_metal_or_compound,Tonne,1.0,tonnes,0.0,0.0,0.0,0.0,34.63,512.47,27.59,0.0,22.2,15.61,0.0,612.5,612.5,612.5,0,True,0.0,2.0,True,,,False,inventory_context_only_not_used_as_point_or_grid_model_evidence,SRC_IBM_NMI_2025,https://ibm.gov.in/IBMPortal/pages/national-mineral-inventory-at-a-glance-2025,https://ibm.gov.in/writereaddata/files/17848872906a6337fae632bChapter__5_Mineral_wise.pdf,491b70eccee4f1a63f9ae0fe25b1c2d7c40e8b7c714abab7e12a10e594020d67,pdfplumber_position_aware_columns_with_unfc_subtotal_validation
IBM-NMI2025-5-39-state-rajasthan-ore-01,official_nmi_resource_inventory,5.39,48,2025-04-01,Tin,"[""Tin""]",state,Rajasthan,Rajasthan,Ore,ore,Tonne,1.0,tonnes,0.0,0.0,0.0,0.0,0.0,0.0,0.0,0.0,150000.0,0.0,0.0,150000.0,150000.0,150000.0,0,True,0.0,3.0000000000000004,True,,,False,inventory_context_only_not_used_as_point_or_grid_model_evidence,SRC_IBM_NMI_2025,https://ibm.gov.in/IBMPortal/pages/national-mineral-inventory-at-a-glance-2025,https://ibm.gov.in/writereaddata/files/17848872906a6337fae632bChapter__5_Mineral_wise.pdf,491b70eccee4f1a63f9ae0fe25b1c2d7c40e8b7c714abab7e12a10e594020d67,pdfplumber_position_aware_columns_with_unfc_subtotal_validation
IBM-NMI2025-5-39-state-rajasthan-metal-01,official_nmi_resource_inventory,5.39,48,2025-04-01,Tin,"[""Tin""]",state,Rajasthan,Rajasthan,Metal,contained_metal_or_compound,Tonne,1.0,tonnes,0.0,0.0,0.0,0.0,0.0,0.0,0.0,0.0,169.5,0.0,0.0,169.5,169.5,169.5,0,True,0.0,2.0,True,,,False,inventory_context_only_not_used_as_point_or_grid_model_evidence,SRC_IBM_NMI_2025,https://ibm.gov.in/IBMPortal/pages/national-mineral-inventory-at-a-glance-2025,https://ibm.gov.in/writereaddata/files/17848872906a6337fae632bChapter__5_Mineral_wise.pdf,491b70eccee4f1a63f9ae0fe25b1c2d7c40e8b7c714abab7e12a10e594020d67,pdfplumber_position_aware_columns_with_unfc_subtotal_validation
IBM-NMI2025-5-40-national-total-all-india-total-01,official_nmi_resource_inventory,5.40,49,2025-04-01,Titanium,"[""Titanium""]",national_total,,All India,Total,bulk_mineral_or_source_grade,Tonne,1.0,tonnes,11759499.0,1320523.0,19068.0,13099090.0,9661115.0,752545.0,0.0,4476428.0,54398486.0,444862976.0,145733385.0,659884936.0,672984026.0,672984026.0,0,True,1.0,13459.680520000002,True,,,False,inventory_context_only_not_used_as_point_or_grid_model_evidence,SRC_IBM_NMI_2025,https://ibm.gov.in/IBMPortal/pages/national-mineral-inventory-at-a-glance-2025,https://ibm.gov.in/writereaddata/files/17848872906a6337fae632bChapter__5_Mineral_wise.pdf,491b70eccee4f1a63f9ae0fe25b1c2d7c40e8b7c714abab7e12a10e594020d67,pdfplumber_position_aware_columns_with_unfc_subtotal_validation
IBM-NMI2025-5-40-grade-all-india-ilmenite-01,official_nmi_resource_inventory,5.40,49,2025-04-01,Titanium,"[""Titanium""]",grade,,All India,Ilmenite,bulk_mineral_or_source_grade,Tonne,1.0,tonnes,11011571.0,1186033.0,0.0,12197605.0,8800781.0,693601.0,0.0,3348468.0,43336607.0,299118687.0,944141.0,356242284.0,368439889.0,368439889.0,0,True,1.0,7368.797780000001,True,,,False,inventory_context_only_not_used_as_point_or_grid_model_evidence,SRC_IBM_NMI_2025,https://ibm.gov.in/IBMPortal/pages/national-mineral-inventory-at-a-glance-2025,https://ibm.gov.in/writereaddata/files/17848872906a6337fae632bChapter__5_Mineral_wise.pdf,491b70eccee4f1a63f9ae0fe25b1c2d7c40e8b7c714abab7e12a10e594020d67,pdfplumber_position_aware_columns_with_unfc_subtotal_validation
IBM-NMI2025-5-40-grade-all-india-rutile-01,official_nmi_resource_inventory,5.40,49,2025-04-01,Titanium,"[""Titanium""]",grade,,All India,Rutile,bulk_mineral_or_source_grade,Tonne,1.0,tonnes,511673.0,54418.0,0.0,566092.0,641825.0,27579.0,0.0,120967.0,3559567.0,9158655.0,5859245.0,19367838.0,19933930.0,19933930.0,0,True,1.0,398.6786,True,,,False,inventory_context_only_not_used_as_point_or_grid_model_evidence,SRC_IBM_NMI_2025,https://ibm.gov.in/IBMPortal/pages/national-mineral-inventory-at-a-glance-2025,https://ibm.gov.in/writereaddata/files/17848872906a6337fae632bChapter__5_Mineral_wise.pdf,491b70eccee4f1a63f9ae0fe25b1c2d7c40e8b7c714abab7e12a10e594020d67,pdfplumber_position_aware_columns_with_unfc_subtotal_validation
IBM-NMI2025-5-40-grade-all-india-leucoxene-01,official_nmi_resource_inventory,5.40,49,2025-04-01,Titanium,"[""Titanium""]",grade,,All India,Leucoxene,bulk_mineral_or_source_grade,Tonne,1.0,tonnes,16631.0,15211.0,0.0,31843.0,194337.0,0.0,0.0,56994.0,527312.0,1081140.0,0.0,1859783.0,1891625.0,1891625.0,0,True,1.0,37.8325,True,,,False,inventory_context_only_not_used_as_point_or_grid_model_evidence,SRC_IBM_NMI_2025,https://ibm.gov.in/IBMPortal/pages/national-mineral-inventory-at-a-glance-2025,https://ibm.gov.in/writereaddata/files/17848872906a6337fae632bChapter__5_Mineral_wise.pdf,491b70eccee4f1a63f9ae0fe25b1c2d7c40e8b7c714abab7e12a10e594020d67,pdfplumber_position_aware_columns_with_unfc_subtotal_validation
IBM-NMI2025-5-40-grade-all-india-anatase-01,official_nmi_resource_inventory,5.40,49,2025-04-01,Titanium,"[""Titanium""]",grade,,All India,Anatase,bulk_mineral_or_source_grade,Tonne,1.0,tonnes,0.0,0.0,0.0,0.0,0.0,0.0,0.0,0.0,3345000.0,0.0,0.0,3345000.0,3345000.0,3345000.0,0,True,0.0,66.9,True,,,False,inventory_context_only_not_used_as_point_or_grid_model_evidence,SRC_IBM_NMI_2025,https://ibm.gov.in/IBMPortal/pages/national-mineral-inventory-at-a-glance-2025,https://ibm.gov.in/writereaddata/files/17848872906a6337fae632bChapter__5_Mineral_wise.pdf,491b70eccee4f1a63f9ae0fe25b1c2d7c40e8b7c714abab7e12a10e594020d67,pdfplumber_position_aware_columns_with_unfc_subtotal_validation
IBM-NMI2025-5-40-grade-all-india-titaniferous-magnetite-01,official_nmi_resource_inventory,5.40,49,2025-04-01,Titanium,"[""Titanium""]",grade,,All India,Titaniferous Magnetite,bulk_mineral_or_source_grade,Tonne,1.0,tonnes,219623.0,64860.0,19068.0,303551.0,24172.0,0.0,0.0,950000.0,3630000.0,35570494.0,12690000.0,52864666.0,53168217.0,53168217.0,0,True,0.0,1063.36434,True,,,False,inventory_context_only_not_used_as_point_or_grid_model_evidence,SRC_IBM_NMI_2025,https://ibm.gov.in/IBMPortal/pages/national-mineral-inventory-at-a-glance-2025,https://ibm.gov.in/writereaddata/files/17848872906a6337fae632bChapter__5_Mineral_wise.pdf,491b70eccee4f1a63f9ae0fe25b1c2d7c40e8b7c714abab7e12a10e594020d67,pdfplumber_position_aware_columns_with_unfc_subtotal_validation
IBM-NMI2025-5-40-grade-all-india-not-known-01,official_nmi_resource_inventory,5.40,49,2025-04-01,Titanium,"[""Titanium""]",grade,,All India,Not - known,bulk_mineral_or_source_grade,Tonne,1.0,tonnes,0.0,0.0,0.0,0.0,0.0,31365.0,0.0,0.0,0.0,99934000.0,126240000.0,226205365.0,226205365.0,226205365.0,0,True,0.0,4524.107300000001,True,,,False,inventory_context_only_not_used_as_point_or_grid_model_evidence,SRC_IBM_NMI_2025,https://ibm.gov.in/IBMPortal/pages/national-mineral-inventory-at-a-glance-2025,https://ibm.gov.in/writereaddata/files/17848872906a6337fae632bChapter__5_Mineral_wise.pdf,491b70eccee4f1a63f9ae0fe25b1c2d7c40e8b7c714abab7e12a10e594020d67,pdfplumber_position_aware_columns_with_unfc_subtotal_validation
IBM-NMI2025-5-40-state-andhra-pradesh-total-01,official_nmi_resource_inventory,5.40,49,2025-04-01,Titanium,"[""Titanium""]",state,Andhra Pradesh,Andhra Pradesh,Total,bulk_mineral_or_source_grade,Tonne,1.0,tonnes,0.0,0.0,0.0,0.0,0.0,31365.0,0.0,0.0,0.0,76702509.0,0.0,76733874.0,76733874.0,76733874.0,0,True,0.0,1534.67748,True,,,False,inventory_context_only_not_used_as_point_or_grid_model_evidence,SRC_IBM_NMI_2025,https://ibm.gov.in/IBMPortal/pages/national-mineral-inventory-at-a-glance-2025,https://ibm.gov.in/writereaddata/files/17848872906a6337fae632bChapter__5_Mineral_wise.pdf,491b70eccee4f1a63f9ae0fe25b1c2d7c40e8b7c714abab7e12a10e594020d67,pdfplumber_position_aware_columns_with_unfc_subtotal_validation
IBM-NMI2025-5-40-state-jharkhand-total-01,official_nmi_resource_inventory,5.40,49,2025-04-01,Titanium,"[""Titanium""]",state,Jharkhand,Jharkhand,Total,bulk_mineral_or_source_grade,Tonne,1.0,tonnes,0.0,0.0,0.0,0.0,0.0,0.0,0.0,0.0,3630000.0,31045000.0,5818767.0,40493767.0,40493767.0,40493767.0,0,True,0.0,809.87534,True,,,False,inventory_context_only_not_used_as_point_or_grid_model_evidence,SRC_IBM_NMI_2025,https://ibm.gov.in/IBMPortal/pages/national-mineral-inventory-at-a-glance-2025,https://ibm.gov.in/writereaddata/files/17848872906a6337fae632bChapter__5_Mineral_wise.pdf,491b70eccee4f1a63f9ae0fe25b1c2d7c40e8b7c714abab7e12a10e594020d67,pdfplumber_position_aware_columns_with_unfc_subtotal_validation
IBM-NMI2025-5-40-state-karnataka-total-01,official_nmi_resource_inventory,5.40,49,2025-04-01,Titanium,"[""Titanium""]",state,Karnataka,Karnataka,Total,bulk_mineral_or_source_grade,Tonne,1.0,tonnes,0.0,0.0,0.0,0.0,0.0,0.0,0.0,0.0,0.0,14182094.0,20000.0,14202094.0,14202094.0,14202094.0,0,True,0.0,284.04188000000005,True,,,False,inventory_context_only_not_used_as_point_or_grid_model_evidence,SRC_IBM_NMI_2025,https://ibm.gov.in/IBMPortal/pages/national-mineral-inventory-at-a-glance-2025,https://ibm.gov.in/writereaddata/files/17848872906a6337fae632bChapter__5_Mineral_wise.pdf,491b70eccee4f1a63f9ae0fe25b1c2d7c40e8b7c714abab7e12a10e594020d67,pdfplumber_position_aware_columns_with_unfc_subtotal_validation
IBM-NMI2025-5-40-state-kerala-total-01,official_nmi_resource_inventory,5.40,49,2025-04-01,Titanium,"[""Titanium""]",state,Kerala,Kerala,Total,bulk_mineral_or_source_grade,Tonne,1.0,tonnes,1168293.0,589667.0,0.0,1757960.0,9636943.0,0.0,0.0,1883796.0,19961000.0,87562716.0,126220000.0,245264455.0,247022415.0,247022415.0,0,True,0.0,4940.4483,True,,,False,inventory_context_only_not_used_as_point_or_grid_model_evidence,SRC_IBM_NMI_2025,https://ibm.gov.in/IBMPortal/pages/national-mineral-inventory-at-a-glance-2025,https://ibm.gov.in/writereaddata/files/17848872906a6337fae632bChapter__5_Mineral_wise.pdf,491b70eccee4f1a63f9ae0fe25b1c2d7c40e8b7c714abab7e12a10e594020d67,pdfplumber_position_aware_columns_with_unfc_subtotal_validation
IBM-NMI2025-5-40-state-maharashtra-total-01,official_nmi_resource_inventory,5.40,49,2025-04-01,Titanium,"[""Titanium""]",state,Maharashtra,Maharashtra,Total,bulk_mineral_or_source_grade,Tonne,1.0,tonnes,219623.0,64860.0,19068.0,303551.0,24172.0,0.0,0.0,1172214.0,846000.0,1938400.0,0.0,3980786.0,4284337.0,4284337.0,0,True,0.0,85.68674,True,,,False,inventory_context_only_not_used_as_point_or_grid_model_evidence,SRC_IBM_NMI_2025,https://ibm.gov.in/IBMPortal/pages/national-mineral-inventory-at-a-glance-2025,https://ibm.gov.in/writereaddata/files/17848872906a6337fae632bChapter__5_Mineral_wise.pdf,491b70eccee4f1a63f9ae0fe25b1c2d7c40e8b7c714abab7e12a10e594020d67,pdfplumber_position_aware_columns_with_unfc_subtotal_validation
IBM-NMI2025-5-40-state-meghalaya-total-01,official_nmi_resource_inventory,5.40,49,2025-04-01,Titanium,"[""Titanium""]",state,Meghalaya,Meghalaya,Total,bulk_mineral_or_source_grade,Tonne,1.0,tonnes,0.0,0.0,0.0,0.0,0.0,0.0,0.0,0.0,3345000.0,0.0,0.0,3345000.0,3345000.0,3345000.0,0,True,0.0,66.9,True,,,False,inventory_context_only_not_used_as_point_or_grid_model_evidence,SRC_IBM_NMI_2025,https://ibm.gov.in/IBMPortal/pages/national-mineral-inventory-at-a-glance-2025,https://ibm.gov.in/writereaddata/files/17848872906a6337fae632bChapter__5_Mineral_wise.pdf,491b70eccee4f1a63f9ae0fe25b1c2d7c40e8b7c714abab7e12a10e594020d67,pdfplumber_position_aware_columns_with_unfc_subtotal_validation
IBM-NMI2025-5-40-state-odisha-total-01,official_nmi_resource_inventory,5.40,49,2025-04-01,Titanium,"[""Titanium""]",state,Odisha,Odisha,Total,bulk_mineral_or_source_grade,Tonne,1.0,tonnes,10077021.0,0.0,0.0,10077021.0,0.0,258444.0,0.0,1322779.0,6929339.0,52808863.0,945337.0,62264762.0,72341783.0,72341783.0,0,True,0.0,1446.8356600000002,True,,,False,inventory_context_only_not_used_as_point_or_grid_model_evidence,SRC_IBM_NMI_2025,https://ibm.gov.in/IBMPortal/pages/national-mineral-inventory-at-a-glance-2025,https://ibm.gov.in/writereaddata/files/17848872906a6337fae632bChapter__5_Mineral_wise.pdf,491b70eccee4f1a63f9ae0fe25b1c2d7c40e8b7c714abab7e12a10e594020d67,pdfplumber_position_aware_columns_with_unfc_subtotal_validation
IBM-NMI2025-5-40-state-tamil-nadu-total-01,official_nmi_resource_inventory,5.40,49,2025-04-01,Titanium,"[""Titanium""]",state,Tamil Nadu,Tamil Nadu,Total,bulk_mineral_or_source_grade,Tonne,1.0,tonnes,294562.0,665997.0,0.0,960558.0,0.0,462736.0,0.0,97640.0,19687147.0,93134394.0,39281.0,113421198.0,114381757.0,114381757.0,0,True,1.0,2287.6351400000003,True,,,False,inventory_context_only_not_used_as_point_or_grid_model_evidence,SRC_IBM_NMI_2025,https://ibm.gov.in/IBMPortal/pages/national-mineral-inventory-at-a-glance-2025,https://ibm.gov.in/writereaddata/files/17848872906a6337fae632bChapter__5_Mineral_wise.pdf,491b70eccee4f1a63f9ae0fe25b1c2d7c40e8b7c714abab7e12a10e594020d67,pdfplumber_position_aware_columns_with_unfc_subtotal_validation
IBM-NMI2025-5-40-state-telangana-total-01,official_nmi_resource_inventory,5.40,49,2025-04-01,Titanium,"[""Titanium""]",state,Telangana,Telangana,Total,bulk_mineral_or_source_grade,Tonne,1.0,tonnes,0.0,0.0,0.0,0.0,0.0,0.0,0.0,0.0,0.0,85210000.0,0.0,85210000.0,85210000.0,85210000.0,0,True,0.0,1704.2,True,,,False,inventory_context_only_not_used_as_point_or_grid_model_evidence,SRC_IBM_NMI_2025,https://ibm.gov.in/IBMPortal/pages/national-mineral-inventory-at-a-glance-2025,https://ibm.gov.in/writereaddata/files/17848872906a6337fae632bChapter__5_Mineral_wise.pdf,491b70eccee4f1a63f9ae0fe25b1c2d7c40e8b7c714abab7e12a10e594020d67,pdfplumber_position_aware_columns_with_unfc_subtotal_validation
IBM-NMI2025-5-40-state-uttar-pradesh-total-01,official_nmi_resource_inventory,5.40,49,2025-04-01,Titanium,"[""Titanium""]",state,Uttar Pradesh,Uttar Pradesh,Total,bulk_mineral_or_source_grade,Tonne,1.0,tonnes,0.0,0.0,0.0,0.0,0.0,0.0,0.0,0.0,0.0,0.0,12690000.0,12690000.0,12690000.0,12690000.0,0,True,0.0,253.8,True,,,False,inventory_context_only_not_used_as_point_or_grid_model_evidence,SRC_IBM_NMI_2025,https://ibm.gov.in/IBMPortal/pages/national-mineral-inventory-at-a-glance-2025,https://ibm.gov.in/writereaddata/files/17848872906a6337fae632bChapter__5_Mineral_wise.pdf,491b70eccee4f1a63f9ae0fe25b1c2d7c40e8b7c714abab7e12a10e594020d67,pdfplumber_position_aware_columns_with_unfc_subtotal_validation
IBM-NMI2025-5-40-state-west-bengal-total-01,official_nmi_resource_inventory,5.40,49,2025-04-01,Titanium,"[""Titanium""]",state,West Bengal,West Bengal,Total,bulk_mineral_or_source_grade,Tonne,1.0,tonnes,0.0,0.0,0.0,0.0,0.0,0.0,0.0,0.0,0.0,2279000.0,0.0,2279000.0,2279000.0,2279000.0,0,True,0.0,45.580000000000005,True,,,False,inventory_context_only_not_used_as_point_or_grid_model_evidence,SRC_IBM_NMI_2025,https://ibm.gov.in/IBMPortal/pages/national-mineral-inventory-at-a-glance-2025,https://ibm.gov.in/writereaddata/files/17848872906a6337fae632bChapter__5_Mineral_wise.pdf,491b70eccee4f1a63f9ae0fe25b1c2d7c40e8b7c714abab7e12a10e594020d67,pdfplumber_position_aware_columns_with_unfc_subtotal_validation
IBM-NMI2025-3-41-grade-all-india-ore-01,official_nmi_resource_inventory,3.41,50,2025-04-01,Tungsten,"[""Tungsten""]",grade,,All India,Ore,ore,Tonne,1.0,tonnes,0.0,0.0,0.0,0.0,2230000.0,0.0,173063.0,23276152.0,43389954.0,24144049.0,16581246.0,109794464.0,109794464.0,109794464.0,0,True,0.0,2195.8892800000003,True,,,False,inventory_context_only_not_used_as_point_or_grid_model_evidence,SRC_IBM_NMI_2025,https://ibm.gov.in/IBMPortal/pages/national-mineral-inventory-at-a-glance-2025,https://ibm.gov.in/writereaddata/files/17848872906a6337fae632bChapter__5_Mineral_wise.pdf,491b70eccee4f1a63f9ae0fe25b1c2d7c40e8b7c714abab7e12a10e594020d67,pdfplumber_position_aware_columns_with_unfc_subtotal_validation
IBM-NMI2025-3-41-grade-all-india-contained-wo3-01,official_nmi_resource_inventory,3.41,50,2025-04-01,Tungsten,"[""Tungsten""]",grade,,All India,Contained WO3,contained_metal_or_compound,Tonne,1.0,tonnes,0.0,0.0,0.0,0.0,3568.0,0.0,450.0,19298.8,56101.84,100222.23,4566.28,184207.15,184207.15,184207.15,0,True,0.0,3.684143,True,,,False,inventory_context_only_not_used_as_point_or_grid_model_evidence,SRC_IBM_NMI_2025,https://ibm.gov.in/IBMPortal/pages/national-mineral-inventory-at-a-glance-2025,https://ibm.gov.in/writereaddata/files/17848872906a6337fae632bChapter__5_Mineral_wise.pdf,491b70eccee4f1a63f9ae0fe25b1c2d7c40e8b7c714abab7e12a10e594020d67,pdfplumber_position_aware_columns_with_unfc_subtotal_validation
IBM-NMI2025-3-41-state-andhra-pradesh-ore-01,official_nmi_resource_inventory,3.41,50,2025-04-01,Tungsten,"[""Tungsten""]",state,Andhra Pradesh,Andhra Pradesh,Ore,ore,Tonne,1.0,tonnes,0.0,0.0,0.0,0.0,0.0,0.0,0.0,3640000.0,4700800.0,5952500.0,509000.0,14802300.0,14802300.0,14802300.0,0,True,0.0,296.04600000000005,True,,,False,inventory_context_only_not_used_as_point_or_grid_model_evidence,SRC_IBM_NMI_2025,https://ibm.gov.in/IBMPortal/pages/national-mineral-inventory-at-a-glance-2025,https://ibm.gov.in/writereaddata/files/17848872906a6337fae632bChapter__5_Mineral_wise.pdf,491b70eccee4f1a63f9ae0fe25b1c2d7c40e8b7c714abab7e12a10e594020d67,pdfplumber_position_aware_columns_with_unfc_subtotal_validation
IBM-NMI2025-3-41-state-andhra-pradesh-contained-wo3-01,official_nmi_resource_inventory,3.41,50,2025-04-01,Tungsten,"[""Tungsten""]",state,Andhra Pradesh,Andhra Pradesh,Contained WO3,contained_metal_or_compound,Tonne,1.0,tonnes,0.0,0.0,0.0,0.0,0.0,0.0,0.0,5096.0,6574.64,8273.65,318.28,20262.57,20262.57,20262.57,0,True,0.0,2.0,True,,,False,inventory_context_only_not_used_as_point_or_grid_model_evidence,SRC_IBM_NMI_2025,https://ibm.gov.in/IBMPortal/pages/national-mineral-inventory-at-a-glance-2025,https://ibm.gov.in/writereaddata/files/17848872906a6337fae632bChapter__5_Mineral_wise.pdf,491b70eccee4f1a63f9ae0fe25b1c2d7c40e8b7c714abab7e12a10e594020d67,pdfplumber_position_aware_columns_with_unfc_subtotal_validation
IBM-NMI2025-3-41-state-haryana-ore-01,official_nmi_resource_inventory,3.41,50,2025-04-01,Tungsten,"[""Tungsten""]",state,Haryana,Haryana,Ore,ore,Tonne,1.0,tonnes,0.0,0.0,0.0,0.0,2230000.0,0.0,0.0,0.0,0.0,0.0,0.0,2230000.0,2230000.0,2230000.0,0,True,0.0,44.6,True,,,False,inventory_context_only_not_used_as_point_or_grid_model_evidence,SRC_IBM_NMI_2025,https://ibm.gov.in/IBMPortal/pages/national-mineral-inventory-at-a-glance-2025,https://ibm.gov.in/writereaddata/files/17848872906a6337fae632bChapter__5_Mineral_wise.pdf,491b70eccee4f1a63f9ae0fe25b1c2d7c40e8b7c714abab7e12a10e594020d67,pdfplumber_position_aware_columns_with_unfc_subtotal_validation
IBM-NMI2025-3-41-state-haryana-contained-wo3-01,official_nmi_resource_inventory,3.41,50,2025-04-01,Tungsten,"[""Tungsten""]",state,Haryana,Haryana,Contained WO3,contained_metal_or_compound,Tonne,1.0,tonnes,0.0,0.0,0.0,0.0,3568.0,0.0,0.0,0.0,0.0,0.0,0.0,3568.0,3568.0,3568.0,0,True,0.0,2.0,True,,,False,inventory_context_only_not_used_as_point_or_grid_model_evidence,SRC_IBM_NMI_2025,https://ibm.gov.in/IBMPortal/pages/national-mineral-inventory-at-a-glance-2025,https://ibm.gov.in/writereaddata/files/17848872906a6337fae632bChapter__5_Mineral_wise.pdf,491b70eccee4f1a63f9ae0fe25b1c2d7c40e8b7c714abab7e12a10e594020d67,pdfplumber_position_aware_columns_with_unfc_subtotal_validation
IBM-NMI2025-3-41-state-karnataka-ore-01,official_nmi_resource_inventory,3.41,50,2025-04-01,Tungsten,"[""Tungsten""]",state,Karnataka,Karnataka,Ore,ore,Tonne,1.0,tonnes,0.0,0.0,0.0,0.0,0.0,0.0,0.0,15361152.0,11805499.0,172921.0,9338246.0,36677818.0,36677818.0,36677818.0,0,True,0.0,733.55636,True,,,False,inventory_context_only_not_used_as_point_or_grid_model_evidence,SRC_IBM_NMI_2025,https://ibm.gov.in/IBMPortal/pages/national-mineral-inventory-at-a-glance-2025,https://ibm.gov.in/writereaddata/files/17848872906a6337fae632bChapter__5_Mineral_wise.pdf,491b70eccee4f1a63f9ae0fe25b1c2d7c40e8b7c714abab7e12a10e594020d67,pdfplumber_position_aware_columns_with_unfc_subtotal_validation
IBM-NMI2025-3-41-state-karnataka-contained-wo3-01,official_nmi_resource_inventory,3.41,50,2025-04-01,Tungsten,"[""Tungsten""]",state,Karnataka,Karnataka,Contained WO3,contained_metal_or_compound,Tonne,1.0,tonnes,0.0,0.0,0.0,0.0,0.0,0.0,0.0,2915.0,1775.0,142.0,1403.0,6235.0,6235.0,6235.0,0,True,0.0,2.0,True,,,False,inventory_context_only_not_used_as_point_or_grid_model_evidence,SRC_IBM_NMI_2025,https://ibm.gov.in/IBMPortal/pages/national-mineral-inventory-at-a-glance-2025,https://ibm.gov.in/writereaddata/files/17848872906a6337fae632bChapter__5_Mineral_wise.pdf,491b70eccee4f1a63f9ae0fe25b1c2d7c40e8b7c714abab7e12a10e594020d67,pdfplumber_position_aware_columns_with_unfc_subtotal_validation
IBM-NMI2025-3-41-state-maharashtra-ore-01,official_nmi_resource_inventory,3.41,50,2025-04-01,Tungsten,"[""Tungsten""]",state,Maharashtra,Maharashtra,Ore,ore,Tonne,1.0,tonnes,0.0,0.0,0.0,0.0,0.0,0.0,0.0,4275000.0,5461250.0,386000.0,0.0,10122250.0,10122250.0,10122250.0,0,True,0.0,202.44500000000002,True,,,False,inventory_context_only_not_used_as_point_or_grid_model_evidence,SRC_IBM_NMI_2025,https://ibm.gov.in/IBMPortal/pages/national-mineral-inventory-at-a-glance-2025,https://ibm.gov.in/writereaddata/files/17848872906a6337fae632bChapter__5_Mineral_wise.pdf,491b70eccee4f1a63f9ae0fe25b1c2d7c40e8b7c714abab7e12a10e594020d67,pdfplumber_position_aware_columns_with_unfc_subtotal_validation
IBM-NMI2025-3-41-state-maharashtra-contained-wo3-01,official_nmi_resource_inventory,3.41,50,2025-04-01,Tungsten,"[""Tungsten""]",state,Maharashtra,Maharashtra,Contained WO3,contained_metal_or_compound,Tonne,1.0,tonnes,0.0,0.0,0.0,0.0,0.0,0.0,0.0,11287.8,7117.92,185.0,0.0,18590.72,18590.72,18590.72,0,True,0.0,2.0,True,,,False,inventory_context_only_not_used_as_point_or_grid_model_evidence,SRC_IBM_NMI_2025,https://ibm.gov.in/IBMPortal/pages/national-mineral-inventory-at-a-glance-2025,https://ibm.gov.in/writereaddata/files/17848872906a6337fae632bChapter__5_Mineral_wise.pdf,491b70eccee4f1a63f9ae0fe25b1c2d7c40e8b7c714abab7e12a10e594020d67,pdfplumber_position_aware_columns_with_unfc_subtotal_validation
IBM-NMI2025-3-41-state-rajasthan-ore-01,official_nmi_resource_inventory,3.41,50,2025-04-01,Tungsten,"[""Tungsten""]",state,Rajasthan,Rajasthan,Ore,ore,Tonne,1.0,tonnes,0.0,0.0,0.0,0.0,0.0,0.0,0.0,0.0,21093666.0,17232628.0,5964000.0,44290294.0,44290294.0,44290294.0,0,True,0.0,885.8058800000001,True,,,False,inventory_context_only_not_used_as_point_or_grid_model_evidence,SRC_IBM_NMI_2025,https://ibm.gov.in/IBMPortal/pages/national-mineral-inventory-at-a-glance-2025,https://ibm.gov.in/writereaddata/files/17848872906a6337fae632bChapter__5_Mineral_wise.pdf,491b70eccee4f1a63f9ae0fe25b1c2d7c40e8b7c714abab7e12a10e594020d67,pdfplumber_position_aware_columns_with_unfc_subtotal_validation
IBM-NMI2025-3-41-state-rajasthan-contained-wo3-01,official_nmi_resource_inventory,3.41,50,2025-04-01,Tungsten,"[""Tungsten""]",state,Rajasthan,Rajasthan,Contained WO3,contained_metal_or_compound,Tonne,1.0,tonnes,0.0,0.0,0.0,0.0,0.0,0.0,0.0,0.0,40528.44,90621.58,2115.0,133265.02,133265.02,133265.02,0,True,2.9103830456733704e-11,2.6653004,True,,,False,inventory_context_only_not_used_as_point_or_grid_model_evidence,SRC_IBM_NMI_2025,https://ibm.gov.in/IBMPortal/pages/national-mineral-inventory-at-a-glance-2025,https://ibm.gov.in/writereaddata/files/17848872906a6337fae632bChapter__5_Mineral_wise.pdf,491b70eccee4f1a63f9ae0fe25b1c2d7c40e8b7c714abab7e12a10e594020d67,pdfplumber_position_aware_columns_with_unfc_subtotal_validation
IBM-NMI2025-3-41-state-tamil-nadu-ore-01,official_nmi_resource_inventory,3.41,50,2025-04-01,Tungsten,"[""Tungsten""]",state,Tamil Nadu,Tamil Nadu,Ore,ore,Tonne,1.0,tonnes,0.0,0.0,0.0,0.0,0.0,0.0,0.0,0.0,0.0,0.0,250000.0,250000.0,250000.0,250000.0,0,True,0.0,5.0,True,,,False,inventory_context_only_not_used_as_point_or_grid_model_evidence,SRC_IBM_NMI_2025,https://ibm.gov.in/IBMPortal/pages/national-mineral-inventory-at-a-glance-2025,https://ibm.gov.in/writereaddata/files/17848872906a6337fae632bChapter__5_Mineral_wise.pdf,491b70eccee4f1a63f9ae0fe25b1c2d7c40e8b7c714abab7e12a10e594020d67,pdfplumber_position_aware_columns_with_unfc_subtotal_validation
IBM-NMI2025-3-41-state-tamil-nadu-contained-wo3-01,official_nmi_resource_inventory,3.41,50,2025-04-01,Tungsten,"[""Tungsten""]",state,Tamil Nadu,Tamil Nadu,Contained WO3,contained_metal_or_compound,Tonne,1.0,tonnes,0.0,0.0,0.0,0.0,0.0,0.0,0.0,0.0,0.0,0.0,50.0,50.0,50.0,50.0,0,True,0.0,2.0,True,,,False,inventory_context_only_not_used_as_point_or_grid_model_evidence,SRC_IBM_NMI_2025,https://ibm.gov.in/IBMPortal/pages/national-mineral-inventory-at-a-glance-2025,https://ibm.gov.in/writereaddata/files/17848872906a6337fae632bChapter__5_Mineral_wise.pdf,491b70eccee4f1a63f9ae0fe25b1c2d7c40e8b7c714abab7e12a10e594020d67,pdfplumber_position_aware_columns_with_unfc_subtotal_validation
IBM-NMI2025-3-41-state-uttarakhand-ore-01,official_nmi_resource_inventory,3.41,50,2025-04-01,Tungsten,"[""Tungsten""]",state,Uttarakhand,Uttarakhand,Ore,ore,Tonne,1.0,tonnes,0.0,0.0,0.0,0.0,0.0,0.0,0.0,0.0,138000.0,0.0,520000.0,658000.0,658000.0,658000.0,0,True,0.0,13.160000000000002,True,,,False,inventory_context_only_not_used_as_point_or_grid_model_evidence,SRC_IBM_NMI_2025,https://ibm.gov.in/IBMPortal/pages/national-mineral-inventory-at-a-glance-2025,https://ibm.gov.in/writereaddata/files/17848872906a6337fae632bChapter__5_Mineral_wise.pdf,491b70eccee4f1a63f9ae0fe25b1c2d7c40e8b7c714abab7e12a10e594020d67,pdfplumber_position_aware_columns_with_unfc_subtotal_validation
IBM-NMI2025-3-41-state-uttarakhand-contained-wo3-01,official_nmi_resource_inventory,3.41,50,2025-04-01,Tungsten,"[""Tungsten""]",state,Uttarakhand,Uttarakhand,Contained WO3,contained_metal_or_compound,Tonne,1.0,tonnes,0.0,0.0,0.0,0.0,0.0,0.0,0.0,0.0,25.0,0.0,680.0,705.0,705.0,705.0,0,True,0.0,2.0,True,,,False,inventory_context_only_not_used_as_point_or_grid_model_evidence,SRC_IBM_NMI_2025,https://ibm.gov.in/IBMPortal/pages/national-mineral-inventory-at-a-glance-2025,https://ibm.gov.in/writereaddata/files/17848872906a6337fae632bChapter__5_Mineral_wise.pdf,491b70eccee4f1a63f9ae0fe25b1c2d7c40e8b7c714abab7e12a10e594020d67,pdfplumber_position_aware_columns_with_unfc_subtotal_validation
IBM-NMI2025-3-41-state-west-bengal-ore-01,official_nmi_resource_inventory,3.41,50,2025-04-01,Tungsten,"[""Tungsten""]",state,West Bengal,West Bengal,Ore,ore,Tonne,1.0,tonnes,0.0,0.0,0.0,0.0,0.0,0.0,173063.0,0.0,190739.0,400000.0,0.0,763802.0,763802.0,763802.0,0,True,0.0,15.276040000000002,True,,,False,inventory_context_only_not_used_as_point_or_grid_model_evidence,SRC_IBM_NMI_2025,https://ibm.gov.in/IBMPortal/pages/national-mineral-inventory-at-a-glance-2025,https://ibm.gov.in/writereaddata/files/17848872906a6337fae632bChapter__5_Mineral_wise.pdf,491b70eccee4f1a63f9ae0fe25b1c2d7c40e8b7c714abab7e12a10e594020d67,pdfplumber_position_aware_columns_with_unfc_subtotal_validation
IBM-NMI2025-3-41-state-west-bengal-contained-wo3-01,official_nmi_resource_inventory,3.41,50,2025-04-01,Tungsten,"[""Tungsten""]",state,West Bengal,West Bengal,Contained WO3,contained_metal_or_compound,Tonne,1.0,tonnes,0.0,0.0,0.0,0.0,0.0,0.0,450.0,0.0,80.84,1000.0,0.0,1530.84,1530.84,1530.84,0,True,0.0,2.0,True,,,False,inventory_context_only_not_used_as_point_or_grid_model_evidence,SRC_IBM_NMI_2025,https://ibm.gov.in/IBMPortal/pages/national-mineral-inventory-at-a-glance-2025,https://ibm.gov.in/writereaddata/files/17848872906a6337fae632bChapter__5_Mineral_wise.pdf,491b70eccee4f1a63f9ae0fe25b1c2d7c40e8b7c714abab7e12a10e594020d67,pdfplumber_position_aware_columns_with_unfc_subtotal_validation
IBM-NMI2025-5-42-grade-all-india-ore-01,official_nmi_resource_inventory,5.42,51,2025-04-01,Vanadium,"[""Vanadium""]",grade,,All India,Ore,ore,Tonne,1.0,tonnes,0.0,0.0,0.0,0.0,276530.0,1720000.0,4108100.0,0.0,65284930.0,222899547.0,22380000.0,316669107.0,316669107.0,316669107.0,0,True,0.0,6333.382140000001,True,,,False,inventory_context_only_not_used_as_point_or_grid_model_evidence,SRC_IBM_NMI_2025,https://ibm.gov.in/IBMPortal/pages/national-mineral-inventory-at-a-glance-2025,https://ibm.gov.in/writereaddata/files/17848872906a6337fae632bChapter__5_Mineral_wise.pdf,491b70eccee4f1a63f9ae0fe25b1c2d7c40e8b7c714abab7e12a10e594020d67,pdfplumber_position_aware_columns_with_unfc_subtotal_validation
IBM-NMI2025-5-42-grade-all-india-contained-v2o5-01,official_nmi_resource_inventory,5.42,51,2025-04-01,Vanadium,"[""Vanadium""]",grade,,All India,Contained V2O5,contained_metal_or_compound,Tonne,1.0,tonnes,0.0,0.0,0.0,0.0,1106.12,2835.0,6032.4,0.0,116618.09,455263.26,73260.83,655115.71,655115.71,655115.71,0,True,0.010000000009313226,13.1023142,True,,,False,inventory_context_only_not_used_as_point_or_grid_model_evidence,SRC_IBM_NMI_2025,https://ibm.gov.in/IBMPortal/pages/national-mineral-inventory-at-a-glance-2025,https://ibm.gov.in/writereaddata/files/17848872906a6337fae632bChapter__5_Mineral_wise.pdf,491b70eccee4f1a63f9ae0fe25b1c2d7c40e8b7c714abab7e12a10e594020d67,pdfplumber_position_aware_columns_with_unfc_subtotal_validation
IBM-NMI2025-5-42-state-arunachal-pradesh-ore-01,official_nmi_resource_inventory,5.42,51,2025-04-01,Vanadium,"[""Vanadium""]",state,Arunachal Pradesh,Arunachal Pradesh,Ore,ore,Tonne,1.0,tonnes,0.0,0.0,0.0,0.0,0.0,0.0,0.0,0.0,0.0,13398321.0,0.0,13398321.0,13398321.0,13398321.0,0,True,0.0,267.96642,True,,,False,inventory_context_only_not_used_as_point_or_grid_model_evidence,SRC_IBM_NMI_2025,https://ibm.gov.in/IBMPortal/pages/national-mineral-inventory-at-a-glance-2025,https://ibm.gov.in/writereaddata/files/17848872906a6337fae632bChapter__5_Mineral_wise.pdf,491b70eccee4f1a63f9ae0fe25b1c2d7c40e8b7c714abab7e12a10e594020d67,pdfplumber_position_aware_columns_with_unfc_subtotal_validation
IBM-NMI2025-5-42-state-arunachal-pradesh-contained-v2o5-01,official_nmi_resource_inventory,5.42,51,2025-04-01,Vanadium,"[""Vanadium""]",state,Arunachal Pradesh,Arunachal Pradesh,Contained V2O5,contained_metal_or_compound,Tonne,1.0,tonnes,0.0,0.0,0.0,0.0,0.0,0.0,0.0,0.0,0.0,36058.7,0.0,36058.7,36058.7,36058.7,0,True,0.0,2.0,True,,,False,inventory_context_only_not_used_as_point_or_grid_model_evidence,SRC_IBM_NMI_2025,https://ibm.gov.in/IBMPortal/pages/national-mineral-inventory-at-a-glance-2025,https://ibm.gov.in/writereaddata/files/17848872906a6337fae632bChapter__5_Mineral_wise.pdf,491b70eccee4f1a63f9ae0fe25b1c2d7c40e8b7c714abab7e12a10e594020d67,pdfplumber_position_aware_columns_with_unfc_subtotal_validation
IBM-NMI2025-5-42-state-chhattisgarh-ore-01,official_nmi_resource_inventory,5.42,51,2025-04-01,Vanadium,"[""Vanadium""]",state,Chhattisgarh,Chhattisgarh,Ore,ore,Tonne,1.0,tonnes,0.0,0.0,0.0,0.0,0.0,0.0,0.0,0.0,59450000.0,700000.0,0.0,60150000.0,60150000.0,60150000.0,0,True,0.0,1203.0,True,,,False,inventory_context_only_not_used_as_point_or_grid_model_evidence,SRC_IBM_NMI_2025,https://ibm.gov.in/IBMPortal/pages/national-mineral-inventory-at-a-glance-2025,https://ibm.gov.in/writereaddata/files/17848872906a6337fae632bChapter__5_Mineral_wise.pdf,491b70eccee4f1a63f9ae0fe25b1c2d7c40e8b7c714abab7e12a10e594020d67,pdfplumber_position_aware_columns_with_unfc_subtotal_validation
IBM-NMI2025-5-42-state-chhattisgarh-contained-v2o5-01,official_nmi_resource_inventory,5.42,51,2025-04-01,Vanadium,"[""Vanadium""]",state,Chhattisgarh,Chhattisgarh,Contained V2O5,contained_metal_or_compound,Tonne,1.0,tonnes,0.0,0.0,0.0,0.0,0.0,0.0,0.0,0.0,107550.13,848.148,0.0,108398.28,108398.28,108398.28,0,True,0.001999999993131496,2.1679656,True,,,False,inventory_context_only_not_used_as_point_or_grid_model_evidence,SRC_IBM_NMI_2025,https://ibm.gov.in/IBMPortal/pages/national-mineral-inventory-at-a-glance-2025,https://ibm.gov.in/writereaddata/files/17848872906a6337fae632bChapter__5_Mineral_wise.pdf,491b70eccee4f1a63f9ae0fe25b1c2d7c40e8b7c714abab7e12a10e594020d67,pdfplumber_position_aware_columns_with_unfc_subtotal_validation
IBM-NMI2025-5-42-state-gujarat-ore-01,official_nmi_resource_inventory,5.42,51,2025-04-01,Vanadium,"[""Vanadium""]",state,Gujarat,Gujarat,Ore,ore,Tonne,1.0,tonnes,0.0,0.0,0.0,0.0,0.0,0.0,0.0,0.0,19930.0,0.0,0.0,19930.0,19930.0,19930.0,0,True,0.0,2.0,True,,,False,inventory_context_only_not_used_as_point_or_grid_model_evidence,SRC_IBM_NMI_2025,https://ibm.gov.in/IBMPortal/pages/national-mineral-inventory-at-a-glance-2025,https://ibm.gov.in/writereaddata/files/17848872906a6337fae632bChapter__5_Mineral_wise.pdf,491b70eccee4f1a63f9ae0fe25b1c2d7c40e8b7c714abab7e12a10e594020d67,pdfplumber_position_aware_columns_with_unfc_subtotal_validation
IBM-NMI2025-5-42-state-gujarat-contained-v2o5-01,official_nmi_resource_inventory,5.42,51,2025-04-01,Vanadium,"[""Vanadium""]",state,Gujarat,Gujarat,Contained V2O5,contained_metal_or_compound,Tonne,1.0,tonnes,0.0,0.0,0.0,0.0,0.0,0.0,0.0,0.0,11.96,0.0,0.0,11.96,11.96,11.96,0,True,0.0,2.0,True,,,False,inventory_context_only_not_used_as_point_or_grid_model_evidence,SRC_IBM_NMI_2025,https://ibm.gov.in/IBMPortal/pages/national-mineral-inventory-at-a-glance-2025,https://ibm.gov.in/writereaddata/files/17848872906a6337fae632bChapter__5_Mineral_wise.pdf,491b70eccee4f1a63f9ae0fe25b1c2d7c40e8b7c714abab7e12a10e594020d67,pdfplumber_position_aware_columns_with_unfc_subtotal_validation
IBM-NMI2025-5-42-state-himachal-pradesh-ore-01,official_nmi_resource_inventory,5.42,51,2025-04-01,Vanadium,"[""Vanadium""]",state,Himachal Pradesh,Himachal Pradesh,Ore,ore,Tonne,1.0,tonnes,0.0,0.0,0.0,0.0,0.0,0.0,0.0,0.0,0.0,18730000.0,16500000.0,35230000.0,35230000.0,35230000.0,0,True,0.0,704.6,True,,,False,inventory_context_only_not_used_as_point_or_grid_model_evidence,SRC_IBM_NMI_2025,https://ibm.gov.in/IBMPortal/pages/national-mineral-inventory-at-a-glance-2025,https://ibm.gov.in/writereaddata/files/17848872906a6337fae632bChapter__5_Mineral_wise.pdf,491b70eccee4f1a63f9ae0fe25b1c2d7c40e8b7c714abab7e12a10e594020d67,pdfplumber_position_aware_columns_with_unfc_subtotal_validation
IBM-NMI2025-5-42-state-himachal-pradesh-contained-v2o5-01,official_nmi_resource_inventory,5.42,51,2025-04-01,Vanadium,"[""Vanadium""]",state,Himachal Pradesh,Himachal Pradesh,Contained V2O5,contained_metal_or_compound,Tonne,1.0,tonnes,0.0,0.0,0.0,0.0,0.0,0.0,0.0,0.0,0.0,76625.0,59400.0,136025.0,136025.0,136025.0,0,True,0.0,2.7205000000000004,True,,,False,inventory_context_only_not_used_as_point_or_grid_model_evidence,SRC_IBM_NMI_2025,https://ibm.gov.in/IBMPortal/pages/national-mineral-inventory-at-a-glance-2025,https://ibm.gov.in/writereaddata/files/17848872906a6337fae632bChapter__5_Mineral_wise.pdf,491b70eccee4f1a63f9ae0fe25b1c2d7c40e8b7c714abab7e12a10e594020d67,pdfplumber_position_aware_columns_with_unfc_subtotal_validation
IBM-NMI2025-5-42-state-jharkhand-ore-01,official_nmi_resource_inventory,5.42,51,2025-04-01,Vanadium,"[""Vanadium""]",state,Jharkhand,Jharkhand,Ore,ore,Tonne,1.0,tonnes,0.0,0.0,0.0,0.0,0.0,0.0,0.0,0.0,5213000.0,14715000.0,0.0,19928000.0,19928000.0,19928000.0,0,True,0.0,398.56000000000006,True,,,False,inventory_context_only_not_used_as_point_or_grid_model_evidence,SRC_IBM_NMI_2025,https://ibm.gov.in/IBMPortal/pages/national-mineral-inventory-at-a-glance-2025,https://ibm.gov.in/writereaddata/files/17848872906a6337fae632bChapter__5_Mineral_wise.pdf,491b70eccee4f1a63f9ae0fe25b1c2d7c40e8b7c714abab7e12a10e594020d67,pdfplumber_position_aware_columns_with_unfc_subtotal_validation
IBM-NMI2025-5-42-state-jharkhand-contained-v2o5-01,official_nmi_resource_inventory,5.42,51,2025-04-01,Vanadium,"[""Vanadium""]",state,Jharkhand,Jharkhand,Contained V2O5,contained_metal_or_compound,Tonne,1.0,tonnes,0.0,0.0,0.0,0.0,0.0,0.0,0.0,0.0,8340.8,12670.81,0.0,21011.61,21011.61,21011.61,0,True,0.0,2.0,True,,,False,inventory_context_only_not_used_as_point_or_grid_model_evidence,SRC_IBM_NMI_2025,https://ibm.gov.in/IBMPortal/pages/national-mineral-inventory-at-a-glance-2025,https://ibm.gov.in/writereaddata/files/17848872906a6337fae632bChapter__5_Mineral_wise.pdf,491b70eccee4f1a63f9ae0fe25b1c2d7c40e8b7c714abab7e12a10e594020d67,pdfplumber_position_aware_columns_with_unfc_subtotal_validation
IBM-NMI2025-5-42-state-karnataka-ore-01,official_nmi_resource_inventory,5.42,51,2025-04-01,Vanadium,"[""Vanadium""]",state,Karnataka,Karnataka,Ore,ore,Tonne,1.0,tonnes,0.0,0.0,0.0,0.0,0.0,500000.0,4000000.0,0.0,0.0,15224430.0,0.0,19724430.0,19724430.0,19724430.0,0,True,0.0,394.4886,True,,,False,inventory_context_only_not_used_as_point_or_grid_model_evidence,SRC_IBM_NMI_2025,https://ibm.gov.in/IBMPortal/pages/national-mineral-inventory-at-a-glance-2025,https://ibm.gov.in/writereaddata/files/17848872906a6337fae632bChapter__5_Mineral_wise.pdf,491b70eccee4f1a63f9ae0fe25b1c2d7c40e8b7c714abab7e12a10e594020d67,pdfplumber_position_aware_columns_with_unfc_subtotal_validation
IBM-NMI2025-5-42-state-karnataka-contained-v2o5-01,official_nmi_resource_inventory,5.42,51,2025-04-01,Vanadium,"[""Vanadium""]",state,Karnataka,Karnataka,Contained V2O5,contained_metal_or_compound,Tonne,1.0,tonnes,0.0,0.0,0.0,0.0,0.0,700.0,5600.0,0.0,0.0,44013.55,0.0,50313.55,50313.55,50313.55,0,True,0.0,2.0,True,,,False,inventory_context_only_not_used_as_point_or_grid_model_evidence,SRC_IBM_NMI_2025,https://ibm.gov.in/IBMPortal/pages/national-mineral-inventory-at-a-glance-2025,https://ibm.gov.in/writereaddata/files/17848872906a6337fae632bChapter__5_Mineral_wise.pdf,491b70eccee4f1a63f9ae0fe25b1c2d7c40e8b7c714abab7e12a10e594020d67,pdfplumber_position_aware_columns_with_unfc_subtotal_validation
IBM-NMI2025-5-42-state-kerala-ore-01,official_nmi_resource_inventory,5.42,52,2025-04-01,Vanadium,"[""Vanadium""]",state,Kerala,Kerala,Ore,ore,Tonne,1.0,tonnes,0.0,0.0,0.0,0.0,0.0,0.0,0.0,0.0,0.0,34789000.0,3160000.0,37949000.0,37949000.0,37949000.0,0,True,0.0,758.98,True,,,False,inventory_context_only_not_used_as_point_or_grid_model_evidence,SRC_IBM_NMI_2025,https://ibm.gov.in/IBMPortal/pages/national-mineral-inventory-at-a-glance-2025,https://ibm.gov.in/writereaddata/files/17848872906a6337fae632bChapter__5_Mineral_wise.pdf,491b70eccee4f1a63f9ae0fe25b1c2d7c40e8b7c714abab7e12a10e594020d67,pdfplumber_position_aware_columns_with_unfc_subtotal_validation
IBM-NMI2025-5-42-state-kerala-contained-v2o5-01,official_nmi_resource_inventory,5.42,52,2025-04-01,Vanadium,"[""Vanadium""]",state,Kerala,Kerala,Contained V2O5,contained_metal_or_compound,Tonne,1.0,tonnes,0.0,0.0,0.0,0.0,0.0,0.0,0.0,0.0,0.0,45521.32,8532.0,54053.32,54053.32,54053.32,0,True,0.0,2.0,True,,,False,inventory_context_only_not_used_as_point_or_grid_model_evidence,SRC_IBM_NMI_2025,https://ibm.gov.in/IBMPortal/pages/national-mineral-inventory-at-a-glance-2025,https://ibm.gov.in/writereaddata/files/17848872906a6337fae632bChapter__5_Mineral_wise.pdf,491b70eccee4f1a63f9ae0fe25b1c2d7c40e8b7c714abab7e12a10e594020d67,pdfplumber_position_aware_columns_with_unfc_subtotal_validation
IBM-NMI2025-5-42-state-madhya-pradesh-ore-01,official_nmi_resource_inventory,5.42,52,2025-04-01,Vanadium,"[""Vanadium""]",state,Madhya Pradesh,Madhya Pradesh,Ore,ore,Tonne,1.0,tonnes,0.0,0.0,0.0,0.0,0.0,0.0,0.0,0.0,0.0,68800000.0,0.0,68800000.0,68800000.0,68800000.0,0,True,0.0,1376.0,True,,,False,inventory_context_only_not_used_as_point_or_grid_model_evidence,SRC_IBM_NMI_2025,https://ibm.gov.in/IBMPortal/pages/national-mineral-inventory-at-a-glance-2025,https://ibm.gov.in/writereaddata/files/17848872906a6337fae632bChapter__5_Mineral_wise.pdf,491b70eccee4f1a63f9ae0fe25b1c2d7c40e8b7c714abab7e12a10e594020d67,pdfplumber_position_aware_columns_with_unfc_subtotal_validation
IBM-NMI2025-5-42-state-madhya-pradesh-contained-v2o5-01,official_nmi_resource_inventory,5.42,52,2025-04-01,Vanadium,"[""Vanadium""]",state,Madhya Pradesh,Madhya Pradesh,Contained V2O5,contained_metal_or_compound,Tonne,1.0,tonnes,0.0,0.0,0.0,0.0,0.0,0.0,0.0,0.0,0.0,34400.0,0.0,34400.0,34400.0,34400.0,0,True,0.0,2.0,True,,,False,inventory_context_only_not_used_as_point_or_grid_model_evidence,SRC_IBM_NMI_2025,https://ibm.gov.in/IBMPortal/pages/national-mineral-inventory-at-a-glance-2025,https://ibm.gov.in/writereaddata/files/17848872906a6337fae632bChapter__5_Mineral_wise.pdf,491b70eccee4f1a63f9ae0fe25b1c2d7c40e8b7c714abab7e12a10e594020d67,pdfplumber_position_aware_columns_with_unfc_subtotal_validation
IBM-NMI2025-5-42-state-maharashtra-ore-01,official_nmi_resource_inventory,5.42,52,2025-04-01,Vanadium,"[""Vanadium""]",state,Maharashtra,Maharashtra,Ore,ore,Tonne,1.0,tonnes,0.0,0.0,0.0,0.0,276530.0,0.0,108100.0,0.0,0.0,0.0,0.0,384630.0,384630.0,384630.0,0,True,0.0,7.6926000000000005,True,,,False,inventory_context_only_not_used_as_point_or_grid_model_evidence,SRC_IBM_NMI_2025,https://ibm.gov.in/IBMPortal/pages/national-mineral-inventory-at-a-glance-2025,https://ibm.gov.in/writereaddata/files/17848872906a6337fae632bChapter__5_Mineral_wise.pdf,491b70eccee4f1a63f9ae0fe25b1c2d7c40e8b7c714abab7e12a10e594020d67,pdfplumber_position_aware_columns_with_unfc_subtotal_validation
IBM-NMI2025-5-42-state-maharashtra-contained-v2o5-01,official_nmi_resource_inventory,5.42,52,2025-04-01,Vanadium,"[""Vanadium""]",state,Maharashtra,Maharashtra,Contained V2O5,contained_metal_or_compound,Tonne,1.0,tonnes,0.0,0.0,0.0,0.0,1106.12,0.0,432.4,0.0,0.0,0.0,0.0,1538.52,1538.52,1538.52,0,True,0.0,2.0,True,,,False,inventory_context_only_not_used_as_point_or_grid_model_evidence,SRC_IBM_NMI_2025,https://ibm.gov.in/IBMPortal/pages/national-mineral-inventory-at-a-glance-2025,https://ibm.gov.in/writereaddata/files/17848872906a6337fae632bChapter__5_Mineral_wise.pdf,491b70eccee4f1a63f9ae0fe25b1c2d7c40e8b7c714abab7e12a10e594020d67,pdfplumber_position_aware_columns_with_unfc_subtotal_validation
IBM-NMI2025-5-42-state-odisha-ore-01,official_nmi_resource_inventory,5.42,52,2025-04-01,Vanadium,"[""Vanadium""]",state,Odisha,Odisha,Ore,ore,Tonne,1.0,tonnes,0.0,0.0,0.0,0.0,0.0,1220000.0,0.0,0.0,602000.0,3412796.0,0.0,5234796.0,5234796.0,5234796.0,0,True,0.0,104.69592000000002,True,,,False,inventory_context_only_not_used_as_point_or_grid_model_evidence,SRC_IBM_NMI_2025,https://ibm.gov.in/IBMPortal/pages/national-mineral-inventory-at-a-glance-2025,https://ibm.gov.in/writereaddata/files/17848872906a6337fae632bChapter__5_Mineral_wise.pdf,491b70eccee4f1a63f9ae0fe25b1c2d7c40e8b7c714abab7e12a10e594020d67,pdfplumber_position_aware_columns_with_unfc_subtotal_validation
IBM-NMI2025-5-42-state-odisha-contained-v2o5-01,official_nmi_resource_inventory,5.42,52,2025-04-01,Vanadium,"[""Vanadium""]",state,Odisha,Odisha,Contained V2O5,contained_metal_or_compound,Tonne,1.0,tonnes,0.0,0.0,0.0,0.0,0.0,2135.0,0.0,0.0,715.2,10935.74,0.0,13785.94,13785.94,13785.94,0,True,0.0,2.0,True,,,False,inventory_context_only_not_used_as_point_or_grid_model_evidence,SRC_IBM_NMI_2025,https://ibm.gov.in/IBMPortal/pages/national-mineral-inventory-at-a-glance-2025,https://ibm.gov.in/writereaddata/files/17848872906a6337fae632bChapter__5_Mineral_wise.pdf,491b70eccee4f1a63f9ae0fe25b1c2d7c40e8b7c714abab7e12a10e594020d67,pdfplumber_position_aware_columns_with_unfc_subtotal_validation
IBM-NMI2025-5-42-state-telangana-ore-01,official_nmi_resource_inventory,5.42,52,2025-04-01,Vanadium,"[""Vanadium""]",state,Telangana,Telangana,Ore,ore,Tonne,1.0,tonnes,0.0,0.0,0.0,0.0,0.0,0.0,0.0,0.0,0.0,53130000.0,0.0,53130000.0,53130000.0,53130000.0,0,True,0.0,1062.6000000000001,True,,,False,inventory_context_only_not_used_as_point_or_grid_model_evidence,SRC_IBM_NMI_2025,https://ibm.gov.in/IBMPortal/pages/national-mineral-inventory-at-a-glance-2025,https://ibm.gov.in/writereaddata/files/17848872906a6337fae632bChapter__5_Mineral_wise.pdf,491b70eccee4f1a63f9ae0fe25b1c2d7c40e8b7c714abab7e12a10e594020d67,pdfplumber_position_aware_columns_with_unfc_subtotal_validation
IBM-NMI2025-5-42-state-telangana-contained-v2o5-01,official_nmi_resource_inventory,5.42,52,2025-04-01,Vanadium,"[""Vanadium""]",state,Telangana,Telangana,Contained V2O5,contained_metal_or_compound,Tonne,1.0,tonnes,0.0,0.0,0.0,0.0,0.0,0.0,0.0,0.0,0.0,194190.0,0.0,194190.0,194190.0,194190.0,0,True,0.0,3.8838000000000004,True,,,False,inventory_context_only_not_used_as_point_or_grid_model_evidence,SRC_IBM_NMI_2025,https://ibm.gov.in/IBMPortal/pages/national-mineral-inventory-at-a-glance-2025,https://ibm.gov.in/writereaddata/files/17848872906a6337fae632bChapter__5_Mineral_wise.pdf,491b70eccee4f1a63f9ae0fe25b1c2d7c40e8b7c714abab7e12a10e594020d67,pdfplumber_position_aware_columns_with_unfc_subtotal_validation
IBM-NMI2025-5-42-state-uttar-pradesh-ore-01,official_nmi_resource_inventory,5.42,52,2025-04-01,Vanadium,"[""Vanadium""]",state,Uttar Pradesh,Uttar Pradesh,Ore,ore,Tonne,1.0,tonnes,0.0,0.0,0.0,0.0,0.0,0.0,0.0,0.0,0.0,0.0,2720000.0,2720000.0,2720000.0,2720000.0,0,True,0.0,54.400000000000006,True,,,False,inventory_context_only_not_used_as_point_or_grid_model_evidence,SRC_IBM_NMI_2025,https://ibm.gov.in/IBMPortal/pages/national-mineral-inventory-at-a-glance-2025,https://ibm.gov.in/writereaddata/files/17848872906a6337fae632bChapter__5_Mineral_wise.pdf,491b70eccee4f1a63f9ae0fe25b1c2d7c40e8b7c714abab7e12a10e594020d67,pdfplumber_position_aware_columns_with_unfc_subtotal_validation
IBM-NMI2025-5-42-state-uttar-pradesh-contained-v2o5-01,official_nmi_resource_inventory,5.42,52,2025-04-01,Vanadium,"[""Vanadium""]",state,Uttar Pradesh,Uttar Pradesh,Contained V2O5,contained_metal_or_compound,Tonne,1.0,tonnes,0.0,0.0,0.0,0.0,0.0,0.0,0.0,0.0,0.0,0.0,5328.83,5328.83,5328.83,5328.83,0,True,0.0,2.0,True,,,False,inventory_context_only_not_used_as_point_or_grid_model_evidence,SRC_IBM_NMI_2025,https://ibm.gov.in/IBMPortal/pages/national-mineral-inventory-at-a-glance-2025,https://ibm.gov.in/writereaddata/files/17848872906a6337fae632bChapter__5_Mineral_wise.pdf,491b70eccee4f1a63f9ae0fe25b1c2d7c40e8b7c714abab7e12a10e594020d67,pdfplumber_position_aware_columns_with_unfc_subtotal_validation
IBM-NMI2025-5-43-national-total-all-india-total-01,official_nmi_resource_inventory,5.43,53,2025-04-01,Vermiculite,[],national_total,,All India,Total,bulk_mineral_or_source_grade,Tonne,1.0,tonnes,1729187.0,169120.0,58128.0,1956435.0,116954.0,121877.0,67948.0,4550.0,20179.0,601599.0,8716.0,941823.0,2898258.0,2898258.0,0,True,0.0,57.965160000000004,True,,,False,inventory_context_only_not_used_as_point_or_grid_model_evidence,SRC_IBM_NMI_2025,https://ibm.gov.in/IBMPortal/pages/national-mineral-inventory-at-a-glance-2025,https://ibm.gov.in/writereaddata/files/17848872906a6337fae632bChapter__5_Mineral_wise.pdf,491b70eccee4f1a63f9ae0fe25b1c2d7c40e8b7c714abab7e12a10e594020d67,pdfplumber_position_aware_columns_with_unfc_subtotal_validation
IBM-NMI2025-5-43-grade-all-india-refractory-01,official_nmi_resource_inventory,5.43,53,2025-04-01,Vermiculite,[],grade,,All India,Refractory,bulk_mineral_or_source_grade,Tonne,1.0,tonnes,0.0,0.0,0.0,0.0,24514.0,0.0,14238.0,0.0,0.0,807.0,0.0,39559.0,39559.0,39559.0,0,True,0.0,2.0,True,,,False,inventory_context_only_not_used_as_point_or_grid_model_evidence,SRC_IBM_NMI_2025,https://ibm.gov.in/IBMPortal/pages/national-mineral-inventory-at-a-glance-2025,https://ibm.gov.in/writereaddata/files/17848872906a6337fae632bChapter__5_Mineral_wise.pdf,491b70eccee4f1a63f9ae0fe25b1c2d7c40e8b7c714abab7e12a10e594020d67,pdfplumber_position_aware_columns_with_unfc_subtotal_validation
IBM-NMI2025-5-43-grade-all-india-unclassified-01,official_nmi_resource_inventory,5.43,53,2025-04-01,Vermiculite,[],grade,,All India,Unclassified,bulk_mineral_or_source_grade,Tonne,1.0,tonnes,1729187.0,169120.0,58128.0,1956435.0,92440.0,121877.0,53710.0,4550.0,20179.0,600792.0,8716.0,902264.0,2858699.0,2858699.0,0,True,0.0,57.17398000000001,True,,,False,inventory_context_only_not_used_as_point_or_grid_model_evidence,SRC_IBM_NMI_2025,https://ibm.gov.in/IBMPortal/pages/national-mineral-inventory-at-a-glance-2025,https://ibm.gov.in/writereaddata/files/17848872906a6337fae632bChapter__5_Mineral_wise.pdf,491b70eccee4f1a63f9ae0fe25b1c2d7c40e8b7c714abab7e12a10e594020d67,pdfplumber_position_aware_columns_with_unfc_subtotal_validation
IBM-NMI2025-5-43-state-andhra-pradesh-total-01,official_nmi_resource_inventory,5.43,53,2025-04-01,Vermiculite,[],state,Andhra Pradesh,Andhra Pradesh,Total,bulk_mineral_or_source_grade,Tonne,1.0,tonnes,212384.0,169120.0,58128.0,439632.0,47403.0,51397.0,47842.0,4550.0,5127.0,138185.0,0.0,294504.0,734136.0,734136.0,0,True,0.0,14.682720000000002,True,,,False,inventory_context_only_not_used_as_point_or_grid_model_evidence,SRC_IBM_NMI_2025,https://ibm.gov.in/IBMPortal/pages/national-mineral-inventory-at-a-glance-2025,https://ibm.gov.in/writereaddata/files/17848872906a6337fae632bChapter__5_Mineral_wise.pdf,491b70eccee4f1a63f9ae0fe25b1c2d7c40e8b7c714abab7e12a10e594020d67,pdfplumber_position_aware_columns_with_unfc_subtotal_validation
IBM-NMI2025-5-43-state-gujarat-total-01,official_nmi_resource_inventory,5.43,53,2025-04-01,Vermiculite,[],state,Gujarat,Gujarat,Total,bulk_mineral_or_source_grade,Tonne,1.0,tonnes,0.0,0.0,0.0,0.0,0.0,0.0,0.0,0.0,0.0,1960.0,0.0,1960.0,1960.0,1960.0,0,True,0.0,2.0,True,,,False,inventory_context_only_not_used_as_point_or_grid_model_evidence,SRC_IBM_NMI_2025,https://ibm.gov.in/IBMPortal/pages/national-mineral-inventory-at-a-glance-2025,https://ibm.gov.in/writereaddata/files/17848872906a6337fae632bChapter__5_Mineral_wise.pdf,491b70eccee4f1a63f9ae0fe25b1c2d7c40e8b7c714abab7e12a10e594020d67,pdfplumber_position_aware_columns_with_unfc_subtotal_validation
IBM-NMI2025-5-43-state-jharkhand-total-01,official_nmi_resource_inventory,5.43,53,2025-04-01,Vermiculite,[],state,Jharkhand,Jharkhand,Total,bulk_mineral_or_source_grade,Tonne,1.0,tonnes,0.0,0.0,0.0,0.0,0.0,0.0,0.0,0.0,0.0,30048.0,0.0,30048.0,30048.0,30048.0,0,True,0.0,2.0,True,,,False,inventory_context_only_not_used_as_point_or_grid_model_evidence,SRC_IBM_NMI_2025,https://ibm.gov.in/IBMPortal/pages/national-mineral-inventory-at-a-glance-2025,https://ibm.gov.in/writereaddata/files/17848872906a6337fae632bChapter__5_Mineral_wise.pdf,491b70eccee4f1a63f9ae0fe25b1c2d7c40e8b7c714abab7e12a10e594020d67,pdfplumber_position_aware_columns_with_unfc_subtotal_validation
IBM-NMI2025-5-43-state-karnataka-total-01,official_nmi_resource_inventory,5.43,53,2025-04-01,Vermiculite,[],state,Karnataka,Karnataka,Total,bulk_mineral_or_source_grade,Tonne,1.0,tonnes,0.0,0.0,0.0,0.0,28000.0,50520.0,15500.0,0.0,1562.0,66658.0,0.0,162240.0,162240.0,162240.0,0,True,0.0,3.2448,True,,,False,inventory_context_only_not_used_as_point_or_grid_model_evidence,SRC_IBM_NMI_2025,https://ibm.gov.in/IBMPortal/pages/national-mineral-inventory-at-a-glance-2025,https://ibm.gov.in/writereaddata/files/17848872906a6337fae632bChapter__5_Mineral_wise.pdf,491b70eccee4f1a63f9ae0fe25b1c2d7c40e8b7c714abab7e12a10e594020d67,pdfplumber_position_aware_columns_with_unfc_subtotal_validation
IBM-NMI2025-5-43-state-madhya-pradesh-total-01,official_nmi_resource_inventory,5.43,53,2025-04-01,Vermiculite,[],state,Madhya Pradesh,Madhya Pradesh,Total,bulk_mineral_or_source_grade,Tonne,1.0,tonnes,0.0,0.0,0.0,0.0,197.0,0.0,66.0,0.0,0.0,66.0,0.0,329.0,329.0,329.0,0,True,0.0,2.0,True,,,False,inventory_context_only_not_used_as_point_or_grid_model_evidence,SRC_IBM_NMI_2025,https://ibm.gov.in/IBMPortal/pages/national-mineral-inventory-at-a-glance-2025,https://ibm.gov.in/writereaddata/files/17848872906a6337fae632bChapter__5_Mineral_wise.pdf,491b70eccee4f1a63f9ae0fe25b1c2d7c40e8b7c714abab7e12a10e594020d67,pdfplumber_position_aware_columns_with_unfc_subtotal_validation
IBM-NMI2025-5-43-state-rajasthan-total-01,official_nmi_resource_inventory,5.43,53,2025-04-01,Vermiculite,[],state,Rajasthan,Rajasthan,Total,bulk_mineral_or_source_grade,Tonne,1.0,tonnes,0.0,0.0,0.0,0.0,41354.0,19960.0,4540.0,0.0,13000.0,16555.0,8716.0,104125.0,104125.0,104125.0,0,True,0.0,2.0825,True,,,False,inventory_context_only_not_used_as_point_or_grid_model_evidence,SRC_IBM_NMI_2025,https://ibm.gov.in/IBMPortal/pages/national-mineral-inventory-at-a-glance-2025,https://ibm.gov.in/writereaddata/files/17848872906a6337fae632bChapter__5_Mineral_wise.pdf,491b70eccee4f1a63f9ae0fe25b1c2d7c40e8b7c714abab7e12a10e594020d67,pdfplumber_position_aware_columns_with_unfc_subtotal_validation
IBM-NMI2025-5-43-state-tamil-nadu-total-01,official_nmi_resource_inventory,5.43,53,2025-04-01,Vermiculite,[],state,Tamil Nadu,Tamil Nadu,Total,bulk_mineral_or_source_grade,Tonne,1.0,tonnes,1516803.0,0.0,0.0,1516803.0,0.0,0.0,0.0,0.0,0.0,343051.0,0.0,343051.0,1859854.0,1859854.0,0,True,0.0,37.19708,True,,,False,inventory_context_only_not_used_as_point_or_grid_model_evidence,SRC_IBM_NMI_2025,https://ibm.gov.in/IBMPortal/pages/national-mineral-inventory-at-a-glance-2025,https://ibm.gov.in/writereaddata/files/17848872906a6337fae632bChapter__5_Mineral_wise.pdf,491b70eccee4f1a63f9ae0fe25b1c2d7c40e8b7c714abab7e12a10e594020d67,pdfplumber_position_aware_columns_with_unfc_subtotal_validation
IBM-NMI2025-5-43-state-west-bengal-total-01,official_nmi_resource_inventory,5.43,53,2025-04-01,Vermiculite,[],state,West Bengal,West Bengal,Total,bulk_mineral_or_source_grade,Tonne,1.0,tonnes,0.0,0.0,0.0,0.0,0.0,0.0,0.0,0.0,490.0,5076.0,0.0,5566.0,5566.0,5566.0,0,True,0.0,2.0,True,,,False,inventory_context_only_not_used_as_point_or_grid_model_evidence,SRC_IBM_NMI_2025,https://ibm.gov.in/IBMPortal/pages/national-mineral-inventory-at-a-glance-2025,https://ibm.gov.in/writereaddata/files/17848872906a6337fae632bChapter__5_Mineral_wise.pdf,491b70eccee4f1a63f9ae0fe25b1c2d7c40e8b7c714abab7e12a10e594020d67,pdfplumber_position_aware_columns_with_unfc_subtotal_validation
IBM-NMI2025-5-44-national-total-all-india-total-01,official_nmi_resource_inventory,5.44,54,2025-04-01,Wollastonite,[],national_total,,All India,Total,bulk_mineral_or_source_grade,Tonne,1.0,tonnes,3453146.0,986444.0,765846.0,5205436.0,664783.0,1791055.0,4110041.0,3685830.0,3325042.0,4053027.0,19938.0,17649716.0,22855152.0,22855152.0,0,True,0.0,457.10304,True,,,False,inventory_context_only_not_used_as_point_or_grid_model_evidence,SRC_IBM_NMI_2025,https://ibm.gov.in/IBMPortal/pages/national-mineral-inventory-at-a-glance-2025,https://ibm.gov.in/writereaddata/files/17848872906a6337fae632bChapter__5_Mineral_wise.pdf,491b70eccee4f1a63f9ae0fe25b1c2d7c40e8b7c714abab7e12a10e594020d67,pdfplumber_position_aware_columns_with_unfc_subtotal_validation
IBM-NMI2025-5-44-grade-all-india-marketable-01,official_nmi_resource_inventory,5.44,54,2025-04-01,Wollastonite,[],grade,,All India,Marketable,bulk_mineral_or_source_grade,Tonne,1.0,tonnes,695645.0,0.0,0.0,695645.0,0.0,1425369.0,3797522.0,3685830.0,0.0,3333.0,0.0,8912054.0,9607699.0,9607699.0,0,True,0.0,192.15398000000002,True,,,False,inventory_context_only_not_used_as_point_or_grid_model_evidence,SRC_IBM_NMI_2025,https://ibm.gov.in/IBMPortal/pages/national-mineral-inventory-at-a-glance-2025,https://ibm.gov.in/writereaddata/files/17848872906a6337fae632bChapter__5_Mineral_wise.pdf,491b70eccee4f1a63f9ae0fe25b1c2d7c40e8b7c714abab7e12a10e594020d67,pdfplumber_position_aware_columns_with_unfc_subtotal_validation
IBM-NMI2025-5-44-grade-all-india-unclassified-01,official_nmi_resource_inventory,5.44,54,2025-04-01,Wollastonite,[],grade,,All India,Unclassified,bulk_mineral_or_source_grade,Tonne,1.0,tonnes,1562792.0,620658.0,306475.0,2489925.0,221526.0,44146.0,256473.0,0.0,3325042.0,2864617.0,18296.0,6730100.0,9220025.0,9220025.0,0,True,0.0,184.40050000000002,True,,,False,inventory_context_only_not_used_as_point_or_grid_model_evidence,SRC_IBM_NMI_2025,https://ibm.gov.in/IBMPortal/pages/national-mineral-inventory-at-a-glance-2025,https://ibm.gov.in/writereaddata/files/17848872906a6337fae632bChapter__5_Mineral_wise.pdf,491b70eccee4f1a63f9ae0fe25b1c2d7c40e8b7c714abab7e12a10e594020d67,pdfplumber_position_aware_columns_with_unfc_subtotal_validation
IBM-NMI2025-5-44-grade-all-india-beneficiable-01,official_nmi_resource_inventory,5.44,54,2025-04-01,Wollastonite,[],grade,,All India,Beneficiable,bulk_mineral_or_source_grade,Tonne,1.0,tonnes,0.0,0.0,0.0,0.0,0.0,0.0,0.0,0.0,0.0,0.0,0.0,0.0,0.0,0.0,0,True,0.0,2.0,True,,,False,inventory_context_only_not_used_as_point_or_grid_model_evidence,SRC_IBM_NMI_2025,https://ibm.gov.in/IBMPortal/pages/national-mineral-inventory-at-a-glance-2025,https://ibm.gov.in/writereaddata/files/17848872906a6337fae632bChapter__5_Mineral_wise.pdf,491b70eccee4f1a63f9ae0fe25b1c2d7c40e8b7c714abab7e12a10e594020d67,pdfplumber_position_aware_columns_with_unfc_subtotal_validation
IBM-NMI2025-5-44-grade-all-india-not-known-01,official_nmi_resource_inventory,5.44,54,2025-04-01,Wollastonite,[],grade,,All India,Not Known,bulk_mineral_or_source_grade,Tonne,1.0,tonnes,1194709.0,365786.0,459371.0,2019866.0,443257.0,321540.0,56046.0,0.0,0.0,1185077.0,1642.0,2007562.0,4027428.0,4027428.0,0,True,0.0,80.54856000000001,True,,,False,inventory_context_only_not_used_as_point_or_grid_model_evidence,SRC_IBM_NMI_2025,https://ibm.gov.in/IBMPortal/pages/national-mineral-inventory-at-a-glance-2025,https://ibm.gov.in/writereaddata/files/17848872906a6337fae632bChapter__5_Mineral_wise.pdf,491b70eccee4f1a63f9ae0fe25b1c2d7c40e8b7c714abab7e12a10e594020d67,pdfplumber_position_aware_columns_with_unfc_subtotal_validation
IBM-NMI2025-5-44-state-gujarat-total-01,official_nmi_resource_inventory,5.44,54,2025-04-01,Wollastonite,[],state,Gujarat,Gujarat,Total,bulk_mineral_or_source_grade,Tonne,1.0,tonnes,0.0,0.0,0.0,0.0,0.0,0.0,0.0,0.0,0.0,1990000.0,0.0,1990000.0,1990000.0,1990000.0,0,True,0.0,39.800000000000004,True,,,False,inventory_context_only_not_used_as_point_or_grid_model_evidence,SRC_IBM_NMI_2025,https://ibm.gov.in/IBMPortal/pages/national-mineral-inventory-at-a-glance-2025,https://ibm.gov.in/writereaddata/files/17848872906a6337fae632bChapter__5_Mineral_wise.pdf,491b70eccee4f1a63f9ae0fe25b1c2d7c40e8b7c714abab7e12a10e594020d67,pdfplumber_position_aware_columns_with_unfc_subtotal_validation
IBM-NMI2025-5-44-state-rajasthan-total-01,official_nmi_resource_inventory,5.44,54,2025-04-01,Wollastonite,[],state,Rajasthan,Rajasthan,Total,bulk_mineral_or_source_grade,Tonne,1.0,tonnes,3453146.0,986444.0,765846.0,5205436.0,664783.0,1791055.0,4110041.0,3685830.0,3325042.0,2059494.0,19938.0,15656183.0,20861619.0,20861619.0,0,True,0.0,417.23238000000003,True,,,False,inventory_context_only_not_used_as_point_or_grid_model_evidence,SRC_IBM_NMI_2025,https://ibm.gov.in/IBMPortal/pages/national-mineral-inventory-at-a-glance-2025,https://ibm.gov.in/writereaddata/files/17848872906a6337fae632bChapter__5_Mineral_wise.pdf,491b70eccee4f1a63f9ae0fe25b1c2d7c40e8b7c714abab7e12a10e594020d67,pdfplumber_position_aware_columns_with_unfc_subtotal_validation
IBM-NMI2025-5-44-state-tamil-nadu-total-01,official_nmi_resource_inventory,5.44,54,2025-04-01,Wollastonite,[],state,Tamil Nadu,Tamil Nadu,Total,bulk_mineral_or_source_grade,Tonne,1.0,tonnes,0.0,0.0,0.0,0.0,0.0,0.0,0.0,0.0,0.0,3533.0,0.0,3533.0,3533.0,3533.0,0,True,0.0,2.0,True,,,False,inventory_context_only_not_used_as_point_or_grid_model_evidence,SRC_IBM_NMI_2025,https://ibm.gov.in/IBMPortal/pages/national-mineral-inventory-at-a-glance-2025,https://ibm.gov.in/writereaddata/files/17848872906a6337fae632bChapter__5_Mineral_wise.pdf,491b70eccee4f1a63f9ae0fe25b1c2d7c40e8b7c714abab7e12a10e594020d67,pdfplumber_position_aware_columns_with_unfc_subtotal_validation
IBM-NMI2025-5-45-national-total-all-india-total-01,official_nmi_resource_inventory,5.45,55,2025-04-01,Zircon,"[""Zirconium""]",national_total,,All India,Total,bulk_mineral_or_source_grade,Tonne,1.0,tonnes,481191.0,61814.0,0.0,543006.0,345457.0,29393.0,0.0,262099.0,141496.0,1613555.0,37279.0,2429278.0,2972284.0,2972284.0,0,True,1.0,59.44568,True,,,False,inventory_context_only_not_used_as_point_or_grid_model_evidence,SRC_IBM_NMI_2025,https://ibm.gov.in/IBMPortal/pages/national-mineral-inventory-at-a-glance-2025,https://ibm.gov.in/writereaddata/files/17848872906a6337fae632bChapter__5_Mineral_wise.pdf,491b70eccee4f1a63f9ae0fe25b1c2d7c40e8b7c714abab7e12a10e594020d67,pdfplumber_position_aware_columns_with_unfc_subtotal_validation
IBM-NMI2025-5-45-grade-all-india-unclassified-01,official_nmi_resource_inventory,5.45,55,2025-04-01,Zircon,"[""Zirconium""]",grade,,All India,Unclassified,bulk_mineral_or_source_grade,Tonne,1.0,tonnes,481191.0,61814.0,0.0,543006.0,345457.0,29393.0,0.0,262099.0,141496.0,1613555.0,37279.0,2429278.0,2972284.0,2972284.0,0,True,1.0,59.44568,True,,,False,inventory_context_only_not_used_as_point_or_grid_model_evidence,SRC_IBM_NMI_2025,https://ibm.gov.in/IBMPortal/pages/national-mineral-inventory-at-a-glance-2025,https://ibm.gov.in/writereaddata/files/17848872906a6337fae632bChapter__5_Mineral_wise.pdf,491b70eccee4f1a63f9ae0fe25b1c2d7c40e8b7c714abab7e12a10e594020d67,pdfplumber_position_aware_columns_with_unfc_subtotal_validation
IBM-NMI2025-5-45-state-kerala-total-01,official_nmi_resource_inventory,5.45,55,2025-04-01,Zircon,"[""Zirconium""]",state,Kerala,Kerala,Total,bulk_mineral_or_source_grade,Tonne,1.0,tonnes,84218.0,33522.0,0.0,117740.0,341650.0,0.0,0.0,247157.0,0.0,716279.0,0.0,1305086.0,1422826.0,1422826.0,0,True,0.0,28.45652,True,,,False,inventory_context_only_not_used_as_point_or_grid_model_evidence,SRC_IBM_NMI_2025,https://ibm.gov.in/IBMPortal/pages/national-mineral-inventory-at-a-glance-2025,https://ibm.gov.in/writereaddata/files/17848872906a6337fae632bChapter__5_Mineral_wise.pdf,491b70eccee4f1a63f9ae0fe25b1c2d7c40e8b7c714abab7e12a10e594020d67,pdfplumber_position_aware_columns_with_unfc_subtotal_validation
IBM-NMI2025-5-45-state-odisha-total-01,official_nmi_resource_inventory,5.45,55,2025-04-01,Zircon,"[""Zirconium""]",state,Odisha,Odisha,Total,bulk_mineral_or_source_grade,Tonne,1.0,tonnes,379594.0,0.0,0.0,379594.0,0.0,9735.0,0.0,14042.0,141496.0,354935.0,35610.0,555819.0,935413.0,935413.0,0,True,1.0,18.708260000000003,True,,,False,inventory_context_only_not_used_as_point_or_grid_model_evidence,SRC_IBM_NMI_2025,https://ibm.gov.in/IBMPortal/pages/national-mineral-inventory-at-a-glance-2025,https://ibm.gov.in/writereaddata/files/17848872906a6337fae632bChapter__5_Mineral_wise.pdf,491b70eccee4f1a63f9ae0fe25b1c2d7c40e8b7c714abab7e12a10e594020d67,pdfplumber_position_aware_columns_with_unfc_subtotal_validation
IBM-NMI2025-5-45-state-rajasthan-total-01,official_nmi_resource_inventory,5.45,55,2025-04-01,Zircon,"[""Zirconium""]",state,Rajasthan,Rajasthan,Total,bulk_mineral_or_source_grade,Tonne,1.0,tonnes,0.0,0.0,0.0,0.0,0.0,0.0,0.0,0.0,0.0,542341.0,0.0,542341.0,542341.0,542341.0,0,True,0.0,10.846820000000001,True,,,False,inventory_context_only_not_used_as_point_or_grid_model_evidence,SRC_IBM_NMI_2025,https://ibm.gov.in/IBMPortal/pages/national-mineral-inventory-at-a-glance-2025,https://ibm.gov.in/writereaddata/files/17848872906a6337fae632bChapter__5_Mineral_wise.pdf,491b70eccee4f1a63f9ae0fe25b1c2d7c40e8b7c714abab7e12a10e594020d67,pdfplumber_position_aware_columns_with_unfc_subtotal_validation
IBM-NMI2025-5-45-state-tamil-nadu-total-01,official_nmi_resource_inventory,5.45,55,2025-04-01,Zircon,"[""Zirconium""]",state,Tamil Nadu,Tamil Nadu,Total,bulk_mineral_or_source_grade,Tonne,1.0,tonnes,17380.0,28292.0,0.0,45672.0,3807.0,19657.0,0.0,900.0,0.0,0.0,1669.0,26033.0,71705.0,71705.0,0,True,0.0,2.0,True,,,False,inventory_context_only_not_used_as_point_or_grid_model_evidence,SRC_IBM_NMI_2025,https://ibm.gov.in/IBMPortal/pages/national-mineral-inventory-at-a-glance-2025,https://ibm.gov.in/writereaddata/files/17848872906a6337fae632bChapter__5_Mineral_wise.pdf,491b70eccee4f1a63f9ae0fe25b1c2d7c40e8b7c714abab7e12a10e594020d67,pdfplumber_position_aware_columns_with_unfc_subtotal_validation
