event_id,auction_tranche,portal_link_order,block_name,state_or_ut,district,concession_type,block_area_ha,source_materials_json,coordinates_available_in_source,geometry_type,geometry_vertex_count,geometry_area_geodesic_ha,geometry_area_difference_pct,geometry_extraction_method,geometry_quality_flag,centroid_within_stated_state_2011,spatial_validation_note,concession_type_extraction_method,source_pdf_filename,source_pdf_sha256,source_pdf_bytes,source_pdf_page_count,auction_notice_pdf_filename,auction_notice_pdf_sha256,auction_notice_pdf_bytes,auction_notice_pdf_page_count,portal_link_title,source_url,mbs_source_url,geometry_source_url,extraction_notes
T1-O01,1,1,Akharkata Graphite Block,Odisha,Angul,CL,752.77,"[""Graphite""]",True,Polygon,4,752.2047539203227,0.07508881593013914,pypdf_text,accepted,True,,mbs_text_reconciled_to_official_nit,T1_12705_MBS_Akharkata_Graphite_Block.pdf,876606cab08d5b2d573083d88499e09aaa3adc956a959c655a842361d625d5f0,922693,6,T1_NIT.pdf,74866dde67d66d19937535c2ebb66e9f4ae2322ad6f77717fa63f41749cca75e,14867940,100,MBS_Akharkata Graphite Block,https://www.mstcecommerce.com/auctionhome/download_docs.jsp?FILE_ID=12721_Tranche-1-NIT%2020%20Blocks.pdf&path=dynamiclinks&portal=mlcl&mdTyp=-,https://www.mstcecommerce.com/auctionhome/download_docs.jsp?FILE_ID=12705_MBS_Akharkata%20Graphite%20Block.pdf&path=dynamiclinks&portal=mlcl&mdTyp=-,https://www.mstcecommerce.com/auctionhome/download_docs.jsp?FILE_ID=12705_MBS_Akharkata%20Graphite%20Block.pdf&path=dynamiclinks&portal=mlcl&mdTyp=-,
T1-O02,1,2,Babja Graphite and Manganese Block,Odisha,Balangir,ML,19.5,"[""Graphite"",""Iron"",""Manganese""]",True,Polygon,4,19.44356722213924,0.28939886082440947,pypdf_text_from_official_nit_fallback,accepted,True,,official_nit_table,T1_12704_MBS_Babja_Graphite_and_Manganese_Block.pdf,c465c447c6728d488565f8845ad99c875230ffec37de63a4550396203e1ed473,353146,4,T1_NIT.pdf,74866dde67d66d19937535c2ebb66e9f4ae2322ad6f77717fa63f41749cca75e,14867940,100,MBS_Babja Graphite and Manganese Block,https://www.mstcecommerce.com/auctionhome/download_docs.jsp?FILE_ID=12721_Tranche-1-NIT%2020%20Blocks.pdf&path=dynamiclinks&portal=mlcl&mdTyp=-,https://www.mstcecommerce.com/auctionhome/download_docs.jsp?FILE_ID=12704_MBS_Babja%20Graphite%20and%20Manganese%20Block.pdf&path=dynamiclinks&portal=mlcl&mdTyp=-,https://www.mstcecommerce.com/auctionhome/download_docs.jsp?FILE_ID=12721_Tranche-1-NIT%2020%20Blocks.pdf&path=dynamiclinks&portal=mlcl&mdTyp=-,
T1-O03,1,3,Biarpalli Graphite and Manganese Block,Odisha,Balangir,ML,131.82,"[""Graphite"",""Iron"",""Manganese""]",True,Polygon,4,131.73310246257782,0.06592136050840143,pypdf_text_from_official_nit_fallback,source_location_mismatch,False,Official-source centroid falls outside the stated Odisha boundary in the 2011 Census layer; source coordinates are retained and flagged.,official_nit_table,T1_12703_MBS_Biarpalli_Graphite_and_Manganese_Block.pdf,ce0d9e5daecf23db7c85001d019ad783f59ddcce29c016dcc4436e55383ddb53,670116,3,T1_NIT.pdf,74866dde67d66d19937535c2ebb66e9f4ae2322ad6f77717fa63f41749cca75e,14867940,100,MBS_Biarpalli Graphite and Manganese Block,https://www.mstcecommerce.com/auctionhome/download_docs.jsp?FILE_ID=12721_Tranche-1-NIT%2020%20Blocks.pdf&path=dynamiclinks&portal=mlcl&mdTyp=-,https://www.mstcecommerce.com/auctionhome/download_docs.jsp?FILE_ID=12703_MBS_Biarpalli%20Graphite%20and%20Manganese%20Block.pdf&path=dynamiclinks&portal=mlcl&mdTyp=-,https://www.mstcecommerce.com/auctionhome/download_docs.jsp?FILE_ID=12721_Tranche-1-NIT%2020%20Blocks.pdf&path=dynamiclinks&portal=mlcl&mdTyp=-,
T1-O04,1,4,Chutia-Nauhatta Glauconite Block,Bihar,Rohtas,CL,463.995,"[""Glauconite""]",True,Polygon,4,463.4651059556484,0.1142025332927249,pypdf_text,accepted,True,,mbs_text_reconciled_to_official_nit,T1_12702_MBS_Chutia-Nauhatta_Glauconite_Block.pdf,a0ebd4d8bae66afbf0ee9e3723d76600c2817c8a916ad6c9797aa6b5f9984fec,917365,5,T1_NIT.pdf,74866dde67d66d19937535c2ebb66e9f4ae2322ad6f77717fa63f41749cca75e,14867940,100,MBS_Chutia-Nauhatta Glauconite Block,https://www.mstcecommerce.com/auctionhome/download_docs.jsp?FILE_ID=12721_Tranche-1-NIT%2020%20Blocks.pdf&path=dynamiclinks&portal=mlcl&mdTyp=-,https://www.mstcecommerce.com/auctionhome/download_docs.jsp?FILE_ID=12702_MBS_Chutia-Nauhatta%20Glauconite%20Block.pdf&path=dynamiclinks&portal=mlcl&mdTyp=-,https://www.mstcecommerce.com/auctionhome/download_docs.jsp?FILE_ID=12702_MBS_Chutia-Nauhatta%20Glauconite%20Block.pdf&path=dynamiclinks&portal=mlcl&mdTyp=-,
T1-O05,1,5,Dudhiasol East Nickel and Copper Block,Odisha,Mayurbhanj,ML,104.3,"[""Copper"",""Nickel""]",True,Polygon,4,104.37222732253367,0.06924959015692983,pypdf_text,accepted,True,,official_nit_table,T1_12701_MBS_Dudhiasol_East_Nickel_and_Copper_Block.pdf,43ee991d15c9efa432d29dbc72bb95a9ee1363749038a305159fd371081fe1f4,496415,4,T1_NIT.pdf,74866dde67d66d19937535c2ebb66e9f4ae2322ad6f77717fa63f41749cca75e,14867940,100,MBS_Dudhiasol East Nickel and Copper Block,https://www.mstcecommerce.com/auctionhome/download_docs.jsp?FILE_ID=12721_Tranche-1-NIT%2020%20Blocks.pdf&path=dynamiclinks&portal=mlcl&mdTyp=-,https://www.mstcecommerce.com/auctionhome/download_docs.jsp?FILE_ID=12701_MBS_Dudhiasol%20East%20Nickel%20and%20Copper%20Block.pdf&path=dynamiclinks&portal=mlcl&mdTyp=-,https://www.mstcecommerce.com/auctionhome/download_docs.jsp?FILE_ID=12701_MBS_Dudhiasol%20East%20Nickel%20and%20Copper%20Block.pdf&path=dynamiclinks&portal=mlcl&mdTyp=-,
T1-O06,1,6,"Genjana Nickel, Chromium and PGE Block",Bihar,Gaya,CL,788.85,"[""Platinum-group elements"",""Chromium"",""Nickel""]",True,Polygon,4,788.3310822259903,0.06578155213408947,pypdf_text,accepted,True,,mbs_text_reconciled_to_official_nit,T1_12700_MBS_Genjana_Nickel_Chromium_and_PGE_Block.pdf,7f96161ed63e1fe2ae330ef3ca1e293501bd0214952d9d359016c1fa7b4b5f61,922404,6,T1_NIT.pdf,74866dde67d66d19937535c2ebb66e9f4ae2322ad6f77717fa63f41749cca75e,14867940,100,MBS_Genjana Nickel Chromium and PGE Block,https://www.mstcecommerce.com/auctionhome/download_docs.jsp?FILE_ID=12721_Tranche-1-NIT%2020%20Blocks.pdf&path=dynamiclinks&portal=mlcl&mdTyp=-,https://www.mstcecommerce.com/auctionhome/download_docs.jsp?FILE_ID=12700_MBS_Genjana%20Nickel%20Chromium%20and%20PGE%20Block.pdf&path=dynamiclinks&portal=mlcl&mdTyp=-,https://www.mstcecommerce.com/auctionhome/download_docs.jsp?FILE_ID=12700_MBS_Genjana%20Nickel%20Chromium%20and%20PGE%20Block.pdf&path=dynamiclinks&portal=mlcl&mdTyp=-,
T1-O07,1,7,Iluppakudi Graphite Block,Tamil Nadu,Sivaganga,CL,633.36,"[""Graphite""]",True,Polygon,4,619.897110109806,2.12562995613774,pypdf_text,accepted,True,,mbs_text_reconciled_to_official_nit,T1_12699_MBS_Iluppakudi_Graphite_Block.pdf,273af92c267a2c0e62a7531287f86b845d973011d3d175ccb15f97e44e6cb763,866999,5,T1_NIT.pdf,74866dde67d66d19937535c2ebb66e9f4ae2322ad6f77717fa63f41749cca75e,14867940,100,MBS_Iluppakudi Graphite Block,https://www.mstcecommerce.com/auctionhome/download_docs.jsp?FILE_ID=12721_Tranche-1-NIT%2020%20Blocks.pdf&path=dynamiclinks&portal=mlcl&mdTyp=-,https://www.mstcecommerce.com/auctionhome/download_docs.jsp?FILE_ID=12699_MBS_Iluppakudi%20Graphite%20Block.pdf&path=dynamiclinks&portal=mlcl&mdTyp=-,https://www.mstcecommerce.com/auctionhome/download_docs.jsp?FILE_ID=12699_MBS_Iluppakudi%20Graphite%20Block.pdf&path=dynamiclinks&portal=mlcl&mdTyp=-,
T1-O08,1,8,Katghora Lithium and REE Block,Chhattisgarh,Korba,CL,256.12,"[""Rare-earth elements"",""Lithium""]",True,Polygon,4,256.16413980736735,0.01723403379952523,pypdf_text,accepted,True,,mbs_text_reconciled_to_official_nit,T1_12688_MBS_Katghora_Lithium_and_REE_Block.pdf,75fa4e056863fb0b4bdb9f52165532298886dd845bad424dc85905c0454e076a,865916,5,T1_NIT.pdf,74866dde67d66d19937535c2ebb66e9f4ae2322ad6f77717fa63f41749cca75e,14867940,100,MBS_Katghora Lithium and REE Block,https://www.mstcecommerce.com/auctionhome/download_docs.jsp?FILE_ID=12721_Tranche-1-NIT%2020%20Blocks.pdf&path=dynamiclinks&portal=mlcl&mdTyp=-,https://www.mstcecommerce.com/auctionhome/download_docs.jsp?FILE_ID=12688_MBS_Katghora%20Lithium%20and%20REE%20Block.pdf&path=dynamiclinks&portal=mlcl&mdTyp=-,https://www.mstcecommerce.com/auctionhome/download_docs.jsp?FILE_ID=12688_MBS_Katghora%20Lithium%20and%20REE%20Block.pdf&path=dynamiclinks&portal=mlcl&mdTyp=-,
T1-O09,1,9,Kundol Nickel and Chromium Block,Gujarat,Aravalli,CL,547.8,"[""Chromium"",""Nickel""]",True,Polygon,7,545.8953482757703,0.34769107780753306,pypdf_text,accepted,True,,mbs_text_reconciled_to_official_nit,T1_12687_MBS_Kundol_Nickel_and_Chromium_Block.pdf,63de4215ac2bc1c9bc45a44df85c82fcf992f76ef04733cf92c4ba76053a8a51,913082,6,T1_NIT.pdf,74866dde67d66d19937535c2ebb66e9f4ae2322ad6f77717fa63f41749cca75e,14867940,100,MBS_Kundol Nickel and Chromium Block,https://www.mstcecommerce.com/auctionhome/download_docs.jsp?FILE_ID=12721_Tranche-1-NIT%2020%20Blocks.pdf&path=dynamiclinks&portal=mlcl&mdTyp=-,https://www.mstcecommerce.com/auctionhome/download_docs.jsp?FILE_ID=12687_MBS_Kundol%20Nickel%20and%20Chromium%20Block.pdf&path=dynamiclinks&portal=mlcl&mdTyp=-,https://www.mstcecommerce.com/auctionhome/download_docs.jsp?FILE_ID=12687_MBS_Kundol%20Nickel%20and%20Chromium%20Block.pdf&path=dynamiclinks&portal=mlcl&mdTyp=-,
T1-O10,1,10,Kurchha Glauconite Block,Uttar Pradesh,Sonbhadra,CL,17.3,"[""Glauconite""]",True,Polygon,4,17.273710959735514,0.15195977031495425,pypdf_text,accepted,True,,mbs_text_reconciled_to_official_nit,T1_12686_MBS_Kurchha_Glauconite_Block.pdf,d8bb70d5dfe74e3961c11bb7d2a54ad284dde2c317f4c9d1eb6da9682b387a8a,682125,5,T1_NIT.pdf,74866dde67d66d19937535c2ebb66e9f4ae2322ad6f77717fa63f41749cca75e,14867940,100,MBS_Kurchha Glauconite Block,https://www.mstcecommerce.com/auctionhome/download_docs.jsp?FILE_ID=12721_Tranche-1-NIT%2020%20Blocks.pdf&path=dynamiclinks&portal=mlcl&mdTyp=-,https://www.mstcecommerce.com/auctionhome/download_docs.jsp?FILE_ID=12686_MBS_Kurchha%20Glauconite%20Block.pdf&path=dynamiclinks&portal=mlcl&mdTyp=-,https://www.mstcecommerce.com/auctionhome/download_docs.jsp?FILE_ID=12686_MBS_Kurchha%20Glauconite%20Block.pdf&path=dynamiclinks&portal=mlcl&mdTyp=-,
T1-O11,1,11,Kurunjakulam Graphite Block,Tamil Nadu,Tenkasi,CL,265.66,"[""Graphite""]",True,Polygon,4,265.2981685296297,0.13620096001291307,pypdf_text,accepted,True,,mbs_text_reconciled_to_official_nit,T1_12685_MBS_Kurunjakulam_Graphite_Block.pdf,1d021764b7b7fe0209759cb7c83878f544d653e17e66da9e654d93ac476d2559,944509,5,T1_NIT.pdf,74866dde67d66d19937535c2ebb66e9f4ae2322ad6f77717fa63f41749cca75e,14867940,100,MBS_Kurunjakulam Graphite Block,https://www.mstcecommerce.com/auctionhome/download_docs.jsp?FILE_ID=12721_Tranche-1-NIT%2020%20Blocks.pdf&path=dynamiclinks&portal=mlcl&mdTyp=-,https://www.mstcecommerce.com/auctionhome/download_docs.jsp?FILE_ID=12685_MBS_Kurunjakulam%20Graphite%20Block.pdf&path=dynamiclinks&portal=mlcl&mdTyp=-,https://www.mstcecommerce.com/auctionhome/download_docs.jsp?FILE_ID=12685_MBS_Kurunjakulam%20Graphite%20Block.pdf&path=dynamiclinks&portal=mlcl&mdTyp=-,
T1-O12,1,12,Mannadipatti Central Molybdenum Block,Tamil Nadu,Krishnagiri,CL,58.68,"[""Molybdenum""]",True,Polygon,6,58.61642137107202,0.10834803839123693,pypdf_text_from_official_nit_fallback,accepted,True,,mbs_text_reconciled_to_official_nit,T1_12684_MBS_Mannadipatti_Central_Molybdenum_Block.pdf,a992bc5f2650324a0c1d320394853e253509685b39890fb37107d59ecc1a3b88,1021903,4,T1_NIT.pdf,74866dde67d66d19937535c2ebb66e9f4ae2322ad6f77717fa63f41749cca75e,14867940,100,MBS_Mannadipatti Central Molybdenum Block,https://www.mstcecommerce.com/auctionhome/download_docs.jsp?FILE_ID=12721_Tranche-1-NIT%2020%20Blocks.pdf&path=dynamiclinks&portal=mlcl&mdTyp=-,https://www.mstcecommerce.com/auctionhome/download_docs.jsp?FILE_ID=12684_MBS_Mannadipatti%20Central%20Molybdenum%20Block.pdf&path=dynamiclinks&portal=mlcl&mdTyp=-,https://www.mstcecommerce.com/auctionhome/download_docs.jsp?FILE_ID=12721_Tranche-1-NIT%2020%20Blocks.pdf&path=dynamiclinks&portal=mlcl&mdTyp=-,
T1-O13,1,13,Marudipatti (Central) Molybdenum Block,Tamil Nadu,Dharmapuri,ML,48.25,"[""Molybdenum""]",True,Polygon,4,50.483993803660574,4.630038971317252,pypdf_text,accepted,True,,official_nit_table,T1_12683_MBS_Marudipatti_Central_Molybdenum_Block.pdf,0bbd7212c85816a3660bd76f38ea4990299834b057854690df340a12b3b859ea,494588,4,T1_NIT.pdf,74866dde67d66d19937535c2ebb66e9f4ae2322ad6f77717fa63f41749cca75e,14867940,100,MBS_Marudipatti Central Molybdenum Block,https://www.mstcecommerce.com/auctionhome/download_docs.jsp?FILE_ID=12721_Tranche-1-NIT%2020%20Blocks.pdf&path=dynamiclinks&portal=mlcl&mdTyp=-,https://www.mstcecommerce.com/auctionhome/download_docs.jsp?FILE_ID=12683_MBS_Marudipatti%20Central%20Molybdenum%20Block.pdf&path=dynamiclinks&portal=mlcl&mdTyp=-,https://www.mstcecommerce.com/auctionhome/download_docs.jsp?FILE_ID=12683_MBS_Marudipatti%20Central%20Molybdenum%20Block.pdf&path=dynamiclinks&portal=mlcl&mdTyp=-,
T1-O14,1,14,Muskaniya-Gareriatola-Barwari Potash Block,Jharkhand,Garhwa,CL,513.69,"[""Potash""]",True,Polygon,4,513.2543952418328,0.08479915088230275,pypdf_text,accepted,True,,mbs_text_reconciled_to_official_nit,T1_12682_MBS_Muskaniya-Gareriatola-Barwari_Potash_Block.pdf,9ea9038b69e535ddc32ae2a5d1677f2467c6bc5531e62b3acdd40b89af97f75a,781473,5,T1_NIT.pdf,74866dde67d66d19937535c2ebb66e9f4ae2322ad6f77717fa63f41749cca75e,14867940,100,MBS_Muskaniya-Gareriatola-Barwari Potash Block,https://www.mstcecommerce.com/auctionhome/download_docs.jsp?FILE_ID=12721_Tranche-1-NIT%2020%20Blocks.pdf&path=dynamiclinks&portal=mlcl&mdTyp=-,https://www.mstcecommerce.com/auctionhome/download_docs.jsp?FILE_ID=12682_MBS_Muskaniya-Gareriatola-Barwari%20Potash%20Block.pdf&path=dynamiclinks&portal=mlcl&mdTyp=-,https://www.mstcecommerce.com/auctionhome/download_docs.jsp?FILE_ID=12682_MBS_Muskaniya-Gareriatola-Barwari%20Potash%20Block.pdf&path=dynamiclinks&portal=mlcl&mdTyp=-,
T1-O15,1,15,Nochchipatti Molybdenum Block,Tamil Nadu,Krishnagiri,CL,299.82,"[""Molybdenum""]",True,Polygon,4,299.5067140358448,0.104491349528107,pypdf_text,accepted,True,,mbs_text_reconciled_to_official_nit,T1_12681_MBS_Nochchipatti_Molybdenum_Block.pdf,6d3d26a141e42ecea984d559eaf98b1587ee18954dba215c3880be95f1089b1b,707764,5,T1_NIT.pdf,74866dde67d66d19937535c2ebb66e9f4ae2322ad6f77717fa63f41749cca75e,14867940,100,MBS_Nochchipatti Molybdenum Block,https://www.mstcecommerce.com/auctionhome/download_docs.jsp?FILE_ID=12721_Tranche-1-NIT%2020%20Blocks.pdf&path=dynamiclinks&portal=mlcl&mdTyp=-,https://www.mstcecommerce.com/auctionhome/download_docs.jsp?FILE_ID=12681_MBS_Nochchipatti%20Molybdenum%20Block.pdf&path=dynamiclinks&portal=mlcl&mdTyp=-,https://www.mstcecommerce.com/auctionhome/download_docs.jsp?FILE_ID=12681_MBS_Nochchipatti%20Molybdenum%20Block.pdf&path=dynamiclinks&portal=mlcl&mdTyp=-,
T1-O16,1,16,Pahadi Kalan-Gora Kalan Phosphorite Block,Uttar Pradesh,Lalitpur,CL,1393.83,"[""Phosphorite""]",True,Polygon,6,1393.1700222819738,0.047349943538744645,pypdf_text,accepted,True,,mbs_text_reconciled_to_official_nit,T1_12680_MBS_Pahadi_Kalan-Gora_Kalan_Phosphorite_Block.pdf,f088dd5762fbfcca52fd819b7ca94b4ad872e802f84eb846c3ff29a5d32fd393,737282,5,T1_NIT.pdf,74866dde67d66d19937535c2ebb66e9f4ae2322ad6f77717fa63f41749cca75e,14867940,100,MBS_Pahadi Kalan-Gora Kalan Phosphorite Block,https://www.mstcecommerce.com/auctionhome/download_docs.jsp?FILE_ID=12721_Tranche-1-NIT%2020%20Blocks.pdf&path=dynamiclinks&portal=mlcl&mdTyp=-,https://www.mstcecommerce.com/auctionhome/download_docs.jsp?FILE_ID=12680_MBS_Pahadi%20Kalan-Gora%20Kalan%20Phosphorite%20Block.pdf&path=dynamiclinks&portal=mlcl&mdTyp=-,https://www.mstcecommerce.com/auctionhome/download_docs.jsp?FILE_ID=12680_MBS_Pahadi%20Kalan-Gora%20Kalan%20Phosphorite%20Block.pdf&path=dynamiclinks&portal=mlcl&mdTyp=-,
T1-O17,1,17,Pipradih-Bhurwa Glauconite Block,Bihar,Rohtas,CL,415.38,"[""Glauconite""]",True,Polygon,4,414.881304153049,0.12005774157422668,pypdf_text,accepted,True,,mbs_text_reconciled_to_official_nit,T1_12679_MBS_Pipradih-Bhurwa_Glauconite_Block.pdf,eb4cdf3cd479aff08076e05f8ad712410e6c521bd570dc86b7a12bcb3d5807bf,904151,5,T1_NIT.pdf,74866dde67d66d19937535c2ebb66e9f4ae2322ad6f77717fa63f41749cca75e,14867940,100,MBS_Pipradih-Bhurwa Glauconite Block,https://www.mstcecommerce.com/auctionhome/download_docs.jsp?FILE_ID=12721_Tranche-1-NIT%2020%20Blocks.pdf&path=dynamiclinks&portal=mlcl&mdTyp=-,https://www.mstcecommerce.com/auctionhome/download_docs.jsp?FILE_ID=12679_MBS_Pipradih-Bhurwa%20Glauconite%20Block.pdf&path=dynamiclinks&portal=mlcl&mdTyp=-,https://www.mstcecommerce.com/auctionhome/download_docs.jsp?FILE_ID=12679_MBS_Pipradih-Bhurwa%20Glauconite%20Block.pdf&path=dynamiclinks&portal=mlcl&mdTyp=-,
T1-O18,1,18,"Salal-Haimna Lithium, Titanium and Bauxite (Aluminous Laterite) Block",UT: Jammu and Kashmir,Reasi,CL,317.638,"[""Aluminous Laterite"",""Bauxite"",""Lithium"",""Titanium""]",True,Polygon,5,317.8909881235838,0.07964668068172094,pypdf_text,accepted,True,,mbs_text_reconciled_to_official_nit,T1_12678_MBS_Salal-Haimna_Lithium_Titanium_and_Bauxite_Aluminous_Laterite_Block.pdf,1b363fa1a6b8fd9add32f11728cc0bb2d182fd18ae185c30bf460ed3a9f28fc9,617439,5,T1_NIT.pdf,74866dde67d66d19937535c2ebb66e9f4ae2322ad6f77717fa63f41749cca75e,14867940,100,MBS_Salal-Haimna Lithium Titanium and Bauxite Aluminous Laterite Block,https://www.mstcecommerce.com/auctionhome/download_docs.jsp?FILE_ID=12721_Tranche-1-NIT%2020%20Blocks.pdf&path=dynamiclinks&portal=mlcl&mdTyp=-,"https://www.mstcecommerce.com/auctionhome/download_docs.jsp?FILE_ID=12678_MBS_Salal-Haimna%20Lithium,%20Titanium%20and%20Bauxite%20Aluminous%20Laterite%20Block.pdf&path=dynamiclinks&portal=mlcl&mdTyp=-","https://www.mstcecommerce.com/auctionhome/download_docs.jsp?FILE_ID=12678_MBS_Salal-Haimna%20Lithium,%20Titanium%20and%20Bauxite%20Aluminous%20Laterite%20Block.pdf&path=dynamiclinks&portal=mlcl&mdTyp=-",
T1-O19,1,19,Velampatti North A&B Molybdenum Block,Tamil Nadu,Dharmapuri,CL,102.86,"[""Molybdenum""]",True,Polygon,4,102.74729636062793,0.10956993911342748,pypdf_text,accepted,True,,mbs_text_reconciled_to_official_nit,T1_12677_MBS_Velampatti_North_A_and_B_Molybdenum_Block.pdf,a800759e98e533b7b2225fd09dabac69de5d70362dac119d20bc2c7a1db3e976,708921,5,T1_NIT.pdf,74866dde67d66d19937535c2ebb66e9f4ae2322ad6f77717fa63f41749cca75e,14867940,100,MBS_Velampatti North A and B Molybdenum Block,https://www.mstcecommerce.com/auctionhome/download_docs.jsp?FILE_ID=12721_Tranche-1-NIT%2020%20Blocks.pdf&path=dynamiclinks&portal=mlcl&mdTyp=-,https://www.mstcecommerce.com/auctionhome/download_docs.jsp?FILE_ID=12677_MBS_Velampatti%20North%20A%20and%20B%20Molybdenum%20Block.pdf&path=dynamiclinks&portal=mlcl&mdTyp=-,https://www.mstcecommerce.com/auctionhome/download_docs.jsp?FILE_ID=12677_MBS_Velampatti%20North%20A%20and%20B%20Molybdenum%20Block.pdf&path=dynamiclinks&portal=mlcl&mdTyp=-,
T1-O20,1,20,Vellakkal Central (Segment-A) Molybdenum Block,Tamil Nadu,Krishnagiri,CL,65.17,"[""Molybdenum""]",True,Polygon,4,65.09487748149634,0.11527162575366225,pypdf_text,accepted,True,,mbs_text_reconciled_to_official_nit,T1_12676_MBS_Vellakkal_Central_Segment-A_Molybdenum_Block.pdf,6e6102faca9fb8e7f194661c7896881ea3aa6a35642fa694d839a588ab4539da,697312,6,T1_NIT.pdf,74866dde67d66d19937535c2ebb66e9f4ae2322ad6f77717fa63f41749cca75e,14867940,100,MBS_Vellakkal Central Segment-A Molybdenum Block,https://www.mstcecommerce.com/auctionhome/download_docs.jsp?FILE_ID=12721_Tranche-1-NIT%2020%20Blocks.pdf&path=dynamiclinks&portal=mlcl&mdTyp=-,https://www.mstcecommerce.com/auctionhome/download_docs.jsp?FILE_ID=12676_MBS_Vellakkal%20Central%20Segment-A%20Molybdenum%20Block.pdf&path=dynamiclinks&portal=mlcl&mdTyp=-,https://www.mstcecommerce.com/auctionhome/download_docs.jsp?FILE_ID=12676_MBS_Vellakkal%20Central%20Segment-A%20Molybdenum%20Block.pdf&path=dynamiclinks&portal=mlcl&mdTyp=-,
T2-O01,2,1,Bahera- Goriara Graphite and Basemetal Block,Madhya Pradesh,Sidhi,CL,99.49,"[""Base metals"",""Copper"",""Graphite""]",True,Polygon,4,99.55250061489343,0.06282100200365615,pypdf_text,accepted,True,,mbs_text_reconciled_to_official_nit,T2_14103_MBS_Bahera-_Goriara_Graphite_and_Basemetal_Block.pdf,dd5b51b2f426f257d2f69e52dae29559757200cebd7a1a4d748b522a25b5eedd,1597725,5,T2_NIT.pdf,57196a4712ebecc0315a5ce2dd1129bed60e99ecc06fca7ed955f68759612f5a,76715,2,MBS Bahera- Goriara Graphite and Basemetal Block,https://www.mstcecommerce.com/auctionhome/download_docs.jsp?FILE_ID=14475_GoI-MoM%20Tranche%20II-NIT.pdf&path=dynamiclinks&portal=mlcl&mdTyp=-,https://www.mstcecommerce.com/auctionhome/download_docs.jsp?FILE_ID=14103_MBS%20Bahera-%20Goriara%20Graphite%20and%20Basemetal%20Block.pdf&path=dynamiclinks&portal=mlcl&mdTyp=-,https://www.mstcecommerce.com/auctionhome/download_docs.jsp?FILE_ID=14103_MBS%20Bahera-%20Goriara%20Graphite%20and%20Basemetal%20Block.pdf&path=dynamiclinks&portal=mlcl&mdTyp=-,
T2-O02,2,2,Balepalyam Tungsten and Associated Mineral Block,Andhra Pradesh,Anantapur (Sri Sathya Sai District),CL,308.3,"[""Associated minerals"",""Lead"",""Molybdenum"",""Tungsten"",""Zinc""]",True,Polygon,8,306.1565212376133,0.6952574642837285,pypdf_text,accepted,True,,mbs_text_reconciled_to_official_nit,T2_14102_MBS_Balepalyam_Tungsten_and_Associated_Mineral_Block.pdf,bad33d4055b213559632f90319414a33a084ae64b2b9ecd82e02a6c2683b29af,1110987,5,T2_NIT.pdf,57196a4712ebecc0315a5ce2dd1129bed60e99ecc06fca7ed955f68759612f5a,76715,2,MBS Balepalyam Tungsten and Associated Mineral Block,https://www.mstcecommerce.com/auctionhome/download_docs.jsp?FILE_ID=14475_GoI-MoM%20Tranche%20II-NIT.pdf&path=dynamiclinks&portal=mlcl&mdTyp=-,https://www.mstcecommerce.com/auctionhome/download_docs.jsp?FILE_ID=14102_MBS%20Balepalyam%20Tungsten%20and%20Associated%20Mineral%20Block.pdf&path=dynamiclinks&portal=mlcl&mdTyp=-,https://www.mstcecommerce.com/auctionhome/download_docs.jsp?FILE_ID=14102_MBS%20Balepalyam%20Tungsten%20and%20Associated%20Mineral%20Block.pdf&path=dynamiclinks&portal=mlcl&mdTyp=-,
T2-O03,2,3,Golighat Graphite and Vanadium Block,Madhya Pradesh,Betul,ML,82.0,"[""Graphite"",""Vanadium""]",True,Polygon,6,82.79590783598553,0.9706193121774771,pypdf_text,accepted,True,,official_nit_table,T2_14101_MBS_Golighat_Graphite_and_Vanadium_Block.pdf,7cb10f37df618f8041d423b973d2cd72a15be3506c29d54add0edff30eb2fd19,546149,4,T2_NIT.pdf,57196a4712ebecc0315a5ce2dd1129bed60e99ecc06fca7ed955f68759612f5a,76715,2,MBS Golighat Graphite and Vanadium Block,https://www.mstcecommerce.com/auctionhome/download_docs.jsp?FILE_ID=14475_GoI-MoM%20Tranche%20II-NIT.pdf&path=dynamiclinks&portal=mlcl&mdTyp=-,https://www.mstcecommerce.com/auctionhome/download_docs.jsp?FILE_ID=14101_MBS%20Golighat%20Graphite%20and%20Vanadium%20Block.pdf&path=dynamiclinks&portal=mlcl&mdTyp=-,https://www.mstcecommerce.com/auctionhome/download_docs.jsp?FILE_ID=14101_MBS%20Golighat%20Graphite%20and%20Vanadium%20Block.pdf&path=dynamiclinks&portal=mlcl&mdTyp=-,
T2-O04,2,4,"Kankauli PGE, Nickel, Chromium and Associated Mineral Block",Maharashtra,Sindhudurg,CL,821.482,"[""Associated minerals"",""Platinum-group elements"",""Chromium"",""Nickel""]",True,Polygon,4,821.7421255729676,0.03166540142907347,pypdf_text,accepted,True,,mbs_text_reconciled_to_official_nit,T2_14100_MBS_Kankauli_PGE_Nickel_Chromium_and_Associated_Mineral_Block.pdf,f7a279e9fce2c7981809f3c810f6bbba484571f71f7976056b1106a34a6970cd,896826,5,T2_NIT.pdf,57196a4712ebecc0315a5ce2dd1129bed60e99ecc06fca7ed955f68759612f5a,76715,2,"MBS Kankauli PGE, Nickel, Chromium and Associated Mineral Block",https://www.mstcecommerce.com/auctionhome/download_docs.jsp?FILE_ID=14475_GoI-MoM%20Tranche%20II-NIT.pdf&path=dynamiclinks&portal=mlcl&mdTyp=-,"https://www.mstcecommerce.com/auctionhome/download_docs.jsp?FILE_ID=14100_MBS%20Kankauli%20PGE,%20Nickel,%20Chromium%20and%20Associated%20Mineral%20Block.pdf&path=dynamiclinks&portal=mlcl&mdTyp=-","https://www.mstcecommerce.com/auctionhome/download_docs.jsp?FILE_ID=14100_MBS%20Kankauli%20PGE,%20Nickel,%20Chromium%20and%20Associated%20Mineral%20Block.pdf&path=dynamiclinks&portal=mlcl&mdTyp=-",
T2-O05,2,5,Khattali Chhoti Graphite Block,Madhya Pradesh,Alirajpur,CL,599.76,"[""Graphite""]",True,Polygon,4,600.2145352076053,0.07578618240718249,pypdf_text,accepted,True,,mbs_text_reconciled_to_official_nit,T2_14099_MBS_Khattali_Chhoti_Graphite_Block.pdf,d44342b31ea28320f3b30e0d53e74d6dfbde8e3462df6406c77a6c0c5f879e79,914931,5,T2_NIT.pdf,57196a4712ebecc0315a5ce2dd1129bed60e99ecc06fca7ed955f68759612f5a,76715,2,MBS Khattali Chhoti Graphite Block,https://www.mstcecommerce.com/auctionhome/download_docs.jsp?FILE_ID=14475_GoI-MoM%20Tranche%20II-NIT.pdf&path=dynamiclinks&portal=mlcl&mdTyp=-,https://www.mstcecommerce.com/auctionhome/download_docs.jsp?FILE_ID=14099_MBS%20Khattali%20Chhoti%20Graphite%20Block.pdf&path=dynamiclinks&portal=mlcl&mdTyp=-,https://www.mstcecommerce.com/auctionhome/download_docs.jsp?FILE_ID=14099_MBS%20Khattali%20Chhoti%20Graphite%20Block.pdf&path=dynamiclinks&portal=mlcl&mdTyp=-,
T2-O06,2,6,Lodoso East REE and Associated Minerals Block,Arunachal Pradesh,Papumpare,CL,105.88,"[""Associated minerals"",""Rare-earth elements"",""Copper""]",True,Polygon,4,105.96276178114712,0.07816564143098514,pypdf_text,accepted,True,,mbs_text_reconciled_to_official_nit,T2_14098_MBS_Lodoso_East_REE_and_Associated_Minerals_Block.pdf,c8fda9f9370b70379e8455fb814f0e44a1cd9ce5550b09e81201079be3c0ed75,963644,5,T2_NIT.pdf,57196a4712ebecc0315a5ce2dd1129bed60e99ecc06fca7ed955f68759612f5a,76715,2,MBS Lodoso East REE and Associated Minerals Block,https://www.mstcecommerce.com/auctionhome/download_docs.jsp?FILE_ID=14475_GoI-MoM%20Tranche%20II-NIT.pdf&path=dynamiclinks&portal=mlcl&mdTyp=-,https://www.mstcecommerce.com/auctionhome/download_docs.jsp?FILE_ID=14098_MBS%20Lodoso%20East%20REE%20and%20Associated%20Minerals%20Block.pdf&path=dynamiclinks&portal=mlcl&mdTyp=-,https://www.mstcecommerce.com/auctionhome/download_docs.jsp?FILE_ID=14098_MBS%20Lodoso%20East%20REE%20and%20Associated%20Minerals%20Block.pdf&path=dynamiclinks&portal=mlcl&mdTyp=-,
T2-O07,2,7,Phop Graphite and Vanadium Block,Arunachal Pradesh,Papum pare,CL,108.86,"[""Graphite"",""Vanadium""]",True,Polygon,7,108.93049896487594,0.0647611288590281,pypdf_text,accepted,True,,mbs_text_reconciled_to_official_nit,T2_14097_MBS_Phop_Graphite_and_Vanadium_Block.pdf,e6bd6fef36b16b500525e52c474f5fcfa41bc25109a64133e1d7536f4570faa9,992552,5,T2_NIT.pdf,57196a4712ebecc0315a5ce2dd1129bed60e99ecc06fca7ed955f68759612f5a,76715,2,MBS Phop Graphite and Vanadium Block,https://www.mstcecommerce.com/auctionhome/download_docs.jsp?FILE_ID=14475_GoI-MoM%20Tranche%20II-NIT.pdf&path=dynamiclinks&portal=mlcl&mdTyp=-,https://www.mstcecommerce.com/auctionhome/download_docs.jsp?FILE_ID=14097_MBS%20Phop%20Graphite%20and%20Vanadium%20Block.pdf&path=dynamiclinks&portal=mlcl&mdTyp=-,https://www.mstcecommerce.com/auctionhome/download_docs.jsp?FILE_ID=14097_MBS%20Phop%20Graphite%20and%20Vanadium%20Block.pdf&path=dynamiclinks&portal=mlcl&mdTyp=-,
T2-O08,2,8,Radhpu Graphite and Vanadium Block,Arunachal Pradesh,Lower Subansiri,CL,152.74,"[""Graphite"",""Vanadium""]",True,Polygon,4,152.84723688218594,0.07020877450957835,pypdf_text,accepted,True,,mbs_text_reconciled_to_official_nit,T2_14096_MBS_Radhpu_Graphite_and_Vanadium_Block.pdf,d8cec190ee54195ffc6ecb3c0783c3608daab8acd72e0950d559772703847db0,1095596,5,T2_NIT.pdf,57196a4712ebecc0315a5ce2dd1129bed60e99ecc06fca7ed955f68759612f5a,76715,2,MBS Radhpu Graphite and Vanadium Block,https://www.mstcecommerce.com/auctionhome/download_docs.jsp?FILE_ID=14475_GoI-MoM%20Tranche%20II-NIT.pdf&path=dynamiclinks&portal=mlcl&mdTyp=-,https://www.mstcecommerce.com/auctionhome/download_docs.jsp?FILE_ID=14096_MBS%20Radhpu%20Graphite%20and%20Vanadium%20Block.pdf&path=dynamiclinks&portal=mlcl&mdTyp=-,https://www.mstcecommerce.com/auctionhome/download_docs.jsp?FILE_ID=14096_MBS%20Radhpu%20Graphite%20and%20Vanadium%20Block.pdf&path=dynamiclinks&portal=mlcl&mdTyp=-,
T2-O09,2,9,"Vadakhol-Asoli Ni, Cr, Co and Associated Mineral Block",Maharashtra,Sindhudurg,CL,1475.972,"[""Associated minerals"",""Chromium"",""Cobalt"",""Nickel""]",True,Polygon,4,1476.4191403577752,0.030294636874899868,pypdf_text,accepted,True,,mbs_text_reconciled_to_official_nit,T2_14095_MBS_Vadakhol-Asoli_Ni_Cr_Co_and_Associated_Mineral_Block.pdf,c04ddde4e996155000b07c5684e87ae742352851cb7b1931798abe73ac57feca,873162,5,T2_NIT.pdf,57196a4712ebecc0315a5ce2dd1129bed60e99ecc06fca7ed955f68759612f5a,76715,2,"MBS Vadakhol-Asoli Ni, Cr, Co and Associated Mineral Block",https://www.mstcecommerce.com/auctionhome/download_docs.jsp?FILE_ID=14475_GoI-MoM%20Tranche%20II-NIT.pdf&path=dynamiclinks&portal=mlcl&mdTyp=-,"https://www.mstcecommerce.com/auctionhome/download_docs.jsp?FILE_ID=14095_MBS%20Vadakhol-Asoli%20Ni,%20Cr,%20Co%20and%20Associated%20Mineral%20Block.pdf&path=dynamiclinks&portal=mlcl&mdTyp=-","https://www.mstcecommerce.com/auctionhome/download_docs.jsp?FILE_ID=14095_MBS%20Vadakhol-Asoli%20Ni,%20Cr,%20Co%20and%20Associated%20Mineral%20Block.pdf&path=dynamiclinks&portal=mlcl&mdTyp=-",
T2-O10,2,10,Bhalukona Glauconite Block,Chhattisgarh,Mahasamund,CL,912.891,"[""Glauconite""]",True,Polygon,4,912.4737855041504,0.045702553300396326,pypdf_text,accepted,True,,mbs_text_reconciled_to_official_nit,T2_14094_MBS_Bhalukona_Glauconite_Block.pdf,fe741656d27cb847b298308923bdcf9ca45c468b7b2813b0886dacc06afd2096,1366291,5,T2_NIT.pdf,57196a4712ebecc0315a5ce2dd1129bed60e99ecc06fca7ed955f68759612f5a,76715,2,MBS_Bhalukona Glauconite Block,https://www.mstcecommerce.com/auctionhome/download_docs.jsp?FILE_ID=14475_GoI-MoM%20Tranche%20II-NIT.pdf&path=dynamiclinks&portal=mlcl&mdTyp=-,https://www.mstcecommerce.com/auctionhome/download_docs.jsp?FILE_ID=14094_MBS_Bhalukona%20Glauconite%20Block.pdf&path=dynamiclinks&portal=mlcl&mdTyp=-,https://www.mstcecommerce.com/auctionhome/download_docs.jsp?FILE_ID=14094_MBS_Bhalukona%20Glauconite%20Block.pdf&path=dynamiclinks&portal=mlcl&mdTyp=-,
T2-O11,2,11,Bharusari Potash and Halite Block,Rajasthan,Hanumangarh,CL,1417.32,"[""Halite"",""Potash""]",True,Polygon,10,1418.2886750207892,0.06834554093566066,pypdf_text,accepted,True,,mbs_text_reconciled_to_official_nit,T2_14093_MBS_Bharusari_Potash_and_Halite_Block.pdf,24cf9eda09fc15fa655f4e9142ca58301a2d67438f23b28dd7bf9639a376e567,1020112,5,T2_NIT.pdf,57196a4712ebecc0315a5ce2dd1129bed60e99ecc06fca7ed955f68759612f5a,76715,2,MBS_Bharusari Potash and Halite Block,https://www.mstcecommerce.com/auctionhome/download_docs.jsp?FILE_ID=14475_GoI-MoM%20Tranche%20II-NIT.pdf&path=dynamiclinks&portal=mlcl&mdTyp=-,https://www.mstcecommerce.com/auctionhome/download_docs.jsp?FILE_ID=14093_MBS_Bharusari%20Potash%20and%20Halite%20Block.pdf&path=dynamiclinks&portal=mlcl&mdTyp=-,https://www.mstcecommerce.com/auctionhome/download_docs.jsp?FILE_ID=14093_MBS_Bharusari%20Potash%20and%20Halite%20Block.pdf&path=dynamiclinks&portal=mlcl&mdTyp=-,
T2-O12,2,12,Chiknipani Tungsten Block,Chhattisgarh,Jashpur,CL,649.805,"[""Tungsten""]",True,Polygon,4,649.0845678666134,0.11086897352075877,pypdf_text,accepted,True,,mbs_text_reconciled_to_official_nit,T2_14092_MBS_Chiknipani_Tungsten_Block.pdf,095a97f790af0823ab6af26a4562a481ab98c3f7b2cff8302a05cb585a2cfc2d,660287,5,T2_NIT.pdf,57196a4712ebecc0315a5ce2dd1129bed60e99ecc06fca7ed955f68759612f5a,76715,2,MBS_Chiknipani Tungsten Block,https://www.mstcecommerce.com/auctionhome/download_docs.jsp?FILE_ID=14475_GoI-MoM%20Tranche%20II-NIT.pdf&path=dynamiclinks&portal=mlcl&mdTyp=-,https://www.mstcecommerce.com/auctionhome/download_docs.jsp?FILE_ID=14092_MBS_Chiknipani%20Tungsten%20Block.pdf&path=dynamiclinks&portal=mlcl&mdTyp=-,https://www.mstcecommerce.com/auctionhome/download_docs.jsp?FILE_ID=14092_MBS_Chiknipani%20Tungsten%20Block.pdf&path=dynamiclinks&portal=mlcl&mdTyp=-,
T2-O13,2,13,Depo Vanadium and Graphite Block,Arunachal Pradesh,Papum Pare,CL,104.65,"[""Graphite"",""Vanadium""]",True,Polygon,4,104.72387238259316,0.07058994992178838,pypdf_text,accepted,True,,mbs_text_reconciled_to_official_nit,T2_14091_MBS_Depo_Vanadium_Graphite_Block.pdf,81926213ec3ac8fda228d11623b4df7ccd9b68ba0eae8d375ab2ab9e2cdb542f,971281,6,T2_NIT.pdf,57196a4712ebecc0315a5ce2dd1129bed60e99ecc06fca7ed955f68759612f5a,76715,2,"MBS_Depo Vanadium, Graphite Block",https://www.mstcecommerce.com/auctionhome/download_docs.jsp?FILE_ID=14475_GoI-MoM%20Tranche%20II-NIT.pdf&path=dynamiclinks&portal=mlcl&mdTyp=-,"https://www.mstcecommerce.com/auctionhome/download_docs.jsp?FILE_ID=14091_MBS_Depo%20Vanadium,%20Graphite%20Block.pdf&path=dynamiclinks&portal=mlcl&mdTyp=-","https://www.mstcecommerce.com/auctionhome/download_docs.jsp?FILE_ID=14091_MBS_Depo%20Vanadium,%20Graphite%20Block.pdf&path=dynamiclinks&portal=mlcl&mdTyp=-",
T2-O14,2,14,"Gollarahatti-Mallenahalli Nickel, Chromium and PGE Block",Karnataka,Hassan,CL,1238.122,"[""Platinum-group elements"",""Chromium"",""Nickel""]",True,Polygon,7,1238.4230339095175,0.024313751756078996,pypdf_text,accepted,True,,mbs_text_reconciled_to_official_nit,T2_14090_MBS_Gollarahatti-Mallenahalli_Ni_and_PGE_Block.pdf,356147b9d6cc6f24460d667cffd6a951dbe69678410e5df4d5bd51f1daf21b0d,949908,5,T2_NIT.pdf,57196a4712ebecc0315a5ce2dd1129bed60e99ecc06fca7ed955f68759612f5a,76715,2,MBS_Gollarahatti-Mallenahalli Ni and PGE Block,https://www.mstcecommerce.com/auctionhome/download_docs.jsp?FILE_ID=14475_GoI-MoM%20Tranche%20II-NIT.pdf&path=dynamiclinks&portal=mlcl&mdTyp=-,https://www.mstcecommerce.com/auctionhome/download_docs.jsp?FILE_ID=14090_MBS_Gollarahatti-Mallenahalli%20Ni%20and%20PGE%20Block.pdf&path=dynamiclinks&portal=mlcl&mdTyp=-,https://www.mstcecommerce.com/auctionhome/download_docs.jsp?FILE_ID=14090_MBS_Gollarahatti-Mallenahalli%20Ni%20and%20PGE%20Block.pdf&path=dynamiclinks&portal=mlcl&mdTyp=-,
T2-O15,2,15,Lakhasar Potash and Halite Block,Rajasthan,Bikaner,CL,1830.06,"[""Halite"",""Potash""]",True,Polygon,6,1830.975279975462,0.05001365941346181,source_table_verified_ocr_override,accepted,True,,mbs_text_reconciled_to_official_nit,T2_14089_MBS_Lakhasar_Block_Final_CL_with_halite.pdf,9c561058711ecb460c4c30e3f17a19446424fb7065f7a64e282d181ef483dff9,888402,5,T2_NIT.pdf,57196a4712ebecc0315a5ce2dd1129bed60e99ecc06fca7ed955f68759612f5a,76715,2,MBS_Lakhasar Block Final CL with halite,https://www.mstcecommerce.com/auctionhome/download_docs.jsp?FILE_ID=14475_GoI-MoM%20Tranche%20II-NIT.pdf&path=dynamiclinks&portal=mlcl&mdTyp=-,https://www.mstcecommerce.com/auctionhome/download_docs.jsp?FILE_ID=14089_MBS_Lakhasar%20Block%20Final%20CL%20with%20halite.pdf&path=dynamiclinks&portal=mlcl&mdTyp=-,https://www.mstcecommerce.com/auctionhome/download_docs.jsp?FILE_ID=14089_MBS_Lakhasar%20Block%20Final%20CL%20with%20halite.pdf&path=dynamiclinks&portal=mlcl&mdTyp=-,Six boundary points transcribed from the official MBS map after 400 dpi OCR review.
T2-O16,2,16,Nayakkarpatti Tungsten Block,Tamil Nadu,Madurai,CL,2015.51,"[""Tungsten""]",True,Polygon,5,2012.6685560746432,0.14097890486064424,pypdf_text,accepted,True,,mbs_text_reconciled_to_official_nit,T2_14088_MBS_Nayakkarpatti_Tungsten_Block.pdf,762012ca64deb4399ecf445bc50b1dbb1fdc6850ad2b6eff91a7a86be3f4300a,918497,5,T2_NIT.pdf,57196a4712ebecc0315a5ce2dd1129bed60e99ecc06fca7ed955f68759612f5a,76715,2,MBS_Nayakkarpatti Tungsten Block,https://www.mstcecommerce.com/auctionhome/download_docs.jsp?FILE_ID=14475_GoI-MoM%20Tranche%20II-NIT.pdf&path=dynamiclinks&portal=mlcl&mdTyp=-,https://www.mstcecommerce.com/auctionhome/download_docs.jsp?FILE_ID=14088_MBS_Nayakkarpatti%20Tungsten%20Block.pdf&path=dynamiclinks&portal=mlcl&mdTyp=-,https://www.mstcecommerce.com/auctionhome/download_docs.jsp?FILE_ID=14088_MBS_Nayakkarpatti%20Tungsten%20Block.pdf&path=dynamiclinks&portal=mlcl&mdTyp=-,
T2-O17,2,17,Raipura Phosphorite and Limestone Block,Chhattisgarh,Balod,CL,1009.36,"[""Phosphorite""]",True,Polygon,4,1010.1692573078155,0.08017529006653011,pypdf_text,accepted,True,,mbs_text_reconciled_to_official_nit,T2_14087_MBS_Raipura_Phosphorite_and_Limestone_Block.pdf,1c81bd84a2726ada52a507bb341962cb3f3b4db2acf36e0b63727403fc27c1cb,960551,5,T2_NIT.pdf,57196a4712ebecc0315a5ce2dd1129bed60e99ecc06fca7ed955f68759612f5a,76715,2,MBS_Raipura Phosphorite and Limestone Block,https://www.mstcecommerce.com/auctionhome/download_docs.jsp?FILE_ID=14475_GoI-MoM%20Tranche%20II-NIT.pdf&path=dynamiclinks&portal=mlcl&mdTyp=-,https://www.mstcecommerce.com/auctionhome/download_docs.jsp?FILE_ID=14087_MBS_Raipura%20Phosphorite%20and%20Limestone%20Block.pdf&path=dynamiclinks&portal=mlcl&mdTyp=-,https://www.mstcecommerce.com/auctionhome/download_docs.jsp?FILE_ID=14087_MBS_Raipura%20Phosphorite%20and%20Limestone%20Block.pdf&path=dynamiclinks&portal=mlcl&mdTyp=-,
T2-O18,2,18,"Sanyasikoppa Cobalt, Manganese and Iron Block",Karnataka,Shimoga (Shivamogga),CL,1055.64,"[""Cobalt"",""Iron"",""Manganese""]",True,Polygon,5,1056.4413868319377,0.07591478457974633,pypdf_text,accepted,True,,mbs_text_reconciled_to_official_nit,T2_14086_MBS_Sanyasikoppa_Cobalt_Manganese_and_Iron_Block.pdf,3f611d9ed5c6a3f2cce69a92b6104c73d114fc19e2bbf7249462a1edeb92cb9a,1011422,5,T2_NIT.pdf,57196a4712ebecc0315a5ce2dd1129bed60e99ecc06fca7ed955f68759612f5a,76715,2,"MBS_Sanyasikoppa Cobalt, Manganese and Iron Block",https://www.mstcecommerce.com/auctionhome/download_docs.jsp?FILE_ID=14475_GoI-MoM%20Tranche%20II-NIT.pdf&path=dynamiclinks&portal=mlcl&mdTyp=-,"https://www.mstcecommerce.com/auctionhome/download_docs.jsp?FILE_ID=14086_MBS_Sanyasikoppa%20Cobalt,%20Manganese%20and%20Iron%20Block.pdf&path=dynamiclinks&portal=mlcl&mdTyp=-","https://www.mstcecommerce.com/auctionhome/download_docs.jsp?FILE_ID=14086_MBS_Sanyasikoppa%20Cobalt,%20Manganese%20and%20Iron%20Block.pdf&path=dynamiclinks&portal=mlcl&mdTyp=-",
T3-O01,3,1,Chutia-Nauhatta Glauconite Block,Bihar,Rohtas,CL,463.995,"[""Glauconite""]",True,Polygon,4,463.4651059556484,0.1142025332927249,pypdf_text,accepted,True,,mbs_text_reconciled_to_official_nit,T3_14486_MBS_Chutia-Nauhatta_Glauconite_Block.pdf,2bf04b3bdd666c77bf7bb7beca0af6273d9ca585bfc38de4bf407d617338bf1f,801352,5,T3_NIT.pdf,465a8490a29e432973a9aa7310acd871b7da9f5047055d4747c9f7549d4a9f92,158441,2,MBS_Chutia-Nauhatta Glauconite Block,https://www.mstcecommerce.com/auctionhome/download_docs.jsp?FILE_ID=14477_Notice%20Inviting%20Tender%20(NIT)%20-%20%20Tranche%20III.pdf&path=dynamiclinks&portal=mlcl&mdTyp=-,https://www.mstcecommerce.com/auctionhome/download_docs.jsp?FILE_ID=14486_MBS_Chutia-Nauhatta%20Glauconite%20Block.pdf&path=dynamiclinks&portal=mlcl&mdTyp=-,https://www.mstcecommerce.com/auctionhome/download_docs.jsp?FILE_ID=14486_MBS_Chutia-Nauhatta%20Glauconite%20Block.pdf&path=dynamiclinks&portal=mlcl&mdTyp=-,
T3-O02,3,2,"Genjana Nickel, Chromium and PGE Block",Bihar,Gaya,CL,788.85,"[""Platinum-group elements"",""Chromium"",""Nickel""]",True,Polygon,4,788.3310822259903,0.06578155213408947,pypdf_text,accepted,True,,mbs_text_reconciled_to_official_nit,T3_14485_MBS_Genjana_Nickel_Chromium_and_PGE_Block.pdf,6239b67226afa204930f0327a52c41672eb27e29dcba6faae3c56b78857dec9a,798356,6,T3_NIT.pdf,465a8490a29e432973a9aa7310acd871b7da9f5047055d4747c9f7549d4a9f92,158441,2,MBS_Genjana Nickel Chromium and PGE Block,https://www.mstcecommerce.com/auctionhome/download_docs.jsp?FILE_ID=14477_Notice%20Inviting%20Tender%20(NIT)%20-%20%20Tranche%20III.pdf&path=dynamiclinks&portal=mlcl&mdTyp=-,https://www.mstcecommerce.com/auctionhome/download_docs.jsp?FILE_ID=14485_MBS_Genjana%20Nickel%20Chromium%20and%20PGE%20Block.pdf&path=dynamiclinks&portal=mlcl&mdTyp=-,https://www.mstcecommerce.com/auctionhome/download_docs.jsp?FILE_ID=14485_MBS_Genjana%20Nickel%20Chromium%20and%20PGE%20Block.pdf&path=dynamiclinks&portal=mlcl&mdTyp=-,
T3-O03,3,3,Kurchha Glauconite Block,Uttar Pradesh,Sonbhadra,CL,17.3,"[""Glauconite""]",True,Polygon,4,17.273710959735514,0.15195977031495425,pypdf_text,accepted,True,,mbs_text_reconciled_to_official_nit,T3_14484_MBS_Kurchha_Glauconite_Block.pdf,06cc6de3bbef49d8006ef2544fa364c967a20e0ae4fb2106c35b0a255871b949,781446,5,T3_NIT.pdf,465a8490a29e432973a9aa7310acd871b7da9f5047055d4747c9f7549d4a9f92,158441,2,MBS_Kurchha Glauconite Block,https://www.mstcecommerce.com/auctionhome/download_docs.jsp?FILE_ID=14477_Notice%20Inviting%20Tender%20(NIT)%20-%20%20Tranche%20III.pdf&path=dynamiclinks&portal=mlcl&mdTyp=-,https://www.mstcecommerce.com/auctionhome/download_docs.jsp?FILE_ID=14484_MBS_Kurchha%20Glauconite%20Block.pdf&path=dynamiclinks&portal=mlcl&mdTyp=-,https://www.mstcecommerce.com/auctionhome/download_docs.jsp?FILE_ID=14484_MBS_Kurchha%20Glauconite%20Block.pdf&path=dynamiclinks&portal=mlcl&mdTyp=-,
T3-O04,3,4,Kurunjakulam Graphite Block,Tamil Nadu,Tenkasi,CL,265.66,"[""Graphite""]",True,Polygon,4,265.2981685296297,0.13620096001291307,pypdf_text,accepted,True,,mbs_text_reconciled_to_official_nit,T3_14483_MBS_Kurunjakulam_Graphite_Block.pdf,9a9fd70251408628ce5adcbbbd46c90eaa9ab6c5854b2336ceb3fa07aed68633,793742,5,T3_NIT.pdf,465a8490a29e432973a9aa7310acd871b7da9f5047055d4747c9f7549d4a9f92,158441,2,MBS_Kurunjakulam Graphite Block,https://www.mstcecommerce.com/auctionhome/download_docs.jsp?FILE_ID=14477_Notice%20Inviting%20Tender%20(NIT)%20-%20%20Tranche%20III.pdf&path=dynamiclinks&portal=mlcl&mdTyp=-,https://www.mstcecommerce.com/auctionhome/download_docs.jsp?FILE_ID=14483_MBS_Kurunjakulam%20Graphite%20Block.pdf&path=dynamiclinks&portal=mlcl&mdTyp=-,https://www.mstcecommerce.com/auctionhome/download_docs.jsp?FILE_ID=14483_MBS_Kurunjakulam%20Graphite%20Block.pdf&path=dynamiclinks&portal=mlcl&mdTyp=-,
T3-O05,3,5,Muskaniya-Gareriatola-Barwari Potash Block,Jharkhand,Garhwa,CL,513.69,"[""Potash""]",True,Polygon,4,513.2543952418328,0.08479915088230275,pypdf_text,accepted,True,,mbs_text_reconciled_to_official_nit,T3_14482_MBS_Muskaniya-Gareriatola-Barwari_Potash_Block.pdf,1d6554ddb3f086cb1ecc7f7ca18c66041c0ecf1545c92bb8fb88d14e26605d7a,808266,5,T3_NIT.pdf,465a8490a29e432973a9aa7310acd871b7da9f5047055d4747c9f7549d4a9f92,158441,2,MBS_Muskaniya-Gareriatola-Barwari Potash Block,https://www.mstcecommerce.com/auctionhome/download_docs.jsp?FILE_ID=14477_Notice%20Inviting%20Tender%20(NIT)%20-%20%20Tranche%20III.pdf&path=dynamiclinks&portal=mlcl&mdTyp=-,https://www.mstcecommerce.com/auctionhome/download_docs.jsp?FILE_ID=14482_MBS_Muskaniya-Gareriatola-Barwari%20Potash%20Block.pdf&path=dynamiclinks&portal=mlcl&mdTyp=-,https://www.mstcecommerce.com/auctionhome/download_docs.jsp?FILE_ID=14482_MBS_Muskaniya-Gareriatola-Barwari%20Potash%20Block.pdf&path=dynamiclinks&portal=mlcl&mdTyp=-,
T3-O06,3,6,Pipradih-Bhurwa Glauconite Block,Bihar,Rohtas,CL,415.38,"[""Glauconite""]",True,Polygon,4,414.881304153049,0.12005774157422668,pypdf_text,accepted,True,,mbs_text_reconciled_to_official_nit,T3_14481_MBS_Pipradih-Bhurwa_Glauconite_Block.pdf,ee7a27a74853fa7d27b5f67e6d606032c328b13bce5f90d3f4548e13c0250e13,795626,5,T3_NIT.pdf,465a8490a29e432973a9aa7310acd871b7da9f5047055d4747c9f7549d4a9f92,158441,2,MBS_Pipradih-Bhurwa Glauconite Block,https://www.mstcecommerce.com/auctionhome/download_docs.jsp?FILE_ID=14477_Notice%20Inviting%20Tender%20(NIT)%20-%20%20Tranche%20III.pdf&path=dynamiclinks&portal=mlcl&mdTyp=-,https://www.mstcecommerce.com/auctionhome/download_docs.jsp?FILE_ID=14481_MBS_Pipradih-Bhurwa%20Glauconite%20Block.pdf&path=dynamiclinks&portal=mlcl&mdTyp=-,https://www.mstcecommerce.com/auctionhome/download_docs.jsp?FILE_ID=14481_MBS_Pipradih-Bhurwa%20Glauconite%20Block.pdf&path=dynamiclinks&portal=mlcl&mdTyp=-,
T3-O07,3,7,"Salal-Haimna Lithium, Titanium and Bauxite (Aluminous Laterite) Block",UT: Jammu and Kashmir,Reasi,CL,317.638,"[""Aluminous Laterite"",""Bauxite"",""Lithium"",""Titanium""]",True,Polygon,5,317.8909881235838,0.07964668068172094,pypdf_text,accepted,True,,mbs_text_reconciled_to_official_nit,T3_14480_MBS_Salal-Haimna_Lithium_Titanium_and_Bauxite_Aluminous_Laterite_Block.pdf,578687502b2cb52d72bde9ba888395a64383db6a9a51abc717b0df2c126d7d1e,695463,5,T3_NIT.pdf,465a8490a29e432973a9aa7310acd871b7da9f5047055d4747c9f7549d4a9f92,158441,2,"MBS_Salal-Haimna Lithium, Titanium and Bauxite Aluminous Laterite Block",https://www.mstcecommerce.com/auctionhome/download_docs.jsp?FILE_ID=14477_Notice%20Inviting%20Tender%20(NIT)%20-%20%20Tranche%20III.pdf&path=dynamiclinks&portal=mlcl&mdTyp=-,"https://www.mstcecommerce.com/auctionhome/download_docs.jsp?FILE_ID=14480_MBS_Salal-Haimna%20Lithium,%20Titanium%20and%20Bauxite%20Aluminous%20Laterite%20Block.pdf&path=dynamiclinks&portal=mlcl&mdTyp=-","https://www.mstcecommerce.com/auctionhome/download_docs.jsp?FILE_ID=14480_MBS_Salal-Haimna%20Lithium,%20Titanium%20and%20Bauxite%20Aluminous%20Laterite%20Block.pdf&path=dynamiclinks&portal=mlcl&mdTyp=-",
T4-O01,4,1,Endolin-Isholin Graphite Block,Arunachal Pradesh,Upper Dibang Valley,CL,503.15,"[""Graphite""]",True,Polygon,4,502.5928167651176,0.11073899133108597,pypdf_text,accepted,True,,mbs_text_reconciled_to_official_nit,T4_15850_MBS_Endolin-Isholin_Graphite_Block.pdf,24cfc67a6fb4137d3ecd4adf22664610223781c4001d137318ca4c0985585f02,540254,4,T4_NIT.pdf,0aa1df9b62c007232c44e9f718240d97f99f113a4adb25495c3703a7699f2ff1,101640,3,MBS Endolin-Isholin Graphite Block,https://www.mstcecommerce.com/auctionhome/download_docs.jsp?FILE_ID=15825_1.%20GoI%20MoM%20-%20Tranche%20IV%20-%20NIT.pdf&path=dynamiclinks&portal=mlcl&mdTyp=-,https://www.mstcecommerce.com/auctionhome/download_docs.jsp?FILE_ID=15850_1.%20MBS%20Endolin-Isholin%20Graphite%20Block.pdf&path=dynamiclinks&portal=mlcl&mdTyp=-,https://www.mstcecommerce.com/auctionhome/download_docs.jsp?FILE_ID=15850_1.%20MBS%20Endolin-Isholin%20Graphite%20Block.pdf&path=dynamiclinks&portal=mlcl&mdTyp=-,
T4-O02,4,2,Kelenda Glauconite Block,Chhattisgarh,Mahasamund,CL,397.5,"[""Glauconite""]",True,Polygon,4,397.4067555855751,0.02345771432072287,pypdf_text,accepted,True,,mbs_text_reconciled_to_official_nit,T4_15849_MBS_Kelenda_Glauconite_Block.pdf,e7e588fc12388fbf47841e456314a0569a0d44ac4362bb148f5a0802d0812f6d,1073687,5,T4_NIT.pdf,0aa1df9b62c007232c44e9f718240d97f99f113a4adb25495c3703a7699f2ff1,101640,3,MBS_Kelenda Glauconite Block,https://www.mstcecommerce.com/auctionhome/download_docs.jsp?FILE_ID=15825_1.%20GoI%20MoM%20-%20Tranche%20IV%20-%20NIT.pdf&path=dynamiclinks&portal=mlcl&mdTyp=-,https://www.mstcecommerce.com/auctionhome/download_docs.jsp?FILE_ID=15849_2.%20MBS_Kelenda%20Glauconite%20Block.pdf&path=dynamiclinks&portal=mlcl&mdTyp=-,https://www.mstcecommerce.com/auctionhome/download_docs.jsp?FILE_ID=15849_2.%20MBS_Kelenda%20Glauconite%20Block.pdf&path=dynamiclinks&portal=mlcl&mdTyp=-,
T4-O03,4,3,Raipura Phosphorite and Limestone Block,Chhattisgarh,Balod,CL,1009.36,"[""Phosphorite""]",True,Polygon,4,1010.1692573078155,0.08017529006653011,pypdf_text,accepted,True,,mbs_text_reconciled_to_official_nit,T4_15848_MBS_Raipura_Phosphorite_and_Limestone_Block_17.02.2024.pdf,7ed5b17d348396f88abe4c5bcdcf19bc225014ac688f3f6ce4770b3d0b70063f,957263,5,T4_NIT.pdf,0aa1df9b62c007232c44e9f718240d97f99f113a4adb25495c3703a7699f2ff1,101640,3,MBS_Raipura Phosphorite and Limestone Block 17.02.2024,https://www.mstcecommerce.com/auctionhome/download_docs.jsp?FILE_ID=15825_1.%20GoI%20MoM%20-%20Tranche%20IV%20-%20NIT.pdf&path=dynamiclinks&portal=mlcl&mdTyp=-,https://www.mstcecommerce.com/auctionhome/download_docs.jsp?FILE_ID=15848_3.%20MBS_Raipura%20Phosphorite%20and%20Limestone%20Block%2017.02.2024.pdf&path=dynamiclinks&portal=mlcl&mdTyp=-,https://www.mstcecommerce.com/auctionhome/download_docs.jsp?FILE_ID=15848_3.%20MBS_Raipura%20Phosphorite%20and%20Limestone%20Block%2017.02.2024.pdf&path=dynamiclinks&portal=mlcl&mdTyp=-,
T4-O04,4,4,Semhardih Phosphorite and Limestone Block,Chhattisgarh,Balod,CL,960.35,"[""Phosphorite""]",True,Polygon,4,961.1231155160904,0.08050351601919536,pypdf_text,accepted,True,,mbs_text_reconciled_to_official_nit,T4_15847_MBS_Semhardih_Phosphorite_and_Limestone_Block.pdf,25de8f9f5ffe5b16675f1a1daeaa2c0106ea71f02c41c8bdccffb3d90277851f,1031086,5,T4_NIT.pdf,0aa1df9b62c007232c44e9f718240d97f99f113a4adb25495c3703a7699f2ff1,101640,3,MBS_Semhardih Phosphorite and Limestone Block,https://www.mstcecommerce.com/auctionhome/download_docs.jsp?FILE_ID=15825_1.%20GoI%20MoM%20-%20Tranche%20IV%20-%20NIT.pdf&path=dynamiclinks&portal=mlcl&mdTyp=-,https://www.mstcecommerce.com/auctionhome/download_docs.jsp?FILE_ID=15847_4.%20MBS_Semhardih%20Phosphorite%20and%20Limestone%20Block.pdf&path=dynamiclinks&portal=mlcl&mdTyp=-,https://www.mstcecommerce.com/auctionhome/download_docs.jsp?FILE_ID=15847_4.%20MBS_Semhardih%20Phosphorite%20and%20Limestone%20Block.pdf&path=dynamiclinks&portal=mlcl&mdTyp=-,
T4-O05,4,5,Ponchi Graphite Block,Jharkhand,Palamu,ML,10.0,"[""Graphite""]",True,Polygon,4,10.065405368598364,0.6540536859836443,pypdf_text,accepted,True,,official_nit_table,T4_15846_MBS_Ponchi_Graphite_Block.pdf,15a74eeed39a22619b5d1d1ef98b8f8df7810c4acf70c4b156f601aa09cf230e,1149422,5,T4_NIT.pdf,0aa1df9b62c007232c44e9f718240d97f99f113a4adb25495c3703a7699f2ff1,101640,3,MBS_Ponchi Graphite Block,https://www.mstcecommerce.com/auctionhome/download_docs.jsp?FILE_ID=15825_1.%20GoI%20MoM%20-%20Tranche%20IV%20-%20NIT.pdf&path=dynamiclinks&portal=mlcl&mdTyp=-,https://www.mstcecommerce.com/auctionhome/download_docs.jsp?FILE_ID=15846_5.%20MBS_Ponchi%20Graphite%20Block.pdf&path=dynamiclinks&portal=mlcl&mdTyp=-,https://www.mstcecommerce.com/auctionhome/download_docs.jsp?FILE_ID=15846_5.%20MBS_Ponchi%20Graphite%20Block.pdf&path=dynamiclinks&portal=mlcl&mdTyp=-,
T4-O06,4,6,Dombarahalli Phosphate and REE Block,Karnataka,Koppal,CL,558.28,"[""Rare-earth elements"",""Phosphate""]",True,Polygon,4,558.5320040859223,0.04513937198579468,pypdf_text,accepted,True,,mbs_text_reconciled_to_official_nit,T4_15845_MBS_Dombarahalli_Phosphate_and_REE_Block.pdf,fd2b3a00d9ce6da1771ef7692b7728059957d8f3f61e322a2ea4ee581f05d7d4,1036765,5,T4_NIT.pdf,0aa1df9b62c007232c44e9f718240d97f99f113a4adb25495c3703a7699f2ff1,101640,3,MBS_Dombarahalli Phosphate and REE Block,https://www.mstcecommerce.com/auctionhome/download_docs.jsp?FILE_ID=15825_1.%20GoI%20MoM%20-%20Tranche%20IV%20-%20NIT.pdf&path=dynamiclinks&portal=mlcl&mdTyp=-,https://www.mstcecommerce.com/auctionhome/download_docs.jsp?FILE_ID=15845_6.%20MBS_Dombarahalli%20Phosphate%20and%20REE%20Block.pdf&path=dynamiclinks&portal=mlcl&mdTyp=-,https://www.mstcecommerce.com/auctionhome/download_docs.jsp?FILE_ID=15845_6.%20MBS_Dombarahalli%20Phosphate%20and%20REE%20Block.pdf&path=dynamiclinks&portal=mlcl&mdTyp=-,
T4-O07,4,7,Holalkere - Doddaghatta Ni and PGE Block,Karnataka,Hassan,CL,999.28,"[""Platinum-group elements"",""Nickel""]",True,Polygon,8,999.552701429157,0.027289791565626834,pypdf_text,accepted,True,,mbs_text_reconciled_to_official_nit,T4_15844_MBS_Holalkere_-Doddaghatta_Ni-PGE_Block.pdf,7c249c360e19d15eda7406b5764dceff6b871a2d5c4496ea6fe15100d5a4f1fb,1114736,5,T4_NIT.pdf,0aa1df9b62c007232c44e9f718240d97f99f113a4adb25495c3703a7699f2ff1,101640,3,MBS_Holalkere -Doddaghatta Ni-PGE Block,https://www.mstcecommerce.com/auctionhome/download_docs.jsp?FILE_ID=15825_1.%20GoI%20MoM%20-%20Tranche%20IV%20-%20NIT.pdf&path=dynamiclinks&portal=mlcl&mdTyp=-,https://www.mstcecommerce.com/auctionhome/download_docs.jsp?FILE_ID=15844_7.%20MBS_Holalkere%20-Doddaghatta%20Ni-PGE%20Block.pdf&path=dynamiclinks&portal=mlcl&mdTyp=-,https://www.mstcecommerce.com/auctionhome/download_docs.jsp?FILE_ID=15844_7.%20MBS_Holalkere%20-Doddaghatta%20Ni-PGE%20Block.pdf&path=dynamiclinks&portal=mlcl&mdTyp=-,
T4-O08,4,8,Jhandawali - Satipura Amalgamated Potash and Halite Block,Rajasthan,Hanumangarh,CL,1841.22,"[""Halite"",""Potash""]",True,Polygon,4,1842.4665550009347,0.06770266458840753,pypdf_text,accepted,True,,mbs_text_reconciled_to_official_nit,T4_15843_MBS_Jhandawali-Satipura_Amalgamated_Potash_and_Halite_Block.pdf,7c9f49007ea443ed23f1fc611d49a3fc4a0942a50142eb2c8a3f4f4e99ed4765,1065907,5,T4_NIT.pdf,0aa1df9b62c007232c44e9f718240d97f99f113a4adb25495c3703a7699f2ff1,101640,3,MBS_Jhandawali-Satipura Amalgamated Potash and Halite Block,https://www.mstcecommerce.com/auctionhome/download_docs.jsp?FILE_ID=15825_1.%20GoI%20MoM%20-%20Tranche%20IV%20-%20NIT.pdf&path=dynamiclinks&portal=mlcl&mdTyp=-,https://www.mstcecommerce.com/auctionhome/download_docs.jsp?FILE_ID=15843_8.%20MBS_Jhandawali-Satipura%20Amalgamated%20Potash%20and%20Halite%20Block.pdf&path=dynamiclinks&portal=mlcl&mdTyp=-,https://www.mstcecommerce.com/auctionhome/download_docs.jsp?FILE_ID=15843_8.%20MBS_Jhandawali-Satipura%20Amalgamated%20Potash%20and%20Halite%20Block.pdf&path=dynamiclinks&portal=mlcl&mdTyp=-,
T4-O09,4,9,Jorkian-Satipura-Khunja Amalgamated Potash and Halite Block,Rajasthan,Hanumangarh,CL,1699.98,"[""Halite"",""Potash""]",True,Polygon,6,1701.2934509116835,0.07726272730758617,pypdf_text,accepted,True,,mbs_text_reconciled_to_official_nit,T4_15842_MBS_Jorkian-Satipura-Khunja_Amalgamated_Potash_and_Halite_Block.pdf,f206a5cee19385b5edf0579f884bce03e17586074637a796d0dfc9dacc0c557d,1672204,5,T4_NIT.pdf,0aa1df9b62c007232c44e9f718240d97f99f113a4adb25495c3703a7699f2ff1,101640,3,MBS_Jorkian-Satipura-Khunja Amalgamated Potash and Halite Block,https://www.mstcecommerce.com/auctionhome/download_docs.jsp?FILE_ID=15825_1.%20GoI%20MoM%20-%20Tranche%20IV%20-%20NIT.pdf&path=dynamiclinks&portal=mlcl&mdTyp=-,https://www.mstcecommerce.com/auctionhome/download_docs.jsp?FILE_ID=15842_9.%20MBS_Jorkian-Satipura-Khunja%20Amalgamated%20Potash%20and%20Halite%20Block.pdf&path=dynamiclinks&portal=mlcl&mdTyp=-,https://www.mstcecommerce.com/auctionhome/download_docs.jsp?FILE_ID=15842_9.%20MBS_Jorkian-Satipura-Khunja%20Amalgamated%20Potash%20and%20Halite%20Block.pdf&path=dynamiclinks&portal=mlcl&mdTyp=-,
T4-O10,4,10,Barwar Phosphorite Block,Uttar Pradesh,Lalitpur,CL,505.38,"[""Phosphorite""]",True,Polygon,6,505.209582092613,0.03372074624777215,pypdf_text,accepted,True,,mbs_text_reconciled_to_official_nit,T4_15841_MBS_Barwar_Phosphorite_Block.pdf,06f22d59c110245aaa5b3f4abd92def7728f1d1985dc1d3c5a3d063f6f87d169,1041418,5,T4_NIT.pdf,0aa1df9b62c007232c44e9f718240d97f99f113a4adb25495c3703a7699f2ff1,101640,3,MBS_Barwar Phosphorite Block,https://www.mstcecommerce.com/auctionhome/download_docs.jsp?FILE_ID=15825_1.%20GoI%20MoM%20-%20Tranche%20IV%20-%20NIT.pdf&path=dynamiclinks&portal=mlcl&mdTyp=-,https://www.mstcecommerce.com/auctionhome/download_docs.jsp?FILE_ID=15841_10.%20MBS_Barwar%20Phosphorite%20Block.pdf&path=dynamiclinks&portal=mlcl&mdTyp=-,https://www.mstcecommerce.com/auctionhome/download_docs.jsp?FILE_ID=15841_10.%20MBS_Barwar%20Phosphorite%20Block.pdf&path=dynamiclinks&portal=mlcl&mdTyp=-,
T4-O11,4,11,Nawatola-Laband REE Block,Uttar Pradesh,Sonbhadra,CL,210.01,"[""Rare-earth elements""]",True,Polygon,4,209.94763459843026,0.02969639615719988,pypdf_text,accepted,True,,mbs_text_reconciled_to_official_nit,T4_15840_MBS_Nawatola-Laband_REE_Block.pdf,a98218349981f14ced264f857cd148f361099ee24864a2c78df1200b8464b05d,869613,5,T4_NIT.pdf,0aa1df9b62c007232c44e9f718240d97f99f113a4adb25495c3703a7699f2ff1,101640,3,MBS_Nawatola-Laband REE Block,https://www.mstcecommerce.com/auctionhome/download_docs.jsp?FILE_ID=15825_1.%20GoI%20MoM%20-%20Tranche%20IV%20-%20NIT.pdf&path=dynamiclinks&portal=mlcl&mdTyp=-,https://www.mstcecommerce.com/auctionhome/download_docs.jsp?FILE_ID=15840_11.%20MBS_Nawatola-Laband%20REE%20Block.pdf&path=dynamiclinks&portal=mlcl&mdTyp=-,https://www.mstcecommerce.com/auctionhome/download_docs.jsp?FILE_ID=15840_11.%20MBS_Nawatola-Laband%20REE%20Block.pdf&path=dynamiclinks&portal=mlcl&mdTyp=-,
T4-O12,4,12,Balepalyam Tungsten and Associated Mineral Block,Andhra Pradesh,Anantapur (Sri Sathya Sai District),CL,308.3,"[""Associated minerals"",""Lead"",""Molybdenum"",""Tungsten"",""Zinc""]",True,Polygon,8,306.1565212376133,0.6952574642837285,pypdf_text,accepted,True,,mbs_text_reconciled_to_official_nit,T4_15839_MBS_Balepalyam_Tungsten_and_Associated_Mineral_Block.pdf,01dc52751b5e58dd61bd3dad67f7c512a2a7e5a7fa3fd9dda48ad92c967feea7,1108356,5,T4_NIT.pdf,0aa1df9b62c007232c44e9f718240d97f99f113a4adb25495c3703a7699f2ff1,101640,3,MBS Balepalyam Tungsten and Associated Mineral Block,https://www.mstcecommerce.com/auctionhome/download_docs.jsp?FILE_ID=15825_1.%20GoI%20MoM%20-%20Tranche%20IV%20-%20NIT.pdf&path=dynamiclinks&portal=mlcl&mdTyp=-,https://www.mstcecommerce.com/auctionhome/download_docs.jsp?FILE_ID=15839_12.%20MBS%20Balepalyam%20Tungsten%20and%20Associated%20Mineral%20Block%2017.02.2024.pdf&path=dynamiclinks&portal=mlcl&mdTyp=-,https://www.mstcecommerce.com/auctionhome/download_docs.jsp?FILE_ID=15839_12.%20MBS%20Balepalyam%20Tungsten%20and%20Associated%20Mineral%20Block%2017.02.2024.pdf&path=dynamiclinks&portal=mlcl&mdTyp=-,
T4-O13,4,13,Depo Vanadium and Graphite Block,Arunachal Pradesh,Papum Pare,CL,104.65,"[""Graphite"",""Vanadium""]",True,Polygon,4,104.72387238259316,0.07058994992178838,pypdf_text,accepted,True,,mbs_text_reconciled_to_official_nit,T4_15838_MBS_Depo_Vanadium_Graphite_Block.pdf,cfb401d81110b0753fbea3791f4f863950279565fc204de56f6c69fd0132e0bb,955061,6,T4_NIT.pdf,0aa1df9b62c007232c44e9f718240d97f99f113a4adb25495c3703a7699f2ff1,101640,3,"MBS_Depo Vanadium, Graphite Block",https://www.mstcecommerce.com/auctionhome/download_docs.jsp?FILE_ID=15825_1.%20GoI%20MoM%20-%20Tranche%20IV%20-%20NIT.pdf&path=dynamiclinks&portal=mlcl&mdTyp=-,"https://www.mstcecommerce.com/auctionhome/download_docs.jsp?FILE_ID=15838_13.%20MBS_Depo%20Vanadium,%20Graphite%20Block%2023.02.2024.pdf&path=dynamiclinks&portal=mlcl&mdTyp=-","https://www.mstcecommerce.com/auctionhome/download_docs.jsp?FILE_ID=15838_13.%20MBS_Depo%20Vanadium,%20Graphite%20Block%2023.02.2024.pdf&path=dynamiclinks&portal=mlcl&mdTyp=-",
T4-O14,4,14,Lodoso East REE and Associated Minerals Block,Arunachal Pradesh,Papumpare,CL,105.88,"[""Associated minerals"",""Rare-earth elements"",""Copper""]",True,Polygon,4,105.96276178114712,0.07816564143098514,pypdf_text,accepted,True,,mbs_text_reconciled_to_official_nit,T4_15837_MBS_Lodoso_East_REE_and_Associated_Minerals_Block.pdf,16e704e34cac1593ad6542f436f37a7c250eb4bfea2ce94a1e9f9e0f6d504990,960282,5,T4_NIT.pdf,0aa1df9b62c007232c44e9f718240d97f99f113a4adb25495c3703a7699f2ff1,101640,3,MBS Lodoso East REE and Associated Minerals Block,https://www.mstcecommerce.com/auctionhome/download_docs.jsp?FILE_ID=15825_1.%20GoI%20MoM%20-%20Tranche%20IV%20-%20NIT.pdf&path=dynamiclinks&portal=mlcl&mdTyp=-,https://www.mstcecommerce.com/auctionhome/download_docs.jsp?FILE_ID=15837_14.%20MBS%20Lodoso%20East%20REE%20and%20Associated%20Minerals%20Block%2021.02.2024.pdf&path=dynamiclinks&portal=mlcl&mdTyp=-,https://www.mstcecommerce.com/auctionhome/download_docs.jsp?FILE_ID=15837_14.%20MBS%20Lodoso%20East%20REE%20and%20Associated%20Minerals%20Block%2021.02.2024.pdf&path=dynamiclinks&portal=mlcl&mdTyp=-,
T4-O15,4,15,Phop Graphite and Vanadium Block,Arunachal Pradesh,Papum pare,CL,108.86,"[""Graphite"",""Vanadium""]",True,Polygon,7,108.93049896487594,0.0647611288590281,pypdf_text,accepted,True,,mbs_text_reconciled_to_official_nit,T4_15836_MBS_Phop_Graphite_and_Vanadium_Block.pdf,9769471799e8d34547f76ff9b56be4c613bf44cccc9bb29f4d8c337f105821c4,989202,5,T4_NIT.pdf,0aa1df9b62c007232c44e9f718240d97f99f113a4adb25495c3703a7699f2ff1,101640,3,MBS Phop Graphite and Vanadium Block,https://www.mstcecommerce.com/auctionhome/download_docs.jsp?FILE_ID=15825_1.%20GoI%20MoM%20-%20Tranche%20IV%20-%20NIT.pdf&path=dynamiclinks&portal=mlcl&mdTyp=-,https://www.mstcecommerce.com/auctionhome/download_docs.jsp?FILE_ID=15836_15.%20MBS%20Phop%20Graphite%20and%20Vanadium%20Block%2017.02.2024.pdf&path=dynamiclinks&portal=mlcl&mdTyp=-,https://www.mstcecommerce.com/auctionhome/download_docs.jsp?FILE_ID=15836_15.%20MBS%20Phop%20Graphite%20and%20Vanadium%20Block%2017.02.2024.pdf&path=dynamiclinks&portal=mlcl&mdTyp=-,
T4-O16,4,16,Radhpu Graphite and Vanadium Block,Arunachal Pradesh,Lower Subansiri,CL,152.74,"[""Graphite"",""Vanadium""]",True,Polygon,4,152.84723688218594,0.07020877450957835,pypdf_text,accepted,True,,mbs_text_reconciled_to_official_nit,T4_15835_MBS_Radhpu_Graphite_and_Vanadium_Block.pdf,c3c7cedbe1ed6982a5436cb7cb71006561c1648c1a63832d3b7ae5179de9e4cb,1091529,5,T4_NIT.pdf,0aa1df9b62c007232c44e9f718240d97f99f113a4adb25495c3703a7699f2ff1,101640,3,MBS Radhpu Graphite and Vanadium Block,https://www.mstcecommerce.com/auctionhome/download_docs.jsp?FILE_ID=15825_1.%20GoI%20MoM%20-%20Tranche%20IV%20-%20NIT.pdf&path=dynamiclinks&portal=mlcl&mdTyp=-,https://www.mstcecommerce.com/auctionhome/download_docs.jsp?FILE_ID=15835_16.%20MBS%20Radhpu%20Graphite%20and%20Vanadium%20Block%2021.02.24.pdf&path=dynamiclinks&portal=mlcl&mdTyp=-,https://www.mstcecommerce.com/auctionhome/download_docs.jsp?FILE_ID=15835_16.%20MBS%20Radhpu%20Graphite%20and%20Vanadium%20Block%2021.02.24.pdf&path=dynamiclinks&portal=mlcl&mdTyp=-,
T4-O17,4,17,Bhalukona Glauconite Block,Chhattisgarh,Mahasamund,CL,912.891,"[""Glauconite""]",True,Polygon,4,912.4737855041504,0.045702553300396326,pypdf_text,accepted,True,,mbs_text_reconciled_to_official_nit,T4_15834_MBS_Bhalukona_Glauconite_Block.pdf,2b35de65a4cecc72ecc6a21bd12d30709dfd0621c195de6ee86eb5c62fbf6d72,1362953,5,T4_NIT.pdf,0aa1df9b62c007232c44e9f718240d97f99f113a4adb25495c3703a7699f2ff1,101640,3,MBS_Bhalukona Glauconite Block,https://www.mstcecommerce.com/auctionhome/download_docs.jsp?FILE_ID=15825_1.%20GoI%20MoM%20-%20Tranche%20IV%20-%20NIT.pdf&path=dynamiclinks&portal=mlcl&mdTyp=-,https://www.mstcecommerce.com/auctionhome/download_docs.jsp?FILE_ID=15834_17.%20MBS_Bhalukona%20Glauconite%20Block%2017.02.2024.pdf&path=dynamiclinks&portal=mlcl&mdTyp=-,https://www.mstcecommerce.com/auctionhome/download_docs.jsp?FILE_ID=15834_17.%20MBS_Bhalukona%20Glauconite%20Block%2017.02.2024.pdf&path=dynamiclinks&portal=mlcl&mdTyp=-,
T4-O18,4,18,Chiknipani Tungsten Block,Chhattisgarh,Jashpur,CL,649.805,"[""Tungsten""]",True,Polygon,4,649.0845678666134,0.11086897352075877,pypdf_text,accepted,True,,mbs_text_reconciled_to_official_nit,T4_15833_MBS_Chiknipani_Tungsten_Block.pdf,db55aff69a3ac20212b3da72beff4cd93ba3d3b00317a65a5094651dda6c4eee,645602,5,T4_NIT.pdf,0aa1df9b62c007232c44e9f718240d97f99f113a4adb25495c3703a7699f2ff1,101640,3,MBS_Chiknipani Tungsten Block,https://www.mstcecommerce.com/auctionhome/download_docs.jsp?FILE_ID=15825_1.%20GoI%20MoM%20-%20Tranche%20IV%20-%20NIT.pdf&path=dynamiclinks&portal=mlcl&mdTyp=-,https://www.mstcecommerce.com/auctionhome/download_docs.jsp?FILE_ID=15833_18.%20MBS_Chiknipani%20Tungsten%20Block.pdf&path=dynamiclinks&portal=mlcl&mdTyp=-,https://www.mstcecommerce.com/auctionhome/download_docs.jsp?FILE_ID=15833_18.%20MBS_Chiknipani%20Tungsten%20Block.pdf&path=dynamiclinks&portal=mlcl&mdTyp=-,
T4-O19,4,19,"Sanyasikoppa Cobalt, Manganese and Iron Block",Karnataka,Shimoga (Shivamogga),CL,1055.64,"[""Cobalt"",""Iron"",""Manganese""]",True,Polygon,5,1056.4413868319377,0.07591478457974633,pypdf_text,accepted,True,,mbs_text_reconciled_to_official_nit,T4_15832_MBS_Sanyasikoppa_Cobalt_Manganese_and_Iron_Block.pdf,40fb84c392ec1d2a1e02e6a140aa10687a7085b0a0b8bbf2fe27f0a9124bf16d,1008823,5,T4_NIT.pdf,0aa1df9b62c007232c44e9f718240d97f99f113a4adb25495c3703a7699f2ff1,101640,3,"MBS_Sanyasikoppa Cobalt, Manganese and Iron Block",https://www.mstcecommerce.com/auctionhome/download_docs.jsp?FILE_ID=15825_1.%20GoI%20MoM%20-%20Tranche%20IV%20-%20NIT.pdf&path=dynamiclinks&portal=mlcl&mdTyp=-,"https://www.mstcecommerce.com/auctionhome/download_docs.jsp?FILE_ID=15832_19.%20MBS_Sanyasikoppa%20Cobalt,%20Manganese%20and%20Iron%20Block%20-23.02.2024.pdf&path=dynamiclinks&portal=mlcl&mdTyp=-","https://www.mstcecommerce.com/auctionhome/download_docs.jsp?FILE_ID=15832_19.%20MBS_Sanyasikoppa%20Cobalt,%20Manganese%20and%20Iron%20Block%20-23.02.2024.pdf&path=dynamiclinks&portal=mlcl&mdTyp=-",
T4-O20,4,20,"Vadakhol-Asoli Ni, Cr, Co and Associated Mineral Block",Maharashtra,Sindhudurg,CL,1475.972,"[""Associated minerals"",""Chromium"",""Cobalt"",""Nickel""]",True,Polygon,4,1476.4191403577752,0.030294636874899868,pypdf_text,accepted,True,,mbs_text_reconciled_to_official_nit,T4_15831_MBS_Vadakhol-Asoli_Ni_Cr_Co_and_Associated_Mineral_Block.pdf,87568fd9aed596ee6857dbeec23e514a931fc5a8c2af4470386318e4941c7ce0,859366,5,T4_NIT.pdf,0aa1df9b62c007232c44e9f718240d97f99f113a4adb25495c3703a7699f2ff1,101640,3,"MBS Vadakhol-Asoli Ni, Cr, Co and Associated Mineral Block",https://www.mstcecommerce.com/auctionhome/download_docs.jsp?FILE_ID=15825_1.%20GoI%20MoM%20-%20Tranche%20IV%20-%20NIT.pdf&path=dynamiclinks&portal=mlcl&mdTyp=-,"https://www.mstcecommerce.com/auctionhome/download_docs.jsp?FILE_ID=15831_20.%20MBS%20Vadakhol-Asoli%20Ni,%20Cr,%20Co%20and%20Associated%20Mineral%20Block%2023.02.2024.pdf&path=dynamiclinks&portal=mlcl&mdTyp=-","https://www.mstcecommerce.com/auctionhome/download_docs.jsp?FILE_ID=15831_20.%20MBS%20Vadakhol-Asoli%20Ni,%20Cr,%20Co%20and%20Associated%20Mineral%20Block%2023.02.2024.pdf&path=dynamiclinks&portal=mlcl&mdTyp=-",
T4-O21,4,21,Nayakkarpatti Tungsten Block,Tamil Nadu,Madurai,CL,2015.51,"[""Tungsten""]",True,Polygon,5,2012.6685560746432,0.14097890486064424,pypdf_text,accepted,True,,mbs_text_reconciled_to_official_nit,T4_15830_MBS_Nayakkarpatti_Tungsten_Block.pdf,99273887f98f3de645ab5ac4d9de2264e875e77b0a89af14ca9c53e7a8c33966,903578,5,T4_NIT.pdf,0aa1df9b62c007232c44e9f718240d97f99f113a4adb25495c3703a7699f2ff1,101640,3,MBS_Nayakkarpatti Tungsten Block,https://www.mstcecommerce.com/auctionhome/download_docs.jsp?FILE_ID=15825_1.%20GoI%20MoM%20-%20Tranche%20IV%20-%20NIT.pdf&path=dynamiclinks&portal=mlcl&mdTyp=-,https://www.mstcecommerce.com/auctionhome/download_docs.jsp?FILE_ID=15830_21.%20MBS_Nayakkarpatti%20Tungsten%20Block%20corrected%20on%2023.02.2024.pdf&path=dynamiclinks&portal=mlcl&mdTyp=-,https://www.mstcecommerce.com/auctionhome/download_docs.jsp?FILE_ID=15830_21.%20MBS_Nayakkarpatti%20Tungsten%20Block%20corrected%20on%2023.02.2024.pdf&path=dynamiclinks&portal=mlcl&mdTyp=-,
T5-O01,5,1,Surajpura Phosphorite Block,Madhya Pradesh,Sagar and Chhatarpur,CL,1072.29,"[""Phosphorite""]",True,Polygon,4,1072.324935858345,0.0032580606314597167,pypdf_text,accepted,True,,mbs_text_reconciled_to_official_nit,T5_18802_Revised_MBS_Surajpura_Phosphorite_Block.pdf,651236903370e0ed69983a1cd5eb3151f6c975a13be618454a81559ea419bfe2,395932,5,T5_NIT.pdf,29ea1bb52996de7201cc8a14a16375b537bc2981b6385a6c32354129aa71af71,215370,3,Revised MBS Surajpura Phosphorite Block,https://www.mstcecommerce.com/auctionhome/download_docs.jsp?FILE_ID=18641_GoI%20MoM%20-%20Tranche%20V%20-%20Notice%20Inviting%20Tender.pdf&path=dynamiclinks&portal=mlcl&mdTyp=-,https://www.mstcecommerce.com/auctionhome/download_docs.jsp?FILE_ID=18802_5.%20Revised%20MBS%20Surajpura%20Phosphorite%20Block.pdf&path=dynamiclinks&portal=mlcl&mdTyp=-,https://www.mstcecommerce.com/auctionhome/download_docs.jsp?FILE_ID=18802_5.%20Revised%20MBS%20Surajpura%20Phosphorite%20Block.pdf&path=dynamiclinks&portal=mlcl&mdTyp=-,
T5-O02,5,2,Oranga-Revatipur Graphite and Vanadium Block,Chhattisgarh,Balrampur- Ramanujganj,ML,366.478,"[""Graphite"",""Vanadium""]",True,Polygon,4,366.2106359762669,0.0729549996816008,pypdf_text,accepted,True,,official_nit_table,T5_18664_1.MBS_Oranga-Revatipur_Graphite_Block.pdf,2c819d7d659161f5076d0e3171763721f6010d71010572922dbcbf9e25f7c602,389344,5,T5_NIT.pdf,29ea1bb52996de7201cc8a14a16375b537bc2981b6385a6c32354129aa71af71,215370,3,1.MBS_Oranga-Revatipur_Graphite_Block,https://www.mstcecommerce.com/auctionhome/download_docs.jsp?FILE_ID=18641_GoI%20MoM%20-%20Tranche%20V%20-%20Notice%20Inviting%20Tender.pdf&path=dynamiclinks&portal=mlcl&mdTyp=-,https://www.mstcecommerce.com/auctionhome/download_docs.jsp?FILE_ID=18664_1.MBS_Oranga-Revatipur_Graphite_Block.pdf&path=dynamiclinks&portal=mlcl&mdTyp=-,https://www.mstcecommerce.com/auctionhome/download_docs.jsp?FILE_ID=18664_1.MBS_Oranga-Revatipur_Graphite_Block.pdf&path=dynamiclinks&portal=mlcl&mdTyp=-,
T5-O03,5,3,Katesar-Guneri Glauconite Block,Gujarat,Kachchh,CL,498.99,"[""Glauconite""]",True,Polygon,12,499.3935027731223,0.08086389970185454,pypdf_text,accepted,True,,mbs_text_reconciled_to_official_nit,T5_18663_2.MBS_Katesar-Guneri_Glauconite_Block.pdf,583f5fc7f91b54a1e3518c53abce0beb864a8b5486b4b84d10188fb39afd6883,376493,5,T5_NIT.pdf,29ea1bb52996de7201cc8a14a16375b537bc2981b6385a6c32354129aa71af71,215370,3,2.MBS_Katesar-Guneri_Glauconite_Block,https://www.mstcecommerce.com/auctionhome/download_docs.jsp?FILE_ID=18641_GoI%20MoM%20-%20Tranche%20V%20-%20Notice%20Inviting%20Tender.pdf&path=dynamiclinks&portal=mlcl&mdTyp=-,https://www.mstcecommerce.com/auctionhome/download_docs.jsp?FILE_ID=18663_2.MBS_Katesar-Guneri_Glauconite_Block.pdf&path=dynamiclinks&portal=mlcl&mdTyp=-,https://www.mstcecommerce.com/auctionhome/download_docs.jsp?FILE_ID=18663_2.MBS_Katesar-Guneri_Glauconite_Block.pdf&path=dynamiclinks&portal=mlcl&mdTyp=-,
T5-O04,5,4,Ganacharpura Graphite Block,Karnataka,Kolar,CL,500.925,"[""Graphite""]",True,Polygon,4,500.2052771922685,0.1436787558479813,pypdf_text,accepted,True,,mbs_text_reconciled_to_official_nit,T5_18662_3.MBS_Ganacharpura_Block_Final_CL.pdf,f775d321674f31075d9160acfd3fc5b52bcc8a571b5bb73bb6e335791c8b2f71,387873,5,T5_NIT.pdf,29ea1bb52996de7201cc8a14a16375b537bc2981b6385a6c32354129aa71af71,215370,3,3.MBS_Ganacharpura_Block_Final_CL,https://www.mstcecommerce.com/auctionhome/download_docs.jsp?FILE_ID=18641_GoI%20MoM%20-%20Tranche%20V%20-%20Notice%20Inviting%20Tender.pdf&path=dynamiclinks&portal=mlcl&mdTyp=-,https://www.mstcecommerce.com/auctionhome/download_docs.jsp?FILE_ID=18662_3.MBS_Ganacharpura_Block_Final_CL.pdf&path=dynamiclinks&portal=mlcl&mdTyp=-,https://www.mstcecommerce.com/auctionhome/download_docs.jsp?FILE_ID=18662_3.MBS_Ganacharpura_Block_Final_CL.pdf&path=dynamiclinks&portal=mlcl&mdTyp=-,
T5-O05,5,5,Mincheri REE Block,Karnataka,Raichur,CL,207.67,"[""Rare-earth elements"",""Vanadium""]",True,Polygon,12,207.70876407305352,0.01866618820895081,pypdf_text,accepted,True,,mbs_text_reconciled_to_official_nit,T5_18661_4.MBS_Mincheri_REE_Block_Final_CL.pdf,17473304c4646d852ac25606d92d58ac38f48bd74a1dc2ba175aa6a23b054e86,407159,6,T5_NIT.pdf,29ea1bb52996de7201cc8a14a16375b537bc2981b6385a6c32354129aa71af71,215370,3,4.MBS_Mincheri_REE_Block_Final_CL,https://www.mstcecommerce.com/auctionhome/download_docs.jsp?FILE_ID=18641_GoI%20MoM%20-%20Tranche%20V%20-%20Notice%20Inviting%20Tender.pdf&path=dynamiclinks&portal=mlcl&mdTyp=-,https://www.mstcecommerce.com/auctionhome/download_docs.jsp?FILE_ID=18661_4.MBS_Mincheri_REE_Block_Final_CL.pdf&path=dynamiclinks&portal=mlcl&mdTyp=-,https://www.mstcecommerce.com/auctionhome/download_docs.jsp?FILE_ID=18661_4.MBS_Mincheri_REE_Block_Final_CL.pdf&path=dynamiclinks&portal=mlcl&mdTyp=-,
T5-O06,5,6,Khobna and Agargaon Cluster Tungsten Block,Maharashtra,Nagpur,ML,150.79,"[""Tungsten""]",True,MultiPolygon,56,151.12022692224951,0.21899789259866215,tesseract_ocr_two_part_multipolygon,accepted,True,,official_nit_table,T5_18659_6.MBS_Khobna_and_Agargaon_Cluster_Tungsten_Block.pdf,41d96edb45f13876d0d1c01298412ad678a7fade3c09b9acc1dfd717cd4c5a53,792899,5,T5_NIT.pdf,29ea1bb52996de7201cc8a14a16375b537bc2981b6385a6c32354129aa71af71,215370,3,6.MBS_Khobna_and_Agargaon_Cluster_Tungsten_Block,https://www.mstcecommerce.com/auctionhome/download_docs.jsp?FILE_ID=18641_GoI%20MoM%20-%20Tranche%20V%20-%20Notice%20Inviting%20Tender.pdf&path=dynamiclinks&portal=mlcl&mdTyp=-,https://www.mstcecommerce.com/auctionhome/download_docs.jsp?FILE_ID=18659_6.MBS_Khobna_and_Agargaon_Cluster_Tungsten_Block.pdf&path=dynamiclinks&portal=mlcl&mdTyp=-,https://www.mstcecommerce.com/auctionhome/download_docs.jsp?FILE_ID=18659_6.MBS_Khobna_and_Agargaon_Cluster_Tungsten_Block.pdf&path=dynamiclinks&portal=mlcl&mdTyp=-,
T5-O07,5,7,Salepali Graphite Block,Odisha,Balangir,CL,1223.29,"[""Graphite""]",True,Polygon,5,1219.1179560400606,0.341051096627897,tesseract_ocr,accepted,True,,mbs_text_reconciled_to_official_nit,T5_18658_7.MBS_Salepali_Graphite_Block_CL.pdf,0de1064d1a32a220e521a1817df8bdd92dde994fc167fc89e6c44262191996b1,484459,5,T5_NIT.pdf,29ea1bb52996de7201cc8a14a16375b537bc2981b6385a6c32354129aa71af71,215370,3,7.MBS_Salepali_Graphite_Block_CL,https://www.mstcecommerce.com/auctionhome/download_docs.jsp?FILE_ID=18641_GoI%20MoM%20-%20Tranche%20V%20-%20Notice%20Inviting%20Tender.pdf&path=dynamiclinks&portal=mlcl&mdTyp=-,https://www.mstcecommerce.com/auctionhome/download_docs.jsp?FILE_ID=18658_7.MBS_Salepali_Graphite_Block_CL.pdf&path=dynamiclinks&portal=mlcl&mdTyp=-,https://www.mstcecommerce.com/auctionhome/download_docs.jsp?FILE_ID=18658_7.MBS_Salepali_Graphite_Block_CL.pdf&path=dynamiclinks&portal=mlcl&mdTyp=-,
T5-O08,5,8,Kelenda Glauconite Block,Chhattisgarh,Mahasamund,CL,397.5,"[""Glauconite""]",True,Polygon,4,397.4067555855751,0.02345771432072287,pypdf_text,accepted,True,,mbs_text_reconciled_to_official_nit,T5_18657_8.MBS_Kelenda_Glauconite_Block.pdf,e7e588fc12388fbf47841e456314a0569a0d44ac4362bb148f5a0802d0812f6d,1073687,5,T5_NIT.pdf,29ea1bb52996de7201cc8a14a16375b537bc2981b6385a6c32354129aa71af71,215370,3,8.MBS_Kelenda_Glauconite_Block,https://www.mstcecommerce.com/auctionhome/download_docs.jsp?FILE_ID=18641_GoI%20MoM%20-%20Tranche%20V%20-%20Notice%20Inviting%20Tender.pdf&path=dynamiclinks&portal=mlcl&mdTyp=-,https://www.mstcecommerce.com/auctionhome/download_docs.jsp?FILE_ID=18657_8.MBS_Kelenda_Glauconite_Block.pdf&path=dynamiclinks&portal=mlcl&mdTyp=-,https://www.mstcecommerce.com/auctionhome/download_docs.jsp?FILE_ID=18657_8.MBS_Kelenda_Glauconite_Block.pdf&path=dynamiclinks&portal=mlcl&mdTyp=-,
T5-O09,5,9,Raipura Phosphorite and Limestone Block,Chhattisgarh,Balod,CL,1009.36,"[""Phosphorite""]",True,Polygon,4,1010.1692573078155,0.08017529006653011,pypdf_text,accepted,True,,mbs_text_reconciled_to_official_nit,T5_18656_9.MBS_Raipura_Phosphorite_and_Limestone_Bloc_17.02.2024.pdf,7ed5b17d348396f88abe4c5bcdcf19bc225014ac688f3f6ce4770b3d0b70063f,957263,5,T5_NIT.pdf,29ea1bb52996de7201cc8a14a16375b537bc2981b6385a6c32354129aa71af71,215370,3,9.MBS_Raipura_Phosphorite_and_Limestone_Bloc_17.02.2024,https://www.mstcecommerce.com/auctionhome/download_docs.jsp?FILE_ID=18641_GoI%20MoM%20-%20Tranche%20V%20-%20Notice%20Inviting%20Tender.pdf&path=dynamiclinks&portal=mlcl&mdTyp=-,https://www.mstcecommerce.com/auctionhome/download_docs.jsp?FILE_ID=18656_9.MBS_Raipura_Phosphorite_and_Limestone_Bloc_17.02.2024.pdf&path=dynamiclinks&portal=mlcl&mdTyp=-,https://www.mstcecommerce.com/auctionhome/download_docs.jsp?FILE_ID=18656_9.MBS_Raipura_Phosphorite_and_Limestone_Bloc_17.02.2024.pdf&path=dynamiclinks&portal=mlcl&mdTyp=-,
T5-O10,5,10,Semhardih Phosphorite and Limestone Block,Chhattisgarh,Balod,CL,960.35,"[""Phosphorite""]",True,Polygon,4,961.1231155160904,0.08050351601919536,pypdf_text,accepted,True,,mbs_text_reconciled_to_official_nit,T5_18655_10.MBS_Semhardih_Phosphorite_and_Limestone_Block.pdf,25de8f9f5ffe5b16675f1a1daeaa2c0106ea71f02c41c8bdccffb3d90277851f,1031086,5,T5_NIT.pdf,29ea1bb52996de7201cc8a14a16375b537bc2981b6385a6c32354129aa71af71,215370,3,10.MBS_Semhardih_Phosphorite_and_Limestone_Block,https://www.mstcecommerce.com/auctionhome/download_docs.jsp?FILE_ID=18641_GoI%20MoM%20-%20Tranche%20V%20-%20Notice%20Inviting%20Tender.pdf&path=dynamiclinks&portal=mlcl&mdTyp=-,https://www.mstcecommerce.com/auctionhome/download_docs.jsp?FILE_ID=18655_10.MBS_Semhardih_Phosphorite_and_Limestone_Block.pdf&path=dynamiclinks&portal=mlcl&mdTyp=-,https://www.mstcecommerce.com/auctionhome/download_docs.jsp?FILE_ID=18655_10.MBS_Semhardih_Phosphorite_and_Limestone_Block.pdf&path=dynamiclinks&portal=mlcl&mdTyp=-,
T5-O11,5,11,Dombarahalli Phosphate and REE Block,Karnataka,Koppal,CL,558.28,"[""Rare-earth elements"",""Phosphate""]",True,Polygon,4,558.5320040859223,0.04513937198579468,pypdf_text,accepted,True,,mbs_text_reconciled_to_official_nit,T5_18654_11.MBS_Dombarahalli_Phosphate_and_REE_Block.pdf,fd2b3a00d9ce6da1771ef7692b7728059957d8f3f61e322a2ea4ee581f05d7d4,1036765,5,T5_NIT.pdf,29ea1bb52996de7201cc8a14a16375b537bc2981b6385a6c32354129aa71af71,215370,3,11.MBS_Dombarahalli_Phosphate_and_REE_Block,https://www.mstcecommerce.com/auctionhome/download_docs.jsp?FILE_ID=18641_GoI%20MoM%20-%20Tranche%20V%20-%20Notice%20Inviting%20Tender.pdf&path=dynamiclinks&portal=mlcl&mdTyp=-,https://www.mstcecommerce.com/auctionhome/download_docs.jsp?FILE_ID=18654_11.MBS_Dombarahalli_Phosphate_and_REE_Block.pdf&path=dynamiclinks&portal=mlcl&mdTyp=-,https://www.mstcecommerce.com/auctionhome/download_docs.jsp?FILE_ID=18654_11.MBS_Dombarahalli_Phosphate_and_REE_Block.pdf&path=dynamiclinks&portal=mlcl&mdTyp=-,
T5-O12,5,12,Holalkere - Doddaghatta Ni and PGE Block,Karnataka,Hassan,CL,999.28,"[""Platinum-group elements"",""Nickel""]",True,Polygon,8,999.552701429157,0.027289791565626834,pypdf_text,accepted,True,,mbs_text_reconciled_to_official_nit,T5_18653_12.MBS_Holalkere-Doddaghatta_Ni-PGE_Block.pdf,7c249c360e19d15eda7406b5764dceff6b871a2d5c4496ea6fe15100d5a4f1fb,1114736,5,T5_NIT.pdf,29ea1bb52996de7201cc8a14a16375b537bc2981b6385a6c32354129aa71af71,215370,3,12.MBS_Holalkere-Doddaghatta_Ni-PGE_Block,https://www.mstcecommerce.com/auctionhome/download_docs.jsp?FILE_ID=18641_GoI%20MoM%20-%20Tranche%20V%20-%20Notice%20Inviting%20Tender.pdf&path=dynamiclinks&portal=mlcl&mdTyp=-,https://www.mstcecommerce.com/auctionhome/download_docs.jsp?FILE_ID=18653_12.MBS_Holalkere-Doddaghatta_Ni-PGE_Block.pdf&path=dynamiclinks&portal=mlcl&mdTyp=-,https://www.mstcecommerce.com/auctionhome/download_docs.jsp?FILE_ID=18653_12.MBS_Holalkere-Doddaghatta_Ni-PGE_Block.pdf&path=dynamiclinks&portal=mlcl&mdTyp=-,
T5-O13,5,13,Jhandawali - Satipura Amalgamated Potash and Halite Block,Rajasthan,Hanumangarh,CL,1841.22,"[""Halite"",""Potash""]",True,Polygon,4,1842.4665550009347,0.06770266458840753,pypdf_text,accepted,True,,mbs_text_reconciled_to_official_nit,T5_18652_13.MBS_Jhandawali-Satipura_Amalgamated_Potash_and_Halite_Block.pdf,7c9f49007ea443ed23f1fc611d49a3fc4a0942a50142eb2c8a3f4f4e99ed4765,1065907,5,T5_NIT.pdf,29ea1bb52996de7201cc8a14a16375b537bc2981b6385a6c32354129aa71af71,215370,3,13.MBS_Jhandawali-Satipura_Amalgamated_Potash_and_Halite_Block,https://www.mstcecommerce.com/auctionhome/download_docs.jsp?FILE_ID=18641_GoI%20MoM%20-%20Tranche%20V%20-%20Notice%20Inviting%20Tender.pdf&path=dynamiclinks&portal=mlcl&mdTyp=-,https://www.mstcecommerce.com/auctionhome/download_docs.jsp?FILE_ID=18652_13.MBS_Jhandawali-Satipura_Amalgamated_Potash_and_Halite_Block.pdf&path=dynamiclinks&portal=mlcl&mdTyp=-,https://www.mstcecommerce.com/auctionhome/download_docs.jsp?FILE_ID=18652_13.MBS_Jhandawali-Satipura_Amalgamated_Potash_and_Halite_Block.pdf&path=dynamiclinks&portal=mlcl&mdTyp=-,
T5-O14,5,14,Jorkian-Satipura-Khunja Amalgamated Potash and Halite Block,Rajasthan,Hanumangarh,CL,1699.98,"[""Halite"",""Potash""]",True,Polygon,6,1701.2934509116835,0.07726272730758617,pypdf_text,accepted,True,,mbs_text_reconciled_to_official_nit,T5_18651_14.MBS_Jorkian-Satipura-Khunja_Amalgamated_Potash_and_Halite_Block.pdf,f206a5cee19385b5edf0579f884bce03e17586074637a796d0dfc9dacc0c557d,1672204,5,T5_NIT.pdf,29ea1bb52996de7201cc8a14a16375b537bc2981b6385a6c32354129aa71af71,215370,3,14.MBS_Jorkian-Satipura-Khunja_Amalgamated_Potash_and_Halite_Block,https://www.mstcecommerce.com/auctionhome/download_docs.jsp?FILE_ID=18641_GoI%20MoM%20-%20Tranche%20V%20-%20Notice%20Inviting%20Tender.pdf&path=dynamiclinks&portal=mlcl&mdTyp=-,https://www.mstcecommerce.com/auctionhome/download_docs.jsp?FILE_ID=18651_14.MBS_Jorkian-Satipura-Khunja_Amalgamated_Potash_and_Halite_Block.pdf&path=dynamiclinks&portal=mlcl&mdTyp=-,https://www.mstcecommerce.com/auctionhome/download_docs.jsp?FILE_ID=18651_14.MBS_Jorkian-Satipura-Khunja_Amalgamated_Potash_and_Halite_Block.pdf&path=dynamiclinks&portal=mlcl&mdTyp=-,
T5-O15,5,15,Nawatola-Laband REE Block,Uttar Pradesh,Sonbhadra,CL,210.01,"[""Rare-earth elements""]",True,Polygon,4,209.94763459843026,0.02969639615719988,pypdf_text,accepted,True,,mbs_text_reconciled_to_official_nit,T5_18650_15.MBS_Nawatola-Laband_REE_Block.pdf,a98218349981f14ced264f857cd148f361099ee24864a2c78df1200b8464b05d,869613,5,T5_NIT.pdf,29ea1bb52996de7201cc8a14a16375b537bc2981b6385a6c32354129aa71af71,215370,3,15.MBS_Nawatola-Laband_REE_Block,https://www.mstcecommerce.com/auctionhome/download_docs.jsp?FILE_ID=18641_GoI%20MoM%20-%20Tranche%20V%20-%20Notice%20Inviting%20Tender.pdf&path=dynamiclinks&portal=mlcl&mdTyp=-,https://www.mstcecommerce.com/auctionhome/download_docs.jsp?FILE_ID=18650_15.MBS_Nawatola-Laband_REE_Block.pdf&path=dynamiclinks&portal=mlcl&mdTyp=-,https://www.mstcecommerce.com/auctionhome/download_docs.jsp?FILE_ID=18650_15.MBS_Nawatola-Laband_REE_Block.pdf&path=dynamiclinks&portal=mlcl&mdTyp=-,
T6-O01,6,1,Khobna and Agargaon Cluster Tungsten Block,Maharashtra,Nagpur,ML,150.79,"[""Tungsten""]",True,MultiPolygon,56,151.12022692224951,0.21899789259866215,tesseract_ocr_two_part_multipolygon,accepted,True,,official_nit_table,T6_22710_23._MBS_Khobna_and_Agargaon_Cluster_Tungsten_Block.pdf,41d96edb45f13876d0d1c01298412ad678a7fade3c09b9acc1dfd717cd4c5a53,792899,5,T6_NIT.pdf,0bad31c6486f3f50f5e68f95883a0264aa6ce2196d89847e25dd5f387f6f64ba,238409,3,23. MBS Khobna and Agargaon Cluster Tungsten Block,https://www.mstcecommerce.com/auctionhome/download_docs.jsp?FILE_ID=22681_GoI%20MoM%20-%20Tranche%20VI%20-%20NIT.pdf&path=dynamiclinks&portal=mlcl&mdTyp=-,https://www.mstcecommerce.com/auctionhome/download_docs.jsp?FILE_ID=22710_23.%20MBS%20Khobna%20and%20Agargaon%20Cluster%20Tungsten%20Block.pdf&path=dynamiclinks&portal=mlcl&mdTyp=-,https://www.mstcecommerce.com/auctionhome/download_docs.jsp?FILE_ID=22710_23.%20MBS%20Khobna%20and%20Agargaon%20Cluster%20Tungsten%20Block.pdf&path=dynamiclinks&portal=mlcl&mdTyp=-,
T6-O02,6,2,Mincheri REE Block,Karnataka,Raichur,CL,207.67,"[""Rare-earth elements"",""Vanadium""]",True,Polygon,12,207.70876407305352,0.01866618820895081,pypdf_text,accepted,True,,mbs_text_reconciled_to_official_nit,T6_22709_22._Mineral_summary_Mincheri_REE_Block.pdf,17473304c4646d852ac25606d92d58ac38f48bd74a1dc2ba175aa6a23b054e86,407159,6,T6_NIT.pdf,0bad31c6486f3f50f5e68f95883a0264aa6ce2196d89847e25dd5f387f6f64ba,238409,3,22. Mineral summary Mincheri REE Block,https://www.mstcecommerce.com/auctionhome/download_docs.jsp?FILE_ID=22681_GoI%20MoM%20-%20Tranche%20VI%20-%20NIT.pdf&path=dynamiclinks&portal=mlcl&mdTyp=-,https://www.mstcecommerce.com/auctionhome/download_docs.jsp?FILE_ID=22709_22.%20Mineral%20summary%20Mincheri%20REE%20Block.pdf&path=dynamiclinks&portal=mlcl&mdTyp=-,https://www.mstcecommerce.com/auctionhome/download_docs.jsp?FILE_ID=22709_22.%20Mineral%20summary%20Mincheri%20REE%20Block.pdf&path=dynamiclinks&portal=mlcl&mdTyp=-,
T6-O03,6,3,Kalapathar Raghudih Block,West Bengal,Purulia,CL,248.89,"[""Rare-earth elements"",""Rare metals""]",True,Polygon,8,249.0693303507656,0.07205205141452471,pypdf_text,accepted,True,,mbs_text_reconciled_to_official_nit,T6_22708_21._Kalapathar_Raghudih_Block_Summary.pdf,ae602f710ba7e14aa6ffefae204fc6ed202fe292fe4216dafed983f47847d9a1,567425,5,T6_NIT.pdf,0bad31c6486f3f50f5e68f95883a0264aa6ce2196d89847e25dd5f387f6f64ba,238409,3,21. Kalapathar Raghudih Block Summary,https://www.mstcecommerce.com/auctionhome/download_docs.jsp?FILE_ID=22681_GoI%20MoM%20-%20Tranche%20VI%20-%20NIT.pdf&path=dynamiclinks&portal=mlcl&mdTyp=-,https://www.mstcecommerce.com/auctionhome/download_docs.jsp?FILE_ID=22708_21.%20Kalapathar%20Raghudih%20Block%20Summary.pdf&path=dynamiclinks&portal=mlcl&mdTyp=-,https://www.mstcecommerce.com/auctionhome/download_docs.jsp?FILE_ID=22708_21.%20Kalapathar%20Raghudih%20Block%20Summary.pdf&path=dynamiclinks&portal=mlcl&mdTyp=-,
T6-O04,6,4,Beku Rare Metal Block,West Bengal,Purulia,CL,103.0,"[""Rare metals"",""Cesium"",""Lithium"",""Rubidium""]",True,Polygon,4,103.07579131751359,0.07358380341125353,pypdf_text,accepted,True,,mbs_text_reconciled_to_official_nit,T6_22707_20._Beku_Rare_Metal_Block.pdf,ca2ddc46d2ff9f625cf9735129436d419251979c21b3c4024782f8c4616b1e48,496687,5,T6_NIT.pdf,0bad31c6486f3f50f5e68f95883a0264aa6ce2196d89847e25dd5f387f6f64ba,238409,3,20. Beku Rare Metal Block,https://www.mstcecommerce.com/auctionhome/download_docs.jsp?FILE_ID=22681_GoI%20MoM%20-%20Tranche%20VI%20-%20NIT.pdf&path=dynamiclinks&portal=mlcl&mdTyp=-,https://www.mstcecommerce.com/auctionhome/download_docs.jsp?FILE_ID=22707_20.%20Beku%20Rare%20Metal%20Block.pdf&path=dynamiclinks&portal=mlcl&mdTyp=-,https://www.mstcecommerce.com/auctionhome/download_docs.jsp?FILE_ID=22707_20.%20Beku%20Rare%20Metal%20Block.pdf&path=dynamiclinks&portal=mlcl&mdTyp=-,
T6-O05,6,5,"Surharia-Basoha Titanium, Bauxite and Aluminous Laterite Block",Uttar Pradesh,Chandauli,CL,1034.44,"[""Aluminous Laterite"",""Bauxite"",""Titanium""]",True,Polygon,4,1033.9249493991852,0.04979028274379396,pypdf_text,accepted,True,,mbs_text_reconciled_to_official_nit,T6_22706_19._Surharia-Basoha_Bauxite_Aluminous_Laterite_and_Titanium_Block.pdf,0b911bdce867dee51643d7c7566c931419e96ed1f7e3b23324df2dbc8db960ff,522229,5,T6_NIT.pdf,0bad31c6486f3f50f5e68f95883a0264aa6ce2196d89847e25dd5f387f6f64ba,238409,3,"19. Surharia-Basoha Bauxite, Aluminous Laterite and Titanium Block",https://www.mstcecommerce.com/auctionhome/download_docs.jsp?FILE_ID=22681_GoI%20MoM%20-%20Tranche%20VI%20-%20NIT.pdf&path=dynamiclinks&portal=mlcl&mdTyp=-,"https://www.mstcecommerce.com/auctionhome/download_docs.jsp?FILE_ID=22706_19.%20Surharia-Basoha%20Bauxite,%20Aluminous%20Laterite%20and%20Titanium%20Block.pdf&path=dynamiclinks&portal=mlcl&mdTyp=-","https://www.mstcecommerce.com/auctionhome/download_docs.jsp?FILE_ID=22706_19.%20Surharia-Basoha%20Bauxite,%20Aluminous%20Laterite%20and%20Titanium%20Block.pdf&path=dynamiclinks&portal=mlcl&mdTyp=-",
T6-O06,6,6,Kathyur Phosphate Block,Uttarakhand,Dehradun,CL,881.28,"[""Rock phosphate""]",True,Polygon,4,880.3551186446548,0.10494750310289332,pypdf_text,accepted,True,,mbs_text_reconciled_to_official_nit,T6_22705_18._Kathyur_Block_Summary.pdf,f959703e5109d86cd9a497f76541f45bca834e764b410ffe06b990579db48e6a,332996,6,T6_NIT.pdf,0bad31c6486f3f50f5e68f95883a0264aa6ce2196d89847e25dd5f387f6f64ba,238409,3,18. Kathyur Block Summary,https://www.mstcecommerce.com/auctionhome/download_docs.jsp?FILE_ID=22681_GoI%20MoM%20-%20Tranche%20VI%20-%20NIT.pdf&path=dynamiclinks&portal=mlcl&mdTyp=-,https://www.mstcecommerce.com/auctionhome/download_docs.jsp?FILE_ID=22705_18.%20Kathyur%20Block%20Summary.pdf&path=dynamiclinks&portal=mlcl&mdTyp=-,https://www.mstcecommerce.com/auctionhome/download_docs.jsp?FILE_ID=22705_18.%20Kathyur%20Block%20Summary.pdf&path=dynamiclinks&portal=mlcl&mdTyp=-,
T6-O07,6,7,Parvathapur Vanadium Titanium and Aluminous Laterite Block,Telangana,Sangareddy,CL,335.5,"[""Aluminous Laterite"",""Titanium"",""Vanadium""]",True,Polygon,4,335.1563759169057,0.10242148527401253,pypdf_text,accepted,True,Validated against the undivided Andhra Pradesh boundary in the 2011 Census layer.,mbs_text_reconciled_to_official_nit,T6_22704_17._Parvathapur_Vanadium_Titanium_and_Aluminous_Laterite_Block_Summary.pdf,4b473028d59e582b7ab13d73daf63e7c1ea3d1d735835d7790e399bc467acdea,496784,5,T6_NIT.pdf,0bad31c6486f3f50f5e68f95883a0264aa6ce2196d89847e25dd5f387f6f64ba,238409,3,17. Parvathapur Vanadium Titanium and Aluminous Laterite Block Summary,https://www.mstcecommerce.com/auctionhome/download_docs.jsp?FILE_ID=22681_GoI%20MoM%20-%20Tranche%20VI%20-%20NIT.pdf&path=dynamiclinks&portal=mlcl&mdTyp=-,https://www.mstcecommerce.com/auctionhome/download_docs.jsp?FILE_ID=22704_17.%20Parvathapur%20Vanadium%20Titanium%20and%20Aluminous%20Laterite%20Block%20Summary.pdf&path=dynamiclinks&portal=mlcl&mdTyp=-,https://www.mstcecommerce.com/auctionhome/download_docs.jsp?FILE_ID=22704_17.%20Parvathapur%20Vanadium%20Titanium%20and%20Aluminous%20Laterite%20Block%20Summary.pdf&path=dynamiclinks&portal=mlcl&mdTyp=-,
T6-O08,6,8,Govindpur Vanadium Titanium and Aluminous Laterite Block,Telangana,Sangareddy,CL,371.52,"[""Aluminous Laterite"",""Bauxite"",""Titanium"",""Vanadium""]",True,Polygon,4,371.1293683806367,0.10514416972525353,pypdf_text,accepted,True,Validated against the undivided Andhra Pradesh boundary in the 2011 Census layer.,mbs_text_reconciled_to_official_nit,T6_22703_16._Govindpur_Vanadium_Titanium_and_Aluminous_Laterite_Block_Summary.pdf,927f6ce827591412aab6792b54aef71cd3acd7208d9d3957c89ada548d6b3373,488434,5,T6_NIT.pdf,0bad31c6486f3f50f5e68f95883a0264aa6ce2196d89847e25dd5f387f6f64ba,238409,3,16. Govindpur Vanadium Titanium and Aluminous Laterite Block Summary,https://www.mstcecommerce.com/auctionhome/download_docs.jsp?FILE_ID=22681_GoI%20MoM%20-%20Tranche%20VI%20-%20NIT.pdf&path=dynamiclinks&portal=mlcl&mdTyp=-,https://www.mstcecommerce.com/auctionhome/download_docs.jsp?FILE_ID=22703_16.%20Govindpur%20Vanadium%20Titanium%20and%20Aluminous%20Laterite%20Block%20Summary.pdf&path=dynamiclinks&portal=mlcl&mdTyp=-,https://www.mstcecommerce.com/auctionhome/download_docs.jsp?FILE_ID=22703_16.%20Govindpur%20Vanadium%20Titanium%20and%20Aluminous%20Laterite%20Block%20Summary.pdf&path=dynamiclinks&portal=mlcl&mdTyp=-,
T6-O09,6,9,Southeast of Gugrot Block,Rajasthan,Barmer,CL,102.38,"[""Rare-earth elements""]",True,Polygon,4,102.1643593559265,0.21062770470159053,pypdf_text,accepted,True,,mbs_text_reconciled_to_official_nit,T6_22702_15._Southeast_of_Gugrot_Summary_29.07.2025.pdf,294b61df67acf4151c69952d30aa1d6bb42c63de483d31f347fd55c85ef55c14,316383,5,T6_NIT.pdf,0bad31c6486f3f50f5e68f95883a0264aa6ce2196d89847e25dd5f387f6f64ba,238409,3,15. Southeast of Gugrot Summary 29.07.2025,https://www.mstcecommerce.com/auctionhome/download_docs.jsp?FILE_ID=22681_GoI%20MoM%20-%20Tranche%20VI%20-%20NIT.pdf&path=dynamiclinks&portal=mlcl&mdTyp=-,https://www.mstcecommerce.com/auctionhome/download_docs.jsp?FILE_ID=22702_15.%20Southeast%20of%20Gugrot%20Summary%2029.07.2025.pdf&path=dynamiclinks&portal=mlcl&mdTyp=-,https://www.mstcecommerce.com/auctionhome/download_docs.jsp?FILE_ID=22702_15.%20Southeast%20of%20Gugrot%20Summary%2029.07.2025.pdf&path=dynamiclinks&portal=mlcl&mdTyp=-,
T6-O10,6,10,"RAMB Degana Tungsten, Lithium and Associated Mineral Block",Rajasthan,Nagaur,ML,154.74,"[""Associated minerals"",""Lithium"",""Rubidium"",""Tin"",""Tungsten""]",True,Polygon,21,155.38476352645364,0.41667540807395,pypdf_text,accepted,True,,official_nit_table,T6_22701_14._RAMB_Degana_Tungsten_Lithium_and_Associated_Mineral_Block.pdf,2a4515d188c7f86d16739416b2617e86a432ea0c8a5ac1fb6c4b9a040abb3d2a,336645,5,T6_NIT.pdf,0bad31c6486f3f50f5e68f95883a0264aa6ce2196d89847e25dd5f387f6f64ba,238409,3,"14. RAMB Degana Tungsten, Lithium and Associated Mineral Block",https://www.mstcecommerce.com/auctionhome/download_docs.jsp?FILE_ID=22681_GoI%20MoM%20-%20Tranche%20VI%20-%20NIT.pdf&path=dynamiclinks&portal=mlcl&mdTyp=-,"https://www.mstcecommerce.com/auctionhome/download_docs.jsp?FILE_ID=22701_14.%20RAMB%20Degana%20Tungsten,%20Lithium%20and%20Associated%20Mineral%20Block.pdf&path=dynamiclinks&portal=mlcl&mdTyp=-","https://www.mstcecommerce.com/auctionhome/download_docs.jsp?FILE_ID=22701_14.%20RAMB%20Degana%20Tungsten,%20Lithium%20and%20Associated%20Mineral%20Block.pdf&path=dynamiclinks&portal=mlcl&mdTyp=-",
T6-O11,6,11,Nimbli Block,Rajasthan,Jaisalmer,CL,269.7,"[""Rock phosphate""]",True,Polygon,4,269.6928394044876,0.0026550224369309523,utm_transform_from_pypdf_text,accepted,True,,mbs_text_reconciled_to_official_nit,T6_22700_13._Nimbli_Block_Summary.pdf,4de49f629abdb19e217f7b98475c918425996e6c9f5fa2d3ca6e5e3e7b20f5f3,475365,5,T6_NIT.pdf,0bad31c6486f3f50f5e68f95883a0264aa6ce2196d89847e25dd5f387f6f64ba,238409,3,13. Nimbli Block Summary,https://www.mstcecommerce.com/auctionhome/download_docs.jsp?FILE_ID=22681_GoI%20MoM%20-%20Tranche%20VI%20-%20NIT.pdf&path=dynamiclinks&portal=mlcl&mdTyp=-,https://www.mstcecommerce.com/auctionhome/download_docs.jsp?FILE_ID=22700_13.%20Nimbli%20Block%20Summary.pdf&path=dynamiclinks&portal=mlcl&mdTyp=-,https://www.mstcecommerce.com/auctionhome/download_docs.jsp?FILE_ID=22700_13.%20Nimbli%20Block%20Summary.pdf&path=dynamiclinks&portal=mlcl&mdTyp=-,
T6-O12,6,12,Bhatikhera Block,Rajasthan,Balotra,ML,133.9847,"[""Rare-earth elements"",""Zirconium""]",True,Polygon,4,133.87336914522945,0.08309221483539325,pypdf_text,accepted,True,,mbs_text_reconciled_to_official_nit,T6_22699_12._Bhatikhera_Block_Summary.pdf,4d68a9b168ebb62d640e029a8b81c443cc8e5e8c2bc920f33885fa7c5b2ce021,392081,5,T6_NIT.pdf,0bad31c6486f3f50f5e68f95883a0264aa6ce2196d89847e25dd5f387f6f64ba,238409,3,12. Bhatikhera Block Summary,https://www.mstcecommerce.com/auctionhome/download_docs.jsp?FILE_ID=22681_GoI%20MoM%20-%20Tranche%20VI%20-%20NIT.pdf&path=dynamiclinks&portal=mlcl&mdTyp=-,https://www.mstcecommerce.com/auctionhome/download_docs.jsp?FILE_ID=22699_12.%20Bhatikhera%20Block%20Summary.pdf&path=dynamiclinks&portal=mlcl&mdTyp=-,https://www.mstcecommerce.com/auctionhome/download_docs.jsp?FILE_ID=22699_12.%20Bhatikhera%20Block%20Summary.pdf&path=dynamiclinks&portal=mlcl&mdTyp=-,
T6-O13,6,13,Shergarh-Sherawala- Ramsara-Dalmirkhera Block,Punjab,Fazilka,CL,4592.95,"[""Halite"",""Potash""]",True,Polygon,4,4595.697542994124,0.059820877521509275,pypdf_text,accepted,True,,mbs_text_reconciled_to_official_nit,T6_22698_11._Shergarh-Sherawala-_Ramsara-Dalmirkhera_Block_Summary.pdf,7923c620906938dda7a37ef44850c81e8cd26ad8493b9aa6dfc6a7d86f092a28,581234,5,T6_NIT.pdf,0bad31c6486f3f50f5e68f95883a0264aa6ce2196d89847e25dd5f387f6f64ba,238409,3,11. Shergarh-Sherawala- Ramsara-Dalmirkhera Block Summary,https://www.mstcecommerce.com/auctionhome/download_docs.jsp?FILE_ID=22681_GoI%20MoM%20-%20Tranche%20VI%20-%20NIT.pdf&path=dynamiclinks&portal=mlcl&mdTyp=-,https://www.mstcecommerce.com/auctionhome/download_docs.jsp?FILE_ID=22698_11.%20Shergarh-Sherawala-%20Ramsara-Dalmirkhera%20Block%20Summary.pdf&path=dynamiclinks&portal=mlcl&mdTyp=-,https://www.mstcecommerce.com/auctionhome/download_docs.jsp?FILE_ID=22698_11.%20Shergarh-Sherawala-%20Ramsara-Dalmirkhera%20Block%20Summary.pdf&path=dynamiclinks&portal=mlcl&mdTyp=-,
T6-O14,6,14,"Larambha Graphite, Manganese and Associated Mineral Block",Odisha,Balangir,CL,256.58,"[""Associated minerals"",""Cobalt"",""Graphite"",""Manganese"",""Vanadium""]",True,Polygon,4,256.8665561698906,0.11168297212979043,pypdf_text,accepted,True,,mbs_text_reconciled_to_official_nit,T6_22697_10._Larambha_Block_Summary.pdf,6c0ece1c7e6ed78a2fd80a32b5ea6514c29d2e85affa000c3b5b24f1de0da314,399909,5,T6_NIT.pdf,0bad31c6486f3f50f5e68f95883a0264aa6ce2196d89847e25dd5f387f6f64ba,238409,3,10. Larambha Block Summary,https://www.mstcecommerce.com/auctionhome/download_docs.jsp?FILE_ID=22681_GoI%20MoM%20-%20Tranche%20VI%20-%20NIT.pdf&path=dynamiclinks&portal=mlcl&mdTyp=-,https://www.mstcecommerce.com/auctionhome/download_docs.jsp?FILE_ID=22697_10.%20Larambha%20Block%20Summary.pdf&path=dynamiclinks&portal=mlcl&mdTyp=-,https://www.mstcecommerce.com/auctionhome/download_docs.jsp?FILE_ID=22697_10.%20Larambha%20Block%20Summary.pdf&path=dynamiclinks&portal=mlcl&mdTyp=-,
T6-O15,6,15,"Kanaital Graphite, Manganese and Associated Mineral Block",Odisha,Balangir,CL,425.87,"[""Associated minerals"",""Cobalt"",""Graphite"",""Manganese"",""Vanadium""]",True,Polygon,4,425.6603667725742,0.049224699421372135,pypdf_text,accepted,True,,mbs_text_reconciled_to_official_nit,T6_22696_9._Kanaital_Block_Summary.pdf,7e9fee242cfe92e0003c1f15abb7c840acd1b66ff3c9ffe8be6fd34316c44962,402154,5,T6_NIT.pdf,0bad31c6486f3f50f5e68f95883a0264aa6ce2196d89847e25dd5f387f6f64ba,238409,3,9. Kanaital Block Summary,https://www.mstcecommerce.com/auctionhome/download_docs.jsp?FILE_ID=22681_GoI%20MoM%20-%20Tranche%20VI%20-%20NIT.pdf&path=dynamiclinks&portal=mlcl&mdTyp=-,https://www.mstcecommerce.com/auctionhome/download_docs.jsp?FILE_ID=22696_9.%20Kanaital%20Block%20Summary.pdf&path=dynamiclinks&portal=mlcl&mdTyp=-,https://www.mstcecommerce.com/auctionhome/download_docs.jsp?FILE_ID=22696_9.%20Kanaital%20Block%20Summary.pdf&path=dynamiclinks&portal=mlcl&mdTyp=-,
T6-O16,6,16,"Bharatbahal Graphite, Manganese and Associated Mineral Block",Odisha,Balangir,CL,201.31,"[""Associated minerals"",""Graphite"",""Manganese"",""Vanadium""]",True,Polygon,4,201.20242689279615,0.0534365442371705,pypdf_text,accepted,True,,mbs_text_reconciled_to_official_nit,T6_22695_8._Bharatbahal_Block_Summary.pdf,88e98486bf7fdf76b3edb4be025ff23cc2b6d2fc8cfcb21141fdf86e49e0ff36,455917,5,T6_NIT.pdf,0bad31c6486f3f50f5e68f95883a0264aa6ce2196d89847e25dd5f387f6f64ba,238409,3,8. Bharatbahal Block Summary,https://www.mstcecommerce.com/auctionhome/download_docs.jsp?FILE_ID=22681_GoI%20MoM%20-%20Tranche%20VI%20-%20NIT.pdf&path=dynamiclinks&portal=mlcl&mdTyp=-,https://www.mstcecommerce.com/auctionhome/download_docs.jsp?FILE_ID=22695_8.%20Bharatbahal%20Block%20Summary.pdf&path=dynamiclinks&portal=mlcl&mdTyp=-,https://www.mstcecommerce.com/auctionhome/download_docs.jsp?FILE_ID=22695_8.%20Bharatbahal%20Block%20Summary.pdf&path=dynamiclinks&portal=mlcl&mdTyp=-,
T6-O17,6,17,Kawalapur Block,Maharashtra,Nagpur,CL,398.23,"[""Rare-earth elements"",""Rare metals""]",True,Polygon,4,398.2450074620247,0.00376854130143341,pypdf_text,accepted,True,,mbs_text_reconciled_to_official_nit,T6_22693_7._Kawalapur_Block_Summary.pdf,c020472d926be4891af02022642f94030e2fb6bce2b3c090e3286d9225183e0c,470969,5,T6_NIT.pdf,0bad31c6486f3f50f5e68f95883a0264aa6ce2196d89847e25dd5f387f6f64ba,238409,3,7. Kawalapur Block Summary,https://www.mstcecommerce.com/auctionhome/download_docs.jsp?FILE_ID=22681_GoI%20MoM%20-%20Tranche%20VI%20-%20NIT.pdf&path=dynamiclinks&portal=mlcl&mdTyp=-,https://www.mstcecommerce.com/auctionhome/download_docs.jsp?FILE_ID=22693_7.%20Kawalapur%20Block%20Summary.pdf&path=dynamiclinks&portal=mlcl&mdTyp=-,https://www.mstcecommerce.com/auctionhome/download_docs.jsp?FILE_ID=22693_7.%20Kawalapur%20Block%20Summary.pdf&path=dynamiclinks&portal=mlcl&mdTyp=-,
T6-O18,6,18,Gundlupet Block,Karnataka,Chamrajnagar,ML,314.21,"[""Rare-earth elements"",""Yttrium""]",True,Polygon,4,313.31685283403397,0.2842516679819272,pypdf_text,accepted,True,,mbs_text_reconciled_to_official_nit,T6_22692_6._Gundlupet_Block_Summary.pdf,8f695e69f4ba150bb46b28be6c69e7d0d63b943aed1bbdac6f6338183167e33e,490073,5,T6_NIT.pdf,0bad31c6486f3f50f5e68f95883a0264aa6ce2196d89847e25dd5f387f6f64ba,238409,3,6. Gundlupet Block Summary,https://www.mstcecommerce.com/auctionhome/download_docs.jsp?FILE_ID=22681_GoI%20MoM%20-%20Tranche%20VI%20-%20NIT.pdf&path=dynamiclinks&portal=mlcl&mdTyp=-,https://www.mstcecommerce.com/auctionhome/download_docs.jsp?FILE_ID=22692_6.%20Gundlupet%20Block%20Summary.pdf&path=dynamiclinks&portal=mlcl&mdTyp=-,https://www.mstcecommerce.com/auctionhome/download_docs.jsp?FILE_ID=22692_6.%20Gundlupet%20Block%20Summary.pdf&path=dynamiclinks&portal=mlcl&mdTyp=-,
T6-O19,6,19,"Siskari Pat Titanium, Bauxite and Associated Mineral Block",Jharkhand,Lohardaga,CL,27.87,"[""Aluminous Laterite"",""Associated minerals"",""Bauxite"",""Gallium"",""Titanium"",""Vanadium""]",True,Polygon,20,27.715870566306634,0.5530299020214091,pypdf_text,accepted,True,,mbs_text_reconciled_to_official_nit,T6_22691_5._Siskaripat_Block_Summary.pdf,1c98a5df5855b147d09c696513d2451c40e4a460f4f0fb6d89c30d4806a7e388,476967,5,T6_NIT.pdf,0bad31c6486f3f50f5e68f95883a0264aa6ce2196d89847e25dd5f387f6f64ba,238409,3,5. Siskaripat Block Summary,https://www.mstcecommerce.com/auctionhome/download_docs.jsp?FILE_ID=22681_GoI%20MoM%20-%20Tranche%20VI%20-%20NIT.pdf&path=dynamiclinks&portal=mlcl&mdTyp=-,https://www.mstcecommerce.com/auctionhome/download_docs.jsp?FILE_ID=22691_5.%20Siskaripat%20Block%20Summary.pdf&path=dynamiclinks&portal=mlcl&mdTyp=-,https://www.mstcecommerce.com/auctionhome/download_docs.jsp?FILE_ID=22691_5.%20Siskaripat%20Block%20Summary.pdf&path=dynamiclinks&portal=mlcl&mdTyp=-,
T6-O20,6,20,Chittalnar-Kumakoleng Tin Ore Block,Chhattisgarh,Sukma and Bastar,CL,950.07,"[""Associated minerals"",""Tin""]",True,Polygon,8,950.6068114817523,0.05650230843540351,pypdf_text,accepted,True,,mbs_text_reconciled_to_official_nit,T6_22690_4._Chittalnar-Kumakoleng_Tin_Ore_Block_Summary.pdf,53379f932fe95fbd3bff06ac147b7e2bfb6e3d98c1e5bc029906aea9c02a770f,397798,5,T6_NIT.pdf,0bad31c6486f3f50f5e68f95883a0264aa6ce2196d89847e25dd5f387f6f64ba,238409,3,4. Chittalnar-Kumakoleng Tin Ore Block Summary,https://www.mstcecommerce.com/auctionhome/download_docs.jsp?FILE_ID=22681_GoI%20MoM%20-%20Tranche%20VI%20-%20NIT.pdf&path=dynamiclinks&portal=mlcl&mdTyp=-,https://www.mstcecommerce.com/auctionhome/download_docs.jsp?FILE_ID=22690_4.%20Chittalnar-Kumakoleng%20Tin%20Ore%20Block%20Summary.pdf&path=dynamiclinks&portal=mlcl&mdTyp=-,https://www.mstcecommerce.com/auctionhome/download_docs.jsp?FILE_ID=22690_4.%20Chittalnar-Kumakoleng%20Tin%20Ore%20Block%20Summary.pdf&path=dynamiclinks&portal=mlcl&mdTyp=-,
T6-O21,6,21,Sito Sikhe Vanadium Graphite Block,Arunachal Pradesh,Keyi Panyor (Earlier Lower Subansiri),CL,96.56,"[""Graphite"",""Vanadium""]",True,Polygon,4,96.61354589600563,0.05545349627757903,pypdf_text,accepted,True,,mbs_text_reconciled_to_official_nit,T6_22689_3._Sito_Sikhe_Vanadium_Graphite_Block_Summary.pdf,ed36e8b98c642c3d32cf848532e1f948dbe63e7de8fcc736ac2e90570e8a80cc,496593,5,T6_NIT.pdf,0bad31c6486f3f50f5e68f95883a0264aa6ce2196d89847e25dd5f387f6f64ba,238409,3,3. Sito Sikhe Vanadium Graphite Block Summary,https://www.mstcecommerce.com/auctionhome/download_docs.jsp?FILE_ID=22681_GoI%20MoM%20-%20Tranche%20VI%20-%20NIT.pdf&path=dynamiclinks&portal=mlcl&mdTyp=-,https://www.mstcecommerce.com/auctionhome/download_docs.jsp?FILE_ID=22689_3.%20Sito%20Sikhe%20Vanadium%20%20Graphite%20Block%20Summary.pdf&path=dynamiclinks&portal=mlcl&mdTyp=-,https://www.mstcecommerce.com/auctionhome/download_docs.jsp?FILE_ID=22689_3.%20Sito%20Sikhe%20Vanadium%20%20Graphite%20Block%20Summary.pdf&path=dynamiclinks&portal=mlcl&mdTyp=-,
T6-O22,6,22,Pakro Vanadium Graphite Block,Arunachal Pradesh,Pakke Kessang,CL,155.46,"[""Graphite"",""Vanadium""]",True,Polygon,4,155.57962726428508,0.07695051092568604,pypdf_text,accepted,True,,mbs_text_reconciled_to_official_nit,T6_22688_2._Pakro_Vanadium_Graphite_Block_Summary.pdf,6b3b4a01a7501aca0fd94f832db265cd44f1c58def3ebda00f9815d5b7c4d7f5,504058,5,T6_NIT.pdf,0bad31c6486f3f50f5e68f95883a0264aa6ce2196d89847e25dd5f387f6f64ba,238409,3,2. Pakro Vanadium Graphite Block Summary,https://www.mstcecommerce.com/auctionhome/download_docs.jsp?FILE_ID=22681_GoI%20MoM%20-%20Tranche%20VI%20-%20NIT.pdf&path=dynamiclinks&portal=mlcl&mdTyp=-,https://www.mstcecommerce.com/auctionhome/download_docs.jsp?FILE_ID=22688_2.%20Pakro%20Vanadium%20%20Graphite%20Block%20Summary.pdf&path=dynamiclinks&portal=mlcl&mdTyp=-,https://www.mstcecommerce.com/auctionhome/download_docs.jsp?FILE_ID=22688_2.%20Pakro%20Vanadium%20%20Graphite%20Block%20Summary.pdf&path=dynamiclinks&portal=mlcl&mdTyp=-,
T6-O23,6,23,Laxmipuram Cobalt and Manganese Block,Andhra Pradesh,Vizianagaram,CL,105.77,"[""Cobalt"",""Manganese""]",True,Polygon,4,105.66448494343757,0.09975896432109724,pypdf_text,accepted,True,,mbs_text_reconciled_to_official_nit,T6_22687_1._Laxmipuram_Cobalt_and_Manganese_Block_Summary.pdf,7a5c2a09ead157a32d9bd49f2e89334295b3268809b8070b1a6ffdc593bc2684,333191,5,T6_NIT.pdf,0bad31c6486f3f50f5e68f95883a0264aa6ce2196d89847e25dd5f387f6f64ba,238409,3,1. Laxmipuram Cobalt and Manganese Block Summary,https://www.mstcecommerce.com/auctionhome/download_docs.jsp?FILE_ID=22681_GoI%20MoM%20-%20Tranche%20VI%20-%20NIT.pdf&path=dynamiclinks&portal=mlcl&mdTyp=-,https://www.mstcecommerce.com/auctionhome/download_docs.jsp?FILE_ID=22687_1.%20Laxmipuram%20Cobalt%20and%20Manganese%20Block%20Summary.pdf&path=dynamiclinks&portal=mlcl&mdTyp=-,https://www.mstcecommerce.com/auctionhome/download_docs.jsp?FILE_ID=22687_1.%20Laxmipuram%20Cobalt%20and%20Manganese%20Block%20Summary.pdf&path=dynamiclinks&portal=mlcl&mdTyp=-,
T7-O01,7,1,Nawara-Nawadih Glauconite Block,Bihar,Rohtas,CL,1012.57,"[""Glauconite""]",True,Polygon,5,1011.2697095014333,0.12841487487943648,pypdf_text,accepted,True,,mbs_text_reconciled_to_official_nit,T7_26241_MBS_Nawara-Nawadih_final_revised.pdf,c08cacc0e324977635511e57bba73644304bdd976742edeffa6fc9b0069d9208,443700,5,T7_NIT.pdf,7fa28fb3b6986f2e9ed8d6b5724afb7048af4b43e574edbf7a2dc887db9a938c,286112,4,MBS Nawara-Nawadih final revised,https://www.mstcecommerce.com/auctionhome/download_docs.jsp?FILE_ID=25649_GoI%20MoM%20-%20Tranche%20VII%20-%20NIT_N.pdf&path=dynamiclinks&portal=mlcl&mdTyp=-,https://www.mstcecommerce.com/auctionhome/download_docs.jsp?FILE_ID=26241_MBS%20Nawara-Nawadih%20final%20revised.pdf&path=dynamiclinks&portal=mlcl&mdTyp=-,https://www.mstcecommerce.com/auctionhome/download_docs.jsp?FILE_ID=26241_MBS%20Nawara-Nawadih%20final%20revised.pdf&path=dynamiclinks&portal=mlcl&mdTyp=-,
T7-O02,7,2,Kathyur Phosphate Block,Uttarakhand,Dehradun,CL,881.28,"[""Rock phosphate""]",True,Polygon,4,880.3551186446548,0.10494750310289332,pypdf_text,accepted,True,,mbs_text_reconciled_to_official_nit,T7_25668_19_Kathyur_Phosphate_Block.pdf,f959703e5109d86cd9a497f76541f45bca834e764b410ffe06b990579db48e6a,332996,6,T7_NIT.pdf,7fa28fb3b6986f2e9ed8d6b5724afb7048af4b43e574edbf7a2dc887db9a938c,286112,4,19 Kathyur Phosphate Block,https://www.mstcecommerce.com/auctionhome/download_docs.jsp?FILE_ID=25649_GoI%20MoM%20-%20Tranche%20VII%20-%20NIT_N.pdf&path=dynamiclinks&portal=mlcl&mdTyp=-,https://www.mstcecommerce.com/auctionhome/download_docs.jsp?FILE_ID=25668_19%20Kathyur%20Phosphate%20Block.pdf&path=dynamiclinks&portal=mlcl&mdTyp=-,https://www.mstcecommerce.com/auctionhome/download_docs.jsp?FILE_ID=25668_19%20Kathyur%20Phosphate%20Block.pdf&path=dynamiclinks&portal=mlcl&mdTyp=-,
T7-O03,7,3,Parvathapur Vanadium Titanium and Aluminous Laterite Block,Telangana,Sangareddy,CL,335.5,"[""Aluminous Laterite"",""Titanium"",""Vanadium""]",True,Polygon,4,335.1563759169057,0.10242148527401253,pypdf_text,accepted,True,Validated against the undivided Andhra Pradesh boundary in the 2011 Census layer.,mbs_text_reconciled_to_official_nit,T7_25667_18_Parvathapur_Vanadium_Titanium_and_Aluminous_Laterite_Block.pdf,4b473028d59e582b7ab13d73daf63e7c1ea3d1d735835d7790e399bc467acdea,496784,5,T7_NIT.pdf,7fa28fb3b6986f2e9ed8d6b5724afb7048af4b43e574edbf7a2dc887db9a938c,286112,4,18 Parvathapur Vanadium Titanium and Aluminous Laterite Block,https://www.mstcecommerce.com/auctionhome/download_docs.jsp?FILE_ID=25649_GoI%20MoM%20-%20Tranche%20VII%20-%20NIT_N.pdf&path=dynamiclinks&portal=mlcl&mdTyp=-,https://www.mstcecommerce.com/auctionhome/download_docs.jsp?FILE_ID=25667_18%20Parvathapur%20Vanadium%20Titanium%20and%20Aluminous%20Laterite%20Block.pdf&path=dynamiclinks&portal=mlcl&mdTyp=-,https://www.mstcecommerce.com/auctionhome/download_docs.jsp?FILE_ID=25667_18%20Parvathapur%20Vanadium%20Titanium%20and%20Aluminous%20Laterite%20Block.pdf&path=dynamiclinks&portal=mlcl&mdTyp=-,
T7-O04,7,4,Govindpur Vanadium Titanium and Aluminous Laterite Block,Telangana,Sangareddy,CL,371.52,"[""Aluminous Laterite"",""Bauxite"",""Titanium"",""Vanadium""]",True,Polygon,4,371.1293683806367,0.10514416972525353,pypdf_text,accepted,True,Validated against the undivided Andhra Pradesh boundary in the 2011 Census layer.,mbs_text_reconciled_to_official_nit,T7_25666_17_Govindpur_Vanadium_Titanium_and_Aluminous_Laterite_Block.pdf,927f6ce827591412aab6792b54aef71cd3acd7208d9d3957c89ada548d6b3373,488434,5,T7_NIT.pdf,7fa28fb3b6986f2e9ed8d6b5724afb7048af4b43e574edbf7a2dc887db9a938c,286112,4,17 Govindpur Vanadium Titanium and Aluminous Laterite Block,https://www.mstcecommerce.com/auctionhome/download_docs.jsp?FILE_ID=25649_GoI%20MoM%20-%20Tranche%20VII%20-%20NIT_N.pdf&path=dynamiclinks&portal=mlcl&mdTyp=-,https://www.mstcecommerce.com/auctionhome/download_docs.jsp?FILE_ID=25666_17%20Govindpur%20Vanadium%20Titanium%20and%20Aluminous%20Laterite%20Block.pdf&path=dynamiclinks&portal=mlcl&mdTyp=-,https://www.mstcecommerce.com/auctionhome/download_docs.jsp?FILE_ID=25666_17%20Govindpur%20Vanadium%20Titanium%20and%20Aluminous%20Laterite%20Block.pdf&path=dynamiclinks&portal=mlcl&mdTyp=-,
T7-O05,7,5,"RAMB Degana Tungsten, Lithium and Associated Mineral Block",Rajasthan,Nagaur,ML,154.74,"[""Associated minerals"",""Lithium"",""Rubidium"",""Tin"",""Tungsten""]",True,Polygon,21,155.38476352645364,0.41667540807395,pypdf_text,accepted,True,,official_nit_table,T7_25665_16_RAMB_Degana_Tungsten_Lithium_and_Associated_Mineral_Block.pdf,2a4515d188c7f86d16739416b2617e86a432ea0c8a5ac1fb6c4b9a040abb3d2a,336645,5,T7_NIT.pdf,7fa28fb3b6986f2e9ed8d6b5724afb7048af4b43e574edbf7a2dc887db9a938c,286112,4,"16 RAMB Degana Tungsten, Lithium and Associated Mineral Block",https://www.mstcecommerce.com/auctionhome/download_docs.jsp?FILE_ID=25649_GoI%20MoM%20-%20Tranche%20VII%20-%20NIT_N.pdf&path=dynamiclinks&portal=mlcl&mdTyp=-,"https://www.mstcecommerce.com/auctionhome/download_docs.jsp?FILE_ID=25665_16%20RAMB%20Degana%20Tungsten,%20Lithium%20and%20Associated%20Mineral%20Block.pdf&path=dynamiclinks&portal=mlcl&mdTyp=-","https://www.mstcecommerce.com/auctionhome/download_docs.jsp?FILE_ID=25665_16%20RAMB%20Degana%20Tungsten,%20Lithium%20and%20Associated%20Mineral%20Block.pdf&path=dynamiclinks&portal=mlcl&mdTyp=-",
T7-O06,7,6,Gundlupet Block,Karnataka,Chamrajnagar,ML,314.21,"[""Rare-earth elements"",""Yttrium""]",True,Polygon,4,313.31685283403397,0.2842516679819272,pypdf_text,accepted,True,,mbs_text_reconciled_to_official_nit,T7_25664_15_Gundlupet_Block_Summary.pdf,8f695e69f4ba150bb46b28be6c69e7d0d63b943aed1bbdac6f6338183167e33e,490073,5,T7_NIT.pdf,7fa28fb3b6986f2e9ed8d6b5724afb7048af4b43e574edbf7a2dc887db9a938c,286112,4,15 Gundlupet Block Summary,https://www.mstcecommerce.com/auctionhome/download_docs.jsp?FILE_ID=25649_GoI%20MoM%20-%20Tranche%20VII%20-%20NIT_N.pdf&path=dynamiclinks&portal=mlcl&mdTyp=-,https://www.mstcecommerce.com/auctionhome/download_docs.jsp?FILE_ID=25664_15%20Gundlupet%20Block%20Summary.pdf&path=dynamiclinks&portal=mlcl&mdTyp=-,https://www.mstcecommerce.com/auctionhome/download_docs.jsp?FILE_ID=25664_15%20Gundlupet%20Block%20Summary.pdf&path=dynamiclinks&portal=mlcl&mdTyp=-,
T7-O07,7,7,Katesar-Guneri Glauconite Block,Gujarat,Kachchh,CL,498.99,"[""Glauconite""]",True,Polygon,12,499.3935027731223,0.08086389970185454,pypdf_text,accepted,True,,mbs_text_reconciled_to_official_nit,T7_25663_14_MBS_Katesar-Guneri_Glauconite_Block.pdf,583f5fc7f91b54a1e3518c53abce0beb864a8b5486b4b84d10188fb39afd6883,376493,5,T7_NIT.pdf,7fa28fb3b6986f2e9ed8d6b5724afb7048af4b43e574edbf7a2dc887db9a938c,286112,4,14 MBS_Katesar-Guneri_Glauconite_Block,https://www.mstcecommerce.com/auctionhome/download_docs.jsp?FILE_ID=25649_GoI%20MoM%20-%20Tranche%20VII%20-%20NIT_N.pdf&path=dynamiclinks&portal=mlcl&mdTyp=-,https://www.mstcecommerce.com/auctionhome/download_docs.jsp?FILE_ID=25663_14%20MBS_Katesar-Guneri_Glauconite_Block.pdf&path=dynamiclinks&portal=mlcl&mdTyp=-,https://www.mstcecommerce.com/auctionhome/download_docs.jsp?FILE_ID=25663_14%20MBS_Katesar-Guneri_Glauconite_Block.pdf&path=dynamiclinks&portal=mlcl&mdTyp=-,
T7-O08,7,8,Pakro Vanadium Graphite Block,Arunachal Pradesh,Pakke Kessang,CL,155.46,"[""Graphite"",""Vanadium""]",True,Polygon,4,155.57962726428508,0.07695051092568604,pypdf_text,accepted,True,,mbs_text_reconciled_to_official_nit,T7_25662_13_Pakro_Vanadium_Graphite_Block.pdf,6b3b4a01a7501aca0fd94f832db265cd44f1c58def3ebda00f9815d5b7c4d7f5,504058,5,T7_NIT.pdf,7fa28fb3b6986f2e9ed8d6b5724afb7048af4b43e574edbf7a2dc887db9a938c,286112,4,13 Pakro Vanadium Graphite Block,https://www.mstcecommerce.com/auctionhome/download_docs.jsp?FILE_ID=25649_GoI%20MoM%20-%20Tranche%20VII%20-%20NIT_N.pdf&path=dynamiclinks&portal=mlcl&mdTyp=-,https://www.mstcecommerce.com/auctionhome/download_docs.jsp?FILE_ID=25662_13%20Pakro%20Vanadium%20%20Graphite%20Block.pdf&path=dynamiclinks&portal=mlcl&mdTyp=-,https://www.mstcecommerce.com/auctionhome/download_docs.jsp?FILE_ID=25662_13%20Pakro%20Vanadium%20%20Graphite%20Block.pdf&path=dynamiclinks&portal=mlcl&mdTyp=-,
T7-O09,7,9,Karna REE Block,Rajasthan,Balotra,CL,207.4,"[""Rare-earth elements""]",True,Polygon,4,207.1041862300873,0.1426295901218477,pypdf_text,accepted,True,,mbs_text_reconciled_to_official_nit,T7_25661_12_Karna_REE_Block.pdf,b32e9ece724fbb0cde43a0d32eb92fd6cced0a42e5ce00d234da7c177fbbfbc7,545304,5,T7_NIT.pdf,7fa28fb3b6986f2e9ed8d6b5724afb7048af4b43e574edbf7a2dc887db9a938c,286112,4,12 Karna REE Block,https://www.mstcecommerce.com/auctionhome/download_docs.jsp?FILE_ID=25649_GoI%20MoM%20-%20Tranche%20VII%20-%20NIT_N.pdf&path=dynamiclinks&portal=mlcl&mdTyp=-,https://www.mstcecommerce.com/auctionhome/download_docs.jsp?FILE_ID=25661_12%20Karna%20REE%20Block.pdf&path=dynamiclinks&portal=mlcl&mdTyp=-,https://www.mstcecommerce.com/auctionhome/download_docs.jsp?FILE_ID=25661_12%20Karna%20REE%20Block.pdf&path=dynamiclinks&portal=mlcl&mdTyp=-,
T7-O10,7,10,Lamer-Panga-B Graphite Block,Odisha,Kalahandi,CL,1313.08,"[""Graphite""]",True,Polygon,6,1313.086670200336,0.0005079812605458233,pypdf_text,accepted,True,,mbs_text_reconciled_to_official_nit,T7_25660_11_Lamer-Panga-B_Graphite_Block.pdf,e6f5c56cf48d0b75cb7640e961010448baf2e055f605fe377ef1c85fa9aef03f,644414,5,T7_NIT.pdf,7fa28fb3b6986f2e9ed8d6b5724afb7048af4b43e574edbf7a2dc887db9a938c,286112,4,11 Lamer-Panga-B Graphite Block,https://www.mstcecommerce.com/auctionhome/download_docs.jsp?FILE_ID=25649_GoI%20MoM%20-%20Tranche%20VII%20-%20NIT_N.pdf&path=dynamiclinks&portal=mlcl&mdTyp=-,https://www.mstcecommerce.com/auctionhome/download_docs.jsp?FILE_ID=25660_11%20Lamer-Panga-B%20Graphite%20Block.pdf&path=dynamiclinks&portal=mlcl&mdTyp=-,https://www.mstcecommerce.com/auctionhome/download_docs.jsp?FILE_ID=25660_11%20Lamer-Panga-B%20Graphite%20Block.pdf&path=dynamiclinks&portal=mlcl&mdTyp=-,
T7-O11,7,11,Lamer-Panga A Graphite Block,Odisha,Kalahandi,CL,1392.66,"[""Graphite""]",True,Polygon,6,1392.8163105225851,0.01122388254024995,pypdf_text,accepted,True,,mbs_text_reconciled_to_official_nit,T7_25659_10_Lamer-Panga_A_Graphite_Block.pdf,14e1fc1467d767825b139e9cafd39d76a81f023acf882a9573f5d391bba32b7a,645443,5,T7_NIT.pdf,7fa28fb3b6986f2e9ed8d6b5724afb7048af4b43e574edbf7a2dc887db9a938c,286112,4,10 Lamer-Panga A Graphite Block,https://www.mstcecommerce.com/auctionhome/download_docs.jsp?FILE_ID=25649_GoI%20MoM%20-%20Tranche%20VII%20-%20NIT_N.pdf&path=dynamiclinks&portal=mlcl&mdTyp=-,https://www.mstcecommerce.com/auctionhome/download_docs.jsp?FILE_ID=25659_10%20Lamer-Panga%20A%20Graphite%20Block.pdf&path=dynamiclinks&portal=mlcl&mdTyp=-,https://www.mstcecommerce.com/auctionhome/download_docs.jsp?FILE_ID=25659_10%20Lamer-Panga%20A%20Graphite%20Block.pdf&path=dynamiclinks&portal=mlcl&mdTyp=-,
T7-O12,7,12,Naringapanga Graphite Block,Odisha,Rayagada,CL,14.27,"[""Graphite""]",True,Polygon,8,14.270627488327026,0.004397255269982666,pypdf_text,accepted,True,,mbs_text_reconciled_to_official_nit,T7_25658_9_Naringapanga_Graphite_Block.pdf,554d499e6d1d407b5c28262d16641874da91dffad236eb24c2989693f050ad29,556053,5,T7_NIT.pdf,7fa28fb3b6986f2e9ed8d6b5724afb7048af4b43e574edbf7a2dc887db9a938c,286112,4,9 Naringapanga Graphite Block,https://www.mstcecommerce.com/auctionhome/download_docs.jsp?FILE_ID=25649_GoI%20MoM%20-%20Tranche%20VII%20-%20NIT_N.pdf&path=dynamiclinks&portal=mlcl&mdTyp=-,https://www.mstcecommerce.com/auctionhome/download_docs.jsp?FILE_ID=25658_9%20Naringapanga%20Graphite%20Block.pdf&path=dynamiclinks&portal=mlcl&mdTyp=-,https://www.mstcecommerce.com/auctionhome/download_docs.jsp?FILE_ID=25658_9%20Naringapanga%20Graphite%20Block.pdf&path=dynamiclinks&portal=mlcl&mdTyp=-,
T7-O13,7,13,Majhauli Titanium Vanadium and Aluminous Laterite Block,Madhya Pradesh,Jabalpur,CL,443.67,"[""Aluminous Laterite"",""Titanium"",""Vanadium""]",True,Polygon,7,443.68978034410475,0.004458346091629203,pypdf_text,accepted,True,,mbs_text_reconciled_to_official_nit,T7_25657_8_Majhauli_Titanium_Vanadium_and_Aluminous_Laterite_Block.pdf,bef6197e3d1fa5771d481bf12565cff57bd4691ec8d880d1c81f96c4d1f7ec72,623066,5,T7_NIT.pdf,7fa28fb3b6986f2e9ed8d6b5724afb7048af4b43e574edbf7a2dc887db9a938c,286112,4,8 Majhauli Titanium Vanadium and Aluminous Laterite Block,https://www.mstcecommerce.com/auctionhome/download_docs.jsp?FILE_ID=25649_GoI%20MoM%20-%20Tranche%20VII%20-%20NIT_N.pdf&path=dynamiclinks&portal=mlcl&mdTyp=-,https://www.mstcecommerce.com/auctionhome/download_docs.jsp?FILE_ID=25657_8%20Majhauli%20Titanium%20Vanadium%20and%20Aluminous%20Laterite%20Block.pdf&path=dynamiclinks&portal=mlcl&mdTyp=-,https://www.mstcecommerce.com/auctionhome/download_docs.jsp?FILE_ID=25657_8%20Majhauli%20Titanium%20Vanadium%20and%20Aluminous%20Laterite%20Block.pdf&path=dynamiclinks&portal=mlcl&mdTyp=-,
T7-O14,7,14,Dindo-Belkurta-Basera Graphite Block,Chhattisgarh,Balrampur district (Formerly Surguja district),CL,5427.37,"[""Graphite""]",True,Polygon,6,5423.881829567849,0.06426999508326468,pypdf_text,accepted,True,,mbs_text_reconciled_to_official_nit,T7_25656_7_Dindo-Belkurta-Basera_Graphite_Block.pdf,a6767d423198b1ffe19690ca0ca327bba18f73237d9a2bb954735ab51b2aae48,581385,5,T7_NIT.pdf,7fa28fb3b6986f2e9ed8d6b5724afb7048af4b43e574edbf7a2dc887db9a938c,286112,4,7 Dindo-Belkurta-Basera Graphite Block,https://www.mstcecommerce.com/auctionhome/download_docs.jsp?FILE_ID=25649_GoI%20MoM%20-%20Tranche%20VII%20-%20NIT_N.pdf&path=dynamiclinks&portal=mlcl&mdTyp=-,https://www.mstcecommerce.com/auctionhome/download_docs.jsp?FILE_ID=25656_7%20Dindo-Belkurta-Basera%20Graphite%20Block.pdf&path=dynamiclinks&portal=mlcl&mdTyp=-,https://www.mstcecommerce.com/auctionhome/download_docs.jsp?FILE_ID=25656_7%20Dindo-Belkurta-Basera%20Graphite%20Block.pdf&path=dynamiclinks&portal=mlcl&mdTyp=-,
T7-O15,7,15,Karahibhadar Glauconite Block,Chhattisgarh,Balod,CL,2704.96,"[""Glauconite""]",True,Polygon,4,2707.051397400963,0.07731712856985538,pypdf_text,accepted,True,,mbs_text_reconciled_to_official_nit,T7_25655_6_Karahibhadar_Glauconite_Block.pdf,4ba8703592b5fc173c475e9fcfebc92e42a836175c1a78a6d2182f4d01f82209,552997,5,T7_NIT.pdf,7fa28fb3b6986f2e9ed8d6b5724afb7048af4b43e574edbf7a2dc887db9a938c,286112,4,6 Karahibhadar Glauconite Block,https://www.mstcecommerce.com/auctionhome/download_docs.jsp?FILE_ID=25649_GoI%20MoM%20-%20Tranche%20VII%20-%20NIT_N.pdf&path=dynamiclinks&portal=mlcl&mdTyp=-,https://www.mstcecommerce.com/auctionhome/download_docs.jsp?FILE_ID=25655_6%20Karahibhadar%20Glauconite%20Block.pdf&path=dynamiclinks&portal=mlcl&mdTyp=-,https://www.mstcecommerce.com/auctionhome/download_docs.jsp?FILE_ID=25655_6%20Karahibhadar%20Glauconite%20Block.pdf&path=dynamiclinks&portal=mlcl&mdTyp=-,
T7-O16,7,16,Gurur Glauconite Block,Chhattisgarh,Balod and Dhamtari,CL,4017.62,"[""Glauconite""]",True,Polygon,4,4020.5338007900477,0.0725255447266751,pypdf_text,accepted,True,,mbs_text_reconciled_to_official_nit,T7_25654_5_Gurur_Glauconite_Block.pdf,dd4380a2472bc8ee063947648aa777eb97fa4df187fe1a6a338677d9da132409,619081,5,T7_NIT.pdf,7fa28fb3b6986f2e9ed8d6b5724afb7048af4b43e574edbf7a2dc887db9a938c,286112,4,5 Gurur Glauconite Block,https://www.mstcecommerce.com/auctionhome/download_docs.jsp?FILE_ID=25649_GoI%20MoM%20-%20Tranche%20VII%20-%20NIT_N.pdf&path=dynamiclinks&portal=mlcl&mdTyp=-,https://www.mstcecommerce.com/auctionhome/download_docs.jsp?FILE_ID=25654_5%20Gurur%20Glauconite%20Block.pdf&path=dynamiclinks&portal=mlcl&mdTyp=-,https://www.mstcecommerce.com/auctionhome/download_docs.jsp?FILE_ID=25654_5%20Gurur%20Glauconite%20Block.pdf&path=dynamiclinks&portal=mlcl&mdTyp=-,
T7-O17,7,17,Sapneri Vanadium bearing Magnetite-Ilmenite Block,Bihar,Gaya,CL,124.55,"[""Ilmenite"",""Magnetite"",""Vanadium""]",True,Polygon,4,124.53805511684418,0.009590432080144687,pypdf_text,accepted,True,,mbs_text_reconciled_to_official_nit,T7_25653_4_Sapneri_Vanadium_bearing_Magnetite-Ilmenite_Block.pdf,bcc0e9e0408928ee22f1ed420ea61791e44a675bc293bda2138618762cf1660b,493133,5,T7_NIT.pdf,7fa28fb3b6986f2e9ed8d6b5724afb7048af4b43e574edbf7a2dc887db9a938c,286112,4,4 Sapneri Vanadium bearing Magnetite-Ilmenite Block,https://www.mstcecommerce.com/auctionhome/download_docs.jsp?FILE_ID=25649_GoI%20MoM%20-%20Tranche%20VII%20-%20NIT_N.pdf&path=dynamiclinks&portal=mlcl&mdTyp=-,https://www.mstcecommerce.com/auctionhome/download_docs.jsp?FILE_ID=25653_4%20Sapneri%20Vanadium%20bearing%20Magnetite-Ilmenite%20Block.pdf&path=dynamiclinks&portal=mlcl&mdTyp=-,https://www.mstcecommerce.com/auctionhome/download_docs.jsp?FILE_ID=25653_4%20Sapneri%20Vanadium%20bearing%20Magnetite-Ilmenite%20Block.pdf&path=dynamiclinks&portal=mlcl&mdTyp=-,
T7-O18,7,18,Shahpur Glauconite Block,Bihar,Rohtas,CL,833.18,"[""Glauconite""]",True,Polygon,4,832.0278360185384,0.13828512223787331,pypdf_text,accepted,True,,mbs_text_reconciled_to_official_nit,T7_25652_3_Shahpur_Glauconite_Block.pdf,5c23365aeb73148ab8ca36e91cd54cc03c274aa0e2149e1e0c4775621faeb70b,500080,5,T7_NIT.pdf,7fa28fb3b6986f2e9ed8d6b5724afb7048af4b43e574edbf7a2dc887db9a938c,286112,4,3 Shahpur Glauconite Block,https://www.mstcecommerce.com/auctionhome/download_docs.jsp?FILE_ID=25649_GoI%20MoM%20-%20Tranche%20VII%20-%20NIT_N.pdf&path=dynamiclinks&portal=mlcl&mdTyp=-,https://www.mstcecommerce.com/auctionhome/download_docs.jsp?FILE_ID=25652_3%20Shahpur%20Glauconite%20Block.pdf&path=dynamiclinks&portal=mlcl&mdTyp=-,https://www.mstcecommerce.com/auctionhome/download_docs.jsp?FILE_ID=25652_3%20Shahpur%20Glauconite%20Block.pdf&path=dynamiclinks&portal=mlcl&mdTyp=-,
T7-O19,7,19,Tipa Glauconite Block,Bihar,Rohtas,CL,750.71,"[""Glauconite""]",True,Polygon,4,749.7830224693776,0.12348010957926232,pypdf_text,accepted,True,,mbs_text_reconciled_to_official_nit,T7_25651_2_Tipa_Glauconite_Block.pdf,d29d1b3060022bcdaeca867a002f67368b8b260d731324694b0f2a96e8596057,491208,5,T7_NIT.pdf,7fa28fb3b6986f2e9ed8d6b5724afb7048af4b43e574edbf7a2dc887db9a938c,286112,4,2 Tipa Glauconite Block,https://www.mstcecommerce.com/auctionhome/download_docs.jsp?FILE_ID=25649_GoI%20MoM%20-%20Tranche%20VII%20-%20NIT_N.pdf&path=dynamiclinks&portal=mlcl&mdTyp=-,https://www.mstcecommerce.com/auctionhome/download_docs.jsp?FILE_ID=25651_2%20Tipa%20Glauconite%20Block.pdf&path=dynamiclinks&portal=mlcl&mdTyp=-,https://www.mstcecommerce.com/auctionhome/download_docs.jsp?FILE_ID=25651_2%20Tipa%20Glauconite%20Block.pdf&path=dynamiclinks&portal=mlcl&mdTyp=-,
T8-O01,8,1,Revised Lanjabanda Mine Block,Andhra Pradesh,Kurnool,CL,396.781,"[""Molybdenum""]",True,Polygon,4,396.78112321834567,3.105449748441706e-05,pypdf_text,accepted,True,,mbs_text_reconciled_to_official_nit,T8_27789_Revised_Lanjabanda_Mine_Block_Summary.pdf,1071f7a2ddd2d08c6decc991362f9e504a8e217b0b35ed3d267a175c3f014909,565116,5,T8_NIT.pdf,e83b168ec651cd3ae3029dcf1dd330f0631e0b342595fa9ad33f95b0ebb6ae5b,289132,4,Revised Lanjabanda Mine Block Summary,https://www.mstcecommerce.com/auctionhome/download_docs.jsp?FILE_ID=27316_GoI%20MoM%20-%20Tranche%20VIII%20-%20NIT.pdf&path=dynamiclinks&portal=mlcl&mdTyp=-,https://www.mstcecommerce.com/auctionhome/download_docs.jsp?FILE_ID=27789_Revised%20Lanjabanda%20Mine%20Block%20Summary.pdf&path=dynamiclinks&portal=mlcl&mdTyp=-,https://www.mstcecommerce.com/auctionhome/download_docs.jsp?FILE_ID=27789_Revised%20Lanjabanda%20Mine%20Block%20Summary.pdf&path=dynamiclinks&portal=mlcl&mdTyp=-,
T8-O02,8,2,Shergarh-Sherawala- Ramsara-Dalmirkhera Potash And Halite Block,Punjab,Fazilka,CL,4592.95,"[""Halite"",""Potash""]",True,Polygon,4,4595.697542994124,0.059820877521509275,pypdf_text,accepted,True,,mbs_text_reconciled_to_official_nit,T8_27342_Shergarh-Sherawala-_Ramsara-Dalmirkhera_Potash_And_Halite_Block_MBS.pdf,7923c620906938dda7a37ef44850c81e8cd26ad8493b9aa6dfc6a7d86f092a28,581234,5,T8_NIT.pdf,e83b168ec651cd3ae3029dcf1dd330f0631e0b342595fa9ad33f95b0ebb6ae5b,289132,4,Shergarh-Sherawala- Ramsara-Dalmirkhera Potash And Halite Block_MBS,https://www.mstcecommerce.com/auctionhome/download_docs.jsp?FILE_ID=27316_GoI%20MoM%20-%20Tranche%20VIII%20-%20NIT.pdf&path=dynamiclinks&portal=mlcl&mdTyp=-,https://www.mstcecommerce.com/auctionhome/download_docs.jsp?FILE_ID=27342_Shergarh-Sherawala-%20Ramsara-Dalmirkhera%20Potash%20And%20Halite%20Block_MBS.pdf&path=dynamiclinks&portal=mlcl&mdTyp=-,https://www.mstcecommerce.com/auctionhome/download_docs.jsp?FILE_ID=27342_Shergarh-Sherawala-%20Ramsara-Dalmirkhera%20Potash%20And%20Halite%20Block_MBS.pdf&path=dynamiclinks&portal=mlcl&mdTyp=-,
T8-O03,8,3,Naringpanga South Graphite Block,Odisha,Rayagada,CL,14.27,"[""Graphite""]",True,Polygon,8,14.270627488327026,0.004397255269982666,pypdf_text,accepted,True,,mbs_text_reconciled_to_official_nit,T8_27341_Naringpanga_South_Graphite_Block_MBS.pdf,554d499e6d1d407b5c28262d16641874da91dffad236eb24c2989693f050ad29,556053,5,T8_NIT.pdf,e83b168ec651cd3ae3029dcf1dd330f0631e0b342595fa9ad33f95b0ebb6ae5b,289132,4,Naringpanga South Graphite Block_MBS,https://www.mstcecommerce.com/auctionhome/download_docs.jsp?FILE_ID=27316_GoI%20MoM%20-%20Tranche%20VIII%20-%20NIT.pdf&path=dynamiclinks&portal=mlcl&mdTyp=-,https://www.mstcecommerce.com/auctionhome/download_docs.jsp?FILE_ID=27341_Naringpanga%20South%20Graphite%20Block_MBS.pdf&path=dynamiclinks&portal=mlcl&mdTyp=-,https://www.mstcecommerce.com/auctionhome/download_docs.jsp?FILE_ID=27341_Naringpanga%20South%20Graphite%20Block_MBS.pdf&path=dynamiclinks&portal=mlcl&mdTyp=-,
T8-O04,8,4,Karahibhadar Glauconite Block,Chhattisgarh,Balod,CL,2704.96,"[""Glauconite""]",True,Polygon,4,2707.051397400963,0.07731712856985538,pypdf_text,accepted,True,,mbs_text_reconciled_to_official_nit,T8_27340_Karahibhadar_Glauconite_Block.pdf,4ba8703592b5fc173c475e9fcfebc92e42a836175c1a78a6d2182f4d01f82209,552997,5,T8_NIT.pdf,e83b168ec651cd3ae3029dcf1dd330f0631e0b342595fa9ad33f95b0ebb6ae5b,289132,4,Karahibhadar Glauconite Block,https://www.mstcecommerce.com/auctionhome/download_docs.jsp?FILE_ID=27316_GoI%20MoM%20-%20Tranche%20VIII%20-%20NIT.pdf&path=dynamiclinks&portal=mlcl&mdTyp=-,https://www.mstcecommerce.com/auctionhome/download_docs.jsp?FILE_ID=27340_Karahibhadar%20Glauconite%20Block.pdf&path=dynamiclinks&portal=mlcl&mdTyp=-,https://www.mstcecommerce.com/auctionhome/download_docs.jsp?FILE_ID=27340_Karahibhadar%20Glauconite%20Block.pdf&path=dynamiclinks&portal=mlcl&mdTyp=-,
T8-O05,8,5,Gurur Glauconite Block,Chhattisgarh,Balod and Dhamtari,CL,4017.62,"[""Glauconite""]",True,Polygon,4,4020.5338007900477,0.0725255447266751,pypdf_text,accepted,True,,mbs_text_reconciled_to_official_nit,T8_27339_Gurur_Glauconite_Block_MBS.pdf,dd4380a2472bc8ee063947648aa777eb97fa4df187fe1a6a338677d9da132409,619081,5,T8_NIT.pdf,e83b168ec651cd3ae3029dcf1dd330f0631e0b342595fa9ad33f95b0ebb6ae5b,289132,4,Gurur Glauconite Block_MBS,https://www.mstcecommerce.com/auctionhome/download_docs.jsp?FILE_ID=27316_GoI%20MoM%20-%20Tranche%20VIII%20-%20NIT.pdf&path=dynamiclinks&portal=mlcl&mdTyp=-,https://www.mstcecommerce.com/auctionhome/download_docs.jsp?FILE_ID=27339_Gurur%20Glauconite%20Block_MBS.pdf&path=dynamiclinks&portal=mlcl&mdTyp=-,https://www.mstcecommerce.com/auctionhome/download_docs.jsp?FILE_ID=27339_Gurur%20Glauconite%20Block_MBS.pdf&path=dynamiclinks&portal=mlcl&mdTyp=-,
T8-O06,8,6,Tipa Glauconite Block,Bihar,Rohtas,CL,750.71,"[""Glauconite""]",True,Polygon,4,749.7830224693776,0.12348010957926232,pypdf_text,accepted,True,,mbs_text_reconciled_to_official_nit,T8_27338_Tipa_Glauconite_Block_MBS.pdf,d29d1b3060022bcdaeca867a002f67368b8b260d731324694b0f2a96e8596057,491208,5,T8_NIT.pdf,e83b168ec651cd3ae3029dcf1dd330f0631e0b342595fa9ad33f95b0ebb6ae5b,289132,4,Tipa Glauconite Block_MBS,https://www.mstcecommerce.com/auctionhome/download_docs.jsp?FILE_ID=27316_GoI%20MoM%20-%20Tranche%20VIII%20-%20NIT.pdf&path=dynamiclinks&portal=mlcl&mdTyp=-,https://www.mstcecommerce.com/auctionhome/download_docs.jsp?FILE_ID=27338_Tipa%20Glauconite%20Block_MBS.pdf&path=dynamiclinks&portal=mlcl&mdTyp=-,https://www.mstcecommerce.com/auctionhome/download_docs.jsp?FILE_ID=27338_Tipa%20Glauconite%20Block_MBS.pdf&path=dynamiclinks&portal=mlcl&mdTyp=-,
T8-O07,8,7,Sapneri Vanadium bearing Magnetite-Ilmenite Block,Bihar,Gaya,CL,124.55,"[""Ilmenite"",""Magnetite"",""Vanadium""]",True,Polygon,4,124.53805511684418,0.009590432080144687,pypdf_text,accepted,True,,mbs_text_reconciled_to_official_nit,T8_27337_Sapneri_Vanadium_bearing_Magnetite-Ilmenite_Block_MBS.pdf,bcc0e9e0408928ee22f1ed420ea61791e44a675bc293bda2138618762cf1660b,493133,5,T8_NIT.pdf,e83b168ec651cd3ae3029dcf1dd330f0631e0b342595fa9ad33f95b0ebb6ae5b,289132,4,Sapneri Vanadium bearing Magnetite-Ilmenite Block_MBS,https://www.mstcecommerce.com/auctionhome/download_docs.jsp?FILE_ID=27316_GoI%20MoM%20-%20Tranche%20VIII%20-%20NIT.pdf&path=dynamiclinks&portal=mlcl&mdTyp=-,https://www.mstcecommerce.com/auctionhome/download_docs.jsp?FILE_ID=27337_Sapneri%20Vanadium%20bearing%20Magnetite-Ilmenite%20Block_MBS.pdf&path=dynamiclinks&portal=mlcl&mdTyp=-,https://www.mstcecommerce.com/auctionhome/download_docs.jsp?FILE_ID=27337_Sapneri%20Vanadium%20bearing%20Magnetite-Ilmenite%20Block_MBS.pdf&path=dynamiclinks&portal=mlcl&mdTyp=-,
T8-O08,8,8,Nawara-Nawadih Glauconite Block,Bihar,Rohtas,CL,1012.57,"[""Glauconite""]",True,Polygon,5,1011.2697095014333,0.12841487487943648,pypdf_text,accepted,True,,mbs_text_reconciled_to_official_nit,T8_27336_Nawara-Nawadih_Glauconite_Block_MBS.pdf,c08cacc0e324977635511e57bba73644304bdd976742edeffa6fc9b0069d9208,443700,5,T8_NIT.pdf,e83b168ec651cd3ae3029dcf1dd330f0631e0b342595fa9ad33f95b0ebb6ae5b,289132,4,Nawara-Nawadih Glauconite Block_MBS,https://www.mstcecommerce.com/auctionhome/download_docs.jsp?FILE_ID=27316_GoI%20MoM%20-%20Tranche%20VIII%20-%20NIT.pdf&path=dynamiclinks&portal=mlcl&mdTyp=-,https://www.mstcecommerce.com/auctionhome/download_docs.jsp?FILE_ID=27336_Nawara-Nawadih%20Glauconite%20Block_MBS.pdf&path=dynamiclinks&portal=mlcl&mdTyp=-,https://www.mstcecommerce.com/auctionhome/download_docs.jsp?FILE_ID=27336_Nawara-Nawadih%20Glauconite%20Block_MBS.pdf&path=dynamiclinks&portal=mlcl&mdTyp=-,
T8-O09,8,9,Beku Rare Metal Block,West Bengal,Purulia,CL,103.0,"[""Rare metals"",""Cesium"",""Lithium"",""Rubidium""]",True,Polygon,4,103.07579131751359,0.07358380341125353,pypdf_text,accepted,True,,mbs_text_reconciled_to_official_nit,T8_27335_Beku_Rare_Metal_Block_MBS.pdf,ca2ddc46d2ff9f625cf9735129436d419251979c21b3c4024782f8c4616b1e48,496687,5,T8_NIT.pdf,e83b168ec651cd3ae3029dcf1dd330f0631e0b342595fa9ad33f95b0ebb6ae5b,289132,4,Beku Rare Metal Block_MBS,https://www.mstcecommerce.com/auctionhome/download_docs.jsp?FILE_ID=27316_GoI%20MoM%20-%20Tranche%20VIII%20-%20NIT.pdf&path=dynamiclinks&portal=mlcl&mdTyp=-,https://www.mstcecommerce.com/auctionhome/download_docs.jsp?FILE_ID=27335_Beku%20Rare%20Metal%20Block_MBS.pdf&path=dynamiclinks&portal=mlcl&mdTyp=-,https://www.mstcecommerce.com/auctionhome/download_docs.jsp?FILE_ID=27335_Beku%20Rare%20Metal%20Block_MBS.pdf&path=dynamiclinks&portal=mlcl&mdTyp=-,
T8-O10,8,10,"Baswapur Titanium, Vanadium, Gallium and Aluminous Laterite Block",Telangana,Vikarabad,CL,405.67,"[""Aluminous Laterite"",""Gallium"",""Titanium"",""Vanadium""]",True,Polygon,4,405.67792896499634,0.0019545357054562423,pypdf_text,accepted,True,Validated against the undivided Andhra Pradesh boundary in the 2011 Census layer.,mbs_text_reconciled_to_official_nit,T8_27334_Baswapur_Titanium_Vanadium_Gallium_and_Aluminous_Laterite_Block_MBS.pdf,c294fd9e514d41be4554ec64a2dd351277e35fd2a8af1b6f09da4f0bcab37ab9,561936,5,T8_NIT.pdf,e83b168ec651cd3ae3029dcf1dd330f0631e0b342595fa9ad33f95b0ebb6ae5b,289132,4,"Baswapur Titanium, Vanadium, Gallium and Aluminous Laterite Block_MBS",https://www.mstcecommerce.com/auctionhome/download_docs.jsp?FILE_ID=27316_GoI%20MoM%20-%20Tranche%20VIII%20-%20NIT.pdf&path=dynamiclinks&portal=mlcl&mdTyp=-,"https://www.mstcecommerce.com/auctionhome/download_docs.jsp?FILE_ID=27334_Baswapur%20Titanium,%20Vanadium,%20Gallium%20and%20Aluminous%20Laterite%20Block_MBS.pdf&path=dynamiclinks&portal=mlcl&mdTyp=-","https://www.mstcecommerce.com/auctionhome/download_docs.jsp?FILE_ID=27334_Baswapur%20Titanium,%20Vanadium,%20Gallium%20and%20Aluminous%20Laterite%20Block_MBS.pdf&path=dynamiclinks&portal=mlcl&mdTyp=-",
T8-O11,8,11,Miyan Ki Dhani East Tungsten and Associated Mineral Block,Rajasthan,Nagaur,CL,65.59,"[""Associated minerals"",""Tungsten""]",True,Polygon,6,65.59417143214941,0.006359859962502695,pypdf_text,accepted,True,,mbs_text_reconciled_to_official_nit,T8_27333_Miyan_Ki_Dhani_East_Tungsten_and_Associated_Mineral_Block_MBS.pdf,edd1c89920d5348fa9dc5ad07e211d03410eab4aeb31c17a51fab261e1ac1f0c,555578,5,T8_NIT.pdf,e83b168ec651cd3ae3029dcf1dd330f0631e0b342595fa9ad33f95b0ebb6ae5b,289132,4,Miyan Ki Dhani East Tungsten and Associated Mineral Block_MBS,https://www.mstcecommerce.com/auctionhome/download_docs.jsp?FILE_ID=27316_GoI%20MoM%20-%20Tranche%20VIII%20-%20NIT.pdf&path=dynamiclinks&portal=mlcl&mdTyp=-,https://www.mstcecommerce.com/auctionhome/download_docs.jsp?FILE_ID=27333_Miyan%20Ki%20Dhani%20East%20Tungsten%20and%20Associated%20Mineral%20Block_MBS.pdf&path=dynamiclinks&portal=mlcl&mdTyp=-,https://www.mstcecommerce.com/auctionhome/download_docs.jsp?FILE_ID=27333_Miyan%20Ki%20Dhani%20East%20Tungsten%20and%20Associated%20Mineral%20Block_MBS.pdf&path=dynamiclinks&portal=mlcl&mdTyp=-,
T8-O12,8,12,Chistiyan South Potash and Halite Block,Rajasthan,Hanumangarh,ML,199.5614,"[""Halite"",""Potash""]",True,Polygon,6,199.69482303341775,0.06685813660244727,pypdf_text,accepted,True,,official_nit_table,T8_27332_Chistiyan_South_Potash_and_Halite_Block_MBS.pdf,672fcacab5ab984c2a4e91d4c415a1b241f9bdbb55b83770020cce6764ada99c,481124,5,T8_NIT.pdf,e83b168ec651cd3ae3029dcf1dd330f0631e0b342595fa9ad33f95b0ebb6ae5b,289132,4,Chistiyan South Potash and Halite Block_MBS,https://www.mstcecommerce.com/auctionhome/download_docs.jsp?FILE_ID=27316_GoI%20MoM%20-%20Tranche%20VIII%20-%20NIT.pdf&path=dynamiclinks&portal=mlcl&mdTyp=-,https://www.mstcecommerce.com/auctionhome/download_docs.jsp?FILE_ID=27332_Chistiyan%20South%20Potash%20and%20Halite%20Block_MBS.pdf&path=dynamiclinks&portal=mlcl&mdTyp=-,https://www.mstcecommerce.com/auctionhome/download_docs.jsp?FILE_ID=27332_Chistiyan%20South%20Potash%20and%20Halite%20Block_MBS.pdf&path=dynamiclinks&portal=mlcl&mdTyp=-,
T8-O13,8,13,Tamiya Graphite and Manganese Block,Odisha,Balangir,ML,139.03,"[""Graphite"",""Manganese""]",True,Polygon,9,141.92738790746145,2.084001947393692,pypdf_text,accepted,True,,mbs_text_reconciled_to_official_nit,T8_27331_Tamiya_Graphite_and_Manganese_Block_MBS.pdf,5ceaa1681c7aaa755e71df666492436a57a8e2a244ebd794e93e9986ce1b6c92,569645,5,T8_NIT.pdf,e83b168ec651cd3ae3029dcf1dd330f0631e0b342595fa9ad33f95b0ebb6ae5b,289132,4,Tamiya Graphite and Manganese Block_MBS,https://www.mstcecommerce.com/auctionhome/download_docs.jsp?FILE_ID=27316_GoI%20MoM%20-%20Tranche%20VIII%20-%20NIT.pdf&path=dynamiclinks&portal=mlcl&mdTyp=-,https://www.mstcecommerce.com/auctionhome/download_docs.jsp?FILE_ID=27331_Tamiya%20Graphite%20and%20Manganese%20Block_MBS.pdf&path=dynamiclinks&portal=mlcl&mdTyp=-,https://www.mstcecommerce.com/auctionhome/download_docs.jsp?FILE_ID=27331_Tamiya%20Graphite%20and%20Manganese%20Block_MBS.pdf&path=dynamiclinks&portal=mlcl&mdTyp=-,
T8-O14,8,14,"Betjharan Titanium, Vanadium and Iron Ore Block",Odisha,Mayurbhanj,CL,391.81,"[""Iron"",""Magnetite"",""Titanium"",""Vanadium""]",True,Polygon,4,391.81306222677233,0.0007815591159819334,pypdf_text,accepted,True,,mbs_text_reconciled_to_official_nit,T8_27330_Betjharan_Titanium_Vanadium_and_Iron_Ore_Block_MBS.pdf,8757c4de133c241f1059691f85a23f956fbe2ad640831029ec1bde4ef91631d9,588465,5,T8_NIT.pdf,e83b168ec651cd3ae3029dcf1dd330f0631e0b342595fa9ad33f95b0ebb6ae5b,289132,4,"Betjharan Titanium, Vanadium and Iron Ore Block_MBS",https://www.mstcecommerce.com/auctionhome/download_docs.jsp?FILE_ID=27316_GoI%20MoM%20-%20Tranche%20VIII%20-%20NIT.pdf&path=dynamiclinks&portal=mlcl&mdTyp=-,"https://www.mstcecommerce.com/auctionhome/download_docs.jsp?FILE_ID=27330_Betjharan%20Titanium,%20Vanadium%20and%20Iron%20Ore%20Block_MBS.pdf&path=dynamiclinks&portal=mlcl&mdTyp=-","https://www.mstcecommerce.com/auctionhome/download_docs.jsp?FILE_ID=27330_Betjharan%20Titanium,%20Vanadium%20and%20Iron%20Ore%20Block_MBS.pdf&path=dynamiclinks&portal=mlcl&mdTyp=-",
T8-O15,8,15,"Kavtalwadi Vanadium, Gallium, Titanium, Bauxite and Aluminous Laterite Block",Maharashtra,Sindhudurg,CL,638.98,"[""Aluminous Laterite"",""Bauxite"",""Gallium"",""Titanium"",""Vanadium""]",True,Polygon,4,638.965441583252,0.0022783837910512446,pypdf_text,accepted,True,,mbs_text_reconciled_to_official_nit,T8_27329_Kavtalwadi_Vanadium_Gallium_Titanium_Bauxite_and_Aluminous_Laterite_Block_MBS.pdf,e20702157891bd6c1ca3f80a87c62686bf92dab67e06121663c5b4360d9a0b45,559025,5,T8_NIT.pdf,e83b168ec651cd3ae3029dcf1dd330f0631e0b342595fa9ad33f95b0ebb6ae5b,289132,4,"Kavtalwadi Vanadium, Gallium, Titanium, Bauxite and Aluminous Laterite Block_MBS",https://www.mstcecommerce.com/auctionhome/download_docs.jsp?FILE_ID=27316_GoI%20MoM%20-%20Tranche%20VIII%20-%20NIT.pdf&path=dynamiclinks&portal=mlcl&mdTyp=-,"https://www.mstcecommerce.com/auctionhome/download_docs.jsp?FILE_ID=27329_Kavtalwadi%20Vanadium,%20Gallium,%20Titanium,%20Bauxite%20and%20Aluminous%20Laterite%20Block_MBS.pdf&path=dynamiclinks&portal=mlcl&mdTyp=-","https://www.mstcecommerce.com/auctionhome/download_docs.jsp?FILE_ID=27329_Kavtalwadi%20Vanadium,%20Gallium,%20Titanium,%20Bauxite%20and%20Aluminous%20Laterite%20Block_MBS.pdf&path=dynamiclinks&portal=mlcl&mdTyp=-",
T8-O16,8,16,Dongarla REE and RM Block,Maharashtra,Bhandara,CL,397.845,"[""Rare-earth elements"",""Rare metals""]",True,Polygon,4,397.8358386629105,0.0023027402856769796,pypdf_text,accepted,True,,mbs_text_reconciled_to_official_nit,T8_27328_Dongarla_REE_and_RM_Block_MBS.pdf,47f647896d9a6de68862cd705e8fde4ff18d37ac4bbd969f0f20b7b79e1b37c1,553421,5,T8_NIT.pdf,e83b168ec651cd3ae3029dcf1dd330f0631e0b342595fa9ad33f95b0ebb6ae5b,289132,4,Dongarla REE and RM Block_MBS,https://www.mstcecommerce.com/auctionhome/download_docs.jsp?FILE_ID=27316_GoI%20MoM%20-%20Tranche%20VIII%20-%20NIT.pdf&path=dynamiclinks&portal=mlcl&mdTyp=-,https://www.mstcecommerce.com/auctionhome/download_docs.jsp?FILE_ID=27328_Dongarla%20REE%20and%20RM%20Block_MBS.pdf&path=dynamiclinks&portal=mlcl&mdTyp=-,https://www.mstcecommerce.com/auctionhome/download_docs.jsp?FILE_ID=27328_Dongarla%20REE%20and%20RM%20Block_MBS.pdf&path=dynamiclinks&portal=mlcl&mdTyp=-,
T8-O17,8,17,Sambalpur Phosphorite and Limestone Block,Chhattisgarh,Balod,ML,303.866,"[""Phosphorite""]",True,Polygon,4,304.11538851737976,0.08207187292417407,pypdf_text,accepted,True,,mbs_text_reconciled_to_official_nit,T8_27327_Sambalpur_Phosphorite_and_Limestone_Block_MBS.pdf,392f10cdca7d2c5a436a0f274c64e7ecc1d2f431ff03d0c7e93c4edb6e32d578,570412,5,T8_NIT.pdf,e83b168ec651cd3ae3029dcf1dd330f0631e0b342595fa9ad33f95b0ebb6ae5b,289132,4,Sambalpur Phosphorite and Limestone Block_MBS,https://www.mstcecommerce.com/auctionhome/download_docs.jsp?FILE_ID=27316_GoI%20MoM%20-%20Tranche%20VIII%20-%20NIT.pdf&path=dynamiclinks&portal=mlcl&mdTyp=-,https://www.mstcecommerce.com/auctionhome/download_docs.jsp?FILE_ID=27327_Sambalpur%20Phosphorite%20and%20Limestone%20Block_MBS.pdf&path=dynamiclinks&portal=mlcl&mdTyp=-,https://www.mstcecommerce.com/auctionhome/download_docs.jsp?FILE_ID=27327_Sambalpur%20Phosphorite%20and%20Limestone%20Block_MBS.pdf&path=dynamiclinks&portal=mlcl&mdTyp=-,
T8-O18,8,18,"Sabag North Vanadium, Gallium, Titanium, REE, Bauxite and Aluminous Laterite Block",Chhattisgarh,Balrampur,CL,319.518,"[""Aluminous Laterite"",""Rare-earth elements"",""Bauxite"",""Gallium"",""Titanium"",""Vanadium""]",True,Polygon,4,319.52292283744663,0.0015407073925902638,pypdf_text,accepted,True,,mbs_text_reconciled_to_official_nit,T8_27326_Sabag_North_Vanadium_Gallium_Titanium_REE_Bauxite_and_Aluminous_Laterite_Block_MBS.pdf,c0eaacacc6989fb46e32e010a93a215b45f35b56e86c6a46884d2956b2294b3e,572432,6,T8_NIT.pdf,e83b168ec651cd3ae3029dcf1dd330f0631e0b342595fa9ad33f95b0ebb6ae5b,289132,4,"Sabag North Vanadium, Gallium, Titanium, REE, Bauxite and Aluminous Laterite Block_MBS",https://www.mstcecommerce.com/auctionhome/download_docs.jsp?FILE_ID=27316_GoI%20MoM%20-%20Tranche%20VIII%20-%20NIT.pdf&path=dynamiclinks&portal=mlcl&mdTyp=-,"https://www.mstcecommerce.com/auctionhome/download_docs.jsp?FILE_ID=27326_Sabag%20North%20Vanadium,%20Gallium,%20Titanium,%20REE,%20Bauxite%20and%20Aluminous%20Laterite%20Block_MBS.pdf&path=dynamiclinks&portal=mlcl&mdTyp=-","https://www.mstcecommerce.com/auctionhome/download_docs.jsp?FILE_ID=27326_Sabag%20North%20Vanadium,%20Gallium,%20Titanium,%20REE,%20Bauxite%20and%20Aluminous%20Laterite%20Block_MBS.pdf&path=dynamiclinks&portal=mlcl&mdTyp=-",
T8-O19,8,19,Gohirapali Glauconite Block,Chhattisgarh,Mahasamund,CL,327.219,"[""Glauconite""]",True,Polygon,6,327.2237823671579,0.0014615187864792255,pypdf_text,accepted,True,,mbs_text_reconciled_to_official_nit,T8_27325_Gohirapali_Glauconite_Block_MBS.pdf,53ed4adce0544e6d6c16641e0b1822e68e1cf34372e8a3fddecdd0bde6f58616,577274,5,T8_NIT.pdf,e83b168ec651cd3ae3029dcf1dd330f0631e0b342595fa9ad33f95b0ebb6ae5b,289132,4,Gohirapali Glauconite Block_MBS,https://www.mstcecommerce.com/auctionhome/download_docs.jsp?FILE_ID=27316_GoI%20MoM%20-%20Tranche%20VIII%20-%20NIT.pdf&path=dynamiclinks&portal=mlcl&mdTyp=-,https://www.mstcecommerce.com/auctionhome/download_docs.jsp?FILE_ID=27325_Gohirapali%20Glauconite%20Block_MBS.pdf&path=dynamiclinks&portal=mlcl&mdTyp=-,https://www.mstcecommerce.com/auctionhome/download_docs.jsp?FILE_ID=27325_Gohirapali%20Glauconite%20Block_MBS.pdf&path=dynamiclinks&portal=mlcl&mdTyp=-,
T8-O20,8,20,Pata Ramavaram Graphite Block,Andhra Pradesh,Alluri Sitharama Raju,CL,105.29,"[""Graphite""]",True,Polygon,4,105.2951373491764,0.004879237512008708,pypdf_text,accepted,True,,mbs_text_reconciled_to_official_nit,T8_27324_Pata_Ramavaram_Graphite_Block_MBS.pdf,ea4d3f6b81336e4e3f55f4476706d169118eeb19793c25ed6581c8ec6bb00d77,570555,5,T8_NIT.pdf,e83b168ec651cd3ae3029dcf1dd330f0631e0b342595fa9ad33f95b0ebb6ae5b,289132,4,Pata Ramavaram Graphite Block_MBS,https://www.mstcecommerce.com/auctionhome/download_docs.jsp?FILE_ID=27316_GoI%20MoM%20-%20Tranche%20VIII%20-%20NIT.pdf&path=dynamiclinks&portal=mlcl&mdTyp=-,https://www.mstcecommerce.com/auctionhome/download_docs.jsp?FILE_ID=27324_Pata%20Ramavaram%20Graphite%20Block_MBS.pdf&path=dynamiclinks&portal=mlcl&mdTyp=-,https://www.mstcecommerce.com/auctionhome/download_docs.jsp?FILE_ID=27324_Pata%20Ramavaram%20Graphite%20Block_MBS.pdf&path=dynamiclinks&portal=mlcl&mdTyp=-,
