record_id,source_family,source_record_id,source_event_record_ids_json,source_event_count,block_name,block_name_aliases_json,state_or_ut,district,block_area_ha,exploration_level,latitude,longitude,h3_r6,h3_r3,target_material,target_chemical_names_json,target_symbols_or_formulae_json,source_label_type,geometry_quality_status,geometry_model_role,geometry_source_url,source_url,target_known_evidence_records,internal_spatial_cv_auc,internal_spatial_cv_recall_at_background_top5pct,nearest_known_target_evidence_km,outside_25km_known_evidence,within_250km_known_evidence,primary_transfer_cohort,candidate_distance_domain,target_prospectivity_score,target_national_percentile,target_score_rank_among_50,target_is_centroid_top1,target_in_centroid_top5,centroid_published_top_material,centroid_published_record_class,centroid_is_published_candidate,target_specific_priority_gate,source_label_limitations,data_quality_flags_json
OBT-fa22400504344e41,central_critical_mineral_auction,akharkata,"[""CMB-EVENT-T1-O01""]",1,Akharkata Graphite Block,"[""Akharkata Graphite Block""]",Odisha,Angul,752.77000000,,20.85166198,84.58720949,863c83927ffffff,833c80fffffffff,Graphite,"[""carbon""]","[""C""]",official_auction_or_exploration_target_not_confirmed_deposit,accepted,geometry_available_for_overlay_not_used_in_prospectivity_training_or_scoring,https://www.mstcecommerce.com/auctionhome/download_docs.jsp?FILE_ID=12705_MBS_Akharkata%20Graphite%20Block.pdf&path=dynamiclinks&portal=mlcl&mdTyp=-,https://www.mstcecommerce.com/auctionhome/download_docs.jsp?FILE_ID=12721_Tranche-1-NIT%2020%20Blocks.pdf&path=dynamiclinks&portal=mlcl&mdTyp=-,15,0.87053333,0.53333333,5.02645016,False,True,False,False,0.93017036,,1.00000000,True,True,Graphite,regional_background,False,False,"The source identifies an auction or exploration target, not a confirmed deposit, resource, reserve, discovery, grade continuity, economic viability, current grant, operating mine, or permission to enter land. Source-independent publication does not prove knowledge-independence from historical mineral evidence.","[""official_auction_or_exploration_target_not_confirmed_deposit"",""within_25km_of_training_evidence_excluded_from_primary_transfer_cohort"",""complete_historical_source_label_independence_not_established""]"
OBT-c6244a7f4d7b45ce,central_critical_mineral_auction,babja,"[""CMB-EVENT-T1-O02""]",1,Babja Graphite and Manganese Block,"[""Babja Graphite and Manganese Block""]",Odisha,Balangir,19.50000000,,20.82311522,83.32584941,863c86377ffffff,833c86fffffffff,Graphite,"[""carbon""]","[""C""]",official_auction_or_exploration_target_not_confirmed_deposit,accepted,geometry_available_for_overlay_not_used_in_prospectivity_training_or_scoring,https://www.mstcecommerce.com/auctionhome/download_docs.jsp?FILE_ID=12721_Tranche-1-NIT%2020%20Blocks.pdf&path=dynamiclinks&portal=mlcl&mdTyp=-,https://www.mstcecommerce.com/auctionhome/download_docs.jsp?FILE_ID=12721_Tranche-1-NIT%2020%20Blocks.pdf&path=dynamiclinks&portal=mlcl&mdTyp=-,15,0.87053333,0.53333333,28.38182640,True,True,True,True,0.45914093,0.95971012,2.00000000,False,True,Manganese,regional_background,False,False,"The source identifies an auction or exploration target, not a confirmed deposit, resource, reserve, discovery, grade continuity, economic viability, current grant, operating mine, or permission to enter land. Source-independent publication does not prove knowledge-independence from historical mineral evidence.","[""official_auction_or_exploration_target_not_confirmed_deposit"",""complete_historical_source_label_independence_not_established""]"
OBT-4382243df358cc6c,central_critical_mineral_auction,babja,"[""CMB-EVENT-T1-O02""]",1,Babja Graphite and Manganese Block,"[""Babja Graphite and Manganese Block""]",Odisha,Balangir,19.50000000,,20.82311522,83.32584941,863c86377ffffff,833c86fffffffff,Iron,"[""iron""]","[""Fe""]",official_auction_or_exploration_target_not_confirmed_deposit,accepted,geometry_available_for_overlay_not_used_in_prospectivity_training_or_scoring,https://www.mstcecommerce.com/auctionhome/download_docs.jsp?FILE_ID=12721_Tranche-1-NIT%2020%20Blocks.pdf&path=dynamiclinks&portal=mlcl&mdTyp=-,https://www.mstcecommerce.com/auctionhome/download_docs.jsp?FILE_ID=12721_Tranche-1-NIT%2020%20Blocks.pdf&path=dynamiclinks&portal=mlcl&mdTyp=-,238,0.85629458,0.44537815,154.58424377,True,True,True,True,0.17208932,0.44529945,10.00000000,False,False,Manganese,regional_background,False,False,"The source identifies an auction or exploration target, not a confirmed deposit, resource, reserve, discovery, grade continuity, economic viability, current grant, operating mine, or permission to enter land. Source-independent publication does not prove knowledge-independence from historical mineral evidence.","[""official_auction_or_exploration_target_not_confirmed_deposit"",""complete_historical_source_label_independence_not_established""]"
OBT-77654ac2ceda2af4,central_critical_mineral_auction,babja,"[""CMB-EVENT-T1-O02""]",1,Babja Graphite and Manganese Block,"[""Babja Graphite and Manganese Block""]",Odisha,Balangir,19.50000000,,20.82311522,83.32584941,863c86377ffffff,833c86fffffffff,Manganese,"[""manganese""]","[""Mn""]",official_auction_or_exploration_target_not_confirmed_deposit,accepted,geometry_available_for_overlay_not_used_in_prospectivity_training_or_scoring,https://www.mstcecommerce.com/auctionhome/download_docs.jsp?FILE_ID=12721_Tranche-1-NIT%2020%20Blocks.pdf&path=dynamiclinks&portal=mlcl&mdTyp=-,https://www.mstcecommerce.com/auctionhome/download_docs.jsp?FILE_ID=12721_Tranche-1-NIT%2020%20Blocks.pdf&path=dynamiclinks&portal=mlcl&mdTyp=-,130,0.85341124,0.20769231,124.03118896,True,True,True,True,0.60125291,0.96368945,1.00000000,True,True,Manganese,regional_background,False,False,"The source identifies an auction or exploration target, not a confirmed deposit, resource, reserve, discovery, grade continuity, economic viability, current grant, operating mine, or permission to enter land. Source-independent publication does not prove knowledge-independence from historical mineral evidence.","[""official_auction_or_exploration_target_not_confirmed_deposit"",""complete_historical_source_label_independence_not_established""]"
OBT-4c106b71e68ad0a3,central_critical_mineral_auction,bahera-goriara,"[""CMB-EVENT-T2-O01""]",1,Bahera- Goriara Graphite and Basemetal Block,"[""Bahera- Goriara Graphite and Basemetal Block""]",Madhya Pradesh,Sidhi,99.49000000,,24.36086935,81.91536020,863ca406fffffff,833ca4fffffffff,Copper,"[""copper""]","[""Cu""]",official_auction_or_exploration_target_not_confirmed_deposit,accepted,geometry_available_for_overlay_not_used_in_prospectivity_training_or_scoring,https://www.mstcecommerce.com/auctionhome/download_docs.jsp?FILE_ID=14103_MBS%20Bahera-%20Goriara%20Graphite%20and%20Basemetal%20Block.pdf&path=dynamiclinks&portal=mlcl&mdTyp=-,https://www.mstcecommerce.com/auctionhome/download_docs.jsp?FILE_ID=14475_GoI-MoM%20Tranche%20II-NIT.pdf&path=dynamiclinks&portal=mlcl&mdTyp=-,174,0.64359559,0.17816092,1.04379773,False,True,False,False,0.76385570,,1.00000000,True,True,Copper,known_evidence_area,False,False,"The source identifies an auction or exploration target, not a confirmed deposit, resource, reserve, discovery, grade continuity, economic viability, current grant, operating mine, or permission to enter land. Source-independent publication does not prove knowledge-independence from historical mineral evidence.","[""official_auction_or_exploration_target_not_confirmed_deposit"",""within_25km_of_training_evidence_excluded_from_primary_transfer_cohort"",""complete_historical_source_label_independence_not_established""]"
OBT-3bebe0418b099a2b,central_critical_mineral_auction,bahera-goriara,"[""CMB-EVENT-T2-O01""]",1,Bahera- Goriara Graphite and Basemetal Block,"[""Bahera- Goriara Graphite and Basemetal Block""]",Madhya Pradesh,Sidhi,99.49000000,,24.36086935,81.91536020,863ca406fffffff,833ca4fffffffff,Graphite,"[""carbon""]","[""C""]",official_auction_or_exploration_target_not_confirmed_deposit,accepted,geometry_available_for_overlay_not_used_in_prospectivity_training_or_scoring,https://www.mstcecommerce.com/auctionhome/download_docs.jsp?FILE_ID=14103_MBS%20Bahera-%20Goriara%20Graphite%20and%20Basemetal%20Block.pdf&path=dynamiclinks&portal=mlcl&mdTyp=-,https://www.mstcecommerce.com/auctionhome/download_docs.jsp?FILE_ID=14475_GoI-MoM%20Tranche%20II-NIT.pdf&path=dynamiclinks&portal=mlcl&mdTyp=-,15,0.87053333,0.53333333,229.58593750,True,True,True,True,0.06629038,0.78858811,15.00000000,False,False,Copper,known_evidence_area,False,False,"The source identifies an auction or exploration target, not a confirmed deposit, resource, reserve, discovery, grade continuity, economic viability, current grant, operating mine, or permission to enter land. Source-independent publication does not prove knowledge-independence from historical mineral evidence.","[""official_auction_or_exploration_target_not_confirmed_deposit"",""complete_historical_source_label_independence_not_established""]"
OBT-481679ad78d4094f,central_critical_mineral_auction,balepalyam,"[""CMB-EVENT-T2-O02"",""CMB-EVENT-T4-O12""]",2,Balepalyam Tungsten and Associated Mineral Block,"[""Balepalyam Tungsten and Associated Mineral Block""]",Andhra Pradesh,Anantapur (Sri Sathya Sai District),308.30000000,,14.39670583,77.52887985,8660a5bafffffff,8360a5fffffffff,Lead,"[""lead""]","[""Pb""]",official_auction_or_exploration_target_not_confirmed_deposit,accepted,geometry_available_for_overlay_not_used_in_prospectivity_training_or_scoring,https://www.mstcecommerce.com/auctionhome/download_docs.jsp?FILE_ID=15839_12.%20MBS%20Balepalyam%20Tungsten%20and%20Associated%20Mineral%20Block%2017.02.2024.pdf&path=dynamiclinks&portal=mlcl&mdTyp=-,https://www.mstcecommerce.com/auctionhome/download_docs.jsp?FILE_ID=15825_1.%20GoI%20MoM%20-%20Tranche%20IV%20-%20NIT.pdf&path=dynamiclinks&portal=mlcl&mdTyp=-,34,0.71799308,0.26470588,135.40458679,True,True,True,True,0.09036773,0.43015265,11.00000000,False,False,Iron,regional_background,False,False,"The source identifies an auction or exploration target, not a confirmed deposit, resource, reserve, discovery, grade continuity, economic viability, current grant, operating mine, or permission to enter land. Source-independent publication does not prove knowledge-independence from historical mineral evidence.","[""official_auction_or_exploration_target_not_confirmed_deposit"",""complete_historical_source_label_independence_not_established""]"
OBT-82c17acccaec638f,central_critical_mineral_auction,balepalyam,"[""CMB-EVENT-T2-O02"",""CMB-EVENT-T4-O12""]",2,Balepalyam Tungsten and Associated Mineral Block,"[""Balepalyam Tungsten and Associated Mineral Block""]",Andhra Pradesh,Anantapur (Sri Sathya Sai District),308.30000000,,14.39670583,77.52887985,8660a5bafffffff,8360a5fffffffff,Molybdenum,"[""molybdenum""]","[""Mo""]",official_auction_or_exploration_target_not_confirmed_deposit,accepted,geometry_available_for_overlay_not_used_in_prospectivity_training_or_scoring,https://www.mstcecommerce.com/auctionhome/download_docs.jsp?FILE_ID=15839_12.%20MBS%20Balepalyam%20Tungsten%20and%20Associated%20Mineral%20Block%2017.02.2024.pdf&path=dynamiclinks&portal=mlcl&mdTyp=-,https://www.mstcecommerce.com/auctionhome/download_docs.jsp?FILE_ID=15825_1.%20GoI%20MoM%20-%20Tranche%20IV%20-%20NIT.pdf&path=dynamiclinks&portal=mlcl&mdTyp=-,4,,,858.63311768,True,False,True,False,0.00010708,,27.00000000,False,False,Iron,regional_background,False,False,"The source identifies an auction or exploration target, not a confirmed deposit, resource, reserve, discovery, grade continuity, economic viability, current grant, operating mine, or permission to enter land. Source-independent publication does not prove knowledge-independence from historical mineral evidence.","[""official_auction_or_exploration_target_not_confirmed_deposit"",""target_model_below_published_minimum_support"",""target_model_does_not_pass_internal_minimum_holdout_auc"",""complete_historical_source_label_independence_not_established""]"
OBT-5a77aa5c58027700,central_critical_mineral_auction,balepalyam,"[""CMB-EVENT-T2-O02"",""CMB-EVENT-T4-O12""]",2,Balepalyam Tungsten and Associated Mineral Block,"[""Balepalyam Tungsten and Associated Mineral Block""]",Andhra Pradesh,Anantapur (Sri Sathya Sai District),308.30000000,,14.39670583,77.52887985,8660a5bafffffff,8360a5fffffffff,Tungsten,"[""tungsten""]","[""W""]",official_auction_or_exploration_target_not_confirmed_deposit,accepted,geometry_available_for_overlay_not_used_in_prospectivity_training_or_scoring,https://www.mstcecommerce.com/auctionhome/download_docs.jsp?FILE_ID=15839_12.%20MBS%20Balepalyam%20Tungsten%20and%20Associated%20Mineral%20Block%2017.02.2024.pdf&path=dynamiclinks&portal=mlcl&mdTyp=-,https://www.mstcecommerce.com/auctionhome/download_docs.jsp?FILE_ID=15825_1.%20GoI%20MoM%20-%20Tranche%20IV%20-%20NIT.pdf&path=dynamiclinks&portal=mlcl&mdTyp=-,3,,,773.15008545,True,False,True,False,0.00023631,,26.00000000,False,False,Iron,regional_background,False,False,"The source identifies an auction or exploration target, not a confirmed deposit, resource, reserve, discovery, grade continuity, economic viability, current grant, operating mine, or permission to enter land. Source-independent publication does not prove knowledge-independence from historical mineral evidence.","[""official_auction_or_exploration_target_not_confirmed_deposit"",""target_model_below_published_minimum_support"",""target_model_does_not_pass_internal_minimum_holdout_auc"",""complete_historical_source_label_independence_not_established""]"
OBT-d302313ad74a21b2,central_critical_mineral_auction,balepalyam,"[""CMB-EVENT-T2-O02"",""CMB-EVENT-T4-O12""]",2,Balepalyam Tungsten and Associated Mineral Block,"[""Balepalyam Tungsten and Associated Mineral Block""]",Andhra Pradesh,Anantapur (Sri Sathya Sai District),308.30000000,,14.39670583,77.52887985,8660a5bafffffff,8360a5fffffffff,Zinc,"[""zinc""]","[""Zn""]",official_auction_or_exploration_target_not_confirmed_deposit,accepted,geometry_available_for_overlay_not_used_in_prospectivity_training_or_scoring,https://www.mstcecommerce.com/auctionhome/download_docs.jsp?FILE_ID=15839_12.%20MBS%20Balepalyam%20Tungsten%20and%20Associated%20Mineral%20Block%2017.02.2024.pdf&path=dynamiclinks&portal=mlcl&mdTyp=-,https://www.mstcecommerce.com/auctionhome/download_docs.jsp?FILE_ID=15825_1.%20GoI%20MoM%20-%20Tranche%20IV%20-%20NIT.pdf&path=dynamiclinks&portal=mlcl&mdTyp=-,24,0.67750000,0.29166667,306.82214355,True,False,True,False,0.01627633,0.28405681,18.00000000,False,False,Iron,regional_background,False,False,"The source identifies an auction or exploration target, not a confirmed deposit, resource, reserve, discovery, grade continuity, economic viability, current grant, operating mine, or permission to enter land. Source-independent publication does not prove knowledge-independence from historical mineral evidence.","[""official_auction_or_exploration_target_not_confirmed_deposit"",""complete_historical_source_label_independence_not_established""]"
OBT-84a0f33c689c55b4,central_critical_mineral_auction,barwar,"[""CMB-EVENT-T4-O10""]",1,Barwar Phosphorite Block,"[""Barwar Phosphorite Block""]",Uttar Pradesh,Lalitpur,505.38000000,,24.29781964,78.89267582,863d9c327ffffff,833d9cfffffffff,Phosphorus,"[""phosphorus""]","[""P""]",official_auction_or_exploration_target_not_confirmed_deposit,accepted,geometry_available_for_overlay_not_used_in_prospectivity_training_or_scoring,https://www.mstcecommerce.com/auctionhome/download_docs.jsp?FILE_ID=15841_10.%20MBS_Barwar%20Phosphorite%20Block.pdf&path=dynamiclinks&portal=mlcl&mdTyp=-,https://www.mstcecommerce.com/auctionhome/download_docs.jsp?FILE_ID=15825_1.%20GoI%20MoM%20-%20Tranche%20IV%20-%20NIT.pdf&path=dynamiclinks&portal=mlcl&mdTyp=-,85,0.70646367,0.08235294,167.23158264,True,True,True,True,0.06573407,0.16406542,11.00000000,False,False,Copper,regional_background,False,False,"The source identifies an auction or exploration target, not a confirmed deposit, resource, reserve, discovery, grade continuity, economic viability, current grant, operating mine, or permission to enter land. Source-independent publication does not prove knowledge-independence from historical mineral evidence.","[""official_auction_or_exploration_target_not_confirmed_deposit"",""complete_historical_source_label_independence_not_established""]"
OBT-f03547327e5654f5,central_critical_mineral_auction,baswapur,"[""CMB-EVENT-T8-O10""]",1,"Baswapur Titanium, Vanadium, Gallium and Aluminous Laterite Block","[""Baswapur Titanium, Vanadium, Gallium and Aluminous Laterite Block""]",Telangana,Vikarabad,405.67000000,,17.45111111,77.67083333,8660a26cfffffff,836084fffffffff,Aluminium,"[""aluminium""]","[""Al""]",official_auction_or_exploration_target_not_confirmed_deposit,accepted,geometry_available_for_overlay_not_used_in_prospectivity_training_or_scoring,"https://www.mstcecommerce.com/auctionhome/download_docs.jsp?FILE_ID=27334_Baswapur%20Titanium,%20Vanadium,%20Gallium%20and%20Aluminous%20Laterite%20Block_MBS.pdf&path=dynamiclinks&portal=mlcl&mdTyp=-",https://www.mstcecommerce.com/auctionhome/download_docs.jsp?FILE_ID=27316_GoI%20MoM%20-%20Tranche%20VIII%20-%20NIT.pdf&path=dynamiclinks&portal=mlcl&mdTyp=-,110,0.69101240,0.07272727,143.93652344,True,True,True,True,0.58297735,0.87874770,1.00000000,True,True,Aluminium,regional_background,False,False,"The source identifies an auction or exploration target, not a confirmed deposit, resource, reserve, discovery, grade continuity, economic viability, current grant, operating mine, or permission to enter land. Source-independent publication does not prove knowledge-independence from historical mineral evidence.","[""official_auction_or_exploration_target_not_confirmed_deposit"",""complete_historical_source_label_independence_not_established""]"
OBT-69ba3a0d26e74c69,central_critical_mineral_auction,baswapur,"[""CMB-EVENT-T8-O10""]",1,"Baswapur Titanium, Vanadium, Gallium and Aluminous Laterite Block","[""Baswapur Titanium, Vanadium, Gallium and Aluminous Laterite Block""]",Telangana,Vikarabad,405.67000000,,17.45111111,77.67083333,8660a26cfffffff,836084fffffffff,Gallium,"[""gallium""]","[""Ga""]",official_auction_or_exploration_target_not_confirmed_deposit,accepted,geometry_available_for_overlay_not_used_in_prospectivity_training_or_scoring,"https://www.mstcecommerce.com/auctionhome/download_docs.jsp?FILE_ID=27334_Baswapur%20Titanium,%20Vanadium,%20Gallium%20and%20Aluminous%20Laterite%20Block_MBS.pdf&path=dynamiclinks&portal=mlcl&mdTyp=-",https://www.mstcecommerce.com/auctionhome/download_docs.jsp?FILE_ID=27316_GoI%20MoM%20-%20Tranche%20VIII%20-%20NIT.pdf&path=dynamiclinks&portal=mlcl&mdTyp=-,1,,,891.60247803,True,False,True,False,0.00005762,,30.00000000,False,False,Aluminium,regional_background,False,False,"The source identifies an auction or exploration target, not a confirmed deposit, resource, reserve, discovery, grade continuity, economic viability, current grant, operating mine, or permission to enter land. Source-independent publication does not prove knowledge-independence from historical mineral evidence.","[""official_auction_or_exploration_target_not_confirmed_deposit"",""target_model_below_published_minimum_support"",""target_model_does_not_pass_internal_minimum_holdout_auc"",""complete_historical_source_label_independence_not_established""]"
OBT-6540d3ffe2104670,central_critical_mineral_auction,baswapur,"[""CMB-EVENT-T8-O10""]",1,"Baswapur Titanium, Vanadium, Gallium and Aluminous Laterite Block","[""Baswapur Titanium, Vanadium, Gallium and Aluminous Laterite Block""]",Telangana,Vikarabad,405.67000000,,17.45111111,77.67083333,8660a26cfffffff,836084fffffffff,Titanium,"[""titanium"",""titanium dioxide""]","[""Ti"",""TiO2""]",official_auction_or_exploration_target_not_confirmed_deposit,accepted,geometry_available_for_overlay_not_used_in_prospectivity_training_or_scoring,"https://www.mstcecommerce.com/auctionhome/download_docs.jsp?FILE_ID=27334_Baswapur%20Titanium,%20Vanadium,%20Gallium%20and%20Aluminous%20Laterite%20Block_MBS.pdf&path=dynamiclinks&portal=mlcl&mdTyp=-",https://www.mstcecommerce.com/auctionhome/download_docs.jsp?FILE_ID=27316_GoI%20MoM%20-%20Tranche%20VIII%20-%20NIT.pdf&path=dynamiclinks&portal=mlcl&mdTyp=-,39,0.66236029,0.25641026,250.95687866,True,False,True,False,0.52845615,0.88975185,2.00000000,False,True,Aluminium,regional_background,False,False,"The source identifies an auction or exploration target, not a confirmed deposit, resource, reserve, discovery, grade continuity, economic viability, current grant, operating mine, or permission to enter land. Source-independent publication does not prove knowledge-independence from historical mineral evidence.","[""official_auction_or_exploration_target_not_confirmed_deposit"",""complete_historical_source_label_independence_not_established""]"
OBT-ed6aee1a3bc872b7,central_critical_mineral_auction,baswapur,"[""CMB-EVENT-T8-O10""]",1,"Baswapur Titanium, Vanadium, Gallium and Aluminous Laterite Block","[""Baswapur Titanium, Vanadium, Gallium and Aluminous Laterite Block""]",Telangana,Vikarabad,405.67000000,,17.45111111,77.67083333,8660a26cfffffff,836084fffffffff,Vanadium,"[""vanadium""]","[""V""]",official_auction_or_exploration_target_not_confirmed_deposit,accepted,geometry_available_for_overlay_not_used_in_prospectivity_training_or_scoring,"https://www.mstcecommerce.com/auctionhome/download_docs.jsp?FILE_ID=27334_Baswapur%20Titanium,%20Vanadium,%20Gallium%20and%20Aluminous%20Laterite%20Block_MBS.pdf&path=dynamiclinks&portal=mlcl&mdTyp=-",https://www.mstcecommerce.com/auctionhome/download_docs.jsp?FILE_ID=27316_GoI%20MoM%20-%20Tranche%20VIII%20-%20NIT.pdf&path=dynamiclinks&portal=mlcl&mdTyp=-,10,0.37920000,0.00000000,250.95687866,True,False,True,False,0.11540763,0.65577483,8.00000000,False,False,Aluminium,regional_background,False,False,"The source identifies an auction or exploration target, not a confirmed deposit, resource, reserve, discovery, grade continuity, economic viability, current grant, operating mine, or permission to enter land. Source-independent publication does not prove knowledge-independence from historical mineral evidence.","[""official_auction_or_exploration_target_not_confirmed_deposit"",""target_model_does_not_pass_internal_minimum_holdout_auc"",""complete_historical_source_label_independence_not_established""]"
OBT-ed1543e2aca374b5,central_critical_mineral_auction,beku,"[""CMB-EVENT-T6-O04"",""CMB-EVENT-T8-O09""]",2,Beku Rare Metal Block,"[""Beku Rare Metal Block""]",West Bengal,Purulia,103.00000000,,23.43686810,85.96136462,863ca8767ffffff,833ca8fffffffff,Lithium,"[""lithium""]","[""Li""]",official_auction_or_exploration_target_not_confirmed_deposit,accepted,geometry_available_for_overlay_not_used_in_prospectivity_training_or_scoring,https://www.mstcecommerce.com/auctionhome/download_docs.jsp?FILE_ID=27335_Beku%20Rare%20Metal%20Block_MBS.pdf&path=dynamiclinks&portal=mlcl&mdTyp=-,https://www.mstcecommerce.com/auctionhome/download_docs.jsp?FILE_ID=27316_GoI%20MoM%20-%20Tranche%20VIII%20-%20NIT.pdf&path=dynamiclinks&portal=mlcl&mdTyp=-,1,,,674.68035889,True,False,True,False,0.00050425,,27.00000000,False,False,Titanium,known_evidence_area,False,False,"The source identifies an auction or exploration target, not a confirmed deposit, resource, reserve, discovery, grade continuity, economic viability, current grant, operating mine, or permission to enter land. Source-independent publication does not prove knowledge-independence from historical mineral evidence.","[""official_auction_or_exploration_target_not_confirmed_deposit"",""target_model_below_published_minimum_support"",""target_model_does_not_pass_internal_minimum_holdout_auc"",""complete_historical_source_label_independence_not_established""]"
OBT-d07006a6fdbec34b,central_critical_mineral_auction,betjharan,"[""CMB-EVENT-T8-O14""]",1,"Betjharan Titanium, Vanadium and Iron Ore Block","[""Betjharan Titanium, Vanadium and Iron Ore Block""]",Odisha,Mayurbhanj,391.81000000,,22.25597000,86.31895500,863cab497ffffff,833c8cfffffffff,Iron,"[""iron""]","[""Fe""]",official_auction_or_exploration_target_not_confirmed_deposit,accepted,geometry_available_for_overlay_not_used_in_prospectivity_training_or_scoring,"https://www.mstcecommerce.com/auctionhome/download_docs.jsp?FILE_ID=27330_Betjharan%20Titanium,%20Vanadium%20and%20Iron%20Ore%20Block_MBS.pdf&path=dynamiclinks&portal=mlcl&mdTyp=-",https://www.mstcecommerce.com/auctionhome/download_docs.jsp?FILE_ID=27316_GoI%20MoM%20-%20Tranche%20VIII%20-%20NIT.pdf&path=dynamiclinks&portal=mlcl&mdTyp=-,238,0.85629458,0.44537815,28.25119781,True,True,True,True,0.41386068,0.82606077,4.00000000,False,True,Molybdenum,regional_background,False,False,"The source identifies an auction or exploration target, not a confirmed deposit, resource, reserve, discovery, grade continuity, economic viability, current grant, operating mine, or permission to enter land. Source-independent publication does not prove knowledge-independence from historical mineral evidence.","[""official_auction_or_exploration_target_not_confirmed_deposit"",""complete_historical_source_label_independence_not_established""]"
OBT-2780d14a23022201,central_critical_mineral_auction,betjharan,"[""CMB-EVENT-T8-O14""]",1,"Betjharan Titanium, Vanadium and Iron Ore Block","[""Betjharan Titanium, Vanadium and Iron Ore Block""]",Odisha,Mayurbhanj,391.81000000,,22.25597000,86.31895500,863cab497ffffff,833c8cfffffffff,Titanium,"[""titanium"",""titanium dioxide""]","[""Ti"",""TiO2""]",official_auction_or_exploration_target_not_confirmed_deposit,accepted,geometry_available_for_overlay_not_used_in_prospectivity_training_or_scoring,"https://www.mstcecommerce.com/auctionhome/download_docs.jsp?FILE_ID=27330_Betjharan%20Titanium,%20Vanadium%20and%20Iron%20Ore%20Block_MBS.pdf&path=dynamiclinks&portal=mlcl&mdTyp=-",https://www.mstcecommerce.com/auctionhome/download_docs.jsp?FILE_ID=27316_GoI%20MoM%20-%20Tranche%20VIII%20-%20NIT.pdf&path=dynamiclinks&portal=mlcl&mdTyp=-,39,0.66236029,0.25641026,38.81702423,True,True,True,True,0.38740391,0.74441761,9.00000000,False,False,Molybdenum,regional_background,False,False,"The source identifies an auction or exploration target, not a confirmed deposit, resource, reserve, discovery, grade continuity, economic viability, current grant, operating mine, or permission to enter land. Source-independent publication does not prove knowledge-independence from historical mineral evidence.","[""official_auction_or_exploration_target_not_confirmed_deposit"",""complete_historical_source_label_independence_not_established""]"
OBT-5859c6c2b96f9043,central_critical_mineral_auction,betjharan,"[""CMB-EVENT-T8-O14""]",1,"Betjharan Titanium, Vanadium and Iron Ore Block","[""Betjharan Titanium, Vanadium and Iron Ore Block""]",Odisha,Mayurbhanj,391.81000000,,22.25597000,86.31895500,863cab497ffffff,833c8cfffffffff,Vanadium,"[""vanadium""]","[""V""]",official_auction_or_exploration_target_not_confirmed_deposit,accepted,geometry_available_for_overlay_not_used_in_prospectivity_training_or_scoring,"https://www.mstcecommerce.com/auctionhome/download_docs.jsp?FILE_ID=27330_Betjharan%20Titanium,%20Vanadium%20and%20Iron%20Ore%20Block_MBS.pdf&path=dynamiclinks&portal=mlcl&mdTyp=-",https://www.mstcecommerce.com/auctionhome/download_docs.jsp?FILE_ID=27316_GoI%20MoM%20-%20Tranche%20VIII%20-%20NIT.pdf&path=dynamiclinks&portal=mlcl&mdTyp=-,10,0.37920000,0.00000000,38.81702423,True,True,True,True,0.33803537,0.93712687,12.00000000,False,False,Molybdenum,regional_background,False,False,"The source identifies an auction or exploration target, not a confirmed deposit, resource, reserve, discovery, grade continuity, economic viability, current grant, operating mine, or permission to enter land. Source-independent publication does not prove knowledge-independence from historical mineral evidence.","[""official_auction_or_exploration_target_not_confirmed_deposit"",""target_model_does_not_pass_internal_minimum_holdout_auc"",""complete_historical_source_label_independence_not_established""]"
OBT-07d258d1adde2417,central_critical_mineral_auction,bharatbahal,"[""CMB-EVENT-T6-O16""]",1,"Bharatbahal Graphite, Manganese and Associated Mineral Block","[""Bharatbahal Graphite, Manganese and Associated Mineral Block""]",Odisha,Balangir,201.31000000,,20.80600517,83.23481614,863c86327ffffff,833c86fffffffff,Graphite,"[""carbon""]","[""C""]",official_auction_or_exploration_target_not_confirmed_deposit,accepted,geometry_available_for_overlay_not_used_in_prospectivity_training_or_scoring,https://www.mstcecommerce.com/auctionhome/download_docs.jsp?FILE_ID=22695_8.%20Bharatbahal%20Block%20Summary.pdf&path=dynamiclinks&portal=mlcl&mdTyp=-,https://www.mstcecommerce.com/auctionhome/download_docs.jsp?FILE_ID=22681_GoI%20MoM%20-%20Tranche%20VI%20-%20NIT.pdf&path=dynamiclinks&portal=mlcl&mdTyp=-,15,0.87053333,0.53333333,16.13337708,False,True,False,False,0.49163735,0.96243745,2.00000000,False,True,Manganese,regional_background,False,False,"The source identifies an auction or exploration target, not a confirmed deposit, resource, reserve, discovery, grade continuity, economic viability, current grant, operating mine, or permission to enter land. Source-independent publication does not prove knowledge-independence from historical mineral evidence.","[""official_auction_or_exploration_target_not_confirmed_deposit"",""within_25km_of_training_evidence_excluded_from_primary_transfer_cohort"",""complete_historical_source_label_independence_not_established""]"
OBT-bd857318ae2b9762,central_critical_mineral_auction,bharatbahal,"[""CMB-EVENT-T6-O16""]",1,"Bharatbahal Graphite, Manganese and Associated Mineral Block","[""Bharatbahal Graphite, Manganese and Associated Mineral Block""]",Odisha,Balangir,201.31000000,,20.80600517,83.23481614,863c86327ffffff,833c86fffffffff,Manganese,"[""manganese""]","[""Mn""]",official_auction_or_exploration_target_not_confirmed_deposit,accepted,geometry_available_for_overlay_not_used_in_prospectivity_training_or_scoring,https://www.mstcecommerce.com/auctionhome/download_docs.jsp?FILE_ID=22695_8.%20Bharatbahal%20Block%20Summary.pdf&path=dynamiclinks&portal=mlcl&mdTyp=-,https://www.mstcecommerce.com/auctionhome/download_docs.jsp?FILE_ID=22681_GoI%20MoM%20-%20Tranche%20VI%20-%20NIT.pdf&path=dynamiclinks&portal=mlcl&mdTyp=-,130,0.85341124,0.20769231,136.95545959,True,True,True,True,0.58897704,0.96112168,1.00000000,True,True,Manganese,regional_background,False,False,"The source identifies an auction or exploration target, not a confirmed deposit, resource, reserve, discovery, grade continuity, economic viability, current grant, operating mine, or permission to enter land. Source-independent publication does not prove knowledge-independence from historical mineral evidence.","[""official_auction_or_exploration_target_not_confirmed_deposit"",""complete_historical_source_label_independence_not_established""]"
OBT-169bff0d9e281a9c,central_critical_mineral_auction,bharatbahal,"[""CMB-EVENT-T6-O16""]",1,"Bharatbahal Graphite, Manganese and Associated Mineral Block","[""Bharatbahal Graphite, Manganese and Associated Mineral Block""]",Odisha,Balangir,201.31000000,,20.80600517,83.23481614,863c86327ffffff,833c86fffffffff,Vanadium,"[""vanadium""]","[""V""]",official_auction_or_exploration_target_not_confirmed_deposit,accepted,geometry_available_for_overlay_not_used_in_prospectivity_training_or_scoring,https://www.mstcecommerce.com/auctionhome/download_docs.jsp?FILE_ID=22695_8.%20Bharatbahal%20Block%20Summary.pdf&path=dynamiclinks&portal=mlcl&mdTyp=-,https://www.mstcecommerce.com/auctionhome/download_docs.jsp?FILE_ID=22681_GoI%20MoM%20-%20Tranche%20VI%20-%20NIT.pdf&path=dynamiclinks&portal=mlcl&mdTyp=-,10,0.37920000,0.00000000,316.12808228,True,False,True,False,0.10177603,0.49600145,14.00000000,False,False,Manganese,regional_background,False,False,"The source identifies an auction or exploration target, not a confirmed deposit, resource, reserve, discovery, grade continuity, economic viability, current grant, operating mine, or permission to enter land. Source-independent publication does not prove knowledge-independence from historical mineral evidence.","[""official_auction_or_exploration_target_not_confirmed_deposit"",""target_model_does_not_pass_internal_minimum_holdout_auc"",""complete_historical_source_label_independence_not_established""]"
OBT-3ea5316d45b395db,central_critical_mineral_auction,bharusari,"[""CMB-EVENT-T2-O11""]",1,Bharusari Potash and Halite Block,"[""Bharusari Potash and Halite Block""]",Rajasthan,Hanumangarh,1417.32000000,,29.28109783,74.28593895,86424a3afffffff,83424afffffffff,Potash,"[""potassium chloride"",""potassium sulfate""]","[""KCl"",""K2SO4""]",official_auction_or_exploration_target_not_confirmed_deposit,accepted,geometry_available_for_overlay_not_used_in_prospectivity_training_or_scoring,https://www.mstcecommerce.com/auctionhome/download_docs.jsp?FILE_ID=14093_MBS_Bharusari%20Potash%20and%20Halite%20Block.pdf&path=dynamiclinks&portal=mlcl&mdTyp=-,https://www.mstcecommerce.com/auctionhome/download_docs.jsp?FILE_ID=14475_GoI-MoM%20Tranche%20II-NIT.pdf&path=dynamiclinks&portal=mlcl&mdTyp=-,0,,,,False,False,False,False,,,,False,False,Copper,regional_background,False,False,"The source identifies an auction or exploration target, not a confirmed deposit, resource, reserve, discovery, grade continuity, economic viability, current grant, operating mine, or permission to enter land. Source-independent publication does not prove knowledge-independence from historical mineral evidence.","[""official_auction_or_exploration_target_not_confirmed_deposit"",""within_25km_of_training_evidence_excluded_from_primary_transfer_cohort"",""target_model_below_published_minimum_support"",""target_model_does_not_pass_internal_minimum_holdout_auc"",""complete_historical_source_label_independence_not_established""]"
OBT-b95d1ffd4b8b4b29,central_critical_mineral_auction,bhatikhera,"[""CMB-EVENT-T6-O12""]",1,Bhatikhera Block,"[""Bhatikhera Block""]",Rajasthan,Balotra,133.98470000,,25.75577205,72.43733489,8642e912fffffff,8342e9fffffffff,Rare-earth elements,"[""scandium"",""yttrium"",""lanthanum"",""cerium"",""praseodymium"",""neodymium"",""promethium"",""samarium"",""europium"",""gadolinium"",""terbium"",""dysprosium"",""holmium"",""erbium"",""thulium"",""ytterbium"",""lutetium""]","[""Sc"",""Y"",""La"",""Ce"",""Pr"",""Nd"",""Pm"",""Sm"",""Eu"",""Gd"",""Tb"",""Dy"",""Ho"",""Er"",""Tm"",""Yb"",""Lu""]",official_auction_or_exploration_target_not_confirmed_deposit,accepted,geometry_available_for_overlay_not_used_in_prospectivity_training_or_scoring,https://www.mstcecommerce.com/auctionhome/download_docs.jsp?FILE_ID=22699_12.%20Bhatikhera%20Block%20Summary.pdf&path=dynamiclinks&portal=mlcl&mdTyp=-,https://www.mstcecommerce.com/auctionhome/download_docs.jsp?FILE_ID=22681_GoI%20MoM%20-%20Tranche%20VI%20-%20NIT.pdf&path=dynamiclinks&portal=mlcl&mdTyp=-,9,,,1397.04492188,True,False,True,False,0.08419971,0.68382180,18.00000000,False,False,Copper,regional_background,False,False,"The source identifies an auction or exploration target, not a confirmed deposit, resource, reserve, discovery, grade continuity, economic viability, current grant, operating mine, or permission to enter land. Source-independent publication does not prove knowledge-independence from historical mineral evidence.","[""official_auction_or_exploration_target_not_confirmed_deposit"",""target_model_below_published_minimum_support"",""target_model_does_not_pass_internal_minimum_holdout_auc"",""complete_historical_source_label_independence_not_established""]"
OBT-dee435e4ed001931,central_critical_mineral_auction,bhatikhera,"[""CMB-EVENT-T6-O12""]",1,Bhatikhera Block,"[""Bhatikhera Block""]",Rajasthan,Balotra,133.98470000,,25.75577205,72.43733489,8642e912fffffff,8342e9fffffffff,Zirconium,"[""zirconium""]","[""Zr""]",official_auction_or_exploration_target_not_confirmed_deposit,accepted,geometry_available_for_overlay_not_used_in_prospectivity_training_or_scoring,https://www.mstcecommerce.com/auctionhome/download_docs.jsp?FILE_ID=22699_12.%20Bhatikhera%20Block%20Summary.pdf&path=dynamiclinks&portal=mlcl&mdTyp=-,https://www.mstcecommerce.com/auctionhome/download_docs.jsp?FILE_ID=22681_GoI%20MoM%20-%20Tranche%20VI%20-%20NIT.pdf&path=dynamiclinks&portal=mlcl&mdTyp=-,12,0.71500000,0.00000000,1397.04492188,True,False,True,False,0.16073778,0.69181663,10.00000000,False,False,Copper,regional_background,False,False,"The source identifies an auction or exploration target, not a confirmed deposit, resource, reserve, discovery, grade continuity, economic viability, current grant, operating mine, or permission to enter land. Source-independent publication does not prove knowledge-independence from historical mineral evidence.","[""official_auction_or_exploration_target_not_confirmed_deposit"",""complete_historical_source_label_independence_not_established""]"
OBT-fbd8368eb2feab63,central_critical_mineral_auction,chiknipani,"[""CMB-EVENT-T2-O12"",""CMB-EVENT-T4-O18""]",2,Chiknipani Tungsten Block,"[""Chiknipani Tungsten Block""]",Chhattisgarh,Jashpur,649.80500000,,22.52238360,83.70240814,863ca362fffffff,833ca3fffffffff,Tungsten,"[""tungsten""]","[""W""]",official_auction_or_exploration_target_not_confirmed_deposit,accepted,geometry_available_for_overlay_not_used_in_prospectivity_training_or_scoring,https://www.mstcecommerce.com/auctionhome/download_docs.jsp?FILE_ID=15833_18.%20MBS_Chiknipani%20Tungsten%20Block.pdf&path=dynamiclinks&portal=mlcl&mdTyp=-,https://www.mstcecommerce.com/auctionhome/download_docs.jsp?FILE_ID=15825_1.%20GoI%20MoM%20-%20Tranche%20IV%20-%20NIT.pdf&path=dynamiclinks&portal=mlcl&mdTyp=-,3,,,319.17074585,True,False,True,False,0.02213583,,21.00000000,False,False,Silver,regional_background,False,False,"The source identifies an auction or exploration target, not a confirmed deposit, resource, reserve, discovery, grade continuity, economic viability, current grant, operating mine, or permission to enter land. Source-independent publication does not prove knowledge-independence from historical mineral evidence.","[""official_auction_or_exploration_target_not_confirmed_deposit"",""target_model_below_published_minimum_support"",""target_model_does_not_pass_internal_minimum_holdout_auc"",""complete_historical_source_label_independence_not_established""]"
OBT-bdce2e1208a9cbc7,central_critical_mineral_auction,chistiyan-south,"[""CMB-EVENT-T8-O12""]",1,Chistiyan South Potash and Halite Block,"[""Chistiyan South Potash and Halite Block""]",Rajasthan,Hanumangarh,199.56140000,,29.65041191,74.24692139,86424aa57ffffff,83424afffffffff,Potash,"[""potassium chloride"",""potassium sulfate""]","[""KCl"",""K2SO4""]",official_auction_or_exploration_target_not_confirmed_deposit,accepted,geometry_available_for_overlay_not_used_in_prospectivity_training_or_scoring,https://www.mstcecommerce.com/auctionhome/download_docs.jsp?FILE_ID=27332_Chistiyan%20South%20Potash%20and%20Halite%20Block_MBS.pdf&path=dynamiclinks&portal=mlcl&mdTyp=-,https://www.mstcecommerce.com/auctionhome/download_docs.jsp?FILE_ID=27316_GoI%20MoM%20-%20Tranche%20VIII%20-%20NIT.pdf&path=dynamiclinks&portal=mlcl&mdTyp=-,0,,,,False,False,False,False,,,,False,False,Copper,regional_background,False,False,"The source identifies an auction or exploration target, not a confirmed deposit, resource, reserve, discovery, grade continuity, economic viability, current grant, operating mine, or permission to enter land. Source-independent publication does not prove knowledge-independence from historical mineral evidence.","[""official_auction_or_exploration_target_not_confirmed_deposit"",""within_25km_of_training_evidence_excluded_from_primary_transfer_cohort"",""target_model_below_published_minimum_support"",""target_model_does_not_pass_internal_minimum_holdout_auc"",""complete_historical_source_label_independence_not_established""]"
OBT-c2bf32302ed7e948,central_critical_mineral_auction,chittalnar-kumakoleng-tin,"[""CMB-EVENT-T6-O20""]",1,Chittalnar-Kumakoleng Tin Ore Block,"[""Chittalnar-Kumakoleng Tin Ore Block""]",Chhattisgarh,Sukma and Bastar,950.07000000,,18.70091699,81.91504837,863c946dfffffff,833c90fffffffff,Tin,"[""tin""]","[""Sn""]",official_auction_or_exploration_target_not_confirmed_deposit,accepted,geometry_available_for_overlay_not_used_in_prospectivity_training_or_scoring,https://www.mstcecommerce.com/auctionhome/download_docs.jsp?FILE_ID=22690_4.%20Chittalnar-Kumakoleng%20Tin%20Ore%20Block%20Summary.pdf&path=dynamiclinks&portal=mlcl&mdTyp=-,https://www.mstcecommerce.com/auctionhome/download_docs.jsp?FILE_ID=22681_GoI%20MoM%20-%20Tranche%20VI%20-%20NIT.pdf&path=dynamiclinks&portal=mlcl&mdTyp=-,0,,,,False,False,False,False,,,,False,False,Manganese,known_evidence_area,False,False,"The source identifies an auction or exploration target, not a confirmed deposit, resource, reserve, discovery, grade continuity, economic viability, current grant, operating mine, or permission to enter land. Source-independent publication does not prove knowledge-independence from historical mineral evidence.","[""official_auction_or_exploration_target_not_confirmed_deposit"",""within_25km_of_training_evidence_excluded_from_primary_transfer_cohort"",""target_model_below_published_minimum_support"",""target_model_does_not_pass_internal_minimum_holdout_auc"",""complete_historical_source_label_independence_not_established""]"
OBT-0eb06dc459da0a86,central_critical_mineral_auction,depo,"[""CMB-EVENT-T2-O13"",""CMB-EVENT-T4-O13""]",2,Depo Vanadium and Graphite Block,"[""Depo Vanadium and Graphite Block""]",Arunachal Pradesh,Papum Pare,104.65000000,,27.28780707,93.66908427,863c5378fffffff,833c53fffffffff,Graphite,"[""carbon""]","[""C""]",official_auction_or_exploration_target_not_confirmed_deposit,accepted,geometry_available_for_overlay_not_used_in_prospectivity_training_or_scoring,"https://www.mstcecommerce.com/auctionhome/download_docs.jsp?FILE_ID=15838_13.%20MBS_Depo%20Vanadium,%20Graphite%20Block%2023.02.2024.pdf&path=dynamiclinks&portal=mlcl&mdTyp=-",https://www.mstcecommerce.com/auctionhome/download_docs.jsp?FILE_ID=15825_1.%20GoI%20MoM%20-%20Tranche%20IV%20-%20NIT.pdf&path=dynamiclinks&portal=mlcl&mdTyp=-,15,0.87053333,0.53333333,1014.54675293,True,False,True,False,0.00001300,0.09714647,23.00000000,False,False,Gold,regional_background,False,False,"The source identifies an auction or exploration target, not a confirmed deposit, resource, reserve, discovery, grade continuity, economic viability, current grant, operating mine, or permission to enter land. Source-independent publication does not prove knowledge-independence from historical mineral evidence.","[""official_auction_or_exploration_target_not_confirmed_deposit"",""complete_historical_source_label_independence_not_established""]"
OBT-72ac4d15373202b1,central_critical_mineral_auction,depo,"[""CMB-EVENT-T2-O13"",""CMB-EVENT-T4-O13""]",2,Depo Vanadium and Graphite Block,"[""Depo Vanadium and Graphite Block""]",Arunachal Pradesh,Papum Pare,104.65000000,,27.28780707,93.66908427,863c5378fffffff,833c53fffffffff,Vanadium,"[""vanadium""]","[""V""]",official_auction_or_exploration_target_not_confirmed_deposit,accepted,geometry_available_for_overlay_not_used_in_prospectivity_training_or_scoring,"https://www.mstcecommerce.com/auctionhome/download_docs.jsp?FILE_ID=15838_13.%20MBS_Depo%20Vanadium,%20Graphite%20Block%2023.02.2024.pdf&path=dynamiclinks&portal=mlcl&mdTyp=-",https://www.mstcecommerce.com/auctionhome/download_docs.jsp?FILE_ID=15825_1.%20GoI%20MoM%20-%20Tranche%20IV%20-%20NIT.pdf&path=dynamiclinks&portal=mlcl&mdTyp=-,10,0.37920000,0.00000000,801.23284912,True,False,True,False,0.00010119,0.04307180,16.00000000,False,False,Gold,regional_background,False,False,"The source identifies an auction or exploration target, not a confirmed deposit, resource, reserve, discovery, grade continuity, economic viability, current grant, operating mine, or permission to enter land. Source-independent publication does not prove knowledge-independence from historical mineral evidence.","[""official_auction_or_exploration_target_not_confirmed_deposit"",""target_model_does_not_pass_internal_minimum_holdout_auc"",""complete_historical_source_label_independence_not_established""]"
OBT-9536ef357f69eaf7,central_critical_mineral_auction,dindo-belkurta-basera,"[""CMB-EVENT-T7-O14""]",1,Dindo-Belkurta-Basera Graphite Block,"[""Dindo-Belkurta-Basera Graphite Block""]",Chhattisgarh,Balrampur district (Formerly Surguja district),5427.37000000,,23.91725041,83.37676022,863ca1c57ffffff,833ca1fffffffff,Graphite,"[""carbon""]","[""C""]",official_auction_or_exploration_target_not_confirmed_deposit,accepted,geometry_available_for_overlay_not_used_in_prospectivity_training_or_scoring,https://www.mstcecommerce.com/auctionhome/download_docs.jsp?FILE_ID=25656_7%20Dindo-Belkurta-Basera%20Graphite%20Block.pdf&path=dynamiclinks&portal=mlcl&mdTyp=-,https://www.mstcecommerce.com/auctionhome/download_docs.jsp?FILE_ID=25649_GoI%20MoM%20-%20Tranche%20VII%20-%20NIT_N.pdf&path=dynamiclinks&portal=mlcl&mdTyp=-,15,0.87053333,0.53333333,74.58433533,True,True,True,True,0.62545639,0.97119415,1.00000000,True,True,Graphite,regional_background,False,False,"The source identifies an auction or exploration target, not a confirmed deposit, resource, reserve, discovery, grade continuity, economic viability, current grant, operating mine, or permission to enter land. Source-independent publication does not prove knowledge-independence from historical mineral evidence.","[""official_auction_or_exploration_target_not_confirmed_deposit"",""complete_historical_source_label_independence_not_established""]"
OBT-6345604edb5ccca8,central_critical_mineral_auction,dombarahalli,"[""CMB-EVENT-T4-O06"",""CMB-EVENT-T5-O11""]",2,Dombarahalli Phosphate and REE Block,"[""Dombarahalli Phosphate and REE Block""]",Karnataka,Koppal,558.28000000,,15.26166667,76.10569444,8660accd7ffffff,8360acfffffffff,Phosphorus,"[""phosphorus""]","[""P""]",official_auction_or_exploration_target_not_confirmed_deposit,accepted,geometry_available_for_overlay_not_used_in_prospectivity_training_or_scoring,https://www.mstcecommerce.com/auctionhome/download_docs.jsp?FILE_ID=18654_11.MBS_Dombarahalli_Phosphate_and_REE_Block.pdf&path=dynamiclinks&portal=mlcl&mdTyp=-,https://www.mstcecommerce.com/auctionhome/download_docs.jsp?FILE_ID=18641_GoI%20MoM%20-%20Tranche%20V%20-%20Notice%20Inviting%20Tender.pdf&path=dynamiclinks&portal=mlcl&mdTyp=-,85,0.70646367,0.08235294,32.14725494,True,True,True,True,0.49783611,0.92436194,3.00000000,False,True,Silicon,regional_background,False,False,"The source identifies an auction or exploration target, not a confirmed deposit, resource, reserve, discovery, grade continuity, economic viability, current grant, operating mine, or permission to enter land. Source-independent publication does not prove knowledge-independence from historical mineral evidence.","[""official_auction_or_exploration_target_not_confirmed_deposit"",""complete_historical_source_label_independence_not_established""]"
OBT-4e49f5af2ed84b67,central_critical_mineral_auction,dombarahalli,"[""CMB-EVENT-T4-O06"",""CMB-EVENT-T5-O11""]",2,Dombarahalli Phosphate and REE Block,"[""Dombarahalli Phosphate and REE Block""]",Karnataka,Koppal,558.28000000,,15.26166667,76.10569444,8660accd7ffffff,8360acfffffffff,Rare-earth elements,"[""scandium"",""yttrium"",""lanthanum"",""cerium"",""praseodymium"",""neodymium"",""promethium"",""samarium"",""europium"",""gadolinium"",""terbium"",""dysprosium"",""holmium"",""erbium"",""thulium"",""ytterbium"",""lutetium""]","[""Sc"",""Y"",""La"",""Ce"",""Pr"",""Nd"",""Pm"",""Sm"",""Eu"",""Gd"",""Tb"",""Dy"",""Ho"",""Er"",""Tm"",""Yb"",""Lu""]",official_auction_or_exploration_target_not_confirmed_deposit,accepted,geometry_available_for_overlay_not_used_in_prospectivity_training_or_scoring,https://www.mstcecommerce.com/auctionhome/download_docs.jsp?FILE_ID=18654_11.MBS_Dombarahalli_Phosphate_and_REE_Block.pdf&path=dynamiclinks&portal=mlcl&mdTyp=-,https://www.mstcecommerce.com/auctionhome/download_docs.jsp?FILE_ID=18641_GoI%20MoM%20-%20Tranche%20V%20-%20Notice%20Inviting%20Tender.pdf&path=dynamiclinks&portal=mlcl&mdTyp=-,9,,,576.08197021,True,False,True,False,0.00094086,0.43042436,22.00000000,False,False,Silicon,regional_background,False,False,"The source identifies an auction or exploration target, not a confirmed deposit, resource, reserve, discovery, grade continuity, economic viability, current grant, operating mine, or permission to enter land. Source-independent publication does not prove knowledge-independence from historical mineral evidence.","[""official_auction_or_exploration_target_not_confirmed_deposit"",""target_model_below_published_minimum_support"",""target_model_does_not_pass_internal_minimum_holdout_auc"",""complete_historical_source_label_independence_not_established""]"
OBT-3db0e3bee72032bc,central_critical_mineral_auction,dongarla,"[""CMB-EVENT-T8-O16""]",1,Dongarla REE and RM Block,"[""Dongarla REE and RM Block""]",Maharashtra,Bhandara,397.84500000,,21.40102361,79.77302222,863cb451fffffff,833cb4fffffffff,Rare-earth elements,"[""scandium"",""yttrium"",""lanthanum"",""cerium"",""praseodymium"",""neodymium"",""promethium"",""samarium"",""europium"",""gadolinium"",""terbium"",""dysprosium"",""holmium"",""erbium"",""thulium"",""ytterbium"",""lutetium""]","[""Sc"",""Y"",""La"",""Ce"",""Pr"",""Nd"",""Pm"",""Sm"",""Eu"",""Gd"",""Tb"",""Dy"",""Ho"",""Er"",""Tm"",""Yb"",""Lu""]",official_auction_or_exploration_target_not_confirmed_deposit,accepted,geometry_available_for_overlay_not_used_in_prospectivity_training_or_scoring,https://www.mstcecommerce.com/auctionhome/download_docs.jsp?FILE_ID=27328_Dongarla%20REE%20and%20RM%20Block_MBS.pdf&path=dynamiclinks&portal=mlcl&mdTyp=-,https://www.mstcecommerce.com/auctionhome/download_docs.jsp?FILE_ID=27316_GoI%20MoM%20-%20Tranche%20VIII%20-%20NIT.pdf&path=dynamiclinks&portal=mlcl&mdTyp=-,9,,,587.26892090,True,False,True,False,0.00084128,0.42392784,25.00000000,False,False,Manganese,regional_background,False,False,"The source identifies an auction or exploration target, not a confirmed deposit, resource, reserve, discovery, grade continuity, economic viability, current grant, operating mine, or permission to enter land. Source-independent publication does not prove knowledge-independence from historical mineral evidence.","[""official_auction_or_exploration_target_not_confirmed_deposit"",""target_model_below_published_minimum_support"",""target_model_does_not_pass_internal_minimum_holdout_auc"",""complete_historical_source_label_independence_not_established""]"
OBT-b27c4d231660c1e8,central_critical_mineral_auction,dudhiasol-east,"[""CMB-EVENT-T1-O05""]",1,Dudhiasol East Nickel and Copper Block,"[""Dudhiasol East Nickel and Copper Block""]",Odisha,Mayurbhanj,104.30000000,,22.11638895,86.67958370,863c8ca0fffffff,833c8cfffffffff,Copper,"[""copper""]","[""Cu""]",official_auction_or_exploration_target_not_confirmed_deposit,accepted,geometry_available_for_overlay_not_used_in_prospectivity_training_or_scoring,https://www.mstcecommerce.com/auctionhome/download_docs.jsp?FILE_ID=12701_MBS_Dudhiasol%20East%20Nickel%20and%20Copper%20Block.pdf&path=dynamiclinks&portal=mlcl&mdTyp=-,https://www.mstcecommerce.com/auctionhome/download_docs.jsp?FILE_ID=12721_Tranche-1-NIT%2020%20Blocks.pdf&path=dynamiclinks&portal=mlcl&mdTyp=-,174,0.64359559,0.17816092,2.81590724,False,True,False,False,0.74028182,,1.00000000,True,True,Copper,known_evidence_area,False,False,"The source identifies an auction or exploration target, not a confirmed deposit, resource, reserve, discovery, grade continuity, economic viability, current grant, operating mine, or permission to enter land. Source-independent publication does not prove knowledge-independence from historical mineral evidence.","[""official_auction_or_exploration_target_not_confirmed_deposit"",""within_25km_of_training_evidence_excluded_from_primary_transfer_cohort"",""complete_historical_source_label_independence_not_established""]"
OBT-c5b79514b6fb35a2,central_critical_mineral_auction,dudhiasol-east,"[""CMB-EVENT-T1-O05""]",1,Dudhiasol East Nickel and Copper Block,"[""Dudhiasol East Nickel and Copper Block""]",Odisha,Mayurbhanj,104.30000000,,22.11638895,86.67958370,863c8ca0fffffff,833c8cfffffffff,Nickel,"[""nickel""]","[""Ni""]",official_auction_or_exploration_target_not_confirmed_deposit,accepted,geometry_available_for_overlay_not_used_in_prospectivity_training_or_scoring,https://www.mstcecommerce.com/auctionhome/download_docs.jsp?FILE_ID=12701_MBS_Dudhiasol%20East%20Nickel%20and%20Copper%20Block.pdf&path=dynamiclinks&portal=mlcl&mdTyp=-,https://www.mstcecommerce.com/auctionhome/download_docs.jsp?FILE_ID=12721_Tranche-1-NIT%2020%20Blocks.pdf&path=dynamiclinks&portal=mlcl&mdTyp=-,7,,,48.34204865,True,True,True,True,0.29625526,0.97035044,12.00000000,False,False,Copper,known_evidence_area,False,False,"The source identifies an auction or exploration target, not a confirmed deposit, resource, reserve, discovery, grade continuity, economic viability, current grant, operating mine, or permission to enter land. Source-independent publication does not prove knowledge-independence from historical mineral evidence.","[""official_auction_or_exploration_target_not_confirmed_deposit"",""target_model_below_published_minimum_support"",""target_model_does_not_pass_internal_minimum_holdout_auc"",""complete_historical_source_label_independence_not_established""]"
OBT-d14950c628a7e95d,central_critical_mineral_auction,endolin-isholin,"[""CMB-EVENT-T4-O01""]",1,Endolin-Isholin Graphite Block,"[""Endolin-Isholin Graphite Block""]",Arunachal Pradesh,Upper Dibang Valley,503.15000000,,28.51009294,95.83267922,863c588f7ffffff,833c58fffffffff,Graphite,"[""carbon""]","[""C""]",official_auction_or_exploration_target_not_confirmed_deposit,accepted,geometry_available_for_overlay_not_used_in_prospectivity_training_or_scoring,https://www.mstcecommerce.com/auctionhome/download_docs.jsp?FILE_ID=15850_1.%20MBS%20Endolin-Isholin%20Graphite%20Block.pdf&path=dynamiclinks&portal=mlcl&mdTyp=-,https://www.mstcecommerce.com/auctionhome/download_docs.jsp?FILE_ID=15825_1.%20GoI%20MoM%20-%20Tranche%20IV%20-%20NIT.pdf&path=dynamiclinks&portal=mlcl&mdTyp=-,15,0.87053333,0.53333333,1264.90283203,True,False,True,False,0.00000106,0.03488031,23.00000000,False,False,Gold,regional_background,False,False,"The source identifies an auction or exploration target, not a confirmed deposit, resource, reserve, discovery, grade continuity, economic viability, current grant, operating mine, or permission to enter land. Source-independent publication does not prove knowledge-independence from historical mineral evidence.","[""official_auction_or_exploration_target_not_confirmed_deposit"",""complete_historical_source_label_independence_not_established""]"
OBT-00658ede3657481f,central_critical_mineral_auction,ganacharpura,"[""CMB-EVENT-T5-O04""]",1,Ganacharpura Graphite Block,"[""Ganacharpura Graphite Block""]",Karnataka,Kolar,500.92500000,,13.04557664,78.22915791,8661890a7ffffff,836189fffffffff,Graphite,"[""carbon""]","[""C""]",official_auction_or_exploration_target_not_confirmed_deposit,accepted,geometry_available_for_overlay_not_used_in_prospectivity_training_or_scoring,https://www.mstcecommerce.com/auctionhome/download_docs.jsp?FILE_ID=18662_3.MBS_Ganacharpura_Block_Final_CL.pdf&path=dynamiclinks&portal=mlcl&mdTyp=-,https://www.mstcecommerce.com/auctionhome/download_docs.jsp?FILE_ID=18641_GoI%20MoM%20-%20Tranche%20V%20-%20Notice%20Inviting%20Tender.pdf&path=dynamiclinks&portal=mlcl&mdTyp=-,15,0.87053333,0.53333333,334.06015015,True,False,True,False,0.01173119,0.59462202,18.00000000,False,False,Iron,regional_background,False,False,"The source identifies an auction or exploration target, not a confirmed deposit, resource, reserve, discovery, grade continuity, economic viability, current grant, operating mine, or permission to enter land. Source-independent publication does not prove knowledge-independence from historical mineral evidence.","[""official_auction_or_exploration_target_not_confirmed_deposit"",""complete_historical_source_label_independence_not_established""]"
OBT-270a6803bd27b4b8,central_critical_mineral_auction,genjana,"[""CMB-EVENT-T1-O06"",""CMB-EVENT-T3-O02""]",2,"Genjana Nickel, Chromium and PGE Block","[""Genjana Nickel, Chromium and PGE Block""]",Bihar,Gaya,788.85000000,,24.50760011,84.59864934,863cac887ffffff,833cacfffffffff,Chromium,"[""chromium""]","[""Cr""]",official_auction_or_exploration_target_not_confirmed_deposit,accepted,geometry_available_for_overlay_not_used_in_prospectivity_training_or_scoring,https://www.mstcecommerce.com/auctionhome/download_docs.jsp?FILE_ID=14485_MBS_Genjana%20Nickel%20Chromium%20and%20PGE%20Block.pdf&path=dynamiclinks&portal=mlcl&mdTyp=-,https://www.mstcecommerce.com/auctionhome/download_docs.jsp?FILE_ID=14477_Notice%20Inviting%20Tender%20(NIT)%20-%20%20Tranche%20III.pdf&path=dynamiclinks&portal=mlcl&mdTyp=-,72,0.96467978,0.95833333,338.36956787,True,False,True,False,0.07147925,0.83591813,20.00000000,False,False,Copper,regional_background,False,False,"The source identifies an auction or exploration target, not a confirmed deposit, resource, reserve, discovery, grade continuity, economic viability, current grant, operating mine, or permission to enter land. Source-independent publication does not prove knowledge-independence from historical mineral evidence.","[""official_auction_or_exploration_target_not_confirmed_deposit"",""complete_historical_source_label_independence_not_established""]"
OBT-0f262ada407e2a17,central_critical_mineral_auction,genjana,"[""CMB-EVENT-T1-O06"",""CMB-EVENT-T3-O02""]",2,"Genjana Nickel, Chromium and PGE Block","[""Genjana Nickel, Chromium and PGE Block""]",Bihar,Gaya,788.85000000,,24.50760011,84.59864934,863cac887ffffff,833cacfffffffff,Nickel,"[""nickel""]","[""Ni""]",official_auction_or_exploration_target_not_confirmed_deposit,accepted,geometry_available_for_overlay_not_used_in_prospectivity_training_or_scoring,https://www.mstcecommerce.com/auctionhome/download_docs.jsp?FILE_ID=14485_MBS_Genjana%20Nickel%20Chromium%20and%20PGE%20Block.pdf&path=dynamiclinks&portal=mlcl&mdTyp=-,https://www.mstcecommerce.com/auctionhome/download_docs.jsp?FILE_ID=14477_Notice%20Inviting%20Tender%20(NIT)%20-%20%20Tranche%20III.pdf&path=dynamiclinks&portal=mlcl&mdTyp=-,7,,,289.14871216,True,False,True,False,0.05509428,0.78267872,21.00000000,False,False,Copper,regional_background,False,False,"The source identifies an auction or exploration target, not a confirmed deposit, resource, reserve, discovery, grade continuity, economic viability, current grant, operating mine, or permission to enter land. Source-independent publication does not prove knowledge-independence from historical mineral evidence.","[""official_auction_or_exploration_target_not_confirmed_deposit"",""target_model_below_published_minimum_support"",""target_model_does_not_pass_internal_minimum_holdout_auc"",""complete_historical_source_label_independence_not_established""]"
OBT-8d7bfe57c0fa413e,central_critical_mineral_auction,genjana,"[""CMB-EVENT-T1-O06"",""CMB-EVENT-T3-O02""]",2,"Genjana Nickel, Chromium and PGE Block","[""Genjana Nickel, Chromium and PGE Block""]",Bihar,Gaya,788.85000000,,24.50760011,84.59864934,863cac887ffffff,833cacfffffffff,Platinum-group elements,"[""platinum"",""palladium"",""rhodium"",""ruthenium"",""iridium"",""osmium""]","[""Pt"",""Pd"",""Rh"",""Ru"",""Ir"",""Os""]",official_auction_or_exploration_target_not_confirmed_deposit,accepted,geometry_available_for_overlay_not_used_in_prospectivity_training_or_scoring,https://www.mstcecommerce.com/auctionhome/download_docs.jsp?FILE_ID=14485_MBS_Genjana%20Nickel%20Chromium%20and%20PGE%20Block.pdf&path=dynamiclinks&portal=mlcl&mdTyp=-,https://www.mstcecommerce.com/auctionhome/download_docs.jsp?FILE_ID=14477_Notice%20Inviting%20Tender%20(NIT)%20-%20%20Tranche%20III.pdf&path=dynamiclinks&portal=mlcl&mdTyp=-,8,,,268.37673950,True,False,True,False,0.19823688,0.88857228,10.00000000,False,False,Copper,regional_background,False,False,"The source identifies an auction or exploration target, not a confirmed deposit, resource, reserve, discovery, grade continuity, economic viability, current grant, operating mine, or permission to enter land. Source-independent publication does not prove knowledge-independence from historical mineral evidence.","[""official_auction_or_exploration_target_not_confirmed_deposit"",""target_model_below_published_minimum_support"",""target_model_does_not_pass_internal_minimum_holdout_auc"",""complete_historical_source_label_independence_not_established""]"
OBT-2284d9bff380ec5f,central_critical_mineral_auction,golighat,"[""CMB-EVENT-T2-O03""]",1,Golighat Graphite and Vanadium Block,"[""Golighat Graphite and Vanadium Block""]",Madhya Pradesh,Betul,82.00000000,,21.88887864,77.66887961,86609235fffffff,836092fffffffff,Graphite,"[""carbon""]","[""C""]",official_auction_or_exploration_target_not_confirmed_deposit,accepted,geometry_available_for_overlay_not_used_in_prospectivity_training_or_scoring,https://www.mstcecommerce.com/auctionhome/download_docs.jsp?FILE_ID=14101_MBS%20Golighat%20Graphite%20and%20Vanadium%20Block.pdf&path=dynamiclinks&portal=mlcl&mdTyp=-,https://www.mstcecommerce.com/auctionhome/download_docs.jsp?FILE_ID=14475_GoI-MoM%20Tranche%20II-NIT.pdf&path=dynamiclinks&portal=mlcl&mdTyp=-,15,0.87053333,0.53333333,378.43212891,True,False,True,False,0.04046981,0.73799759,17.00000000,False,False,Manganese,regional_background,False,False,"The source identifies an auction or exploration target, not a confirmed deposit, resource, reserve, discovery, grade continuity, economic viability, current grant, operating mine, or permission to enter land. Source-independent publication does not prove knowledge-independence from historical mineral evidence.","[""official_auction_or_exploration_target_not_confirmed_deposit"",""complete_historical_source_label_independence_not_established""]"
OBT-4d404dc254b82e52,central_critical_mineral_auction,golighat,"[""CMB-EVENT-T2-O03""]",1,Golighat Graphite and Vanadium Block,"[""Golighat Graphite and Vanadium Block""]",Madhya Pradesh,Betul,82.00000000,,21.88887864,77.66887961,86609235fffffff,836092fffffffff,Vanadium,"[""vanadium""]","[""V""]",official_auction_or_exploration_target_not_confirmed_deposit,accepted,geometry_available_for_overlay_not_used_in_prospectivity_training_or_scoring,https://www.mstcecommerce.com/auctionhome/download_docs.jsp?FILE_ID=14101_MBS%20Golighat%20Graphite%20and%20Vanadium%20Block.pdf&path=dynamiclinks&portal=mlcl&mdTyp=-,https://www.mstcecommerce.com/auctionhome/download_docs.jsp?FILE_ID=14475_GoI-MoM%20Tranche%20II-NIT.pdf&path=dynamiclinks&portal=mlcl&mdTyp=-,10,0.37920000,0.00000000,224.02264404,True,True,True,True,0.13324088,0.73573470,7.00000000,False,False,Manganese,regional_background,False,False,"The source identifies an auction or exploration target, not a confirmed deposit, resource, reserve, discovery, grade continuity, economic viability, current grant, operating mine, or permission to enter land. Source-independent publication does not prove knowledge-independence from historical mineral evidence.","[""official_auction_or_exploration_target_not_confirmed_deposit"",""target_model_does_not_pass_internal_minimum_holdout_auc"",""complete_historical_source_label_independence_not_established""]"
OBT-28a13fbca5996fca,central_critical_mineral_auction,gollarahatti-mallenahalli,"[""CMB-EVENT-T2-O14""]",1,"Gollarahatti-Mallenahalli Nickel, Chromium and PGE Block","[""Gollarahatti-Mallenahalli Nickel, Chromium and PGE Block""]",Karnataka,Hassan,1238.12200000,,13.41039883,76.39027114,8660100a7ffffff,836010fffffffff,Chromium,"[""chromium""]","[""Cr""]",official_auction_or_exploration_target_not_confirmed_deposit,accepted,geometry_available_for_overlay_not_used_in_prospectivity_training_or_scoring,https://www.mstcecommerce.com/auctionhome/download_docs.jsp?FILE_ID=14090_MBS_Gollarahatti-Mallenahalli%20Ni%20and%20PGE%20Block.pdf&path=dynamiclinks&portal=mlcl&mdTyp=-,https://www.mstcecommerce.com/auctionhome/download_docs.jsp?FILE_ID=14475_GoI-MoM%20Tranche%20II-NIT.pdf&path=dynamiclinks&portal=mlcl&mdTyp=-,72,0.96467978,0.95833333,32.66639709,True,True,True,True,0.80982906,0.99672019,1.00000000,True,True,Chromium,priority_candidate,True,True,"The source identifies an auction or exploration target, not a confirmed deposit, resource, reserve, discovery, grade continuity, economic viability, current grant, operating mine, or permission to enter land. Source-independent publication does not prove knowledge-independence from historical mineral evidence.","[""official_auction_or_exploration_target_not_confirmed_deposit"",""complete_historical_source_label_independence_not_established""]"
OBT-7cb789f93d2f5a95,central_critical_mineral_auction,gollarahatti-mallenahalli,"[""CMB-EVENT-T2-O14""]",1,"Gollarahatti-Mallenahalli Nickel, Chromium and PGE Block","[""Gollarahatti-Mallenahalli Nickel, Chromium and PGE Block""]",Karnataka,Hassan,1238.12200000,,13.41039883,76.39027114,8660100a7ffffff,836010fffffffff,Nickel,"[""nickel""]","[""Ni""]",official_auction_or_exploration_target_not_confirmed_deposit,accepted,geometry_available_for_overlay_not_used_in_prospectivity_training_or_scoring,https://www.mstcecommerce.com/auctionhome/download_docs.jsp?FILE_ID=14090_MBS_Gollarahatti-Mallenahalli%20Ni%20and%20PGE%20Block.pdf&path=dynamiclinks&portal=mlcl&mdTyp=-,https://www.mstcecommerce.com/auctionhome/download_docs.jsp?FILE_ID=14475_GoI-MoM%20Tranche%20II-NIT.pdf&path=dynamiclinks&portal=mlcl&mdTyp=-,7,,,469.12368774,True,False,True,False,0.00260058,0.29330885,23.00000000,False,False,Chromium,priority_candidate,True,False,"The source identifies an auction or exploration target, not a confirmed deposit, resource, reserve, discovery, grade continuity, economic viability, current grant, operating mine, or permission to enter land. Source-independent publication does not prove knowledge-independence from historical mineral evidence.","[""official_auction_or_exploration_target_not_confirmed_deposit"",""target_model_below_published_minimum_support"",""target_model_does_not_pass_internal_minimum_holdout_auc"",""complete_historical_source_label_independence_not_established""]"
OBT-6ad5299616d6dcf9,central_critical_mineral_auction,gollarahatti-mallenahalli,"[""CMB-EVENT-T2-O14""]",1,"Gollarahatti-Mallenahalli Nickel, Chromium and PGE Block","[""Gollarahatti-Mallenahalli Nickel, Chromium and PGE Block""]",Karnataka,Hassan,1238.12200000,,13.41039883,76.39027114,8660100a7ffffff,836010fffffffff,Platinum-group elements,"[""platinum"",""palladium"",""rhodium"",""ruthenium"",""iridium"",""osmium""]","[""Pt"",""Pd"",""Rh"",""Ru"",""Ir"",""Os""]",official_auction_or_exploration_target_not_confirmed_deposit,accepted,geometry_available_for_overlay_not_used_in_prospectivity_training_or_scoring,https://www.mstcecommerce.com/auctionhome/download_docs.jsp?FILE_ID=14090_MBS_Gollarahatti-Mallenahalli%20Ni%20and%20PGE%20Block.pdf&path=dynamiclinks&portal=mlcl&mdTyp=-,https://www.mstcecommerce.com/auctionhome/download_docs.jsp?FILE_ID=14475_GoI-MoM%20Tranche%20II-NIT.pdf&path=dynamiclinks&portal=mlcl&mdTyp=-,8,,,124.41410828,True,True,True,True,0.16494241,0.61849469,9.00000000,False,False,Chromium,priority_candidate,True,False,"The source identifies an auction or exploration target, not a confirmed deposit, resource, reserve, discovery, grade continuity, economic viability, current grant, operating mine, or permission to enter land. Source-independent publication does not prove knowledge-independence from historical mineral evidence.","[""official_auction_or_exploration_target_not_confirmed_deposit"",""target_model_below_published_minimum_support"",""target_model_does_not_pass_internal_minimum_holdout_auc"",""complete_historical_source_label_independence_not_established""]"
OBT-2d39b6e4f8e1d976,central_critical_mineral_auction,govindpur,"[""CMB-EVENT-T6-O08"",""CMB-EVENT-T7-O04""]",2,Govindpur Vanadium Titanium and Aluminous Laterite Block,"[""Govindpur Vanadium Titanium and Aluminous Laterite Block""]",Telangana,Sangareddy,371.52000000,,17.63435206,77.58048704,866084c77ffffff,836084fffffffff,Aluminium,"[""aluminium""]","[""Al""]",official_auction_or_exploration_target_not_confirmed_deposit,accepted,geometry_available_for_overlay_not_used_in_prospectivity_training_or_scoring,https://www.mstcecommerce.com/auctionhome/download_docs.jsp?FILE_ID=25666_17%20Govindpur%20Vanadium%20Titanium%20and%20Aluminous%20Laterite%20Block.pdf&path=dynamiclinks&portal=mlcl&mdTyp=-,https://www.mstcecommerce.com/auctionhome/download_docs.jsp?FILE_ID=25649_GoI%20MoM%20-%20Tranche%20VII%20-%20NIT_N.pdf&path=dynamiclinks&portal=mlcl&mdTyp=-,110,0.69101240,0.07272727,127.17879486,True,True,True,True,0.27634576,0.60895717,2.00000000,False,True,Chromium,regional_background,False,False,"The source identifies an auction or exploration target, not a confirmed deposit, resource, reserve, discovery, grade continuity, economic viability, current grant, operating mine, or permission to enter land. Source-independent publication does not prove knowledge-independence from historical mineral evidence.","[""official_auction_or_exploration_target_not_confirmed_deposit"",""complete_historical_source_label_independence_not_established""]"
OBT-2fd34c06b73a5efd,central_critical_mineral_auction,govindpur,"[""CMB-EVENT-T6-O08"",""CMB-EVENT-T7-O04""]",2,Govindpur Vanadium Titanium and Aluminous Laterite Block,"[""Govindpur Vanadium Titanium and Aluminous Laterite Block""]",Telangana,Sangareddy,371.52000000,,17.63435206,77.58048704,866084c77ffffff,836084fffffffff,Titanium,"[""titanium"",""titanium dioxide""]","[""Ti"",""TiO2""]",official_auction_or_exploration_target_not_confirmed_deposit,accepted,geometry_available_for_overlay_not_used_in_prospectivity_training_or_scoring,https://www.mstcecommerce.com/auctionhome/download_docs.jsp?FILE_ID=25666_17%20Govindpur%20Vanadium%20Titanium%20and%20Aluminous%20Laterite%20Block.pdf&path=dynamiclinks&portal=mlcl&mdTyp=-,https://www.mstcecommerce.com/auctionhome/download_docs.jsp?FILE_ID=25649_GoI%20MoM%20-%20Tranche%20VII%20-%20NIT_N.pdf&path=dynamiclinks&portal=mlcl&mdTyp=-,39,0.66236029,0.25641026,267.93878174,True,False,True,False,0.02401180,0.13599828,9.00000000,False,False,Chromium,regional_background,False,False,"The source identifies an auction or exploration target, not a confirmed deposit, resource, reserve, discovery, grade continuity, economic viability, current grant, operating mine, or permission to enter land. Source-independent publication does not prove knowledge-independence from historical mineral evidence.","[""official_auction_or_exploration_target_not_confirmed_deposit"",""complete_historical_source_label_independence_not_established""]"
OBT-a30cbfe7ef90efe7,central_critical_mineral_auction,govindpur,"[""CMB-EVENT-T6-O08"",""CMB-EVENT-T7-O04""]",2,Govindpur Vanadium Titanium and Aluminous Laterite Block,"[""Govindpur Vanadium Titanium and Aluminous Laterite Block""]",Telangana,Sangareddy,371.52000000,,17.63435206,77.58048704,866084c77ffffff,836084fffffffff,Vanadium,"[""vanadium""]","[""V""]",official_auction_or_exploration_target_not_confirmed_deposit,accepted,geometry_available_for_overlay_not_used_in_prospectivity_training_or_scoring,https://www.mstcecommerce.com/auctionhome/download_docs.jsp?FILE_ID=25666_17%20Govindpur%20Vanadium%20Titanium%20and%20Aluminous%20Laterite%20Block.pdf&path=dynamiclinks&portal=mlcl&mdTyp=-,https://www.mstcecommerce.com/auctionhome/download_docs.jsp?FILE_ID=25649_GoI%20MoM%20-%20Tranche%20VII%20-%20NIT_N.pdf&path=dynamiclinks&portal=mlcl&mdTyp=-,10,0.37920000,0.00000000,267.93878174,True,False,True,False,0.02095188,0.26951408,13.00000000,False,False,Chromium,regional_background,False,False,"The source identifies an auction or exploration target, not a confirmed deposit, resource, reserve, discovery, grade continuity, economic viability, current grant, operating mine, or permission to enter land. Source-independent publication does not prove knowledge-independence from historical mineral evidence.","[""official_auction_or_exploration_target_not_confirmed_deposit"",""target_model_does_not_pass_internal_minimum_holdout_auc"",""complete_historical_source_label_independence_not_established""]"
OBT-b70411eda213ee9c,central_critical_mineral_auction,gundlupet,"[""CMB-EVENT-T6-O18"",""CMB-EVENT-T7-O06""]",2,Gundlupet Block,"[""Gundlupet Block""]",Karnataka,Chamrajnagar,314.21000000,,11.79411389,76.66648611,866033677ffffff,836033fffffffff,Rare-earth elements,"[""scandium"",""yttrium"",""lanthanum"",""cerium"",""praseodymium"",""neodymium"",""promethium"",""samarium"",""europium"",""gadolinium"",""terbium"",""dysprosium"",""holmium"",""erbium"",""thulium"",""ytterbium"",""lutetium""]","[""Sc"",""Y"",""La"",""Ce"",""Pr"",""Nd"",""Pm"",""Sm"",""Eu"",""Gd"",""Tb"",""Dy"",""Ho"",""Er"",""Tm"",""Yb"",""Lu""]",official_auction_or_exploration_target_not_confirmed_deposit,accepted,geometry_available_for_overlay_not_used_in_prospectivity_training_or_scoring,https://www.mstcecommerce.com/auctionhome/download_docs.jsp?FILE_ID=25664_15%20Gundlupet%20Block%20Summary.pdf&path=dynamiclinks&portal=mlcl&mdTyp=-,https://www.mstcecommerce.com/auctionhome/download_docs.jsp?FILE_ID=25649_GoI%20MoM%20-%20Tranche%20VII%20-%20NIT_N.pdf&path=dynamiclinks&portal=mlcl&mdTyp=-,9,,,190.71020508,True,True,True,True,0.04437838,0.60983819,13.00000000,False,False,Silicon,regional_background,False,False,"The source identifies an auction or exploration target, not a confirmed deposit, resource, reserve, discovery, grade continuity, economic viability, current grant, operating mine, or permission to enter land. Source-independent publication does not prove knowledge-independence from historical mineral evidence.","[""official_auction_or_exploration_target_not_confirmed_deposit"",""target_model_below_published_minimum_support"",""target_model_does_not_pass_internal_minimum_holdout_auc"",""complete_historical_source_label_independence_not_established""]"
OBT-8644fea442ca5d32,central_critical_mineral_auction,holalkere-doddaghatta,"[""CMB-EVENT-T4-O07"",""CMB-EVENT-T5-O12""]",2,Holalkere - Doddaghatta Ni and PGE Block,"[""Holalkere - Doddaghatta Ni and PGE Block""]",Karnataka,Hassan,999.28000000,,13.43057919,76.35510383,8660100afffffff,836010fffffffff,Nickel,"[""nickel""]","[""Ni""]",official_auction_or_exploration_target_not_confirmed_deposit,accepted,geometry_available_for_overlay_not_used_in_prospectivity_training_or_scoring,https://www.mstcecommerce.com/auctionhome/download_docs.jsp?FILE_ID=18653_12.MBS_Holalkere-Doddaghatta_Ni-PGE_Block.pdf&path=dynamiclinks&portal=mlcl&mdTyp=-,https://www.mstcecommerce.com/auctionhome/download_docs.jsp?FILE_ID=18641_GoI%20MoM%20-%20Tranche%20V%20-%20Notice%20Inviting%20Tender.pdf&path=dynamiclinks&portal=mlcl&mdTyp=-,7,,,473.83218384,True,False,True,False,0.00248097,0.28842169,23.00000000,False,False,Chromium,priority_candidate,True,False,"The source identifies an auction or exploration target, not a confirmed deposit, resource, reserve, discovery, grade continuity, economic viability, current grant, operating mine, or permission to enter land. Source-independent publication does not prove knowledge-independence from historical mineral evidence.","[""official_auction_or_exploration_target_not_confirmed_deposit"",""target_model_below_published_minimum_support"",""target_model_does_not_pass_internal_minimum_holdout_auc"",""complete_historical_source_label_independence_not_established""]"
OBT-611ac9a67c589bd0,central_critical_mineral_auction,holalkere-doddaghatta,"[""CMB-EVENT-T4-O07"",""CMB-EVENT-T5-O12""]",2,Holalkere - Doddaghatta Ni and PGE Block,"[""Holalkere - Doddaghatta Ni and PGE Block""]",Karnataka,Hassan,999.28000000,,13.43057919,76.35510383,8660100afffffff,836010fffffffff,Platinum-group elements,"[""platinum"",""palladium"",""rhodium"",""ruthenium"",""iridium"",""osmium""]","[""Pt"",""Pd"",""Rh"",""Ru"",""Ir"",""Os""]",official_auction_or_exploration_target_not_confirmed_deposit,accepted,geometry_available_for_overlay_not_used_in_prospectivity_training_or_scoring,https://www.mstcecommerce.com/auctionhome/download_docs.jsp?FILE_ID=18653_12.MBS_Holalkere-Doddaghatta_Ni-PGE_Block.pdf&path=dynamiclinks&portal=mlcl&mdTyp=-,https://www.mstcecommerce.com/auctionhome/download_docs.jsp?FILE_ID=18641_GoI%20MoM%20-%20Tranche%20V%20-%20Notice%20Inviting%20Tender.pdf&path=dynamiclinks&portal=mlcl&mdTyp=-,8,,,125.87561798,True,True,True,True,0.16372333,0.61823565,9.00000000,False,False,Chromium,priority_candidate,True,False,"The source identifies an auction or exploration target, not a confirmed deposit, resource, reserve, discovery, grade continuity, economic viability, current grant, operating mine, or permission to enter land. Source-independent publication does not prove knowledge-independence from historical mineral evidence.","[""official_auction_or_exploration_target_not_confirmed_deposit"",""target_model_below_published_minimum_support"",""target_model_does_not_pass_internal_minimum_holdout_auc"",""complete_historical_source_label_independence_not_established""]"
OBT-f53b3bc597496fd5,central_critical_mineral_auction,iluppakudi,"[""CMB-EVENT-T1-O07""]",1,Iluppakudi Graphite Block,"[""Iluppakudi Graphite Block""]",Tamil Nadu,Sivaganga,633.36000000,,9.89995000,78.35970000,86603406fffffff,836034fffffffff,Graphite,"[""carbon""]","[""C""]",official_auction_or_exploration_target_not_confirmed_deposit,accepted,geometry_available_for_overlay_not_used_in_prospectivity_training_or_scoring,https://www.mstcecommerce.com/auctionhome/download_docs.jsp?FILE_ID=12699_MBS_Iluppakudi%20Graphite%20Block.pdf&path=dynamiclinks&portal=mlcl&mdTyp=-,https://www.mstcecommerce.com/auctionhome/download_docs.jsp?FILE_ID=12721_Tranche-1-NIT%2020%20Blocks.pdf&path=dynamiclinks&portal=mlcl&mdTyp=-,15,0.87053333,0.53333333,14.97819710,False,True,False,False,0.50056142,0.96292204,1.00000000,True,True,Graphite,regional_background,False,False,"The source identifies an auction or exploration target, not a confirmed deposit, resource, reserve, discovery, grade continuity, economic viability, current grant, operating mine, or permission to enter land. Source-independent publication does not prove knowledge-independence from historical mineral evidence.","[""official_auction_or_exploration_target_not_confirmed_deposit"",""within_25km_of_training_evidence_excluded_from_primary_transfer_cohort"",""complete_historical_source_label_independence_not_established""]"
OBT-1f0821e2a6da2dc1,central_critical_mineral_auction,jhandawali-satipura,"[""CMB-EVENT-T4-O08"",""CMB-EVENT-T5-O13""]",2,Jhandawali - Satipura Amalgamated Potash and Halite Block,"[""Jhandawali - Satipura Amalgamated Potash and Halite Block""]",Rajasthan,Hanumangarh,1841.22000000,,29.64164692,74.21982237,86424aa0fffffff,83424afffffffff,Potash,"[""potassium chloride"",""potassium sulfate""]","[""KCl"",""K2SO4""]",official_auction_or_exploration_target_not_confirmed_deposit,accepted,geometry_available_for_overlay_not_used_in_prospectivity_training_or_scoring,https://www.mstcecommerce.com/auctionhome/download_docs.jsp?FILE_ID=18652_13.MBS_Jhandawali-Satipura_Amalgamated_Potash_and_Halite_Block.pdf&path=dynamiclinks&portal=mlcl&mdTyp=-,https://www.mstcecommerce.com/auctionhome/download_docs.jsp?FILE_ID=18641_GoI%20MoM%20-%20Tranche%20V%20-%20Notice%20Inviting%20Tender.pdf&path=dynamiclinks&portal=mlcl&mdTyp=-,0,,,,False,False,False,False,,,,False,False,Copper,regional_background,False,False,"The source identifies an auction or exploration target, not a confirmed deposit, resource, reserve, discovery, grade continuity, economic viability, current grant, operating mine, or permission to enter land. Source-independent publication does not prove knowledge-independence from historical mineral evidence.","[""official_auction_or_exploration_target_not_confirmed_deposit"",""within_25km_of_training_evidence_excluded_from_primary_transfer_cohort"",""target_model_below_published_minimum_support"",""target_model_does_not_pass_internal_minimum_holdout_auc"",""complete_historical_source_label_independence_not_established""]"
OBT-a52f156a773edeb7,central_critical_mineral_auction,jorkian-satipura-khunja,"[""CMB-EVENT-T4-O09"",""CMB-EVENT-T5-O14""]",2,Jorkian-Satipura-Khunja Amalgamated Potash and Halite Block,"[""Jorkian-Satipura-Khunja Amalgamated Potash and Halite Block""]",Rajasthan,Hanumangarh,1699.98000000,,29.63757023,74.26118546,86424aa57ffffff,83424afffffffff,Potash,"[""potassium chloride"",""potassium sulfate""]","[""KCl"",""K2SO4""]",official_auction_or_exploration_target_not_confirmed_deposit,accepted,geometry_available_for_overlay_not_used_in_prospectivity_training_or_scoring,https://www.mstcecommerce.com/auctionhome/download_docs.jsp?FILE_ID=18651_14.MBS_Jorkian-Satipura-Khunja_Amalgamated_Potash_and_Halite_Block.pdf&path=dynamiclinks&portal=mlcl&mdTyp=-,https://www.mstcecommerce.com/auctionhome/download_docs.jsp?FILE_ID=18641_GoI%20MoM%20-%20Tranche%20V%20-%20Notice%20Inviting%20Tender.pdf&path=dynamiclinks&portal=mlcl&mdTyp=-,0,,,,False,False,False,False,,,,False,False,Copper,regional_background,False,False,"The source identifies an auction or exploration target, not a confirmed deposit, resource, reserve, discovery, grade continuity, economic viability, current grant, operating mine, or permission to enter land. Source-independent publication does not prove knowledge-independence from historical mineral evidence.","[""official_auction_or_exploration_target_not_confirmed_deposit"",""within_25km_of_training_evidence_excluded_from_primary_transfer_cohort"",""target_model_below_published_minimum_support"",""target_model_does_not_pass_internal_minimum_holdout_auc"",""complete_historical_source_label_independence_not_established""]"
OBT-2aab53e4f4198154,central_critical_mineral_auction,kalapathar-raghudih,"[""CMB-EVENT-T6-O03""]",1,Kalapathar Raghudih Block,"[""Kalapathar Raghudih Block""]",West Bengal,Purulia,248.89000000,,23.43348803,86.46684639,863cab967ffffff,833cabfffffffff,Rare-earth elements,"[""scandium"",""yttrium"",""lanthanum"",""cerium"",""praseodymium"",""neodymium"",""promethium"",""samarium"",""europium"",""gadolinium"",""terbium"",""dysprosium"",""holmium"",""erbium"",""thulium"",""ytterbium"",""lutetium""]","[""Sc"",""Y"",""La"",""Ce"",""Pr"",""Nd"",""Pm"",""Sm"",""Eu"",""Gd"",""Tb"",""Dy"",""Ho"",""Er"",""Tm"",""Yb"",""Lu""]",official_auction_or_exploration_target_not_confirmed_deposit,accepted,geometry_available_for_overlay_not_used_in_prospectivity_training_or_scoring,https://www.mstcecommerce.com/auctionhome/download_docs.jsp?FILE_ID=22708_21.%20Kalapathar%20Raghudih%20Block%20Summary.pdf&path=dynamiclinks&portal=mlcl&mdTyp=-,https://www.mstcecommerce.com/auctionhome/download_docs.jsp?FILE_ID=22681_GoI%20MoM%20-%20Tranche%20VI%20-%20NIT.pdf&path=dynamiclinks&portal=mlcl&mdTyp=-,9,,,44.95128250,True,True,True,True,0.31869873,0.98442864,14.00000000,False,False,Silver,regional_background,False,False,"The source identifies an auction or exploration target, not a confirmed deposit, resource, reserve, discovery, grade continuity, economic viability, current grant, operating mine, or permission to enter land. Source-independent publication does not prove knowledge-independence from historical mineral evidence.","[""official_auction_or_exploration_target_not_confirmed_deposit"",""target_model_below_published_minimum_support"",""target_model_does_not_pass_internal_minimum_holdout_auc"",""complete_historical_source_label_independence_not_established""]"
OBT-c3466cbc4e79eb4a,central_critical_mineral_auction,kanaital,"[""CMB-EVENT-T6-O15""]",1,"Kanaital Graphite, Manganese and Associated Mineral Block","[""Kanaital Graphite, Manganese and Associated Mineral Block""]",Odisha,Balangir,425.87000000,,20.87172541,83.19302242,863c86a8fffffff,833c86fffffffff,Cobalt,"[""cobalt""]","[""Co""]",official_auction_or_exploration_target_not_confirmed_deposit,accepted,geometry_available_for_overlay_not_used_in_prospectivity_training_or_scoring,https://www.mstcecommerce.com/auctionhome/download_docs.jsp?FILE_ID=22696_9.%20Kanaital%20Block%20Summary.pdf&path=dynamiclinks&portal=mlcl&mdTyp=-,https://www.mstcecommerce.com/auctionhome/download_docs.jsp?FILE_ID=22681_GoI%20MoM%20-%20Tranche%20VI%20-%20NIT.pdf&path=dynamiclinks&portal=mlcl&mdTyp=-,4,,,176.28373718,True,True,True,True,0.09843008,,14.00000000,False,False,Manganese,regional_background,False,False,"The source identifies an auction or exploration target, not a confirmed deposit, resource, reserve, discovery, grade continuity, economic viability, current grant, operating mine, or permission to enter land. Source-independent publication does not prove knowledge-independence from historical mineral evidence.","[""official_auction_or_exploration_target_not_confirmed_deposit"",""target_model_below_published_minimum_support"",""target_model_does_not_pass_internal_minimum_holdout_auc"",""complete_historical_source_label_independence_not_established""]"
OBT-8172f2b433aca553,central_critical_mineral_auction,kanaital,"[""CMB-EVENT-T6-O15""]",1,"Kanaital Graphite, Manganese and Associated Mineral Block","[""Kanaital Graphite, Manganese and Associated Mineral Block""]",Odisha,Balangir,425.87000000,,20.87172541,83.19302242,863c86a8fffffff,833c86fffffffff,Graphite,"[""carbon""]","[""C""]",official_auction_or_exploration_target_not_confirmed_deposit,accepted,geometry_available_for_overlay_not_used_in_prospectivity_training_or_scoring,https://www.mstcecommerce.com/auctionhome/download_docs.jsp?FILE_ID=22696_9.%20Kanaital%20Block%20Summary.pdf&path=dynamiclinks&portal=mlcl&mdTyp=-,https://www.mstcecommerce.com/auctionhome/download_docs.jsp?FILE_ID=22681_GoI%20MoM%20-%20Tranche%20VI%20-%20NIT.pdf&path=dynamiclinks&portal=mlcl&mdTyp=-,15,0.87053333,0.53333333,11.10131645,False,True,False,False,0.50618523,0.96326017,2.00000000,False,True,Manganese,regional_background,False,False,"The source identifies an auction or exploration target, not a confirmed deposit, resource, reserve, discovery, grade continuity, economic viability, current grant, operating mine, or permission to enter land. Source-independent publication does not prove knowledge-independence from historical mineral evidence.","[""official_auction_or_exploration_target_not_confirmed_deposit"",""within_25km_of_training_evidence_excluded_from_primary_transfer_cohort"",""complete_historical_source_label_independence_not_established""]"
OBT-d5dbb36565ab251c,central_critical_mineral_auction,kanaital,"[""CMB-EVENT-T6-O15""]",1,"Kanaital Graphite, Manganese and Associated Mineral Block","[""Kanaital Graphite, Manganese and Associated Mineral Block""]",Odisha,Balangir,425.87000000,,20.87172541,83.19302242,863c86a8fffffff,833c86fffffffff,Manganese,"[""manganese""]","[""Mn""]",official_auction_or_exploration_target_not_confirmed_deposit,accepted,geometry_available_for_overlay_not_used_in_prospectivity_training_or_scoring,https://www.mstcecommerce.com/auctionhome/download_docs.jsp?FILE_ID=22696_9.%20Kanaital%20Block%20Summary.pdf&path=dynamiclinks&portal=mlcl&mdTyp=-,https://www.mstcecommerce.com/auctionhome/download_docs.jsp?FILE_ID=22681_GoI%20MoM%20-%20Tranche%20VI%20-%20NIT.pdf&path=dynamiclinks&portal=mlcl&mdTyp=-,130,0.85341124,0.20769231,141.28636169,True,True,True,True,0.58520579,0.96019411,1.00000000,True,True,Manganese,regional_background,False,False,"The source identifies an auction or exploration target, not a confirmed deposit, resource, reserve, discovery, grade continuity, economic viability, current grant, operating mine, or permission to enter land. Source-independent publication does not prove knowledge-independence from historical mineral evidence.","[""official_auction_or_exploration_target_not_confirmed_deposit"",""complete_historical_source_label_independence_not_established""]"
OBT-e791d635de9b2219,central_critical_mineral_auction,kanaital,"[""CMB-EVENT-T6-O15""]",1,"Kanaital Graphite, Manganese and Associated Mineral Block","[""Kanaital Graphite, Manganese and Associated Mineral Block""]",Odisha,Balangir,425.87000000,,20.87172541,83.19302242,863c86a8fffffff,833c86fffffffff,Vanadium,"[""vanadium""]","[""V""]",official_auction_or_exploration_target_not_confirmed_deposit,accepted,geometry_available_for_overlay_not_used_in_prospectivity_training_or_scoring,https://www.mstcecommerce.com/auctionhome/download_docs.jsp?FILE_ID=22696_9.%20Kanaital%20Block%20Summary.pdf&path=dynamiclinks&portal=mlcl&mdTyp=-,https://www.mstcecommerce.com/auctionhome/download_docs.jsp?FILE_ID=22681_GoI%20MoM%20-%20Tranche%20VI%20-%20NIT.pdf&path=dynamiclinks&portal=mlcl&mdTyp=-,10,0.37920000,0.00000000,316.59201050,True,False,True,False,0.10171614,0.49556217,13.00000000,False,False,Manganese,regional_background,False,False,"The source identifies an auction or exploration target, not a confirmed deposit, resource, reserve, discovery, grade continuity, economic viability, current grant, operating mine, or permission to enter land. Source-independent publication does not prove knowledge-independence from historical mineral evidence.","[""official_auction_or_exploration_target_not_confirmed_deposit"",""target_model_does_not_pass_internal_minimum_holdout_auc"",""complete_historical_source_label_independence_not_established""]"
OBT-dc1795b9b64fc2c4,central_critical_mineral_auction,kankauli,"[""CMB-EVENT-T2-O04""]",1,"Kankauli PGE, Nickel, Chromium and Associated Mineral Block","[""Kankauli PGE, Nickel, Chromium and Associated Mineral Block""]",Maharashtra,Sindhudurg,821.48200000,,16.27082156,73.69234799,8660ab36fffffff,8360abfffffffff,Chromium,"[""chromium""]","[""Cr""]",official_auction_or_exploration_target_not_confirmed_deposit,accepted,geometry_available_for_overlay_not_used_in_prospectivity_training_or_scoring,"https://www.mstcecommerce.com/auctionhome/download_docs.jsp?FILE_ID=14100_MBS%20Kankauli%20PGE,%20Nickel,%20Chromium%20and%20Associated%20Mineral%20Block.pdf&path=dynamiclinks&portal=mlcl&mdTyp=-",https://www.mstcecommerce.com/auctionhome/download_docs.jsp?FILE_ID=14475_GoI-MoM%20Tranche%20II-NIT.pdf&path=dynamiclinks&portal=mlcl&mdTyp=-,72,0.96467978,0.95833333,8.49001503,False,True,False,False,0.49446154,,5.00000000,False,True,Titanium,priority_candidate,True,False,"The source identifies an auction or exploration target, not a confirmed deposit, resource, reserve, discovery, grade continuity, economic viability, current grant, operating mine, or permission to enter land. Source-independent publication does not prove knowledge-independence from historical mineral evidence.","[""official_auction_or_exploration_target_not_confirmed_deposit"",""within_25km_of_training_evidence_excluded_from_primary_transfer_cohort"",""complete_historical_source_label_independence_not_established""]"
OBT-eae8e57b94d782c1,central_critical_mineral_auction,kankauli,"[""CMB-EVENT-T2-O04""]",1,"Kankauli PGE, Nickel, Chromium and Associated Mineral Block","[""Kankauli PGE, Nickel, Chromium and Associated Mineral Block""]",Maharashtra,Sindhudurg,821.48200000,,16.27082156,73.69234799,8660ab36fffffff,8360abfffffffff,Nickel,"[""nickel""]","[""Ni""]",official_auction_or_exploration_target_not_confirmed_deposit,accepted,geometry_available_for_overlay_not_used_in_prospectivity_training_or_scoring,"https://www.mstcecommerce.com/auctionhome/download_docs.jsp?FILE_ID=14100_MBS%20Kankauli%20PGE,%20Nickel,%20Chromium%20and%20Associated%20Mineral%20Block.pdf&path=dynamiclinks&portal=mlcl&mdTyp=-",https://www.mstcecommerce.com/auctionhome/download_docs.jsp?FILE_ID=14475_GoI-MoM%20Tranche%20II-NIT.pdf&path=dynamiclinks&portal=mlcl&mdTyp=-,7,,,637.09039307,True,False,True,False,0.00048484,0.13614252,21.00000000,False,False,Titanium,priority_candidate,True,False,"The source identifies an auction or exploration target, not a confirmed deposit, resource, reserve, discovery, grade continuity, economic viability, current grant, operating mine, or permission to enter land. Source-independent publication does not prove knowledge-independence from historical mineral evidence.","[""official_auction_or_exploration_target_not_confirmed_deposit"",""target_model_below_published_minimum_support"",""target_model_does_not_pass_internal_minimum_holdout_auc"",""complete_historical_source_label_independence_not_established""]"
OBT-3482a5f2415fcdf8,central_critical_mineral_auction,kankauli,"[""CMB-EVENT-T2-O04""]",1,"Kankauli PGE, Nickel, Chromium and Associated Mineral Block","[""Kankauli PGE, Nickel, Chromium and Associated Mineral Block""]",Maharashtra,Sindhudurg,821.48200000,,16.27082156,73.69234799,8660ab36fffffff,8360abfffffffff,Platinum-group elements,"[""platinum"",""palladium"",""rhodium"",""ruthenium"",""iridium"",""osmium""]","[""Pt"",""Pd"",""Rh"",""Ru"",""Ir"",""Os""]",official_auction_or_exploration_target_not_confirmed_deposit,accepted,geometry_available_for_overlay_not_used_in_prospectivity_training_or_scoring,"https://www.mstcecommerce.com/auctionhome/download_docs.jsp?FILE_ID=14100_MBS%20Kankauli%20PGE,%20Nickel,%20Chromium%20and%20Associated%20Mineral%20Block.pdf&path=dynamiclinks&portal=mlcl&mdTyp=-",https://www.mstcecommerce.com/auctionhome/download_docs.jsp?FILE_ID=14475_GoI-MoM%20Tranche%20II-NIT.pdf&path=dynamiclinks&portal=mlcl&mdTyp=-,8,,,167.07838440,True,True,True,True,0.05484165,0.52555943,12.00000000,False,False,Titanium,priority_candidate,True,False,"The source identifies an auction or exploration target, not a confirmed deposit, resource, reserve, discovery, grade continuity, economic viability, current grant, operating mine, or permission to enter land. Source-independent publication does not prove knowledge-independence from historical mineral evidence.","[""official_auction_or_exploration_target_not_confirmed_deposit"",""target_model_below_published_minimum_support"",""target_model_does_not_pass_internal_minimum_holdout_auc"",""complete_historical_source_label_independence_not_established""]"
OBT-78485338650a192e,central_critical_mineral_auction,karna,"[""CMB-EVENT-T7-O09""]",1,Karna REE Block,"[""Karna REE Block""]",Rajasthan,Balotra,207.40000000,,25.73697639,71.98944722,8642ed6dfffffff,8342e9fffffffff,Rare-earth elements,"[""scandium"",""yttrium"",""lanthanum"",""cerium"",""praseodymium"",""neodymium"",""promethium"",""samarium"",""europium"",""gadolinium"",""terbium"",""dysprosium"",""holmium"",""erbium"",""thulium"",""ytterbium"",""lutetium""]","[""Sc"",""Y"",""La"",""Ce"",""Pr"",""Nd"",""Pm"",""Sm"",""Eu"",""Gd"",""Tb"",""Dy"",""Ho"",""Er"",""Tm"",""Yb"",""Lu""]",official_auction_or_exploration_target_not_confirmed_deposit,accepted,geometry_available_for_overlay_not_used_in_prospectivity_training_or_scoring,https://www.mstcecommerce.com/auctionhome/download_docs.jsp?FILE_ID=25661_12%20Karna%20REE%20Block.pdf&path=dynamiclinks&portal=mlcl&mdTyp=-,https://www.mstcecommerce.com/auctionhome/download_docs.jsp?FILE_ID=25649_GoI%20MoM%20-%20Tranche%20VII%20-%20NIT_N.pdf&path=dynamiclinks&portal=mlcl&mdTyp=-,9,,,1440.28662109,True,False,True,False,0.08419962,0.66886967,17.00000000,False,False,Copper,regional_background,False,False,"The source identifies an auction or exploration target, not a confirmed deposit, resource, reserve, discovery, grade continuity, economic viability, current grant, operating mine, or permission to enter land. Source-independent publication does not prove knowledge-independence from historical mineral evidence.","[""official_auction_or_exploration_target_not_confirmed_deposit"",""target_model_below_published_minimum_support"",""target_model_does_not_pass_internal_minimum_holdout_auc"",""complete_historical_source_label_independence_not_established""]"
OBT-e30c689de53c5bc9,central_critical_mineral_auction,katghora,"[""CMB-EVENT-T1-O08""]",1,Katghora Lithium and REE Block,"[""Katghora Lithium and REE Block""]",Chhattisgarh,Korba,256.12000000,,22.51916667,82.57763889,863ca204fffffff,833ca2fffffffff,Lithium,"[""lithium""]","[""Li""]",official_auction_or_exploration_target_not_confirmed_deposit,accepted,geometry_available_for_overlay_not_used_in_prospectivity_training_or_scoring,https://www.mstcecommerce.com/auctionhome/download_docs.jsp?FILE_ID=12688_MBS_Katghora%20Lithium%20and%20REE%20Block.pdf&path=dynamiclinks&portal=mlcl&mdTyp=-,https://www.mstcecommerce.com/auctionhome/download_docs.jsp?FILE_ID=12721_Tranche-1-NIT%2020%20Blocks.pdf&path=dynamiclinks&portal=mlcl&mdTyp=-,1,,,430.75448608,True,False,True,False,0.00578095,,26.00000000,False,False,Silver,regional_background,False,False,"The source identifies an auction or exploration target, not a confirmed deposit, resource, reserve, discovery, grade continuity, economic viability, current grant, operating mine, or permission to enter land. Source-independent publication does not prove knowledge-independence from historical mineral evidence.","[""official_auction_or_exploration_target_not_confirmed_deposit"",""target_model_below_published_minimum_support"",""target_model_does_not_pass_internal_minimum_holdout_auc"",""complete_historical_source_label_independence_not_established""]"
OBT-b9268e9aea41e4e9,central_critical_mineral_auction,katghora,"[""CMB-EVENT-T1-O08""]",1,Katghora Lithium and REE Block,"[""Katghora Lithium and REE Block""]",Chhattisgarh,Korba,256.12000000,,22.51916667,82.57763889,863ca204fffffff,833ca2fffffffff,Rare-earth elements,"[""scandium"",""yttrium"",""lanthanum"",""cerium"",""praseodymium"",""neodymium"",""promethium"",""samarium"",""europium"",""gadolinium"",""terbium"",""dysprosium"",""holmium"",""erbium"",""thulium"",""ytterbium"",""lutetium""]","[""Sc"",""Y"",""La"",""Ce"",""Pr"",""Nd"",""Pm"",""Sm"",""Eu"",""Gd"",""Tb"",""Dy"",""Ho"",""Er"",""Tm"",""Yb"",""Lu""]",official_auction_or_exploration_target_not_confirmed_deposit,accepted,geometry_available_for_overlay_not_used_in_prospectivity_training_or_scoring,https://www.mstcecommerce.com/auctionhome/download_docs.jsp?FILE_ID=12688_MBS_Katghora%20Lithium%20and%20REE%20Block.pdf&path=dynamiclinks&portal=mlcl&mdTyp=-,https://www.mstcecommerce.com/auctionhome/download_docs.jsp?FILE_ID=12721_Tranche-1-NIT%2020%20Blocks.pdf&path=dynamiclinks&portal=mlcl&mdTyp=-,9,,,367.10342407,True,False,True,False,0.00760511,0.53680038,25.00000000,False,False,Silver,regional_background,False,False,"The source identifies an auction or exploration target, not a confirmed deposit, resource, reserve, discovery, grade continuity, economic viability, current grant, operating mine, or permission to enter land. Source-independent publication does not prove knowledge-independence from historical mineral evidence.","[""official_auction_or_exploration_target_not_confirmed_deposit"",""target_model_below_published_minimum_support"",""target_model_does_not_pass_internal_minimum_holdout_auc"",""complete_historical_source_label_independence_not_established""]"
OBT-181cdf60167c3439,central_critical_mineral_auction,kathyur,"[""CMB-EVENT-T6-O06"",""CMB-EVENT-T7-O02""]",2,Kathyur Phosphate Block,"[""Kathyur Phosphate Block""]",Uttarakhand,Dehradun,881.28000000,,30.39591352,78.14631346,863d13907ffffff,833d13fffffffff,Phosphorus,"[""phosphorus""]","[""P""]",official_auction_or_exploration_target_not_confirmed_deposit,accepted,geometry_available_for_overlay_not_used_in_prospectivity_training_or_scoring,https://www.mstcecommerce.com/auctionhome/download_docs.jsp?FILE_ID=25668_19%20Kathyur%20Phosphate%20Block.pdf&path=dynamiclinks&portal=mlcl&mdTyp=-,https://www.mstcecommerce.com/auctionhome/download_docs.jsp?FILE_ID=25649_GoI%20MoM%20-%20Tranche%20VII%20-%20NIT_N.pdf&path=dynamiclinks&portal=mlcl&mdTyp=-,85,0.70646367,0.08235294,4.22724342,False,True,False,False,0.72834295,,1.00000000,True,True,Phosphorus,known_evidence_area,False,False,"The source identifies an auction or exploration target, not a confirmed deposit, resource, reserve, discovery, grade continuity, economic viability, current grant, operating mine, or permission to enter land. Source-independent publication does not prove knowledge-independence from historical mineral evidence.","[""official_auction_or_exploration_target_not_confirmed_deposit"",""within_25km_of_training_evidence_excluded_from_primary_transfer_cohort"",""complete_historical_source_label_independence_not_established""]"
OBT-94e18b8947eda2ef,central_critical_mineral_auction,kavtalwadi,"[""CMB-EVENT-T8-O15""]",1,"Kavtalwadi Vanadium, Gallium, Titanium, Bauxite and Aluminous Laterite Block","[""Kavtalwadi Vanadium, Gallium, Titanium, Bauxite and Aluminous Laterite Block""]",Maharashtra,Sindhudurg,638.98000000,,16.47402778,73.48666667,8660f65afffffff,8360f6fffffffff,Aluminium,"[""aluminium""]","[""Al""]",official_auction_or_exploration_target_not_confirmed_deposit,accepted,geometry_available_for_overlay_not_used_in_prospectivity_training_or_scoring,"https://www.mstcecommerce.com/auctionhome/download_docs.jsp?FILE_ID=27329_Kavtalwadi%20Vanadium,%20Gallium,%20Titanium,%20Bauxite%20and%20Aluminous%20Laterite%20Block_MBS.pdf&path=dynamiclinks&portal=mlcl&mdTyp=-",https://www.mstcecommerce.com/auctionhome/download_docs.jsp?FILE_ID=27316_GoI%20MoM%20-%20Tranche%20VIII%20-%20NIT.pdf&path=dynamiclinks&portal=mlcl&mdTyp=-,110,0.69101240,0.07272727,62.26578140,True,True,True,True,0.46601108,0.76763284,2.00000000,False,True,Chromium,high_priority_candidate,True,False,"The source identifies an auction or exploration target, not a confirmed deposit, resource, reserve, discovery, grade continuity, economic viability, current grant, operating mine, or permission to enter land. Source-independent publication does not prove knowledge-independence from historical mineral evidence.","[""official_auction_or_exploration_target_not_confirmed_deposit"",""complete_historical_source_label_independence_not_established""]"
OBT-7abc1530f0e0b02e,central_critical_mineral_auction,kavtalwadi,"[""CMB-EVENT-T8-O15""]",1,"Kavtalwadi Vanadium, Gallium, Titanium, Bauxite and Aluminous Laterite Block","[""Kavtalwadi Vanadium, Gallium, Titanium, Bauxite and Aluminous Laterite Block""]",Maharashtra,Sindhudurg,638.98000000,,16.47402778,73.48666667,8660f65afffffff,8360f6fffffffff,Gallium,"[""gallium""]","[""Ga""]",official_auction_or_exploration_target_not_confirmed_deposit,accepted,geometry_available_for_overlay_not_used_in_prospectivity_training_or_scoring,"https://www.mstcecommerce.com/auctionhome/download_docs.jsp?FILE_ID=27329_Kavtalwadi%20Vanadium,%20Gallium,%20Titanium,%20Bauxite%20and%20Aluminous%20Laterite%20Block_MBS.pdf&path=dynamiclinks&portal=mlcl&mdTyp=-",https://www.mstcecommerce.com/auctionhome/download_docs.jsp?FILE_ID=27316_GoI%20MoM%20-%20Tranche%20VIII%20-%20NIT.pdf&path=dynamiclinks&portal=mlcl&mdTyp=-,1,,,922.11944580,True,False,True,False,0.00004246,,29.00000000,False,False,Chromium,high_priority_candidate,True,False,"The source identifies an auction or exploration target, not a confirmed deposit, resource, reserve, discovery, grade continuity, economic viability, current grant, operating mine, or permission to enter land. Source-independent publication does not prove knowledge-independence from historical mineral evidence.","[""official_auction_or_exploration_target_not_confirmed_deposit"",""target_model_below_published_minimum_support"",""target_model_does_not_pass_internal_minimum_holdout_auc"",""complete_historical_source_label_independence_not_established""]"
OBT-6b663e131223974c,central_critical_mineral_auction,kavtalwadi,"[""CMB-EVENT-T8-O15""]",1,"Kavtalwadi Vanadium, Gallium, Titanium, Bauxite and Aluminous Laterite Block","[""Kavtalwadi Vanadium, Gallium, Titanium, Bauxite and Aluminous Laterite Block""]",Maharashtra,Sindhudurg,638.98000000,,16.47402778,73.48666667,8660f65afffffff,8360f6fffffffff,Titanium,"[""titanium"",""titanium dioxide""]","[""Ti"",""TiO2""]",official_auction_or_exploration_target_not_confirmed_deposit,accepted,geometry_available_for_overlay_not_used_in_prospectivity_training_or_scoring,"https://www.mstcecommerce.com/auctionhome/download_docs.jsp?FILE_ID=27329_Kavtalwadi%20Vanadium,%20Gallium,%20Titanium,%20Bauxite%20and%20Aluminous%20Laterite%20Block_MBS.pdf&path=dynamiclinks&portal=mlcl&mdTyp=-",https://www.mstcecommerce.com/auctionhome/download_docs.jsp?FILE_ID=27316_GoI%20MoM%20-%20Tranche%20VIII%20-%20NIT.pdf&path=dynamiclinks&portal=mlcl&mdTyp=-,39,0.66236029,0.25641026,62.26578140,True,True,True,True,0.33778080,0.69838119,4.00000000,False,True,Chromium,high_priority_candidate,True,False,"The source identifies an auction or exploration target, not a confirmed deposit, resource, reserve, discovery, grade continuity, economic viability, current grant, operating mine, or permission to enter land. Source-independent publication does not prove knowledge-independence from historical mineral evidence.","[""official_auction_or_exploration_target_not_confirmed_deposit"",""complete_historical_source_label_independence_not_established""]"
OBT-9eac88a67f455103,central_critical_mineral_auction,kavtalwadi,"[""CMB-EVENT-T8-O15""]",1,"Kavtalwadi Vanadium, Gallium, Titanium, Bauxite and Aluminous Laterite Block","[""Kavtalwadi Vanadium, Gallium, Titanium, Bauxite and Aluminous Laterite Block""]",Maharashtra,Sindhudurg,638.98000000,,16.47402778,73.48666667,8660f65afffffff,8360f6fffffffff,Vanadium,"[""vanadium""]","[""V""]",official_auction_or_exploration_target_not_confirmed_deposit,accepted,geometry_available_for_overlay_not_used_in_prospectivity_training_or_scoring,"https://www.mstcecommerce.com/auctionhome/download_docs.jsp?FILE_ID=27329_Kavtalwadi%20Vanadium,%20Gallium,%20Titanium,%20Bauxite%20and%20Aluminous%20Laterite%20Block_MBS.pdf&path=dynamiclinks&portal=mlcl&mdTyp=-",https://www.mstcecommerce.com/auctionhome/download_docs.jsp?FILE_ID=27316_GoI%20MoM%20-%20Tranche%20VIII%20-%20NIT.pdf&path=dynamiclinks&portal=mlcl&mdTyp=-,10,0.37920000,0.00000000,404.72583008,True,False,True,False,0.00533537,0.17036112,14.00000000,False,False,Chromium,high_priority_candidate,True,False,"The source identifies an auction or exploration target, not a confirmed deposit, resource, reserve, discovery, grade continuity, economic viability, current grant, operating mine, or permission to enter land. Source-independent publication does not prove knowledge-independence from historical mineral evidence.","[""official_auction_or_exploration_target_not_confirmed_deposit"",""target_model_does_not_pass_internal_minimum_holdout_auc"",""complete_historical_source_label_independence_not_established""]"
OBT-501bbc0b7375c698,central_critical_mineral_auction,kawalapur,"[""CMB-EVENT-T6-O17""]",1,Kawalapur Block,"[""Kawalapur Block""]",Maharashtra,Nagpur,398.23000000,,21.35822361,79.30275972,866096cefffffff,836096fffffffff,Rare-earth elements,"[""scandium"",""yttrium"",""lanthanum"",""cerium"",""praseodymium"",""neodymium"",""promethium"",""samarium"",""europium"",""gadolinium"",""terbium"",""dysprosium"",""holmium"",""erbium"",""thulium"",""ytterbium"",""lutetium""]","[""Sc"",""Y"",""La"",""Ce"",""Pr"",""Nd"",""Pm"",""Sm"",""Eu"",""Gd"",""Tb"",""Dy"",""Ho"",""Er"",""Tm"",""Yb"",""Lu""]",official_auction_or_exploration_target_not_confirmed_deposit,accepted,geometry_available_for_overlay_not_used_in_prospectivity_training_or_scoring,https://www.mstcecommerce.com/auctionhome/download_docs.jsp?FILE_ID=22693_7.%20Kawalapur%20Block%20Summary.pdf&path=dynamiclinks&portal=mlcl&mdTyp=-,https://www.mstcecommerce.com/auctionhome/download_docs.jsp?FILE_ID=22681_GoI%20MoM%20-%20Tranche%20VI%20-%20NIT.pdf&path=dynamiclinks&portal=mlcl&mdTyp=-,9,,,634.42681885,True,False,True,False,0.00052497,0.39675963,28.00000000,False,False,Manganese,known_evidence_area,False,False,"The source identifies an auction or exploration target, not a confirmed deposit, resource, reserve, discovery, grade continuity, economic viability, current grant, operating mine, or permission to enter land. Source-independent publication does not prove knowledge-independence from historical mineral evidence.","[""official_auction_or_exploration_target_not_confirmed_deposit"",""target_model_below_published_minimum_support"",""target_model_does_not_pass_internal_minimum_holdout_auc"",""complete_historical_source_label_independence_not_established""]"
OBT-2e036139548d7b59,central_critical_mineral_auction,khattali-chhoti,"[""CMB-EVENT-T2-O05""]",1,Khattali Chhoti Graphite Block,"[""Khattali Chhoti Graphite Block""]",Madhya Pradesh,Alirajpur,599.76000000,,22.37201482,74.52971332,8642cb0cfffffff,8342cbfffffffff,Graphite,"[""carbon""]","[""C""]",official_auction_or_exploration_target_not_confirmed_deposit,accepted,geometry_available_for_overlay_not_used_in_prospectivity_training_or_scoring,https://www.mstcecommerce.com/auctionhome/download_docs.jsp?FILE_ID=14099_MBS%20Khattali%20Chhoti%20Graphite%20Block.pdf&path=dynamiclinks&portal=mlcl&mdTyp=-,https://www.mstcecommerce.com/auctionhome/download_docs.jsp?FILE_ID=14475_GoI-MoM%20Tranche%20II-NIT.pdf&path=dynamiclinks&portal=mlcl&mdTyp=-,15,0.87053333,0.53333333,137.55490112,True,True,True,True,0.08370539,0.81723619,12.00000000,False,False,Manganese,regional_background,False,False,"The source identifies an auction or exploration target, not a confirmed deposit, resource, reserve, discovery, grade continuity, economic viability, current grant, operating mine, or permission to enter land. Source-independent publication does not prove knowledge-independence from historical mineral evidence.","[""official_auction_or_exploration_target_not_confirmed_deposit"",""complete_historical_source_label_independence_not_established""]"
OBT-b8619fe0cd521509,central_critical_mineral_auction,khobna-and-agargaon,"[""CMB-EVENT-T5-O06"",""CMB-EVENT-T6-O01""]",2,Khobna and Agargaon Cluster Tungsten Block,"[""Khobna and Agargaon Cluster Tungsten Block""]",Maharashtra,Nagpur,150.79000000,,21.06317040,79.42846691,863cb6937ffffff,836096fffffffff,Tungsten,"[""tungsten""]","[""W""]",official_auction_or_exploration_target_not_confirmed_deposit,accepted,geometry_available_for_overlay_not_used_in_prospectivity_training_or_scoring,https://www.mstcecommerce.com/auctionhome/download_docs.jsp?FILE_ID=22710_23.%20MBS%20Khobna%20and%20Agargaon%20Cluster%20Tungsten%20Block.pdf&path=dynamiclinks&portal=mlcl&mdTyp=-,https://www.mstcecommerce.com/auctionhome/download_docs.jsp?FILE_ID=22681_GoI%20MoM%20-%20Tranche%20VI%20-%20NIT.pdf&path=dynamiclinks&portal=mlcl&mdTyp=-,3,,,4.05087042,False,True,False,False,0.65182376,,2.00000000,False,True,Manganese,known_evidence_area,False,False,"The source identifies an auction or exploration target, not a confirmed deposit, resource, reserve, discovery, grade continuity, economic viability, current grant, operating mine, or permission to enter land. Source-independent publication does not prove knowledge-independence from historical mineral evidence.","[""official_auction_or_exploration_target_not_confirmed_deposit"",""within_25km_of_training_evidence_excluded_from_primary_transfer_cohort"",""target_model_below_published_minimum_support"",""target_model_does_not_pass_internal_minimum_holdout_auc"",""complete_historical_source_label_independence_not_established""]"
OBT-f2b424ad113430b0,central_critical_mineral_auction,kundol,"[""CMB-EVENT-T1-O09""]",1,Kundol Nickel and Chromium Block,"[""Kundol Nickel and Chromium Block""]",Gujarat,Aravalli,547.80000000,,23.86270674,73.33978455,8642cd56fffffff,8342cdfffffffff,Chromium,"[""chromium""]","[""Cr""]",official_auction_or_exploration_target_not_confirmed_deposit,accepted,geometry_available_for_overlay_not_used_in_prospectivity_training_or_scoring,https://www.mstcecommerce.com/auctionhome/download_docs.jsp?FILE_ID=12687_MBS_Kundol%20Nickel%20and%20Chromium%20Block.pdf&path=dynamiclinks&portal=mlcl&mdTyp=-,https://www.mstcecommerce.com/auctionhome/download_docs.jsp?FILE_ID=12721_Tranche-1-NIT%2020%20Blocks.pdf&path=dynamiclinks&portal=mlcl&mdTyp=-,72,0.96467978,0.95833333,849.05487061,True,False,True,False,0.00007189,0.15849151,27.00000000,False,False,Manganese,regional_background,False,False,"The source identifies an auction or exploration target, not a confirmed deposit, resource, reserve, discovery, grade continuity, economic viability, current grant, operating mine, or permission to enter land. Source-independent publication does not prove knowledge-independence from historical mineral evidence.","[""official_auction_or_exploration_target_not_confirmed_deposit"",""complete_historical_source_label_independence_not_established""]"
OBT-79a852c5432033fa,central_critical_mineral_auction,kundol,"[""CMB-EVENT-T1-O09""]",1,Kundol Nickel and Chromium Block,"[""Kundol Nickel and Chromium Block""]",Gujarat,Aravalli,547.80000000,,23.86270674,73.33978455,8642cd56fffffff,8342cdfffffffff,Nickel,"[""nickel""]","[""Ni""]",official_auction_or_exploration_target_not_confirmed_deposit,accepted,geometry_available_for_overlay_not_used_in_prospectivity_training_or_scoring,https://www.mstcecommerce.com/auctionhome/download_docs.jsp?FILE_ID=12687_MBS_Kundol%20Nickel%20and%20Chromium%20Block.pdf&path=dynamiclinks&portal=mlcl&mdTyp=-,https://www.mstcecommerce.com/auctionhome/download_docs.jsp?FILE_ID=12721_Tranche-1-NIT%2020%20Blocks.pdf&path=dynamiclinks&portal=mlcl&mdTyp=-,7,,,479.68685913,True,False,True,False,0.04648822,0.71951711,21.00000000,False,False,Manganese,regional_background,False,False,"The source identifies an auction or exploration target, not a confirmed deposit, resource, reserve, discovery, grade continuity, economic viability, current grant, operating mine, or permission to enter land. Source-independent publication does not prove knowledge-independence from historical mineral evidence.","[""official_auction_or_exploration_target_not_confirmed_deposit"",""target_model_below_published_minimum_support"",""target_model_does_not_pass_internal_minimum_holdout_auc"",""complete_historical_source_label_independence_not_established""]"
OBT-e907ddd0be4dbbbf,central_critical_mineral_auction,kurunjakulam,"[""CMB-EVENT-T1-O11"",""CMB-EVENT-T3-O04""]",2,Kurunjakulam Graphite Block,"[""Kurunjakulam Graphite Block""]",Tamil Nadu,Tenkasi,265.66000000,,9.23736111,77.68652778,86603582fffffff,836035fffffffff,Graphite,"[""carbon""]","[""C""]",official_auction_or_exploration_target_not_confirmed_deposit,accepted,geometry_available_for_overlay_not_used_in_prospectivity_training_or_scoring,https://www.mstcecommerce.com/auctionhome/download_docs.jsp?FILE_ID=14483_MBS_Kurunjakulam%20Graphite%20Block.pdf&path=dynamiclinks&portal=mlcl&mdTyp=-,https://www.mstcecommerce.com/auctionhome/download_docs.jsp?FILE_ID=14477_Notice%20Inviting%20Tender%20(NIT)%20-%20%20Tranche%20III.pdf&path=dynamiclinks&portal=mlcl&mdTyp=-,15,0.87053333,0.53333333,96.18391418,True,True,True,True,0.34199327,0.92105442,6.00000000,False,False,Titanium,regional_background,False,False,"The source identifies an auction or exploration target, not a confirmed deposit, resource, reserve, discovery, grade continuity, economic viability, current grant, operating mine, or permission to enter land. Source-independent publication does not prove knowledge-independence from historical mineral evidence.","[""official_auction_or_exploration_target_not_confirmed_deposit"",""complete_historical_source_label_independence_not_established""]"
OBT-a1c1e5e5496cfeec,central_critical_mineral_auction,lakhasar,"[""CMB-EVENT-T2-O15""]",1,Lakhasar Potash and Halite Block,"[""Lakhasar Potash and Halite Block""]",Rajasthan,Bikaner,1830.06000000,,28.09734903,73.87400255,8642590afffffff,834259fffffffff,Potash,"[""potassium chloride"",""potassium sulfate""]","[""KCl"",""K2SO4""]",official_auction_or_exploration_target_not_confirmed_deposit,accepted,geometry_available_for_overlay_not_used_in_prospectivity_training_or_scoring,https://www.mstcecommerce.com/auctionhome/download_docs.jsp?FILE_ID=14089_MBS_Lakhasar%20Block%20Final%20CL%20with%20halite.pdf&path=dynamiclinks&portal=mlcl&mdTyp=-,https://www.mstcecommerce.com/auctionhome/download_docs.jsp?FILE_ID=14475_GoI-MoM%20Tranche%20II-NIT.pdf&path=dynamiclinks&portal=mlcl&mdTyp=-,0,,,,False,False,False,False,,,,False,False,Copper,regional_background,False,False,"The source identifies an auction or exploration target, not a confirmed deposit, resource, reserve, discovery, grade continuity, economic viability, current grant, operating mine, or permission to enter land. Source-independent publication does not prove knowledge-independence from historical mineral evidence.","[""official_auction_or_exploration_target_not_confirmed_deposit"",""within_25km_of_training_evidence_excluded_from_primary_transfer_cohort"",""target_model_below_published_minimum_support"",""target_model_does_not_pass_internal_minimum_holdout_auc"",""complete_historical_source_label_independence_not_established""]"
OBT-a508cbee7654fb68,central_critical_mineral_auction,lamer-panga-a,"[""CMB-EVENT-T7-O11""]",1,Lamer-Panga A Graphite Block,"[""Lamer-Panga A Graphite Block""]",Odisha,Kalahandi,1392.66000000,,20.08958315,83.47887602,863c82897ffffff,833c82fffffffff,Graphite,"[""carbon""]","[""C""]",official_auction_or_exploration_target_not_confirmed_deposit,accepted,geometry_available_for_overlay_not_used_in_prospectivity_training_or_scoring,https://www.mstcecommerce.com/auctionhome/download_docs.jsp?FILE_ID=25659_10%20Lamer-Panga%20A%20Graphite%20Block.pdf&path=dynamiclinks&portal=mlcl&mdTyp=-,https://www.mstcecommerce.com/auctionhome/download_docs.jsp?FILE_ID=25649_GoI%20MoM%20-%20Tranche%20VII%20-%20NIT_N.pdf&path=dynamiclinks&portal=mlcl&mdTyp=-,15,0.87053333,0.53333333,18.73249435,False,True,False,False,0.88982373,0.99818558,1.00000000,True,True,Graphite,regional_background,False,False,"The source identifies an auction or exploration target, not a confirmed deposit, resource, reserve, discovery, grade continuity, economic viability, current grant, operating mine, or permission to enter land. Source-independent publication does not prove knowledge-independence from historical mineral evidence.","[""official_auction_or_exploration_target_not_confirmed_deposit"",""within_25km_of_training_evidence_excluded_from_primary_transfer_cohort"",""complete_historical_source_label_independence_not_established""]"
OBT-caf6248e60594afd,central_critical_mineral_auction,lamer-panga-b,"[""CMB-EVENT-T7-O10""]",1,Lamer-Panga-B Graphite Block,"[""Lamer-Panga-B Graphite Block""]",Odisha,Kalahandi,1313.08000000,,20.07753228,83.52272193,863c82897ffffff,833c82fffffffff,Graphite,"[""carbon""]","[""C""]",official_auction_or_exploration_target_not_confirmed_deposit,accepted,geometry_available_for_overlay_not_used_in_prospectivity_training_or_scoring,https://www.mstcecommerce.com/auctionhome/download_docs.jsp?FILE_ID=25660_11%20Lamer-Panga-B%20Graphite%20Block.pdf&path=dynamiclinks&portal=mlcl&mdTyp=-,https://www.mstcecommerce.com/auctionhome/download_docs.jsp?FILE_ID=25649_GoI%20MoM%20-%20Tranche%20VII%20-%20NIT_N.pdf&path=dynamiclinks&portal=mlcl&mdTyp=-,15,0.87053333,0.53333333,18.73249435,False,True,False,False,0.88982373,0.99818558,1.00000000,True,True,Graphite,regional_background,False,False,"The source identifies an auction or exploration target, not a confirmed deposit, resource, reserve, discovery, grade continuity, economic viability, current grant, operating mine, or permission to enter land. Source-independent publication does not prove knowledge-independence from historical mineral evidence.","[""official_auction_or_exploration_target_not_confirmed_deposit"",""within_25km_of_training_evidence_excluded_from_primary_transfer_cohort"",""complete_historical_source_label_independence_not_established""]"
OBT-cc4a72178615e414,central_critical_mineral_auction,larambha,"[""CMB-EVENT-T6-O14""]",1,"Larambha Graphite, Manganese and Associated Mineral Block","[""Larambha Graphite, Manganese and Associated Mineral Block""]",Odisha,Balangir,256.58000000,,20.85259019,83.17859299,863c86a8fffffff,833c86fffffffff,Cobalt,"[""cobalt""]","[""Co""]",official_auction_or_exploration_target_not_confirmed_deposit,accepted,geometry_available_for_overlay_not_used_in_prospectivity_training_or_scoring,https://www.mstcecommerce.com/auctionhome/download_docs.jsp?FILE_ID=22697_10.%20Larambha%20Block%20Summary.pdf&path=dynamiclinks&portal=mlcl&mdTyp=-,https://www.mstcecommerce.com/auctionhome/download_docs.jsp?FILE_ID=22681_GoI%20MoM%20-%20Tranche%20VI%20-%20NIT.pdf&path=dynamiclinks&portal=mlcl&mdTyp=-,4,,,176.28373718,True,True,True,True,0.09843008,,14.00000000,False,False,Manganese,regional_background,False,False,"The source identifies an auction or exploration target, not a confirmed deposit, resource, reserve, discovery, grade continuity, economic viability, current grant, operating mine, or permission to enter land. Source-independent publication does not prove knowledge-independence from historical mineral evidence.","[""official_auction_or_exploration_target_not_confirmed_deposit"",""target_model_below_published_minimum_support"",""target_model_does_not_pass_internal_minimum_holdout_auc"",""complete_historical_source_label_independence_not_established""]"
OBT-8fcb0b467bf298a1,central_critical_mineral_auction,larambha,"[""CMB-EVENT-T6-O14""]",1,"Larambha Graphite, Manganese and Associated Mineral Block","[""Larambha Graphite, Manganese and Associated Mineral Block""]",Odisha,Balangir,256.58000000,,20.85259019,83.17859299,863c86a8fffffff,833c86fffffffff,Graphite,"[""carbon""]","[""C""]",official_auction_or_exploration_target_not_confirmed_deposit,accepted,geometry_available_for_overlay_not_used_in_prospectivity_training_or_scoring,https://www.mstcecommerce.com/auctionhome/download_docs.jsp?FILE_ID=22697_10.%20Larambha%20Block%20Summary.pdf&path=dynamiclinks&portal=mlcl&mdTyp=-,https://www.mstcecommerce.com/auctionhome/download_docs.jsp?FILE_ID=22681_GoI%20MoM%20-%20Tranche%20VI%20-%20NIT.pdf&path=dynamiclinks&portal=mlcl&mdTyp=-,15,0.87053333,0.53333333,11.10131645,False,True,False,False,0.50618523,0.96326017,2.00000000,False,True,Manganese,regional_background,False,False,"The source identifies an auction or exploration target, not a confirmed deposit, resource, reserve, discovery, grade continuity, economic viability, current grant, operating mine, or permission to enter land. Source-independent publication does not prove knowledge-independence from historical mineral evidence.","[""official_auction_or_exploration_target_not_confirmed_deposit"",""within_25km_of_training_evidence_excluded_from_primary_transfer_cohort"",""complete_historical_source_label_independence_not_established""]"
OBT-9357d70fd9f86efb,central_critical_mineral_auction,larambha,"[""CMB-EVENT-T6-O14""]",1,"Larambha Graphite, Manganese and Associated Mineral Block","[""Larambha Graphite, Manganese and Associated Mineral Block""]",Odisha,Balangir,256.58000000,,20.85259019,83.17859299,863c86a8fffffff,833c86fffffffff,Manganese,"[""manganese""]","[""Mn""]",official_auction_or_exploration_target_not_confirmed_deposit,accepted,geometry_available_for_overlay_not_used_in_prospectivity_training_or_scoring,https://www.mstcecommerce.com/auctionhome/download_docs.jsp?FILE_ID=22697_10.%20Larambha%20Block%20Summary.pdf&path=dynamiclinks&portal=mlcl&mdTyp=-,https://www.mstcecommerce.com/auctionhome/download_docs.jsp?FILE_ID=22681_GoI%20MoM%20-%20Tranche%20VI%20-%20NIT.pdf&path=dynamiclinks&portal=mlcl&mdTyp=-,130,0.85341124,0.20769231,141.28636169,True,True,True,True,0.58520579,0.96019411,1.00000000,True,True,Manganese,regional_background,False,False,"The source identifies an auction or exploration target, not a confirmed deposit, resource, reserve, discovery, grade continuity, economic viability, current grant, operating mine, or permission to enter land. Source-independent publication does not prove knowledge-independence from historical mineral evidence.","[""official_auction_or_exploration_target_not_confirmed_deposit"",""complete_historical_source_label_independence_not_established""]"
OBT-dfeb77b8422d388a,central_critical_mineral_auction,larambha,"[""CMB-EVENT-T6-O14""]",1,"Larambha Graphite, Manganese and Associated Mineral Block","[""Larambha Graphite, Manganese and Associated Mineral Block""]",Odisha,Balangir,256.58000000,,20.85259019,83.17859299,863c86a8fffffff,833c86fffffffff,Vanadium,"[""vanadium""]","[""V""]",official_auction_or_exploration_target_not_confirmed_deposit,accepted,geometry_available_for_overlay_not_used_in_prospectivity_training_or_scoring,https://www.mstcecommerce.com/auctionhome/download_docs.jsp?FILE_ID=22697_10.%20Larambha%20Block%20Summary.pdf&path=dynamiclinks&portal=mlcl&mdTyp=-,https://www.mstcecommerce.com/auctionhome/download_docs.jsp?FILE_ID=22681_GoI%20MoM%20-%20Tranche%20VI%20-%20NIT.pdf&path=dynamiclinks&portal=mlcl&mdTyp=-,10,0.37920000,0.00000000,316.59201050,True,False,True,False,0.10171614,0.49556217,13.00000000,False,False,Manganese,regional_background,False,False,"The source identifies an auction or exploration target, not a confirmed deposit, resource, reserve, discovery, grade continuity, economic viability, current grant, operating mine, or permission to enter land. Source-independent publication does not prove knowledge-independence from historical mineral evidence.","[""official_auction_or_exploration_target_not_confirmed_deposit"",""target_model_does_not_pass_internal_minimum_holdout_auc"",""complete_historical_source_label_independence_not_established""]"
OBT-21a9596aeeffd3f5,central_critical_mineral_auction,laxmipuram,"[""CMB-EVENT-T6-O23""]",1,Laxmipuram Cobalt and Manganese Block,"[""Laxmipuram Cobalt and Manganese Block""]",Andhra Pradesh,Vizianagaram,105.77000000,,18.26184282,83.58903229,863c93b4fffffff,833c91fffffffff,Cobalt,"[""cobalt""]","[""Co""]",official_auction_or_exploration_target_not_confirmed_deposit,accepted,geometry_available_for_overlay_not_used_in_prospectivity_training_or_scoring,https://www.mstcecommerce.com/auctionhome/download_docs.jsp?FILE_ID=22687_1.%20Laxmipuram%20Cobalt%20and%20Manganese%20Block%20Summary.pdf&path=dynamiclinks&portal=mlcl&mdTyp=-,https://www.mstcecommerce.com/auctionhome/download_docs.jsp?FILE_ID=22681_GoI%20MoM%20-%20Tranche%20VI%20-%20NIT.pdf&path=dynamiclinks&portal=mlcl&mdTyp=-,4,,,281.39303589,True,False,True,False,0.03440678,,16.00000000,False,False,Graphite,regional_background,False,False,"The source identifies an auction or exploration target, not a confirmed deposit, resource, reserve, discovery, grade continuity, economic viability, current grant, operating mine, or permission to enter land. Source-independent publication does not prove knowledge-independence from historical mineral evidence.","[""official_auction_or_exploration_target_not_confirmed_deposit"",""target_model_below_published_minimum_support"",""target_model_does_not_pass_internal_minimum_holdout_auc"",""complete_historical_source_label_independence_not_established""]"
OBT-e55b3ed7f4f34b46,central_critical_mineral_auction,laxmipuram,"[""CMB-EVENT-T6-O23""]",1,Laxmipuram Cobalt and Manganese Block,"[""Laxmipuram Cobalt and Manganese Block""]",Andhra Pradesh,Vizianagaram,105.77000000,,18.26184282,83.58903229,863c93b4fffffff,833c91fffffffff,Manganese,"[""manganese""]","[""Mn""]",official_auction_or_exploration_target_not_confirmed_deposit,accepted,geometry_available_for_overlay_not_used_in_prospectivity_training_or_scoring,https://www.mstcecommerce.com/auctionhome/download_docs.jsp?FILE_ID=22687_1.%20Laxmipuram%20Cobalt%20and%20Manganese%20Block%20Summary.pdf&path=dynamiclinks&portal=mlcl&mdTyp=-,https://www.mstcecommerce.com/auctionhome/download_docs.jsp?FILE_ID=22681_GoI%20MoM%20-%20Tranche%20VI%20-%20NIT.pdf&path=dynamiclinks&portal=mlcl&mdTyp=-,130,0.85341124,0.20769231,5.55263662,False,True,False,False,0.64691055,,2.00000000,False,True,Graphite,regional_background,False,False,"The source identifies an auction or exploration target, not a confirmed deposit, resource, reserve, discovery, grade continuity, economic viability, current grant, operating mine, or permission to enter land. Source-independent publication does not prove knowledge-independence from historical mineral evidence.","[""official_auction_or_exploration_target_not_confirmed_deposit"",""within_25km_of_training_evidence_excluded_from_primary_transfer_cohort"",""complete_historical_source_label_independence_not_established""]"
OBT-3acdf2bdc787c99f,central_critical_mineral_auction,lodoso-east,"[""CMB-EVENT-T2-O06"",""CMB-EVENT-T4-O14""]",2,Lodoso East REE and Associated Minerals Block,"[""Lodoso East REE and Associated Minerals Block""]",Arunachal Pradesh,Papumpare,105.88000000,,27.18931781,93.33586922,863c534d7ffffff,833c53fffffffff,Copper,"[""copper""]","[""Cu""]",official_auction_or_exploration_target_not_confirmed_deposit,accepted,geometry_available_for_overlay_not_used_in_prospectivity_training_or_scoring,https://www.mstcecommerce.com/auctionhome/download_docs.jsp?FILE_ID=15837_14.%20MBS%20Lodoso%20East%20REE%20and%20Associated%20Minerals%20Block%2021.02.2024.pdf&path=dynamiclinks&portal=mlcl&mdTyp=-,https://www.mstcecommerce.com/auctionhome/download_docs.jsp?FILE_ID=15825_1.%20GoI%20MoM%20-%20Tranche%20IV%20-%20NIT.pdf&path=dynamiclinks&portal=mlcl&mdTyp=-,174,0.64359559,0.17816092,48.10476685,True,True,True,True,0.73777598,0.97013384,2.00000000,False,True,Gold,priority_candidate,True,False,"The source identifies an auction or exploration target, not a confirmed deposit, resource, reserve, discovery, grade continuity, economic viability, current grant, operating mine, or permission to enter land. Source-independent publication does not prove knowledge-independence from historical mineral evidence.","[""official_auction_or_exploration_target_not_confirmed_deposit"",""complete_historical_source_label_independence_not_established""]"
OBT-4079715d9990d60c,central_critical_mineral_auction,lodoso-east,"[""CMB-EVENT-T2-O06"",""CMB-EVENT-T4-O14""]",2,Lodoso East REE and Associated Minerals Block,"[""Lodoso East REE and Associated Minerals Block""]",Arunachal Pradesh,Papumpare,105.88000000,,27.18931781,93.33586922,863c534d7ffffff,833c53fffffffff,Rare-earth elements,"[""scandium"",""yttrium"",""lanthanum"",""cerium"",""praseodymium"",""neodymium"",""promethium"",""samarium"",""europium"",""gadolinium"",""terbium"",""dysprosium"",""holmium"",""erbium"",""thulium"",""ytterbium"",""lutetium""]","[""Sc"",""Y"",""La"",""Ce"",""Pr"",""Nd"",""Pm"",""Sm"",""Eu"",""Gd"",""Tb"",""Dy"",""Ho"",""Er"",""Tm"",""Yb"",""Lu""]",official_auction_or_exploration_target_not_confirmed_deposit,accepted,geometry_available_for_overlay_not_used_in_prospectivity_training_or_scoring,https://www.mstcecommerce.com/auctionhome/download_docs.jsp?FILE_ID=15837_14.%20MBS%20Lodoso%20East%20REE%20and%20Associated%20Minerals%20Block%2021.02.2024.pdf&path=dynamiclinks&portal=mlcl&mdTyp=-,https://www.mstcecommerce.com/auctionhome/download_docs.jsp?FILE_ID=15825_1.%20GoI%20MoM%20-%20Tranche%20IV%20-%20NIT.pdf&path=dynamiclinks&portal=mlcl&mdTyp=-,9,,,851.16693115,True,False,True,False,0.00006010,0.26886743,20.00000000,False,False,Gold,priority_candidate,True,False,"The source identifies an auction or exploration target, not a confirmed deposit, resource, reserve, discovery, grade continuity, economic viability, current grant, operating mine, or permission to enter land. Source-independent publication does not prove knowledge-independence from historical mineral evidence.","[""official_auction_or_exploration_target_not_confirmed_deposit"",""target_model_below_published_minimum_support"",""target_model_does_not_pass_internal_minimum_holdout_auc"",""complete_historical_source_label_independence_not_established""]"
OBT-981b3b4e72d4fa6b,central_critical_mineral_auction,majhauli,"[""CMB-EVENT-T7-O13""]",1,Majhauli Titanium Vanadium and Aluminous Laterite Block,"[""Majhauli Titanium Vanadium and Aluminous Laterite Block""]",Madhya Pradesh,Jabalpur,443.67000000,,23.55218953,80.18899047,863d99517ffffff,833d99fffffffff,Aluminium,"[""aluminium""]","[""Al""]",official_auction_or_exploration_target_not_confirmed_deposit,accepted,geometry_available_for_overlay_not_used_in_prospectivity_training_or_scoring,https://www.mstcecommerce.com/auctionhome/download_docs.jsp?FILE_ID=25657_8%20Majhauli%20Titanium%20Vanadium%20and%20Aluminous%20Laterite%20Block.pdf&path=dynamiclinks&portal=mlcl&mdTyp=-,https://www.mstcecommerce.com/auctionhome/download_docs.jsp?FILE_ID=25649_GoI%20MoM%20-%20Tranche%20VII%20-%20NIT_N.pdf&path=dynamiclinks&portal=mlcl&mdTyp=-,110,0.69101240,0.07272727,5.85074568,False,True,False,False,0.65834022,,1.00000000,True,True,Aluminium,regional_background,False,False,"The source identifies an auction or exploration target, not a confirmed deposit, resource, reserve, discovery, grade continuity, economic viability, current grant, operating mine, or permission to enter land. Source-independent publication does not prove knowledge-independence from historical mineral evidence.","[""official_auction_or_exploration_target_not_confirmed_deposit"",""within_25km_of_training_evidence_excluded_from_primary_transfer_cohort"",""complete_historical_source_label_independence_not_established""]"
OBT-661c5db44e355e9e,central_critical_mineral_auction,majhauli,"[""CMB-EVENT-T7-O13""]",1,Majhauli Titanium Vanadium and Aluminous Laterite Block,"[""Majhauli Titanium Vanadium and Aluminous Laterite Block""]",Madhya Pradesh,Jabalpur,443.67000000,,23.55218953,80.18899047,863d99517ffffff,833d99fffffffff,Titanium,"[""titanium"",""titanium dioxide""]","[""Ti"",""TiO2""]",official_auction_or_exploration_target_not_confirmed_deposit,accepted,geometry_available_for_overlay_not_used_in_prospectivity_training_or_scoring,https://www.mstcecommerce.com/auctionhome/download_docs.jsp?FILE_ID=25657_8%20Majhauli%20Titanium%20Vanadium%20and%20Aluminous%20Laterite%20Block.pdf&path=dynamiclinks&portal=mlcl&mdTyp=-,https://www.mstcecommerce.com/auctionhome/download_docs.jsp?FILE_ID=25649_GoI%20MoM%20-%20Tranche%20VII%20-%20NIT_N.pdf&path=dynamiclinks&portal=mlcl&mdTyp=-,39,0.66236029,0.25641026,94.31593323,True,True,True,True,0.28628847,0.64979339,11.00000000,False,False,Aluminium,regional_background,False,False,"The source identifies an auction or exploration target, not a confirmed deposit, resource, reserve, discovery, grade continuity, economic viability, current grant, operating mine, or permission to enter land. Source-independent publication does not prove knowledge-independence from historical mineral evidence.","[""official_auction_or_exploration_target_not_confirmed_deposit"",""complete_historical_source_label_independence_not_established""]"
OBT-bc8d8be582148d86,central_critical_mineral_auction,majhauli,"[""CMB-EVENT-T7-O13""]",1,Majhauli Titanium Vanadium and Aluminous Laterite Block,"[""Majhauli Titanium Vanadium and Aluminous Laterite Block""]",Madhya Pradesh,Jabalpur,443.67000000,,23.55218953,80.18899047,863d99517ffffff,833d99fffffffff,Vanadium,"[""vanadium""]","[""V""]",official_auction_or_exploration_target_not_confirmed_deposit,accepted,geometry_available_for_overlay_not_used_in_prospectivity_training_or_scoring,https://www.mstcecommerce.com/auctionhome/download_docs.jsp?FILE_ID=25657_8%20Majhauli%20Titanium%20Vanadium%20and%20Aluminous%20Laterite%20Block.pdf&path=dynamiclinks&portal=mlcl&mdTyp=-,https://www.mstcecommerce.com/auctionhome/download_docs.jsp?FILE_ID=25649_GoI%20MoM%20-%20Tranche%20VII%20-%20NIT_N.pdf&path=dynamiclinks&portal=mlcl&mdTyp=-,10,0.37920000,0.00000000,94.31593323,True,True,True,True,0.24980552,0.89979953,12.00000000,False,False,Aluminium,regional_background,False,False,"The source identifies an auction or exploration target, not a confirmed deposit, resource, reserve, discovery, grade continuity, economic viability, current grant, operating mine, or permission to enter land. Source-independent publication does not prove knowledge-independence from historical mineral evidence.","[""official_auction_or_exploration_target_not_confirmed_deposit"",""target_model_does_not_pass_internal_minimum_holdout_auc"",""complete_historical_source_label_independence_not_established""]"
OBT-6d030b52faea34c9,central_critical_mineral_auction,mannadipatti-central,"[""CMB-EVENT-T1-O12""]",1,Mannadipatti Central Molybdenum Block,"[""Mannadipatti Central Molybdenum Block""]",Tamil Nadu,Krishnagiri,58.68000000,,12.21314401,78.48205972,86618d257ffffff,83618dfffffffff,Molybdenum,"[""molybdenum""]","[""Mo""]",official_auction_or_exploration_target_not_confirmed_deposit,accepted,geometry_available_for_overlay_not_used_in_prospectivity_training_or_scoring,https://www.mstcecommerce.com/auctionhome/download_docs.jsp?FILE_ID=12721_Tranche-1-NIT%2020%20Blocks.pdf&path=dynamiclinks&portal=mlcl&mdTyp=-,https://www.mstcecommerce.com/auctionhome/download_docs.jsp?FILE_ID=12721_Tranche-1-NIT%2020%20Blocks.pdf&path=dynamiclinks&portal=mlcl&mdTyp=-,4,,,1061.19958496,True,False,True,False,0.00001412,,27.00000000,False,False,Iron,regional_background,False,False,"The source identifies an auction or exploration target, not a confirmed deposit, resource, reserve, discovery, grade continuity, economic viability, current grant, operating mine, or permission to enter land. Source-independent publication does not prove knowledge-independence from historical mineral evidence.","[""official_auction_or_exploration_target_not_confirmed_deposit"",""target_model_below_published_minimum_support"",""target_model_does_not_pass_internal_minimum_holdout_auc"",""complete_historical_source_label_independence_not_established""]"
OBT-7deab9c78a634fef,central_critical_mineral_auction,marudipatti-central,"[""CMB-EVENT-T1-O13""]",1,Marudipatti (Central) Molybdenum Block,"[""Marudipatti (Central) Molybdenum Block""]",Tamil Nadu,Dharmapuri,48.25000000,,12.16132726,78.45700039,86618d247ffffff,83618dfffffffff,Molybdenum,"[""molybdenum""]","[""Mo""]",official_auction_or_exploration_target_not_confirmed_deposit,accepted,geometry_available_for_overlay_not_used_in_prospectivity_training_or_scoring,https://www.mstcecommerce.com/auctionhome/download_docs.jsp?FILE_ID=12683_MBS_Marudipatti%20Central%20Molybdenum%20Block.pdf&path=dynamiclinks&portal=mlcl&mdTyp=-,https://www.mstcecommerce.com/auctionhome/download_docs.jsp?FILE_ID=12721_Tranche-1-NIT%2020%20Blocks.pdf&path=dynamiclinks&portal=mlcl&mdTyp=-,4,,,1067.61254883,True,False,True,False,0.00001325,,27.00000000,False,False,Phosphorus,regional_background,False,False,"The source identifies an auction or exploration target, not a confirmed deposit, resource, reserve, discovery, grade continuity, economic viability, current grant, operating mine, or permission to enter land. Source-independent publication does not prove knowledge-independence from historical mineral evidence.","[""official_auction_or_exploration_target_not_confirmed_deposit"",""target_model_below_published_minimum_support"",""target_model_does_not_pass_internal_minimum_holdout_auc"",""complete_historical_source_label_independence_not_established""]"
OBT-3d22a9a82c25d02f,central_critical_mineral_auction,mincheri,"[""CMB-EVENT-T5-O05"",""CMB-EVENT-T6-O02""]",2,Mincheri REE Block,"[""Mincheri REE Block""]",Karnataka,Raichur,207.67000000,,16.21478589,76.49453953,8660aedafffffff,8360aefffffffff,Rare-earth elements,"[""scandium"",""yttrium"",""lanthanum"",""cerium"",""praseodymium"",""neodymium"",""promethium"",""samarium"",""europium"",""gadolinium"",""terbium"",""dysprosium"",""holmium"",""erbium"",""thulium"",""ytterbium"",""lutetium""]","[""Sc"",""Y"",""La"",""Ce"",""Pr"",""Nd"",""Pm"",""Sm"",""Eu"",""Gd"",""Tb"",""Dy"",""Ho"",""Er"",""Tm"",""Yb"",""Lu""]",official_auction_or_exploration_target_not_confirmed_deposit,accepted,geometry_available_for_overlay_not_used_in_prospectivity_training_or_scoring,https://www.mstcecommerce.com/auctionhome/download_docs.jsp?FILE_ID=22709_22.%20Mineral%20summary%20Mincheri%20REE%20Block.pdf&path=dynamiclinks&portal=mlcl&mdTyp=-,https://www.mstcecommerce.com/auctionhome/download_docs.jsp?FILE_ID=22681_GoI%20MoM%20-%20Tranche%20VI%20-%20NIT.pdf&path=dynamiclinks&portal=mlcl&mdTyp=-,9,,,679.47583008,True,False,True,False,0.00033457,0.36802641,27.00000000,False,False,Iron,regional_background,False,False,"The source identifies an auction or exploration target, not a confirmed deposit, resource, reserve, discovery, grade continuity, economic viability, current grant, operating mine, or permission to enter land. Source-independent publication does not prove knowledge-independence from historical mineral evidence.","[""official_auction_or_exploration_target_not_confirmed_deposit"",""target_model_below_published_minimum_support"",""target_model_does_not_pass_internal_minimum_holdout_auc"",""complete_historical_source_label_independence_not_established""]"
OBT-d4c8292dacc163a1,central_critical_mineral_auction,mincheri,"[""CMB-EVENT-T5-O05"",""CMB-EVENT-T6-O02""]",2,Mincheri REE Block,"[""Mincheri REE Block""]",Karnataka,Raichur,207.67000000,,16.21478589,76.49453953,8660aedafffffff,8360aefffffffff,Vanadium,"[""vanadium""]","[""V""]",official_auction_or_exploration_target_not_confirmed_deposit,accepted,geometry_available_for_overlay_not_used_in_prospectivity_training_or_scoring,https://www.mstcecommerce.com/auctionhome/download_docs.jsp?FILE_ID=22709_22.%20Mineral%20summary%20Mincheri%20REE%20Block.pdf&path=dynamiclinks&portal=mlcl&mdTyp=-,https://www.mstcecommerce.com/auctionhome/download_docs.jsp?FILE_ID=22681_GoI%20MoM%20-%20Tranche%20VI%20-%20NIT.pdf&path=dynamiclinks&portal=mlcl&mdTyp=-,10,0.37920000,0.00000000,348.44329834,True,False,True,False,0.17434783,0.81559324,8.00000000,False,False,Iron,regional_background,False,False,"The source identifies an auction or exploration target, not a confirmed deposit, resource, reserve, discovery, grade continuity, economic viability, current grant, operating mine, or permission to enter land. Source-independent publication does not prove knowledge-independence from historical mineral evidence.","[""official_auction_or_exploration_target_not_confirmed_deposit"",""target_model_does_not_pass_internal_minimum_holdout_auc"",""complete_historical_source_label_independence_not_established""]"
OBT-866cb10baf21fef7,central_critical_mineral_auction,miyan-ki-dhani-east,"[""CMB-EVENT-T8-O11""]",1,Miyan Ki Dhani East Tungsten and Associated Mineral Block,"[""Miyan Ki Dhani East Tungsten and Associated Mineral Block""]",Rajasthan,Nagaur,65.59000000,,26.90696484,74.27487460,863db5937ffffff,83425bfffffffff,Tungsten,"[""tungsten""]","[""W""]",official_auction_or_exploration_target_not_confirmed_deposit,accepted,geometry_available_for_overlay_not_used_in_prospectivity_training_or_scoring,https://www.mstcecommerce.com/auctionhome/download_docs.jsp?FILE_ID=27333_Miyan%20Ki%20Dhani%20East%20Tungsten%20and%20Associated%20Mineral%20Block_MBS.pdf&path=dynamiclinks&portal=mlcl&mdTyp=-,https://www.mstcecommerce.com/auctionhome/download_docs.jsp?FILE_ID=27316_GoI%20MoM%20-%20Tranche%20VIII%20-%20NIT.pdf&path=dynamiclinks&portal=mlcl&mdTyp=-,3,,,5.89121819,False,True,False,False,0.64239287,,2.00000000,False,True,Copper,regional_background,False,False,"The source identifies an auction or exploration target, not a confirmed deposit, resource, reserve, discovery, grade continuity, economic viability, current grant, operating mine, or permission to enter land. Source-independent publication does not prove knowledge-independence from historical mineral evidence.","[""official_auction_or_exploration_target_not_confirmed_deposit"",""within_25km_of_training_evidence_excluded_from_primary_transfer_cohort"",""target_model_below_published_minimum_support"",""target_model_does_not_pass_internal_minimum_holdout_auc"",""complete_historical_source_label_independence_not_established""]"
OBT-ffcc2fffa24646a3,central_critical_mineral_auction,muskaniya-gareriatola-barwari,"[""CMB-EVENT-T1-O14"",""CMB-EVENT-T3-O05""]",2,Muskaniya-Gareriatola-Barwari Potash Block,"[""Muskaniya-Gareriatola-Barwari Potash Block""]",Jharkhand,Garhwa,513.69000000,,24.40176121,83.54869049,863ca1947ffffff,833ca1fffffffff,Potash,"[""potassium chloride"",""potassium sulfate""]","[""KCl"",""K2SO4""]",official_auction_or_exploration_target_not_confirmed_deposit,accepted,geometry_available_for_overlay_not_used_in_prospectivity_training_or_scoring,https://www.mstcecommerce.com/auctionhome/download_docs.jsp?FILE_ID=14482_MBS_Muskaniya-Gareriatola-Barwari%20Potash%20Block.pdf&path=dynamiclinks&portal=mlcl&mdTyp=-,https://www.mstcecommerce.com/auctionhome/download_docs.jsp?FILE_ID=14477_Notice%20Inviting%20Tender%20(NIT)%20-%20%20Tranche%20III.pdf&path=dynamiclinks&portal=mlcl&mdTyp=-,0,,,,False,False,False,False,,,,False,False,Copper,regional_background,False,False,"The source identifies an auction or exploration target, not a confirmed deposit, resource, reserve, discovery, grade continuity, economic viability, current grant, operating mine, or permission to enter land. Source-independent publication does not prove knowledge-independence from historical mineral evidence.","[""official_auction_or_exploration_target_not_confirmed_deposit"",""within_25km_of_training_evidence_excluded_from_primary_transfer_cohort"",""target_model_below_published_minimum_support"",""target_model_does_not_pass_internal_minimum_holdout_auc"",""complete_historical_source_label_independence_not_established""]"
OBT-b5634fdd72c3fc69,central_critical_mineral_auction,naringpanga-south,"[""CMB-EVENT-T7-O12"",""CMB-EVENT-T8-O03""]",2,Naringpanga South Graphite Block,"[""Naringapanga Graphite Block"",""Naringpanga South Graphite Block""]",Odisha,Rayagada,14.27000000,,19.72353095,83.55668710,863c82577ffffff,833c82fffffffff,Graphite,"[""carbon""]","[""C""]",official_auction_or_exploration_target_not_confirmed_deposit,accepted,geometry_available_for_overlay_not_used_in_prospectivity_training_or_scoring,https://www.mstcecommerce.com/auctionhome/download_docs.jsp?FILE_ID=27341_Naringpanga%20South%20Graphite%20Block_MBS.pdf&path=dynamiclinks&portal=mlcl&mdTyp=-,https://www.mstcecommerce.com/auctionhome/download_docs.jsp?FILE_ID=27316_GoI%20MoM%20-%20Tranche%20VIII%20-%20NIT.pdf&path=dynamiclinks&portal=mlcl&mdTyp=-,15,0.87053333,0.53333333,15.99648857,False,True,False,False,0.89744216,0.99886173,1.00000000,True,True,Graphite,regional_background,False,False,"The source identifies an auction or exploration target, not a confirmed deposit, resource, reserve, discovery, grade continuity, economic viability, current grant, operating mine, or permission to enter land. Source-independent publication does not prove knowledge-independence from historical mineral evidence.","[""official_auction_or_exploration_target_not_confirmed_deposit"",""within_25km_of_training_evidence_excluded_from_primary_transfer_cohort"",""complete_historical_source_label_independence_not_established""]"
OBT-4790fff31cb87709,central_critical_mineral_auction,nawatola-laband,"[""CMB-EVENT-T4-O11"",""CMB-EVENT-T5-O15""]",2,Nawatola-Laband REE Block,"[""Nawatola-Laband REE Block""]",Uttar Pradesh,Sonbhadra,210.01000000,,24.10174960,83.09608191,863ca568fffffff,833ca5fffffffff,Rare-earth elements,"[""scandium"",""yttrium"",""lanthanum"",""cerium"",""praseodymium"",""neodymium"",""promethium"",""samarium"",""europium"",""gadolinium"",""terbium"",""dysprosium"",""holmium"",""erbium"",""thulium"",""ytterbium"",""lutetium""]","[""Sc"",""Y"",""La"",""Ce"",""Pr"",""Nd"",""Pm"",""Sm"",""Eu"",""Gd"",""Tb"",""Dy"",""Ho"",""Er"",""Tm"",""Yb"",""Lu""]",official_auction_or_exploration_target_not_confirmed_deposit,accepted,geometry_available_for_overlay_not_used_in_prospectivity_training_or_scoring,https://www.mstcecommerce.com/auctionhome/download_docs.jsp?FILE_ID=18650_15.MBS_Nawatola-Laband_REE_Block.pdf&path=dynamiclinks&portal=mlcl&mdTyp=-,https://www.mstcecommerce.com/auctionhome/download_docs.jsp?FILE_ID=18641_GoI%20MoM%20-%20Tranche%20V%20-%20Notice%20Inviting%20Tender.pdf&path=dynamiclinks&portal=mlcl&mdTyp=-,9,,,306.57223511,True,False,True,False,0.01393122,0.56262881,18.00000000,False,False,Graphite,regional_background,False,False,"The source identifies an auction or exploration target, not a confirmed deposit, resource, reserve, discovery, grade continuity, economic viability, current grant, operating mine, or permission to enter land. Source-independent publication does not prove knowledge-independence from historical mineral evidence.","[""official_auction_or_exploration_target_not_confirmed_deposit"",""target_model_below_published_minimum_support"",""target_model_does_not_pass_internal_minimum_holdout_auc"",""complete_historical_source_label_independence_not_established""]"
OBT-594fd05f935ad99e,central_critical_mineral_auction,nayakkarpatti,"[""CMB-EVENT-T2-O16"",""CMB-EVENT-T4-O21""]",2,Nayakkarpatti Tungsten Block,"[""Nayakkarpatti Tungsten Block""]",Tamil Nadu,Madurai,2015.51000000,,10.04349042,78.27603368,866034387ffffff,836034fffffffff,Tungsten,"[""tungsten""]","[""W""]",official_auction_or_exploration_target_not_confirmed_deposit,accepted,geometry_available_for_overlay_not_used_in_prospectivity_training_or_scoring,https://www.mstcecommerce.com/auctionhome/download_docs.jsp?FILE_ID=15830_21.%20MBS_Nayakkarpatti%20Tungsten%20Block%20corrected%20on%2023.02.2024.pdf&path=dynamiclinks&portal=mlcl&mdTyp=-,https://www.mstcecommerce.com/auctionhome/download_docs.jsp?FILE_ID=15825_1.%20GoI%20MoM%20-%20Tranche%20IV%20-%20NIT.pdf&path=dynamiclinks&portal=mlcl&mdTyp=-,3,,,1236.20361328,True,False,True,False,0.00000230,,26.00000000,False,False,Graphite,regional_background,False,False,"The source identifies an auction or exploration target, not a confirmed deposit, resource, reserve, discovery, grade continuity, economic viability, current grant, operating mine, or permission to enter land. Source-independent publication does not prove knowledge-independence from historical mineral evidence.","[""official_auction_or_exploration_target_not_confirmed_deposit"",""target_model_below_published_minimum_support"",""target_model_does_not_pass_internal_minimum_holdout_auc"",""complete_historical_source_label_independence_not_established""]"
OBT-c8dec93fde1d39f7,central_critical_mineral_auction,nimbli,"[""CMB-EVENT-T6-O11""]",1,Nimbli Block,"[""Nimbli Block""]",Rajasthan,Jaisalmer,269.70000000,,26.22232582,70.91930820,8642edd2fffffff,8342edfffffffff,Phosphorus,"[""phosphorus""]","[""P""]",official_auction_or_exploration_target_not_confirmed_deposit,accepted,geometry_available_for_overlay_not_used_in_prospectivity_training_or_scoring,https://www.mstcecommerce.com/auctionhome/download_docs.jsp?FILE_ID=22700_13.%20Nimbli%20Block%20Summary.pdf&path=dynamiclinks&portal=mlcl&mdTyp=-,https://www.mstcecommerce.com/auctionhome/download_docs.jsp?FILE_ID=22681_GoI%20MoM%20-%20Tranche%20VI%20-%20NIT.pdf&path=dynamiclinks&portal=mlcl&mdTyp=-,85,0.70646367,0.08235294,294.29531860,True,False,True,False,0.18624313,0.47241244,2.00000000,False,True,Copper,regional_background,False,False,"The source identifies an auction or exploration target, not a confirmed deposit, resource, reserve, discovery, grade continuity, economic viability, current grant, operating mine, or permission to enter land. Source-independent publication does not prove knowledge-independence from historical mineral evidence.","[""official_auction_or_exploration_target_not_confirmed_deposit"",""complete_historical_source_label_independence_not_established""]"
OBT-ea0223a38f7bd376,central_critical_mineral_auction,nochchipatti,"[""CMB-EVENT-T1-O15""]",1,Nochchipatti Molybdenum Block,"[""Nochchipatti Molybdenum Block""]",Tamil Nadu,Krishnagiri,299.82000000,,12.23819382,78.49560165,86618d2e7ffffff,83618dfffffffff,Molybdenum,"[""molybdenum""]","[""Mo""]",official_auction_or_exploration_target_not_confirmed_deposit,accepted,geometry_available_for_overlay_not_used_in_prospectivity_training_or_scoring,https://www.mstcecommerce.com/auctionhome/download_docs.jsp?FILE_ID=12681_MBS_Nochchipatti%20Molybdenum%20Block.pdf&path=dynamiclinks&portal=mlcl&mdTyp=-,https://www.mstcecommerce.com/auctionhome/download_docs.jsp?FILE_ID=12721_Tranche-1-NIT%2020%20Blocks.pdf&path=dynamiclinks&portal=mlcl&mdTyp=-,4,,,1054.78857422,True,False,True,False,0.00001506,,27.00000000,False,False,Phosphorus,regional_background,False,False,"The source identifies an auction or exploration target, not a confirmed deposit, resource, reserve, discovery, grade continuity, economic viability, current grant, operating mine, or permission to enter land. Source-independent publication does not prove knowledge-independence from historical mineral evidence.","[""official_auction_or_exploration_target_not_confirmed_deposit"",""target_model_below_published_minimum_support"",""target_model_does_not_pass_internal_minimum_holdout_auc"",""complete_historical_source_label_independence_not_established""]"
OBT-b7fd24bdd38338bb,central_critical_mineral_auction,oranga-revatipur,"[""CMB-EVENT-T5-O02""]",1,Oranga-Revatipur Graphite and Vanadium Block,"[""Oranga-Revatipur Graphite and Vanadium Block""]",Chhattisgarh,Balrampur- Ramanujganj,366.47800000,,23.98457372,83.44538385,863ca1c47ffffff,833ca1fffffffff,Graphite,"[""carbon""]","[""C""]",official_auction_or_exploration_target_not_confirmed_deposit,accepted,geometry_available_for_overlay_not_used_in_prospectivity_training_or_scoring,https://www.mstcecommerce.com/auctionhome/download_docs.jsp?FILE_ID=18664_1.MBS_Oranga-Revatipur_Graphite_Block.pdf&path=dynamiclinks&portal=mlcl&mdTyp=-,https://www.mstcecommerce.com/auctionhome/download_docs.jsp?FILE_ID=18641_GoI%20MoM%20-%20Tranche%20V%20-%20Notice%20Inviting%20Tender.pdf&path=dynamiclinks&portal=mlcl&mdTyp=-,15,0.87053333,0.53333333,70.91181183,True,True,True,True,0.63133389,0.97152096,1.00000000,True,True,Graphite,regional_background,False,False,"The source identifies an auction or exploration target, not a confirmed deposit, resource, reserve, discovery, grade continuity, economic viability, current grant, operating mine, or permission to enter land. Source-independent publication does not prove knowledge-independence from historical mineral evidence.","[""official_auction_or_exploration_target_not_confirmed_deposit"",""complete_historical_source_label_independence_not_established""]"
OBT-2c16b5406f2420c2,central_critical_mineral_auction,oranga-revatipur,"[""CMB-EVENT-T5-O02""]",1,Oranga-Revatipur Graphite and Vanadium Block,"[""Oranga-Revatipur Graphite and Vanadium Block""]",Chhattisgarh,Balrampur- Ramanujganj,366.47800000,,23.98457372,83.44538385,863ca1c47ffffff,833ca1fffffffff,Vanadium,"[""vanadium""]","[""V""]",official_auction_or_exploration_target_not_confirmed_deposit,accepted,geometry_available_for_overlay_not_used_in_prospectivity_training_or_scoring,https://www.mstcecommerce.com/auctionhome/download_docs.jsp?FILE_ID=18664_1.MBS_Oranga-Revatipur_Graphite_Block.pdf&path=dynamiclinks&portal=mlcl&mdTyp=-,https://www.mstcecommerce.com/auctionhome/download_docs.jsp?FILE_ID=18641_GoI%20MoM%20-%20Tranche%20V%20-%20Notice%20Inviting%20Tender.pdf&path=dynamiclinks&portal=mlcl&mdTyp=-,10,0.37920000,0.00000000,251.83816528,True,False,True,False,0.28124902,0.91871101,6.00000000,False,False,Graphite,regional_background,False,False,"The source identifies an auction or exploration target, not a confirmed deposit, resource, reserve, discovery, grade continuity, economic viability, current grant, operating mine, or permission to enter land. Source-independent publication does not prove knowledge-independence from historical mineral evidence.","[""official_auction_or_exploration_target_not_confirmed_deposit"",""target_model_does_not_pass_internal_minimum_holdout_auc"",""complete_historical_source_label_independence_not_established""]"
OBT-0dea8fe72a86c468,central_critical_mineral_auction,pahadi-kalan-gora-kalan,"[""CMB-EVENT-T1-O16""]",1,Pahadi Kalan-Gora Kalan Phosphorite Block,"[""Pahadi Kalan-Gora Kalan Phosphorite Block""]",Uttar Pradesh,Lalitpur,1393.83000000,,24.31733511,78.76070243,863d9cab7ffffff,833d9cfffffffff,Phosphorus,"[""phosphorus""]","[""P""]",official_auction_or_exploration_target_not_confirmed_deposit,accepted,geometry_available_for_overlay_not_used_in_prospectivity_training_or_scoring,https://www.mstcecommerce.com/auctionhome/download_docs.jsp?FILE_ID=12680_MBS_Pahadi%20Kalan-Gora%20Kalan%20Phosphorite%20Block.pdf&path=dynamiclinks&portal=mlcl&mdTyp=-,https://www.mstcecommerce.com/auctionhome/download_docs.jsp?FILE_ID=12721_Tranche-1-NIT%2020%20Blocks.pdf&path=dynamiclinks&portal=mlcl&mdTyp=-,85,0.70646367,0.08235294,183.43032837,True,True,True,True,0.38585290,0.83222228,4.00000000,False,True,Iron,regional_background,False,False,"The source identifies an auction or exploration target, not a confirmed deposit, resource, reserve, discovery, grade continuity, economic viability, current grant, operating mine, or permission to enter land. Source-independent publication does not prove knowledge-independence from historical mineral evidence.","[""official_auction_or_exploration_target_not_confirmed_deposit"",""complete_historical_source_label_independence_not_established""]"
OBT-d755d63f02705781,central_critical_mineral_auction,pakro,"[""CMB-EVENT-T6-O22"",""CMB-EVENT-T7-O08""]",2,Pakro Vanadium Graphite Block,"[""Pakro Vanadium Graphite Block""]",Arunachal Pradesh,Pakke Kessang,155.46000000,,27.23293692,93.05601787,863c53597ffffff,833cecfffffffff,Graphite,"[""carbon""]","[""C""]",official_auction_or_exploration_target_not_confirmed_deposit,accepted,geometry_available_for_overlay_not_used_in_prospectivity_training_or_scoring,https://www.mstcecommerce.com/auctionhome/download_docs.jsp?FILE_ID=25662_13%20Pakro%20Vanadium%20%20Graphite%20Block.pdf&path=dynamiclinks&portal=mlcl&mdTyp=-,https://www.mstcecommerce.com/auctionhome/download_docs.jsp?FILE_ID=25649_GoI%20MoM%20-%20Tranche%20VII%20-%20NIT_N.pdf&path=dynamiclinks&portal=mlcl&mdTyp=-,15,0.87053333,0.53333333,959.34216309,True,False,True,False,0.00002258,0.11062525,23.00000000,False,False,Gold,priority_candidate,True,False,"The source identifies an auction or exploration target, not a confirmed deposit, resource, reserve, discovery, grade continuity, economic viability, current grant, operating mine, or permission to enter land. Source-independent publication does not prove knowledge-independence from historical mineral evidence.","[""official_auction_or_exploration_target_not_confirmed_deposit"",""complete_historical_source_label_independence_not_established""]"
OBT-f7cba2521cfdc962,central_critical_mineral_auction,pakro,"[""CMB-EVENT-T6-O22"",""CMB-EVENT-T7-O08""]",2,Pakro Vanadium Graphite Block,"[""Pakro Vanadium Graphite Block""]",Arunachal Pradesh,Pakke Kessang,155.46000000,,27.23293692,93.05601787,863c53597ffffff,833cecfffffffff,Vanadium,"[""vanadium""]","[""V""]",official_auction_or_exploration_target_not_confirmed_deposit,accepted,geometry_available_for_overlay_not_used_in_prospectivity_training_or_scoring,https://www.mstcecommerce.com/auctionhome/download_docs.jsp?FILE_ID=25662_13%20Pakro%20Vanadium%20%20Graphite%20Block.pdf&path=dynamiclinks&portal=mlcl&mdTyp=-,https://www.mstcecommerce.com/auctionhome/download_docs.jsp?FILE_ID=25649_GoI%20MoM%20-%20Tranche%20VII%20-%20NIT_N.pdf&path=dynamiclinks&portal=mlcl&mdTyp=-,10,0.37920000,0.00000000,750.90350342,True,False,True,False,0.00016739,0.05459440,16.00000000,False,False,Gold,priority_candidate,True,False,"The source identifies an auction or exploration target, not a confirmed deposit, resource, reserve, discovery, grade continuity, economic viability, current grant, operating mine, or permission to enter land. Source-independent publication does not prove knowledge-independence from historical mineral evidence.","[""official_auction_or_exploration_target_not_confirmed_deposit"",""target_model_does_not_pass_internal_minimum_holdout_auc"",""complete_historical_source_label_independence_not_established""]"
OBT-08964f88396591aa,central_critical_mineral_auction,parvathapur,"[""CMB-EVENT-T6-O07"",""CMB-EVENT-T7-O03""]",2,Parvathapur Vanadium Titanium and Aluminous Laterite Block,"[""Parvathapur Vanadium Titanium and Aluminous Laterite Block""]",Telangana,Sangareddy,335.50000000,,17.60819313,77.55072425,866084c77ffffff,836084fffffffff,Aluminium,"[""aluminium""]","[""Al""]",official_auction_or_exploration_target_not_confirmed_deposit,accepted,geometry_available_for_overlay_not_used_in_prospectivity_training_or_scoring,https://www.mstcecommerce.com/auctionhome/download_docs.jsp?FILE_ID=25667_18%20Parvathapur%20Vanadium%20Titanium%20and%20Aluminous%20Laterite%20Block.pdf&path=dynamiclinks&portal=mlcl&mdTyp=-,https://www.mstcecommerce.com/auctionhome/download_docs.jsp?FILE_ID=25649_GoI%20MoM%20-%20Tranche%20VII%20-%20NIT_N.pdf&path=dynamiclinks&portal=mlcl&mdTyp=-,110,0.69101240,0.07272727,127.17879486,True,True,True,True,0.27634576,0.60895717,2.00000000,False,True,Chromium,regional_background,False,False,"The source identifies an auction or exploration target, not a confirmed deposit, resource, reserve, discovery, grade continuity, economic viability, current grant, operating mine, or permission to enter land. Source-independent publication does not prove knowledge-independence from historical mineral evidence.","[""official_auction_or_exploration_target_not_confirmed_deposit"",""complete_historical_source_label_independence_not_established""]"
OBT-56b85a80bd847e3f,central_critical_mineral_auction,parvathapur,"[""CMB-EVENT-T6-O07"",""CMB-EVENT-T7-O03""]",2,Parvathapur Vanadium Titanium and Aluminous Laterite Block,"[""Parvathapur Vanadium Titanium and Aluminous Laterite Block""]",Telangana,Sangareddy,335.50000000,,17.60819313,77.55072425,866084c77ffffff,836084fffffffff,Titanium,"[""titanium"",""titanium dioxide""]","[""Ti"",""TiO2""]",official_auction_or_exploration_target_not_confirmed_deposit,accepted,geometry_available_for_overlay_not_used_in_prospectivity_training_or_scoring,https://www.mstcecommerce.com/auctionhome/download_docs.jsp?FILE_ID=25667_18%20Parvathapur%20Vanadium%20Titanium%20and%20Aluminous%20Laterite%20Block.pdf&path=dynamiclinks&portal=mlcl&mdTyp=-,https://www.mstcecommerce.com/auctionhome/download_docs.jsp?FILE_ID=25649_GoI%20MoM%20-%20Tranche%20VII%20-%20NIT_N.pdf&path=dynamiclinks&portal=mlcl&mdTyp=-,39,0.66236029,0.25641026,267.93878174,True,False,True,False,0.02401180,0.13599828,9.00000000,False,False,Chromium,regional_background,False,False,"The source identifies an auction or exploration target, not a confirmed deposit, resource, reserve, discovery, grade continuity, economic viability, current grant, operating mine, or permission to enter land. Source-independent publication does not prove knowledge-independence from historical mineral evidence.","[""official_auction_or_exploration_target_not_confirmed_deposit"",""complete_historical_source_label_independence_not_established""]"
OBT-8ac493c40eb44368,central_critical_mineral_auction,parvathapur,"[""CMB-EVENT-T6-O07"",""CMB-EVENT-T7-O03""]",2,Parvathapur Vanadium Titanium and Aluminous Laterite Block,"[""Parvathapur Vanadium Titanium and Aluminous Laterite Block""]",Telangana,Sangareddy,335.50000000,,17.60819313,77.55072425,866084c77ffffff,836084fffffffff,Vanadium,"[""vanadium""]","[""V""]",official_auction_or_exploration_target_not_confirmed_deposit,accepted,geometry_available_for_overlay_not_used_in_prospectivity_training_or_scoring,https://www.mstcecommerce.com/auctionhome/download_docs.jsp?FILE_ID=25667_18%20Parvathapur%20Vanadium%20Titanium%20and%20Aluminous%20Laterite%20Block.pdf&path=dynamiclinks&portal=mlcl&mdTyp=-,https://www.mstcecommerce.com/auctionhome/download_docs.jsp?FILE_ID=25649_GoI%20MoM%20-%20Tranche%20VII%20-%20NIT_N.pdf&path=dynamiclinks&portal=mlcl&mdTyp=-,10,0.37920000,0.00000000,267.93878174,True,False,True,False,0.02095188,0.26951408,13.00000000,False,False,Chromium,regional_background,False,False,"The source identifies an auction or exploration target, not a confirmed deposit, resource, reserve, discovery, grade continuity, economic viability, current grant, operating mine, or permission to enter land. Source-independent publication does not prove knowledge-independence from historical mineral evidence.","[""official_auction_or_exploration_target_not_confirmed_deposit"",""target_model_does_not_pass_internal_minimum_holdout_auc"",""complete_historical_source_label_independence_not_established""]"
OBT-cd809018aa619820,central_critical_mineral_auction,pata-ramavaram,"[""CMB-EVENT-T8-O20""]",1,Pata Ramavaram Graphite Block,"[""Pata Ramavaram Graphite Block""]",Andhra Pradesh,Alluri Sitharama Raju,105.29000000,,17.32134264,81.91532030,863c921b7ffffff,833c92fffffffff,Graphite,"[""carbon""]","[""C""]",official_auction_or_exploration_target_not_confirmed_deposit,accepted,geometry_available_for_overlay_not_used_in_prospectivity_training_or_scoring,https://www.mstcecommerce.com/auctionhome/download_docs.jsp?FILE_ID=27324_Pata%20Ramavaram%20Graphite%20Block_MBS.pdf&path=dynamiclinks&portal=mlcl&mdTyp=-,https://www.mstcecommerce.com/auctionhome/download_docs.jsp?FILE_ID=27316_GoI%20MoM%20-%20Tranche%20VIII%20-%20NIT.pdf&path=dynamiclinks&portal=mlcl&mdTyp=-,15,0.87053333,0.53333333,11.84134388,False,True,False,False,0.90941828,0.99975204,1.00000000,True,True,Graphite,regional_background,False,False,"The source identifies an auction or exploration target, not a confirmed deposit, resource, reserve, discovery, grade continuity, economic viability, current grant, operating mine, or permission to enter land. Source-independent publication does not prove knowledge-independence from historical mineral evidence.","[""official_auction_or_exploration_target_not_confirmed_deposit"",""within_25km_of_training_evidence_excluded_from_primary_transfer_cohort"",""complete_historical_source_label_independence_not_established""]"
OBT-9c1bf01c3b6e14f6,central_critical_mineral_auction,phop,"[""CMB-EVENT-T2-O07"",""CMB-EVENT-T4-O15""]",2,Phop Graphite and Vanadium Block,"[""Phop Graphite and Vanadium Block""]",Arunachal Pradesh,Papum pare,108.86000000,,27.32496449,93.70430183,863c53637ffffff,833c53fffffffff,Graphite,"[""carbon""]","[""C""]",official_auction_or_exploration_target_not_confirmed_deposit,accepted,geometry_available_for_overlay_not_used_in_prospectivity_training_or_scoring,https://www.mstcecommerce.com/auctionhome/download_docs.jsp?FILE_ID=15836_15.%20MBS%20Phop%20Graphite%20and%20Vanadium%20Block%2017.02.2024.pdf&path=dynamiclinks&portal=mlcl&mdTyp=-,https://www.mstcecommerce.com/auctionhome/download_docs.jsp?FILE_ID=15825_1.%20GoI%20MoM%20-%20Tranche%20IV%20-%20NIT.pdf&path=dynamiclinks&portal=mlcl&mdTyp=-,15,0.87053333,0.53333333,1019.88854980,True,False,True,False,0.00001233,0.09572646,23.00000000,False,False,Gold,regional_background,False,False,"The source identifies an auction or exploration target, not a confirmed deposit, resource, reserve, discovery, grade continuity, economic viability, current grant, operating mine, or permission to enter land. Source-independent publication does not prove knowledge-independence from historical mineral evidence.","[""official_auction_or_exploration_target_not_confirmed_deposit"",""complete_historical_source_label_independence_not_established""]"
OBT-a09033954e946539,central_critical_mineral_auction,phop,"[""CMB-EVENT-T2-O07"",""CMB-EVENT-T4-O15""]",2,Phop Graphite and Vanadium Block,"[""Phop Graphite and Vanadium Block""]",Arunachal Pradesh,Papum pare,108.86000000,,27.32496449,93.70430183,863c53637ffffff,833c53fffffffff,Vanadium,"[""vanadium""]","[""V""]",official_auction_or_exploration_target_not_confirmed_deposit,accepted,geometry_available_for_overlay_not_used_in_prospectivity_training_or_scoring,https://www.mstcecommerce.com/auctionhome/download_docs.jsp?FILE_ID=15836_15.%20MBS%20Phop%20Graphite%20and%20Vanadium%20Block%2017.02.2024.pdf&path=dynamiclinks&portal=mlcl&mdTyp=-,https://www.mstcecommerce.com/auctionhome/download_docs.jsp?FILE_ID=15825_1.%20GoI%20MoM%20-%20Tranche%20IV%20-%20NIT.pdf&path=dynamiclinks&portal=mlcl&mdTyp=-,10,0.37920000,0.00000000,807.24761963,True,False,True,False,0.00009529,0.04202428,16.00000000,False,False,Gold,regional_background,False,False,"The source identifies an auction or exploration target, not a confirmed deposit, resource, reserve, discovery, grade continuity, economic viability, current grant, operating mine, or permission to enter land. Source-independent publication does not prove knowledge-independence from historical mineral evidence.","[""official_auction_or_exploration_target_not_confirmed_deposit"",""target_model_does_not_pass_internal_minimum_holdout_auc"",""complete_historical_source_label_independence_not_established""]"
OBT-27a7df0646ba2842,central_critical_mineral_auction,ponchi,"[""CMB-EVENT-T4-O05""]",1,Ponchi Graphite Block,"[""Ponchi Graphite Block""]",Jharkhand,Palamu,10.00000000,,23.92762997,84.24286517,863ca120fffffff,833ca1fffffffff,Graphite,"[""carbon""]","[""C""]",official_auction_or_exploration_target_not_confirmed_deposit,accepted,geometry_available_for_overlay_not_used_in_prospectivity_training_or_scoring,https://www.mstcecommerce.com/auctionhome/download_docs.jsp?FILE_ID=15846_5.%20MBS_Ponchi%20Graphite%20Block.pdf&path=dynamiclinks&portal=mlcl&mdTyp=-,https://www.mstcecommerce.com/auctionhome/download_docs.jsp?FILE_ID=15825_1.%20GoI%20MoM%20-%20Tranche%20IV%20-%20NIT.pdf&path=dynamiclinks&portal=mlcl&mdTyp=-,15,0.87053333,0.53333333,4.71277428,False,True,False,False,0.78433096,,1.00000000,True,True,Graphite,known_evidence_area,False,False,"The source identifies an auction or exploration target, not a confirmed deposit, resource, reserve, discovery, grade continuity, economic viability, current grant, operating mine, or permission to enter land. Source-independent publication does not prove knowledge-independence from historical mineral evidence.","[""official_auction_or_exploration_target_not_confirmed_deposit"",""within_25km_of_training_evidence_excluded_from_primary_transfer_cohort"",""complete_historical_source_label_independence_not_established""]"
OBT-87f9412708aff52b,central_critical_mineral_auction,radhpu,"[""CMB-EVENT-T2-O08"",""CMB-EVENT-T4-O16""]",2,Radhpu Graphite and Vanadium Block,"[""Radhpu Graphite and Vanadium Block""]",Arunachal Pradesh,Lower Subansiri,152.74000000,,27.59232092,93.65668937,863c530c7ffffff,833c53fffffffff,Graphite,"[""carbon""]","[""C""]",official_auction_or_exploration_target_not_confirmed_deposit,accepted,geometry_available_for_overlay_not_used_in_prospectivity_training_or_scoring,https://www.mstcecommerce.com/auctionhome/download_docs.jsp?FILE_ID=15835_16.%20MBS%20Radhpu%20Graphite%20and%20Vanadium%20Block%2021.02.24.pdf&path=dynamiclinks&portal=mlcl&mdTyp=-,https://www.mstcecommerce.com/auctionhome/download_docs.jsp?FILE_ID=15825_1.%20GoI%20MoM%20-%20Tranche%20IV%20-%20NIT.pdf&path=dynamiclinks&portal=mlcl&mdTyp=-,15,0.87053333,0.53333333,1028.23754883,True,False,True,False,0.00001134,0.09355137,23.00000000,False,False,Gold,priority_candidate,True,False,"The source identifies an auction or exploration target, not a confirmed deposit, resource, reserve, discovery, grade continuity, economic viability, current grant, operating mine, or permission to enter land. Source-independent publication does not prove knowledge-independence from historical mineral evidence.","[""official_auction_or_exploration_target_not_confirmed_deposit"",""complete_historical_source_label_independence_not_established""]"
OBT-6d9d3670241e0290,central_critical_mineral_auction,radhpu,"[""CMB-EVENT-T2-O08"",""CMB-EVENT-T4-O16""]",2,Radhpu Graphite and Vanadium Block,"[""Radhpu Graphite and Vanadium Block""]",Arunachal Pradesh,Lower Subansiri,152.74000000,,27.59232092,93.65668937,863c530c7ffffff,833c53fffffffff,Vanadium,"[""vanadium""]","[""V""]",official_auction_or_exploration_target_not_confirmed_deposit,accepted,geometry_available_for_overlay_not_used_in_prospectivity_training_or_scoring,https://www.mstcecommerce.com/auctionhome/download_docs.jsp?FILE_ID=15835_16.%20MBS%20Radhpu%20Graphite%20and%20Vanadium%20Block%2021.02.24.pdf&path=dynamiclinks&portal=mlcl&mdTyp=-,https://www.mstcecommerce.com/auctionhome/download_docs.jsp?FILE_ID=15825_1.%20GoI%20MoM%20-%20Tranche%20IV%20-%20NIT.pdf&path=dynamiclinks&portal=mlcl&mdTyp=-,10,0.37920000,0.00000000,820.91711426,True,False,True,False,0.00008311,0.03948999,16.00000000,False,False,Gold,priority_candidate,True,False,"The source identifies an auction or exploration target, not a confirmed deposit, resource, reserve, discovery, grade continuity, economic viability, current grant, operating mine, or permission to enter land. Source-independent publication does not prove knowledge-independence from historical mineral evidence.","[""official_auction_or_exploration_target_not_confirmed_deposit"",""target_model_does_not_pass_internal_minimum_holdout_auc"",""complete_historical_source_label_independence_not_established""]"
OBT-3a15ec455cd50a71,central_critical_mineral_auction,raipura,"[""CMB-EVENT-T2-O17"",""CMB-EVENT-T4-O03"",""CMB-EVENT-T5-O09""]",3,Raipura Phosphorite and Limestone Block,"[""Raipura Phosphorite and Limestone Block""]",Chhattisgarh,Balod,1009.36000000,,20.81615000,81.09734444,863cb072fffffff,833cb0fffffffff,Phosphorus,"[""phosphorus""]","[""P""]",official_auction_or_exploration_target_not_confirmed_deposit,accepted,geometry_available_for_overlay_not_used_in_prospectivity_training_or_scoring,https://www.mstcecommerce.com/auctionhome/download_docs.jsp?FILE_ID=18656_9.MBS_Raipura_Phosphorite_and_Limestone_Bloc_17.02.2024.pdf&path=dynamiclinks&portal=mlcl&mdTyp=-,https://www.mstcecommerce.com/auctionhome/download_docs.jsp?FILE_ID=18641_GoI%20MoM%20-%20Tranche%20V%20-%20Notice%20Inviting%20Tender.pdf&path=dynamiclinks&portal=mlcl&mdTyp=-,85,0.70646367,0.08235294,49.46507263,True,True,True,True,0.51742184,0.93741161,1.00000000,True,True,Phosphorus,regional_background,False,False,"The source identifies an auction or exploration target, not a confirmed deposit, resource, reserve, discovery, grade continuity, economic viability, current grant, operating mine, or permission to enter land. Source-independent publication does not prove knowledge-independence from historical mineral evidence.","[""official_auction_or_exploration_target_not_confirmed_deposit"",""complete_historical_source_label_independence_not_established""]"
OBT-44a427b0a1565555,central_critical_mineral_auction,ramb-degana,"[""CMB-EVENT-T6-O10"",""CMB-EVENT-T7-O05""]",2,"RAMB Degana Tungsten, Lithium and Associated Mineral Block","[""RAMB Degana Tungsten, Lithium and Associated Mineral Block""]",Rajasthan,Nagaur,154.74000000,,26.89804961,74.27930450,863db5937ffffff,83425bfffffffff,Lithium,"[""lithium""]","[""Li""]",official_auction_or_exploration_target_not_confirmed_deposit,accepted,geometry_available_for_overlay_not_used_in_prospectivity_training_or_scoring,"https://www.mstcecommerce.com/auctionhome/download_docs.jsp?FILE_ID=25665_16%20RAMB%20Degana%20Tungsten,%20Lithium%20and%20Associated%20Mineral%20Block.pdf&path=dynamiclinks&portal=mlcl&mdTyp=-",https://www.mstcecommerce.com/auctionhome/download_docs.jsp?FILE_ID=25649_GoI%20MoM%20-%20Tranche%20VII%20-%20NIT_N.pdf&path=dynamiclinks&portal=mlcl&mdTyp=-,1,,,1201.88208008,True,False,True,False,0.00000259,,33.00000000,False,False,Copper,regional_background,False,False,"The source identifies an auction or exploration target, not a confirmed deposit, resource, reserve, discovery, grade continuity, economic viability, current grant, operating mine, or permission to enter land. Source-independent publication does not prove knowledge-independence from historical mineral evidence.","[""official_auction_or_exploration_target_not_confirmed_deposit"",""target_model_below_published_minimum_support"",""target_model_does_not_pass_internal_minimum_holdout_auc"",""complete_historical_source_label_independence_not_established""]"
OBT-cd604812c6267e8b,central_critical_mineral_auction,ramb-degana,"[""CMB-EVENT-T6-O10"",""CMB-EVENT-T7-O05""]",2,"RAMB Degana Tungsten, Lithium and Associated Mineral Block","[""RAMB Degana Tungsten, Lithium and Associated Mineral Block""]",Rajasthan,Nagaur,154.74000000,,26.89804961,74.27930450,863db5937ffffff,83425bfffffffff,Tin,"[""tin""]","[""Sn""]",official_auction_or_exploration_target_not_confirmed_deposit,accepted,geometry_available_for_overlay_not_used_in_prospectivity_training_or_scoring,"https://www.mstcecommerce.com/auctionhome/download_docs.jsp?FILE_ID=25665_16%20RAMB%20Degana%20Tungsten,%20Lithium%20and%20Associated%20Mineral%20Block.pdf&path=dynamiclinks&portal=mlcl&mdTyp=-",https://www.mstcecommerce.com/auctionhome/download_docs.jsp?FILE_ID=25649_GoI%20MoM%20-%20Tranche%20VII%20-%20NIT_N.pdf&path=dynamiclinks&portal=mlcl&mdTyp=-,0,,,,False,False,False,False,,,,False,False,Copper,regional_background,False,False,"The source identifies an auction or exploration target, not a confirmed deposit, resource, reserve, discovery, grade continuity, economic viability, current grant, operating mine, or permission to enter land. Source-independent publication does not prove knowledge-independence from historical mineral evidence.","[""official_auction_or_exploration_target_not_confirmed_deposit"",""within_25km_of_training_evidence_excluded_from_primary_transfer_cohort"",""target_model_below_published_minimum_support"",""target_model_does_not_pass_internal_minimum_holdout_auc"",""complete_historical_source_label_independence_not_established""]"
OBT-12e2610c5350bd8a,central_critical_mineral_auction,ramb-degana,"[""CMB-EVENT-T6-O10"",""CMB-EVENT-T7-O05""]",2,"RAMB Degana Tungsten, Lithium and Associated Mineral Block","[""RAMB Degana Tungsten, Lithium and Associated Mineral Block""]",Rajasthan,Nagaur,154.74000000,,26.89804961,74.27930450,863db5937ffffff,83425bfffffffff,Tungsten,"[""tungsten""]","[""W""]",official_auction_or_exploration_target_not_confirmed_deposit,accepted,geometry_available_for_overlay_not_used_in_prospectivity_training_or_scoring,"https://www.mstcecommerce.com/auctionhome/download_docs.jsp?FILE_ID=25665_16%20RAMB%20Degana%20Tungsten,%20Lithium%20and%20Associated%20Mineral%20Block.pdf&path=dynamiclinks&portal=mlcl&mdTyp=-",https://www.mstcecommerce.com/auctionhome/download_docs.jsp?FILE_ID=25649_GoI%20MoM%20-%20Tranche%20VII%20-%20NIT_N.pdf&path=dynamiclinks&portal=mlcl&mdTyp=-,3,,,5.89121819,False,True,False,False,0.64239287,,2.00000000,False,True,Copper,regional_background,False,False,"The source identifies an auction or exploration target, not a confirmed deposit, resource, reserve, discovery, grade continuity, economic viability, current grant, operating mine, or permission to enter land. Source-independent publication does not prove knowledge-independence from historical mineral evidence.","[""official_auction_or_exploration_target_not_confirmed_deposit"",""within_25km_of_training_evidence_excluded_from_primary_transfer_cohort"",""target_model_below_published_minimum_support"",""target_model_does_not_pass_internal_minimum_holdout_auc"",""complete_historical_source_label_independence_not_established""]"
OBT-03ae2e4edb0b97ae,central_critical_mineral_auction,revised-lanjabanda,"[""CMB-EVENT-T8-O01""]",1,Revised Lanjabanda Mine Block,"[""Revised Lanjabanda Mine Block""]",Andhra Pradesh,Kurnool,396.78100000,,15.49880000,77.99488500,8660a080fffffff,8360a0fffffffff,Molybdenum,"[""molybdenum""]","[""Mo""]",official_auction_or_exploration_target_not_confirmed_deposit,accepted,geometry_available_for_overlay_not_used_in_prospectivity_training_or_scoring,https://www.mstcecommerce.com/auctionhome/download_docs.jsp?FILE_ID=27789_Revised%20Lanjabanda%20Mine%20Block%20Summary.pdf&path=dynamiclinks&portal=mlcl&mdTyp=-,https://www.mstcecommerce.com/auctionhome/download_docs.jsp?FILE_ID=27316_GoI%20MoM%20-%20Tranche%20VIII%20-%20NIT.pdf&path=dynamiclinks&portal=mlcl&mdTyp=-,4,,,726.58886719,True,False,True,False,0.00040104,,26.00000000,False,False,Iron,regional_background,False,False,"The source identifies an auction or exploration target, not a confirmed deposit, resource, reserve, discovery, grade continuity, economic viability, current grant, operating mine, or permission to enter land. Source-independent publication does not prove knowledge-independence from historical mineral evidence.","[""official_auction_or_exploration_target_not_confirmed_deposit"",""target_model_below_published_minimum_support"",""target_model_does_not_pass_internal_minimum_holdout_auc"",""complete_historical_source_label_independence_not_established""]"
OBT-864f0ba0e29536fb,central_critical_mineral_auction,sabag-north,"[""CMB-EVENT-T8-O18""]",1,"Sabag North Vanadium, Gallium, Titanium, REE, Bauxite and Aluminous Laterite Block","[""Sabag North Vanadium, Gallium, Titanium, REE, Bauxite and Aluminous Laterite Block""]",Chhattisgarh,Balrampur,319.51800000,,23.53986251,83.98211730,863ca161fffffff,833ca1fffffffff,Aluminium,"[""aluminium""]","[""Al""]",official_auction_or_exploration_target_not_confirmed_deposit,accepted,geometry_available_for_overlay_not_used_in_prospectivity_training_or_scoring,"https://www.mstcecommerce.com/auctionhome/download_docs.jsp?FILE_ID=27326_Sabag%20North%20Vanadium,%20Gallium,%20Titanium,%20REE,%20Bauxite%20and%20Aluminous%20Laterite%20Block_MBS.pdf&path=dynamiclinks&portal=mlcl&mdTyp=-",https://www.mstcecommerce.com/auctionhome/download_docs.jsp?FILE_ID=27316_GoI%20MoM%20-%20Tranche%20VIII%20-%20NIT.pdf&path=dynamiclinks&portal=mlcl&mdTyp=-,110,0.69101240,0.07272727,52.06922150,True,True,True,True,0.46116850,0.76486909,2.00000000,False,True,Chromium,regional_background,False,False,"The source identifies an auction or exploration target, not a confirmed deposit, resource, reserve, discovery, grade continuity, economic viability, current grant, operating mine, or permission to enter land. Source-independent publication does not prove knowledge-independence from historical mineral evidence.","[""official_auction_or_exploration_target_not_confirmed_deposit"",""complete_historical_source_label_independence_not_established""]"
OBT-8abaa972e6c49f00,central_critical_mineral_auction,sabag-north,"[""CMB-EVENT-T8-O18""]",1,"Sabag North Vanadium, Gallium, Titanium, REE, Bauxite and Aluminous Laterite Block","[""Sabag North Vanadium, Gallium, Titanium, REE, Bauxite and Aluminous Laterite Block""]",Chhattisgarh,Balrampur,319.51800000,,23.53986251,83.98211730,863ca161fffffff,833ca1fffffffff,Gallium,"[""gallium""]","[""Ga""]",official_auction_or_exploration_target_not_confirmed_deposit,accepted,geometry_available_for_overlay_not_used_in_prospectivity_training_or_scoring,"https://www.mstcecommerce.com/auctionhome/download_docs.jsp?FILE_ID=27326_Sabag%20North%20Vanadium,%20Gallium,%20Titanium,%20REE,%20Bauxite%20and%20Aluminous%20Laterite%20Block_MBS.pdf&path=dynamiclinks&portal=mlcl&mdTyp=-",https://www.mstcecommerce.com/auctionhome/download_docs.jsp?FILE_ID=27316_GoI%20MoM%20-%20Tranche%20VIII%20-%20NIT.pdf&path=dynamiclinks&portal=mlcl&mdTyp=-,1,,,1001.85363770,True,False,True,False,0.00001913,,31.00000000,False,False,Chromium,regional_background,False,False,"The source identifies an auction or exploration target, not a confirmed deposit, resource, reserve, discovery, grade continuity, economic viability, current grant, operating mine, or permission to enter land. Source-independent publication does not prove knowledge-independence from historical mineral evidence.","[""official_auction_or_exploration_target_not_confirmed_deposit"",""target_model_below_published_minimum_support"",""target_model_does_not_pass_internal_minimum_holdout_auc"",""complete_historical_source_label_independence_not_established""]"
OBT-6558e9b4c0dbbb0a,central_critical_mineral_auction,sabag-north,"[""CMB-EVENT-T8-O18""]",1,"Sabag North Vanadium, Gallium, Titanium, REE, Bauxite and Aluminous Laterite Block","[""Sabag North Vanadium, Gallium, Titanium, REE, Bauxite and Aluminous Laterite Block""]",Chhattisgarh,Balrampur,319.51800000,,23.53986251,83.98211730,863ca161fffffff,833ca1fffffffff,Rare-earth elements,"[""scandium"",""yttrium"",""lanthanum"",""cerium"",""praseodymium"",""neodymium"",""promethium"",""samarium"",""europium"",""gadolinium"",""terbium"",""dysprosium"",""holmium"",""erbium"",""thulium"",""ytterbium"",""lutetium""]","[""Sc"",""Y"",""La"",""Ce"",""Pr"",""Nd"",""Pm"",""Sm"",""Eu"",""Gd"",""Tb"",""Dy"",""Ho"",""Er"",""Tm"",""Yb"",""Lu""]",official_auction_or_exploration_target_not_confirmed_deposit,accepted,geometry_available_for_overlay_not_used_in_prospectivity_training_or_scoring,"https://www.mstcecommerce.com/auctionhome/download_docs.jsp?FILE_ID=27326_Sabag%20North%20Vanadium,%20Gallium,%20Titanium,%20REE,%20Bauxite%20and%20Aluminous%20Laterite%20Block_MBS.pdf&path=dynamiclinks&portal=mlcl&mdTyp=-",https://www.mstcecommerce.com/auctionhome/download_docs.jsp?FILE_ID=27316_GoI%20MoM%20-%20Tranche%20VIII%20-%20NIT.pdf&path=dynamiclinks&portal=mlcl&mdTyp=-,9,,,207.74409485,True,True,True,True,0.03742779,0.60300392,15.00000000,False,False,Chromium,regional_background,False,False,"The source identifies an auction or exploration target, not a confirmed deposit, resource, reserve, discovery, grade continuity, economic viability, current grant, operating mine, or permission to enter land. Source-independent publication does not prove knowledge-independence from historical mineral evidence.","[""official_auction_or_exploration_target_not_confirmed_deposit"",""target_model_below_published_minimum_support"",""target_model_does_not_pass_internal_minimum_holdout_auc"",""complete_historical_source_label_independence_not_established""]"
OBT-62f1ad9db3a3f30b,central_critical_mineral_auction,sabag-north,"[""CMB-EVENT-T8-O18""]",1,"Sabag North Vanadium, Gallium, Titanium, REE, Bauxite and Aluminous Laterite Block","[""Sabag North Vanadium, Gallium, Titanium, REE, Bauxite and Aluminous Laterite Block""]",Chhattisgarh,Balrampur,319.51800000,,23.53986251,83.98211730,863ca161fffffff,833ca1fffffffff,Titanium,"[""titanium"",""titanium dioxide""]","[""Ti"",""TiO2""]",official_auction_or_exploration_target_not_confirmed_deposit,accepted,geometry_available_for_overlay_not_used_in_prospectivity_training_or_scoring,"https://www.mstcecommerce.com/auctionhome/download_docs.jsp?FILE_ID=27326_Sabag%20North%20Vanadium,%20Gallium,%20Titanium,%20REE,%20Bauxite%20and%20Aluminous%20Laterite%20Block_MBS.pdf&path=dynamiclinks&portal=mlcl&mdTyp=-",https://www.mstcecommerce.com/auctionhome/download_docs.jsp?FILE_ID=27316_GoI%20MoM%20-%20Tranche%20VIII%20-%20NIT.pdf&path=dynamiclinks&portal=mlcl&mdTyp=-,39,0.66236029,0.25641026,207.74409485,True,True,True,True,0.04383761,0.16455939,13.00000000,False,False,Chromium,regional_background,False,False,"The source identifies an auction or exploration target, not a confirmed deposit, resource, reserve, discovery, grade continuity, economic viability, current grant, operating mine, or permission to enter land. Source-independent publication does not prove knowledge-independence from historical mineral evidence.","[""official_auction_or_exploration_target_not_confirmed_deposit"",""complete_historical_source_label_independence_not_established""]"
OBT-9236c0cb7ad73eff,central_critical_mineral_auction,sabag-north,"[""CMB-EVENT-T8-O18""]",1,"Sabag North Vanadium, Gallium, Titanium, REE, Bauxite and Aluminous Laterite Block","[""Sabag North Vanadium, Gallium, Titanium, REE, Bauxite and Aluminous Laterite Block""]",Chhattisgarh,Balrampur,319.51800000,,23.53986251,83.98211730,863ca161fffffff,833ca1fffffffff,Vanadium,"[""vanadium""]","[""V""]",official_auction_or_exploration_target_not_confirmed_deposit,accepted,geometry_available_for_overlay_not_used_in_prospectivity_training_or_scoring,"https://www.mstcecommerce.com/auctionhome/download_docs.jsp?FILE_ID=27326_Sabag%20North%20Vanadium,%20Gallium,%20Titanium,%20REE,%20Bauxite%20and%20Aluminous%20Laterite%20Block_MBS.pdf&path=dynamiclinks&portal=mlcl&mdTyp=-",https://www.mstcecommerce.com/auctionhome/download_docs.jsp?FILE_ID=27316_GoI%20MoM%20-%20Tranche%20VIII%20-%20NIT.pdf&path=dynamiclinks&portal=mlcl&mdTyp=-,10,0.37920000,0.00000000,245.46540833,True,True,True,True,0.02623152,0.28782862,20.00000000,False,False,Chromium,regional_background,False,False,"The source identifies an auction or exploration target, not a confirmed deposit, resource, reserve, discovery, grade continuity, economic viability, current grant, operating mine, or permission to enter land. Source-independent publication does not prove knowledge-independence from historical mineral evidence.","[""official_auction_or_exploration_target_not_confirmed_deposit"",""target_model_does_not_pass_internal_minimum_holdout_auc"",""complete_historical_source_label_independence_not_established""]"
OBT-d03023fa54f6c445,central_critical_mineral_auction,salal-haimna,"[""CMB-EVENT-T1-O18"",""CMB-EVENT-T3-O07""]",2,"Salal-Haimna Lithium, Titanium and Bauxite (Aluminous Laterite) Block","[""Salal-Haimna Lithium, Titanium and Bauxite (Aluminous Laterite) Block""]",UT: Jammu and Kashmir,Reasi,317.63800000,,33.16764188,74.81874320,863d346d7ffffff,833d30fffffffff,Aluminium,"[""aluminium""]","[""Al""]",official_auction_or_exploration_target_not_confirmed_deposit,accepted,geometry_available_for_overlay_not_used_in_prospectivity_training_or_scoring,"https://www.mstcecommerce.com/auctionhome/download_docs.jsp?FILE_ID=14480_MBS_Salal-Haimna%20Lithium,%20Titanium%20and%20Bauxite%20Aluminous%20Laterite%20Block.pdf&path=dynamiclinks&portal=mlcl&mdTyp=-",https://www.mstcecommerce.com/auctionhome/download_docs.jsp?FILE_ID=14477_Notice%20Inviting%20Tender%20(NIT)%20-%20%20Tranche%20III.pdf&path=dynamiclinks&portal=mlcl&mdTyp=-,110,0.69101240,0.07272727,849.42962646,True,False,True,False,0.00007162,0.06552494,17.00000000,False,False,Copper,regional_background,False,False,"The source identifies an auction or exploration target, not a confirmed deposit, resource, reserve, discovery, grade continuity, economic viability, current grant, operating mine, or permission to enter land. Source-independent publication does not prove knowledge-independence from historical mineral evidence.","[""official_auction_or_exploration_target_not_confirmed_deposit"",""complete_historical_source_label_independence_not_established""]"
OBT-bc9c3ba4757c60df,central_critical_mineral_auction,salal-haimna,"[""CMB-EVENT-T1-O18"",""CMB-EVENT-T3-O07""]",2,"Salal-Haimna Lithium, Titanium and Bauxite (Aluminous Laterite) Block","[""Salal-Haimna Lithium, Titanium and Bauxite (Aluminous Laterite) Block""]",UT: Jammu and Kashmir,Reasi,317.63800000,,33.16764188,74.81874320,863d346d7ffffff,833d30fffffffff,Lithium,"[""lithium""]","[""Li""]",official_auction_or_exploration_target_not_confirmed_deposit,accepted,geometry_available_for_overlay_not_used_in_prospectivity_training_or_scoring,"https://www.mstcecommerce.com/auctionhome/download_docs.jsp?FILE_ID=14480_MBS_Salal-Haimna%20Lithium,%20Titanium%20and%20Bauxite%20Aluminous%20Laterite%20Block.pdf&path=dynamiclinks&portal=mlcl&mdTyp=-",https://www.mstcecommerce.com/auctionhome/download_docs.jsp?FILE_ID=14477_Notice%20Inviting%20Tender%20(NIT)%20-%20%20Tranche%20III.pdf&path=dynamiclinks&portal=mlcl&mdTyp=-,1,,,1756.11596680,True,False,True,False,0.00000001,,34.00000000,False,False,Copper,regional_background,False,False,"The source identifies an auction or exploration target, not a confirmed deposit, resource, reserve, discovery, grade continuity, economic viability, current grant, operating mine, or permission to enter land. Source-independent publication does not prove knowledge-independence from historical mineral evidence.","[""official_auction_or_exploration_target_not_confirmed_deposit"",""target_model_below_published_minimum_support"",""target_model_does_not_pass_internal_minimum_holdout_auc"",""complete_historical_source_label_independence_not_established""]"
OBT-e56113fb3b78b465,central_critical_mineral_auction,salal-haimna,"[""CMB-EVENT-T1-O18"",""CMB-EVENT-T3-O07""]",2,"Salal-Haimna Lithium, Titanium and Bauxite (Aluminous Laterite) Block","[""Salal-Haimna Lithium, Titanium and Bauxite (Aluminous Laterite) Block""]",UT: Jammu and Kashmir,Reasi,317.63800000,,33.16764188,74.81874320,863d346d7ffffff,833d30fffffffff,Titanium,"[""titanium"",""titanium dioxide""]","[""Ti"",""TiO2""]",official_auction_or_exploration_target_not_confirmed_deposit,accepted,geometry_available_for_overlay_not_used_in_prospectivity_training_or_scoring,"https://www.mstcecommerce.com/auctionhome/download_docs.jsp?FILE_ID=14480_MBS_Salal-Haimna%20Lithium,%20Titanium%20and%20Bauxite%20Aluminous%20Laterite%20Block.pdf&path=dynamiclinks&portal=mlcl&mdTyp=-",https://www.mstcecommerce.com/auctionhome/download_docs.jsp?FILE_ID=14477_Notice%20Inviting%20Tender%20(NIT)%20-%20%20Tranche%20III.pdf&path=dynamiclinks&portal=mlcl&mdTyp=-,39,0.66236029,0.25641026,318.20196533,True,False,True,False,0.01452561,0.11883904,5.00000000,False,False,Copper,regional_background,False,False,"The source identifies an auction or exploration target, not a confirmed deposit, resource, reserve, discovery, grade continuity, economic viability, current grant, operating mine, or permission to enter land. Source-independent publication does not prove knowledge-independence from historical mineral evidence.","[""official_auction_or_exploration_target_not_confirmed_deposit"",""complete_historical_source_label_independence_not_established""]"
OBT-36d223f6298a31bc,central_critical_mineral_auction,salepali,"[""CMB-EVENT-T5-O07""]",1,Salepali Graphite Block,"[""Salepali Graphite Block""]",Odisha,Balangir,1223.29000000,,20.67809207,83.03756966,863c86057ffffff,833c86fffffffff,Graphite,"[""carbon""]","[""C""]",official_auction_or_exploration_target_not_confirmed_deposit,accepted,geometry_available_for_overlay_not_used_in_prospectivity_training_or_scoring,https://www.mstcecommerce.com/auctionhome/download_docs.jsp?FILE_ID=18658_7.MBS_Salepali_Graphite_Block_CL.pdf&path=dynamiclinks&portal=mlcl&mdTyp=-,https://www.mstcecommerce.com/auctionhome/download_docs.jsp?FILE_ID=18641_GoI%20MoM%20-%20Tranche%20V%20-%20Notice%20Inviting%20Tender.pdf&path=dynamiclinks&portal=mlcl&mdTyp=-,15,0.87053333,0.53333333,25.74639130,True,True,True,True,0.46580091,0.96064556,2.00000000,False,True,Manganese,regional_background,False,False,"The source identifies an auction or exploration target, not a confirmed deposit, resource, reserve, discovery, grade continuity, economic viability, current grant, operating mine, or permission to enter land. Source-independent publication does not prove knowledge-independence from historical mineral evidence.","[""official_auction_or_exploration_target_not_confirmed_deposit"",""complete_historical_source_label_independence_not_established""]"
OBT-e3831b930544ba73,central_critical_mineral_auction,sambalpur,"[""CMB-EVENT-T8-O17""]",1,Sambalpur Phosphorite and Limestone Block,"[""Sambalpur Phosphorite and Limestone Block""]",Chhattisgarh,Balod,303.86600000,,20.81640417,81.06355833,863cb072fffffff,833cb0fffffffff,Phosphorus,"[""phosphorus""]","[""P""]",official_auction_or_exploration_target_not_confirmed_deposit,accepted,geometry_available_for_overlay_not_used_in_prospectivity_training_or_scoring,https://www.mstcecommerce.com/auctionhome/download_docs.jsp?FILE_ID=27327_Sambalpur%20Phosphorite%20and%20Limestone%20Block_MBS.pdf&path=dynamiclinks&portal=mlcl&mdTyp=-,https://www.mstcecommerce.com/auctionhome/download_docs.jsp?FILE_ID=27316_GoI%20MoM%20-%20Tranche%20VIII%20-%20NIT.pdf&path=dynamiclinks&portal=mlcl&mdTyp=-,85,0.70646367,0.08235294,49.46507263,True,True,True,True,0.51742184,0.93741161,1.00000000,True,True,Phosphorus,regional_background,False,False,"The source identifies an auction or exploration target, not a confirmed deposit, resource, reserve, discovery, grade continuity, economic viability, current grant, operating mine, or permission to enter land. Source-independent publication does not prove knowledge-independence from historical mineral evidence.","[""official_auction_or_exploration_target_not_confirmed_deposit"",""complete_historical_source_label_independence_not_established""]"
OBT-5ed9f329cc37e915,central_critical_mineral_auction,sanyasikoppa,"[""CMB-EVENT-T2-O18"",""CMB-EVENT-T4-O19""]",2,"Sanyasikoppa Cobalt, Manganese and Iron Block","[""Sanyasikoppa Cobalt, Manganese and Iron Block""]",Karnataka,Shimoga (Shivamogga),1055.64000000,,14.15516571,75.36635290,8660130cfffffff,836013fffffffff,Cobalt,"[""cobalt""]","[""Co""]",official_auction_or_exploration_target_not_confirmed_deposit,accepted,geometry_available_for_overlay_not_used_in_prospectivity_training_or_scoring,"https://www.mstcecommerce.com/auctionhome/download_docs.jsp?FILE_ID=15832_19.%20MBS_Sanyasikoppa%20Cobalt,%20Manganese%20and%20Iron%20Block%20-23.02.2024.pdf&path=dynamiclinks&portal=mlcl&mdTyp=-",https://www.mstcecommerce.com/auctionhome/download_docs.jsp?FILE_ID=15825_1.%20GoI%20MoM%20-%20Tranche%20IV%20-%20NIT.pdf&path=dynamiclinks&portal=mlcl&mdTyp=-,4,,,516.07073975,True,False,True,False,0.00329194,,18.00000000,False,False,Titanium,regional_background,False,False,"The source identifies an auction or exploration target, not a confirmed deposit, resource, reserve, discovery, grade continuity, economic viability, current grant, operating mine, or permission to enter land. Source-independent publication does not prove knowledge-independence from historical mineral evidence.","[""official_auction_or_exploration_target_not_confirmed_deposit"",""target_model_below_published_minimum_support"",""target_model_does_not_pass_internal_minimum_holdout_auc"",""complete_historical_source_label_independence_not_established""]"
OBT-efe59fb7ee48420c,central_critical_mineral_auction,sanyasikoppa,"[""CMB-EVENT-T2-O18"",""CMB-EVENT-T4-O19""]",2,"Sanyasikoppa Cobalt, Manganese and Iron Block","[""Sanyasikoppa Cobalt, Manganese and Iron Block""]",Karnataka,Shimoga (Shivamogga),1055.64000000,,14.15516571,75.36635290,8660130cfffffff,836013fffffffff,Iron,"[""iron""]","[""Fe""]",official_auction_or_exploration_target_not_confirmed_deposit,accepted,geometry_available_for_overlay_not_used_in_prospectivity_training_or_scoring,"https://www.mstcecommerce.com/auctionhome/download_docs.jsp?FILE_ID=15832_19.%20MBS_Sanyasikoppa%20Cobalt,%20Manganese%20and%20Iron%20Block%20-23.02.2024.pdf&path=dynamiclinks&portal=mlcl&mdTyp=-",https://www.mstcecommerce.com/auctionhome/download_docs.jsp?FILE_ID=15825_1.%20GoI%20MoM%20-%20Tranche%20IV%20-%20NIT.pdf&path=dynamiclinks&portal=mlcl&mdTyp=-,238,0.85629458,0.44537815,32.92739105,True,True,True,True,0.40180609,0.81433070,1.00000000,False,True,Titanium,regional_background,False,False,"The source identifies an auction or exploration target, not a confirmed deposit, resource, reserve, discovery, grade continuity, economic viability, current grant, operating mine, or permission to enter land. Source-independent publication does not prove knowledge-independence from historical mineral evidence.","[""official_auction_or_exploration_target_not_confirmed_deposit"",""complete_historical_source_label_independence_not_established""]"
OBT-dc2d371f8528fcb5,central_critical_mineral_auction,sanyasikoppa,"[""CMB-EVENT-T2-O18"",""CMB-EVENT-T4-O19""]",2,"Sanyasikoppa Cobalt, Manganese and Iron Block","[""Sanyasikoppa Cobalt, Manganese and Iron Block""]",Karnataka,Shimoga (Shivamogga),1055.64000000,,14.15516571,75.36635290,8660130cfffffff,836013fffffffff,Manganese,"[""manganese""]","[""Mn""]",official_auction_or_exploration_target_not_confirmed_deposit,accepted,geometry_available_for_overlay_not_used_in_prospectivity_training_or_scoring,"https://www.mstcecommerce.com/auctionhome/download_docs.jsp?FILE_ID=15832_19.%20MBS_Sanyasikoppa%20Cobalt,%20Manganese%20and%20Iron%20Block%20-23.02.2024.pdf&path=dynamiclinks&portal=mlcl&mdTyp=-",https://www.mstcecommerce.com/auctionhome/download_docs.jsp?FILE_ID=15825_1.%20GoI%20MoM%20-%20Tranche%20IV%20-%20NIT.pdf&path=dynamiclinks&portal=mlcl&mdTyp=-,130,0.85341124,0.20769231,26.58043098,True,True,True,True,0.30580619,0.85179406,7.00000000,False,False,Titanium,regional_background,False,False,"The source identifies an auction or exploration target, not a confirmed deposit, resource, reserve, discovery, grade continuity, economic viability, current grant, operating mine, or permission to enter land. Source-independent publication does not prove knowledge-independence from historical mineral evidence.","[""official_auction_or_exploration_target_not_confirmed_deposit"",""complete_historical_source_label_independence_not_established""]"
OBT-626d63dfa0b78a03,central_critical_mineral_auction,sapneri,"[""CMB-EVENT-T7-O17"",""CMB-EVENT-T8-O07""]",2,Sapneri Vanadium bearing Magnetite-Ilmenite Block,"[""Sapneri Vanadium bearing Magnetite-Ilmenite Block""]",Bihar,Gaya,124.55000000,,25.01520960,85.15358711,863c137a7ffffff,833c13fffffffff,Iron,"[""iron""]","[""Fe""]",official_auction_or_exploration_target_not_confirmed_deposit,accepted,geometry_available_for_overlay_not_used_in_prospectivity_training_or_scoring,https://www.mstcecommerce.com/auctionhome/download_docs.jsp?FILE_ID=27337_Sapneri%20Vanadium%20bearing%20Magnetite-Ilmenite%20Block_MBS.pdf&path=dynamiclinks&portal=mlcl&mdTyp=-,https://www.mstcecommerce.com/auctionhome/download_docs.jsp?FILE_ID=27316_GoI%20MoM%20-%20Tranche%20VIII%20-%20NIT.pdf&path=dynamiclinks&portal=mlcl&mdTyp=-,238,0.85629458,0.44537815,83.50454712,True,True,True,True,0.25452194,0.65004146,6.00000000,False,False,Copper,regional_background,False,False,"The source identifies an auction or exploration target, not a confirmed deposit, resource, reserve, discovery, grade continuity, economic viability, current grant, operating mine, or permission to enter land. Source-independent publication does not prove knowledge-independence from historical mineral evidence.","[""official_auction_or_exploration_target_not_confirmed_deposit"",""complete_historical_source_label_independence_not_established""]"
OBT-a3cbf47714f1677d,central_critical_mineral_auction,sapneri,"[""CMB-EVENT-T7-O17"",""CMB-EVENT-T8-O07""]",2,Sapneri Vanadium bearing Magnetite-Ilmenite Block,"[""Sapneri Vanadium bearing Magnetite-Ilmenite Block""]",Bihar,Gaya,124.55000000,,25.01520960,85.15358711,863c137a7ffffff,833c13fffffffff,Titanium,"[""titanium"",""titanium dioxide""]","[""Ti"",""TiO2""]",official_auction_or_exploration_target_not_confirmed_deposit,accepted,geometry_available_for_overlay_not_used_in_prospectivity_training_or_scoring,https://www.mstcecommerce.com/auctionhome/download_docs.jsp?FILE_ID=27337_Sapneri%20Vanadium%20bearing%20Magnetite-Ilmenite%20Block_MBS.pdf&path=dynamiclinks&portal=mlcl&mdTyp=-,https://www.mstcecommerce.com/auctionhome/download_docs.jsp?FILE_ID=27316_GoI%20MoM%20-%20Tranche%20VIII%20-%20NIT.pdf&path=dynamiclinks&portal=mlcl&mdTyp=-,39,0.66236029,0.25641026,195.94056702,True,True,True,True,0.16014819,0.51969928,14.00000000,False,False,Copper,regional_background,False,False,"The source identifies an auction or exploration target, not a confirmed deposit, resource, reserve, discovery, grade continuity, economic viability, current grant, operating mine, or permission to enter land. Source-independent publication does not prove knowledge-independence from historical mineral evidence.","[""official_auction_or_exploration_target_not_confirmed_deposit"",""complete_historical_source_label_independence_not_established""]"
OBT-574c7740285fb56e,central_critical_mineral_auction,sapneri,"[""CMB-EVENT-T7-O17"",""CMB-EVENT-T8-O07""]",2,Sapneri Vanadium bearing Magnetite-Ilmenite Block,"[""Sapneri Vanadium bearing Magnetite-Ilmenite Block""]",Bihar,Gaya,124.55000000,,25.01520960,85.15358711,863c137a7ffffff,833c13fffffffff,Vanadium,"[""vanadium""]","[""V""]",official_auction_or_exploration_target_not_confirmed_deposit,accepted,geometry_available_for_overlay_not_used_in_prospectivity_training_or_scoring,https://www.mstcecommerce.com/auctionhome/download_docs.jsp?FILE_ID=27337_Sapneri%20Vanadium%20bearing%20Magnetite-Ilmenite%20Block_MBS.pdf&path=dynamiclinks&portal=mlcl&mdTyp=-,https://www.mstcecommerce.com/auctionhome/download_docs.jsp?FILE_ID=27316_GoI%20MoM%20-%20Tranche%20VIII%20-%20NIT.pdf&path=dynamiclinks&portal=mlcl&mdTyp=-,10,0.37920000,0.00000000,41.74831009,True,True,True,True,0.43898344,0.98314977,4.00000000,False,True,Copper,regional_background,False,False,"The source identifies an auction or exploration target, not a confirmed deposit, resource, reserve, discovery, grade continuity, economic viability, current grant, operating mine, or permission to enter land. Source-independent publication does not prove knowledge-independence from historical mineral evidence.","[""official_auction_or_exploration_target_not_confirmed_deposit"",""target_model_does_not_pass_internal_minimum_holdout_auc"",""complete_historical_source_label_independence_not_established""]"
OBT-e4b05b435776e213,central_critical_mineral_auction,semhardih,"[""CMB-EVENT-T4-O04"",""CMB-EVENT-T5-O10""]",2,Semhardih Phosphorite and Limestone Block,"[""Semhardih Phosphorite and Limestone Block""]",Chhattisgarh,Balod,960.35000000,,20.83290278,81.06233333,863cb00d7ffffff,833cb0fffffffff,Phosphorus,"[""phosphorus""]","[""P""]",official_auction_or_exploration_target_not_confirmed_deposit,accepted,geometry_available_for_overlay_not_used_in_prospectivity_training_or_scoring,https://www.mstcecommerce.com/auctionhome/download_docs.jsp?FILE_ID=18655_10.MBS_Semhardih_Phosphorite_and_Limestone_Block.pdf&path=dynamiclinks&portal=mlcl&mdTyp=-,https://www.mstcecommerce.com/auctionhome/download_docs.jsp?FILE_ID=18641_GoI%20MoM%20-%20Tranche%20V%20-%20Notice%20Inviting%20Tender.pdf&path=dynamiclinks&portal=mlcl&mdTyp=-,85,0.70646367,0.08235294,46.06063461,True,True,True,True,0.52481282,0.94198406,1.00000000,True,True,Phosphorus,regional_background,False,False,"The source identifies an auction or exploration target, not a confirmed deposit, resource, reserve, discovery, grade continuity, economic viability, current grant, operating mine, or permission to enter land. Source-independent publication does not prove knowledge-independence from historical mineral evidence.","[""official_auction_or_exploration_target_not_confirmed_deposit"",""complete_historical_source_label_independence_not_established""]"
OBT-62cd82f5130e298f,central_critical_mineral_auction,shergarh-sherawala-ramsara-dalmirkhera,"[""CMB-EVENT-T6-O13"",""CMB-EVENT-T8-O02""]",2,Shergarh-Sherawala- Ramsara-Dalmirkhera Potash And Halite Block,"[""Shergarh-Sherawala- Ramsara-Dalmirkhera Block"",""Shergarh-Sherawala- Ramsara-Dalmirkhera Potash And Halite Block""]",Punjab,Fazilka,4592.95000000,,30.01400077,74.05964183,86424844fffffff,834248fffffffff,Potash,"[""potassium chloride"",""potassium sulfate""]","[""KCl"",""K2SO4""]",official_auction_or_exploration_target_not_confirmed_deposit,accepted,geometry_available_for_overlay_not_used_in_prospectivity_training_or_scoring,https://www.mstcecommerce.com/auctionhome/download_docs.jsp?FILE_ID=27342_Shergarh-Sherawala-%20Ramsara-Dalmirkhera%20Potash%20And%20Halite%20Block_MBS.pdf&path=dynamiclinks&portal=mlcl&mdTyp=-,https://www.mstcecommerce.com/auctionhome/download_docs.jsp?FILE_ID=27316_GoI%20MoM%20-%20Tranche%20VIII%20-%20NIT.pdf&path=dynamiclinks&portal=mlcl&mdTyp=-,0,,,,False,False,False,False,,,,False,False,Copper,regional_background,False,False,"The source identifies an auction or exploration target, not a confirmed deposit, resource, reserve, discovery, grade continuity, economic viability, current grant, operating mine, or permission to enter land. Source-independent publication does not prove knowledge-independence from historical mineral evidence.","[""official_auction_or_exploration_target_not_confirmed_deposit"",""within_25km_of_training_evidence_excluded_from_primary_transfer_cohort"",""target_model_below_published_minimum_support"",""target_model_does_not_pass_internal_minimum_holdout_auc"",""complete_historical_source_label_independence_not_established""]"
OBT-37a3af5a5c3eda1d,central_critical_mineral_auction,siskari-pat,"[""CMB-EVENT-T6-O19""]",1,"Siskari Pat Titanium, Bauxite and Associated Mineral Block","[""Siskari Pat Titanium, Bauxite and Associated Mineral Block""]",Jharkhand,Lohardaga,27.87000000,,23.56133117,84.60585788,863cae85fffffff,833caefffffffff,Aluminium,"[""aluminium""]","[""Al""]",official_auction_or_exploration_target_not_confirmed_deposit,accepted,geometry_available_for_overlay_not_used_in_prospectivity_training_or_scoring,https://www.mstcecommerce.com/auctionhome/download_docs.jsp?FILE_ID=22691_5.%20Siskaripat%20Block%20Summary.pdf&path=dynamiclinks&portal=mlcl&mdTyp=-,https://www.mstcecommerce.com/auctionhome/download_docs.jsp?FILE_ID=22681_GoI%20MoM%20-%20Tranche%20VI%20-%20NIT.pdf&path=dynamiclinks&portal=mlcl&mdTyp=-,110,0.69101240,0.07272727,1.89941704,False,True,False,False,0.56363946,,4.00000000,False,True,Silver,known_evidence_area,False,False,"The source identifies an auction or exploration target, not a confirmed deposit, resource, reserve, discovery, grade continuity, economic viability, current grant, operating mine, or permission to enter land. Source-independent publication does not prove knowledge-independence from historical mineral evidence.","[""official_auction_or_exploration_target_not_confirmed_deposit"",""within_25km_of_training_evidence_excluded_from_primary_transfer_cohort"",""complete_historical_source_label_independence_not_established""]"
OBT-78b2b912a1ee3c4a,central_critical_mineral_auction,siskari-pat,"[""CMB-EVENT-T6-O19""]",1,"Siskari Pat Titanium, Bauxite and Associated Mineral Block","[""Siskari Pat Titanium, Bauxite and Associated Mineral Block""]",Jharkhand,Lohardaga,27.87000000,,23.56133117,84.60585788,863cae85fffffff,833caefffffffff,Gallium,"[""gallium""]","[""Ga""]",official_auction_or_exploration_target_not_confirmed_deposit,accepted,geometry_available_for_overlay_not_used_in_prospectivity_training_or_scoring,https://www.mstcecommerce.com/auctionhome/download_docs.jsp?FILE_ID=22691_5.%20Siskaripat%20Block%20Summary.pdf&path=dynamiclinks&portal=mlcl&mdTyp=-,https://www.mstcecommerce.com/auctionhome/download_docs.jsp?FILE_ID=22681_GoI%20MoM%20-%20Tranche%20VI%20-%20NIT.pdf&path=dynamiclinks&portal=mlcl&mdTyp=-,1,,,1062.98742676,True,False,True,False,0.00001038,,31.00000000,False,False,Silver,known_evidence_area,False,False,"The source identifies an auction or exploration target, not a confirmed deposit, resource, reserve, discovery, grade continuity, economic viability, current grant, operating mine, or permission to enter land. Source-independent publication does not prove knowledge-independence from historical mineral evidence.","[""official_auction_or_exploration_target_not_confirmed_deposit"",""target_model_below_published_minimum_support"",""target_model_does_not_pass_internal_minimum_holdout_auc"",""complete_historical_source_label_independence_not_established""]"
OBT-cdd7edb91d2e682a,central_critical_mineral_auction,siskari-pat,"[""CMB-EVENT-T6-O19""]",1,"Siskari Pat Titanium, Bauxite and Associated Mineral Block","[""Siskari Pat Titanium, Bauxite and Associated Mineral Block""]",Jharkhand,Lohardaga,27.87000000,,23.56133117,84.60585788,863cae85fffffff,833caefffffffff,Titanium,"[""titanium"",""titanium dioxide""]","[""Ti"",""TiO2""]",official_auction_or_exploration_target_not_confirmed_deposit,accepted,geometry_available_for_overlay_not_used_in_prospectivity_training_or_scoring,https://www.mstcecommerce.com/auctionhome/download_docs.jsp?FILE_ID=22691_5.%20Siskaripat%20Block%20Summary.pdf&path=dynamiclinks&portal=mlcl&mdTyp=-,https://www.mstcecommerce.com/auctionhome/download_docs.jsp?FILE_ID=22681_GoI%20MoM%20-%20Tranche%20VI%20-%20NIT.pdf&path=dynamiclinks&portal=mlcl&mdTyp=-,39,0.66236029,0.25641026,145.41287231,True,True,True,True,0.27173579,0.64463437,8.00000000,False,False,Silver,known_evidence_area,False,False,"The source identifies an auction or exploration target, not a confirmed deposit, resource, reserve, discovery, grade continuity, economic viability, current grant, operating mine, or permission to enter land. Source-independent publication does not prove knowledge-independence from historical mineral evidence.","[""official_auction_or_exploration_target_not_confirmed_deposit"",""complete_historical_source_label_independence_not_established""]"
OBT-c43aee888226878b,central_critical_mineral_auction,siskari-pat,"[""CMB-EVENT-T6-O19""]",1,"Siskari Pat Titanium, Bauxite and Associated Mineral Block","[""Siskari Pat Titanium, Bauxite and Associated Mineral Block""]",Jharkhand,Lohardaga,27.87000000,,23.56133117,84.60585788,863cae85fffffff,833caefffffffff,Vanadium,"[""vanadium""]","[""V""]",official_auction_or_exploration_target_not_confirmed_deposit,accepted,geometry_available_for_overlay_not_used_in_prospectivity_training_or_scoring,https://www.mstcecommerce.com/auctionhome/download_docs.jsp?FILE_ID=22691_5.%20Siskaripat%20Block%20Summary.pdf&path=dynamiclinks&portal=mlcl&mdTyp=-,https://www.mstcecommerce.com/auctionhome/download_docs.jsp?FILE_ID=22681_GoI%20MoM%20-%20Tranche%20VI%20-%20NIT.pdf&path=dynamiclinks&portal=mlcl&mdTyp=-,10,0.37920000,0.00000000,205.34109497,True,True,True,True,0.29581851,0.92496228,7.00000000,False,False,Silver,known_evidence_area,False,False,"The source identifies an auction or exploration target, not a confirmed deposit, resource, reserve, discovery, grade continuity, economic viability, current grant, operating mine, or permission to enter land. Source-independent publication does not prove knowledge-independence from historical mineral evidence.","[""official_auction_or_exploration_target_not_confirmed_deposit"",""target_model_does_not_pass_internal_minimum_holdout_auc"",""complete_historical_source_label_independence_not_established""]"
OBT-f253957177882bd1,central_critical_mineral_auction,sito-sikhe,"[""CMB-EVENT-T6-O21""]",1,Sito Sikhe Vanadium Graphite Block,"[""Sito Sikhe Vanadium Graphite Block""]",Arunachal Pradesh,Keyi Panyor (Earlier Lower Subansiri),96.56000000,,27.54039757,93.62891421,863c530d7ffffff,833c53fffffffff,Graphite,"[""carbon""]","[""C""]",official_auction_or_exploration_target_not_confirmed_deposit,accepted,geometry_available_for_overlay_not_used_in_prospectivity_training_or_scoring,https://www.mstcecommerce.com/auctionhome/download_docs.jsp?FILE_ID=22689_3.%20Sito%20Sikhe%20Vanadium%20%20Graphite%20Block%20Summary.pdf&path=dynamiclinks&portal=mlcl&mdTyp=-,https://www.mstcecommerce.com/auctionhome/download_docs.jsp?FILE_ID=22681_GoI%20MoM%20-%20Tranche%20VI%20-%20NIT.pdf&path=dynamiclinks&portal=mlcl&mdTyp=-,15,0.87053333,0.53333333,1022.80682373,True,False,True,False,0.00001197,0.09499391,23.00000000,False,False,Gold,priority_candidate,True,False,"The source identifies an auction or exploration target, not a confirmed deposit, resource, reserve, discovery, grade continuity, economic viability, current grant, operating mine, or permission to enter land. Source-independent publication does not prove knowledge-independence from historical mineral evidence.","[""official_auction_or_exploration_target_not_confirmed_deposit"",""complete_historical_source_label_independence_not_established""]"
OBT-d737cdeba98d6940,central_critical_mineral_auction,sito-sikhe,"[""CMB-EVENT-T6-O21""]",1,Sito Sikhe Vanadium Graphite Block,"[""Sito Sikhe Vanadium Graphite Block""]",Arunachal Pradesh,Keyi Panyor (Earlier Lower Subansiri),96.56000000,,27.54039757,93.62891421,863c530d7ffffff,833c53fffffffff,Vanadium,"[""vanadium""]","[""V""]",official_auction_or_exploration_target_not_confirmed_deposit,accepted,geometry_available_for_overlay_not_used_in_prospectivity_training_or_scoring,https://www.mstcecommerce.com/auctionhome/download_docs.jsp?FILE_ID=22689_3.%20Sito%20Sikhe%20Vanadium%20%20Graphite%20Block%20Summary.pdf&path=dynamiclinks&portal=mlcl&mdTyp=-,https://www.mstcecommerce.com/auctionhome/download_docs.jsp?FILE_ID=22681_GoI%20MoM%20-%20Tranche%20VI%20-%20NIT.pdf&path=dynamiclinks&portal=mlcl&mdTyp=-,10,0.37920000,0.00000000,814.83593750,True,False,True,False,0.00008832,0.04057129,16.00000000,False,False,Gold,priority_candidate,True,False,"The source identifies an auction or exploration target, not a confirmed deposit, resource, reserve, discovery, grade continuity, economic viability, current grant, operating mine, or permission to enter land. Source-independent publication does not prove knowledge-independence from historical mineral evidence.","[""official_auction_or_exploration_target_not_confirmed_deposit"",""target_model_does_not_pass_internal_minimum_holdout_auc"",""complete_historical_source_label_independence_not_established""]"
OBT-99f18b4ecfff0cd9,central_critical_mineral_auction,southeast-of-gugrot,"[""CMB-EVENT-T6-O09""]",1,Southeast of Gugrot Block,"[""Southeast of Gugrot Block""]",Rajasthan,Barmer,102.38000000,,25.58771111,72.44073750,8642e9037ffffff,8342e9fffffffff,Rare-earth elements,"[""scandium"",""yttrium"",""lanthanum"",""cerium"",""praseodymium"",""neodymium"",""promethium"",""samarium"",""europium"",""gadolinium"",""terbium"",""dysprosium"",""holmium"",""erbium"",""thulium"",""ytterbium"",""lutetium""]","[""Sc"",""Y"",""La"",""Ce"",""Pr"",""Nd"",""Pm"",""Sm"",""Eu"",""Gd"",""Tb"",""Dy"",""Ho"",""Er"",""Tm"",""Yb"",""Lu""]",official_auction_or_exploration_target_not_confirmed_deposit,accepted,geometry_available_for_overlay_not_used_in_prospectivity_training_or_scoring,https://www.mstcecommerce.com/auctionhome/download_docs.jsp?FILE_ID=22702_15.%20Southeast%20of%20Gugrot%20Summary%2029.07.2025.pdf&path=dynamiclinks&portal=mlcl&mdTyp=-,https://www.mstcecommerce.com/auctionhome/download_docs.jsp?FILE_ID=22681_GoI%20MoM%20-%20Tranche%20VI%20-%20NIT.pdf&path=dynamiclinks&portal=mlcl&mdTyp=-,9,,,1389.55187988,True,False,True,False,0.00000028,0.07059459,33.00000000,False,False,Zinc,regional_background,False,False,"The source identifies an auction or exploration target, not a confirmed deposit, resource, reserve, discovery, grade continuity, economic viability, current grant, operating mine, or permission to enter land. Source-independent publication does not prove knowledge-independence from historical mineral evidence.","[""official_auction_or_exploration_target_not_confirmed_deposit"",""target_model_below_published_minimum_support"",""target_model_does_not_pass_internal_minimum_holdout_auc"",""complete_historical_source_label_independence_not_established""]"
OBT-11fc62ae41b899e4,central_critical_mineral_auction,surajpura,"[""CMB-EVENT-T5-O01""]",1,Surajpura Phosphorite Block,"[""Surajpura Phosphorite Block""]",Madhya Pradesh,Sagar and Chhatarpur,1072.29000000,,24.36557777,79.25456666,863d9dc87ffffff,833d9dfffffffff,Phosphorus,"[""phosphorus""]","[""P""]",official_auction_or_exploration_target_not_confirmed_deposit,accepted,geometry_available_for_overlay_not_used_in_prospectivity_training_or_scoring,https://www.mstcecommerce.com/auctionhome/download_docs.jsp?FILE_ID=18802_5.%20Revised%20MBS%20Surajpura%20Phosphorite%20Block.pdf&path=dynamiclinks&portal=mlcl&mdTyp=-,https://www.mstcecommerce.com/auctionhome/download_docs.jsp?FILE_ID=18641_GoI%20MoM%20-%20Tranche%20V%20-%20Notice%20Inviting%20Tender.pdf&path=dynamiclinks&portal=mlcl&mdTyp=-,85,0.70646367,0.08235294,139.95283508,True,True,True,True,0.08634965,0.18379265,8.00000000,False,False,Copper,regional_background,False,False,"The source identifies an auction or exploration target, not a confirmed deposit, resource, reserve, discovery, grade continuity, economic viability, current grant, operating mine, or permission to enter land. Source-independent publication does not prove knowledge-independence from historical mineral evidence.","[""official_auction_or_exploration_target_not_confirmed_deposit"",""complete_historical_source_label_independence_not_established""]"
OBT-9137e6a41b0dbb8b,central_critical_mineral_auction,surharia-basoha,"[""CMB-EVENT-T6-O05""]",1,"Surharia-Basoha Titanium, Bauxite and Aluminous Laterite Block","[""Surharia-Basoha Titanium, Bauxite and Aluminous Laterite Block""]",Uttar Pradesh,Chandauli,1034.44000000,,24.88722200,83.27111050,863ca5acfffffff,833ca5fffffffff,Aluminium,"[""aluminium""]","[""Al""]",official_auction_or_exploration_target_not_confirmed_deposit,accepted,geometry_available_for_overlay_not_used_in_prospectivity_training_or_scoring,"https://www.mstcecommerce.com/auctionhome/download_docs.jsp?FILE_ID=22706_19.%20Surharia-Basoha%20Bauxite,%20Aluminous%20Laterite%20and%20Titanium%20Block.pdf&path=dynamiclinks&portal=mlcl&mdTyp=-",https://www.mstcecommerce.com/auctionhome/download_docs.jsp?FILE_ID=22681_GoI%20MoM%20-%20Tranche%20VI%20-%20NIT.pdf&path=dynamiclinks&portal=mlcl&mdTyp=-,110,0.69101240,0.07272727,72.87904358,True,True,True,True,0.21887228,0.51006377,4.00000000,False,True,Copper,regional_background,False,False,"The source identifies an auction or exploration target, not a confirmed deposit, resource, reserve, discovery, grade continuity, economic viability, current grant, operating mine, or permission to enter land. Source-independent publication does not prove knowledge-independence from historical mineral evidence.","[""official_auction_or_exploration_target_not_confirmed_deposit"",""complete_historical_source_label_independence_not_established""]"
OBT-a48f7ad8b032f592,central_critical_mineral_auction,surharia-basoha,"[""CMB-EVENT-T6-O05""]",1,"Surharia-Basoha Titanium, Bauxite and Aluminous Laterite Block","[""Surharia-Basoha Titanium, Bauxite and Aluminous Laterite Block""]",Uttar Pradesh,Chandauli,1034.44000000,,24.88722200,83.27111050,863ca5acfffffff,833ca5fffffffff,Titanium,"[""titanium"",""titanium dioxide""]","[""Ti"",""TiO2""]",official_auction_or_exploration_target_not_confirmed_deposit,accepted,geometry_available_for_overlay_not_used_in_prospectivity_training_or_scoring,"https://www.mstcecommerce.com/auctionhome/download_docs.jsp?FILE_ID=22706_19.%20Surharia-Basoha%20Bauxite,%20Aluminous%20Laterite%20and%20Titanium%20Block.pdf&path=dynamiclinks&portal=mlcl&mdTyp=-",https://www.mstcecommerce.com/auctionhome/download_docs.jsp?FILE_ID=22681_GoI%20MoM%20-%20Tranche%20VI%20-%20NIT.pdf&path=dynamiclinks&portal=mlcl&mdTyp=-,39,0.66236029,0.25641026,279.11456299,True,False,True,False,0.02147281,0.13142624,12.00000000,False,False,Copper,regional_background,False,False,"The source identifies an auction or exploration target, not a confirmed deposit, resource, reserve, discovery, grade continuity, economic viability, current grant, operating mine, or permission to enter land. Source-independent publication does not prove knowledge-independence from historical mineral evidence.","[""official_auction_or_exploration_target_not_confirmed_deposit"",""complete_historical_source_label_independence_not_established""]"
OBT-8af09e6715346d96,central_critical_mineral_auction,tamiya,"[""CMB-EVENT-T8-O13""]",1,Tamiya Graphite and Manganese Block,"[""Tamiya Graphite and Manganese Block""]",Odisha,Balangir,139.03000000,,20.78345581,83.22752741,863c86307ffffff,833c86fffffffff,Graphite,"[""carbon""]","[""C""]",official_auction_or_exploration_target_not_confirmed_deposit,accepted,geometry_available_for_overlay_not_used_in_prospectivity_training_or_scoring,https://www.mstcecommerce.com/auctionhome/download_docs.jsp?FILE_ID=27331_Tamiya%20Graphite%20and%20Manganese%20Block_MBS.pdf&path=dynamiclinks&portal=mlcl&mdTyp=-,https://www.mstcecommerce.com/auctionhome/download_docs.jsp?FILE_ID=27316_GoI%20MoM%20-%20Tranche%20VIII%20-%20NIT.pdf&path=dynamiclinks&portal=mlcl&mdTyp=-,15,0.87053333,0.53333333,21.98675728,False,True,False,False,0.47561085,0.96140063,2.00000000,False,True,Manganese,regional_background,False,False,"The source identifies an auction or exploration target, not a confirmed deposit, resource, reserve, discovery, grade continuity, economic viability, current grant, operating mine, or permission to enter land. Source-independent publication does not prove knowledge-independence from historical mineral evidence.","[""official_auction_or_exploration_target_not_confirmed_deposit"",""within_25km_of_training_evidence_excluded_from_primary_transfer_cohort"",""complete_historical_source_label_independence_not_established""]"
OBT-e462b51664adddbd,central_critical_mineral_auction,tamiya,"[""CMB-EVENT-T8-O13""]",1,Tamiya Graphite and Manganese Block,"[""Tamiya Graphite and Manganese Block""]",Odisha,Balangir,139.03000000,,20.78345581,83.22752741,863c86307ffffff,833c86fffffffff,Manganese,"[""manganese""]","[""Mn""]",official_auction_or_exploration_target_not_confirmed_deposit,accepted,geometry_available_for_overlay_not_used_in_prospectivity_training_or_scoring,https://www.mstcecommerce.com/auctionhome/download_docs.jsp?FILE_ID=27331_Tamiya%20Graphite%20and%20Manganese%20Block_MBS.pdf&path=dynamiclinks&portal=mlcl&mdTyp=-,https://www.mstcecommerce.com/auctionhome/download_docs.jsp?FILE_ID=27316_GoI%20MoM%20-%20Tranche%20VIII%20-%20NIT.pdf&path=dynamiclinks&portal=mlcl&mdTyp=-,130,0.85341124,0.20769231,132.80465698,True,True,True,True,0.59274805,0.96194744,1.00000000,True,True,Manganese,regional_background,False,False,"The source identifies an auction or exploration target, not a confirmed deposit, resource, reserve, discovery, grade continuity, economic viability, current grant, operating mine, or permission to enter land. Source-independent publication does not prove knowledge-independence from historical mineral evidence.","[""official_auction_or_exploration_target_not_confirmed_deposit"",""complete_historical_source_label_independence_not_established""]"
OBT-8f4081b7272846ab,central_critical_mineral_auction,vadakhol-asoli,"[""CMB-EVENT-T2-O09"",""CMB-EVENT-T4-O20""]",2,"Vadakhol-Asoli Ni, Cr, Co and Associated Mineral Block","[""Vadakhol-Asoli Ni, Cr, Co and Associated Mineral Block""]",Maharashtra,Sindhudurg,1475.97200000,,15.81643542,73.67598165,8660a96e7ffffff,8360a9fffffffff,Chromium,"[""chromium""]","[""Cr""]",official_auction_or_exploration_target_not_confirmed_deposit,accepted,geometry_available_for_overlay_not_used_in_prospectivity_training_or_scoring,"https://www.mstcecommerce.com/auctionhome/download_docs.jsp?FILE_ID=15831_20.%20MBS%20Vadakhol-Asoli%20Ni,%20Cr,%20Co%20and%20Associated%20Mineral%20Block%2023.02.2024.pdf&path=dynamiclinks&portal=mlcl&mdTyp=-",https://www.mstcecommerce.com/auctionhome/download_docs.jsp?FILE_ID=15825_1.%20GoI%20MoM%20-%20Tranche%20IV%20-%20NIT.pdf&path=dynamiclinks&portal=mlcl&mdTyp=-,72,0.96467978,0.95833333,45.23666382,True,True,True,True,0.37264231,0.94848067,5.00000000,False,True,Silicon,regional_background,False,False,"The source identifies an auction or exploration target, not a confirmed deposit, resource, reserve, discovery, grade continuity, economic viability, current grant, operating mine, or permission to enter land. Source-independent publication does not prove knowledge-independence from historical mineral evidence.","[""official_auction_or_exploration_target_not_confirmed_deposit"",""complete_historical_source_label_independence_not_established""]"
OBT-77b0d26bb8ff7b03,central_critical_mineral_auction,vadakhol-asoli,"[""CMB-EVENT-T2-O09"",""CMB-EVENT-T4-O20""]",2,"Vadakhol-Asoli Ni, Cr, Co and Associated Mineral Block","[""Vadakhol-Asoli Ni, Cr, Co and Associated Mineral Block""]",Maharashtra,Sindhudurg,1475.97200000,,15.81643542,73.67598165,8660a96e7ffffff,8360a9fffffffff,Cobalt,"[""cobalt""]","[""Co""]",official_auction_or_exploration_target_not_confirmed_deposit,accepted,geometry_available_for_overlay_not_used_in_prospectivity_training_or_scoring,"https://www.mstcecommerce.com/auctionhome/download_docs.jsp?FILE_ID=15831_20.%20MBS%20Vadakhol-Asoli%20Ni,%20Cr,%20Co%20and%20Associated%20Mineral%20Block%2023.02.2024.pdf&path=dynamiclinks&portal=mlcl&mdTyp=-",https://www.mstcecommerce.com/auctionhome/download_docs.jsp?FILE_ID=15825_1.%20GoI%20MoM%20-%20Tranche%20IV%20-%20NIT.pdf&path=dynamiclinks&portal=mlcl&mdTyp=-,4,,,642.42779541,True,False,True,False,0.00093044,,17.00000000,False,False,Silicon,regional_background,False,False,"The source identifies an auction or exploration target, not a confirmed deposit, resource, reserve, discovery, grade continuity, economic viability, current grant, operating mine, or permission to enter land. Source-independent publication does not prove knowledge-independence from historical mineral evidence.","[""official_auction_or_exploration_target_not_confirmed_deposit"",""target_model_below_published_minimum_support"",""target_model_does_not_pass_internal_minimum_holdout_auc"",""complete_historical_source_label_independence_not_established""]"
OBT-c950348842f1f97b,central_critical_mineral_auction,vadakhol-asoli,"[""CMB-EVENT-T2-O09"",""CMB-EVENT-T4-O20""]",2,"Vadakhol-Asoli Ni, Cr, Co and Associated Mineral Block","[""Vadakhol-Asoli Ni, Cr, Co and Associated Mineral Block""]",Maharashtra,Sindhudurg,1475.97200000,,15.81643542,73.67598165,8660a96e7ffffff,8360a9fffffffff,Nickel,"[""nickel""]","[""Ni""]",official_auction_or_exploration_target_not_confirmed_deposit,accepted,geometry_available_for_overlay_not_used_in_prospectivity_training_or_scoring,"https://www.mstcecommerce.com/auctionhome/download_docs.jsp?FILE_ID=15831_20.%20MBS%20Vadakhol-Asoli%20Ni,%20Cr,%20Co%20and%20Associated%20Mineral%20Block%2023.02.2024.pdf&path=dynamiclinks&portal=mlcl&mdTyp=-",https://www.mstcecommerce.com/auctionhome/download_docs.jsp?FILE_ID=15825_1.%20GoI%20MoM%20-%20Tranche%20IV%20-%20NIT.pdf&path=dynamiclinks&portal=mlcl&mdTyp=-,7,,,642.42779541,True,False,True,False,0.00045964,0.13265169,21.00000000,False,False,Silicon,regional_background,False,False,"The source identifies an auction or exploration target, not a confirmed deposit, resource, reserve, discovery, grade continuity, economic viability, current grant, operating mine, or permission to enter land. Source-independent publication does not prove knowledge-independence from historical mineral evidence.","[""official_auction_or_exploration_target_not_confirmed_deposit"",""target_model_below_published_minimum_support"",""target_model_does_not_pass_internal_minimum_holdout_auc"",""complete_historical_source_label_independence_not_established""]"
OBT-e227e851b879c64a,central_critical_mineral_auction,velampatti-north-a-and-b,"[""CMB-EVENT-T1-O19""]",1,Velampatti North A&B Molybdenum Block,"[""Velampatti North A&B Molybdenum Block""]",Tamil Nadu,Dharmapuri,102.86000000,,12.10312852,78.42940180,86618d26fffffff,836032fffffffff,Molybdenum,"[""molybdenum""]","[""Mo""]",official_auction_or_exploration_target_not_confirmed_deposit,accepted,geometry_available_for_overlay_not_used_in_prospectivity_training_or_scoring,https://www.mstcecommerce.com/auctionhome/download_docs.jsp?FILE_ID=12677_MBS_Velampatti%20North%20A%20and%20B%20Molybdenum%20Block.pdf&path=dynamiclinks&portal=mlcl&mdTyp=-,https://www.mstcecommerce.com/auctionhome/download_docs.jsp?FILE_ID=12721_Tranche-1-NIT%2020%20Blocks.pdf&path=dynamiclinks&portal=mlcl&mdTyp=-,4,,,1074.02734375,True,False,True,False,0.00001242,,27.00000000,False,False,Phosphorus,regional_background,False,False,"The source identifies an auction or exploration target, not a confirmed deposit, resource, reserve, discovery, grade continuity, economic viability, current grant, operating mine, or permission to enter land. Source-independent publication does not prove knowledge-independence from historical mineral evidence.","[""official_auction_or_exploration_target_not_confirmed_deposit"",""target_model_below_published_minimum_support"",""target_model_does_not_pass_internal_minimum_holdout_auc"",""complete_historical_source_label_independence_not_established""]"
OBT-cee231f964c95590,central_critical_mineral_auction,vellakkal-central-segment-a,"[""CMB-EVENT-T1-O20""]",1,Vellakkal Central (Segment-A) Molybdenum Block,"[""Vellakkal Central (Segment-A) Molybdenum Block""]",Tamil Nadu,Krishnagiri,65.17000000,,12.20784162,78.44127059,86618d25fffffff,83618dfffffffff,Molybdenum,"[""molybdenum""]","[""Mo""]",official_auction_or_exploration_target_not_confirmed_deposit,accepted,geometry_available_for_overlay_not_used_in_prospectivity_training_or_scoring,https://www.mstcecommerce.com/auctionhome/download_docs.jsp?FILE_ID=12676_MBS_Vellakkal%20Central%20Segment-A%20Molybdenum%20Block.pdf&path=dynamiclinks&portal=mlcl&mdTyp=-,https://www.mstcecommerce.com/auctionhome/download_docs.jsp?FILE_ID=12721_Tranche-1-NIT%2020%20Blocks.pdf&path=dynamiclinks&portal=mlcl&mdTyp=-,4,,,1062.56359863,True,False,True,False,0.00001393,,27.00000000,False,False,Phosphorus,regional_background,False,False,"The source identifies an auction or exploration target, not a confirmed deposit, resource, reserve, discovery, grade continuity, economic viability, current grant, operating mine, or permission to enter land. Source-independent publication does not prove knowledge-independence from historical mineral evidence.","[""official_auction_or_exploration_target_not_confirmed_deposit"",""target_model_below_published_minimum_support"",""target_model_does_not_pass_internal_minimum_holdout_auc"",""complete_historical_source_label_independence_not_established""]"
OBT-98b274cce2b34d49,ibm_2023_24_state_auction_mbs,IBM-IMYB2024-AUCTION-006,"[""IBM-IMYB2024-AUCTION-006""]",1,North of Arjunda,"[""North of Arjunda""]",Chhattisgarh,,600.00000000,G4,21.27713894,83.03215832,863c844f7ffffff,833c84fffffffff,Potash,"[""potassium chloride"",""potassium sulfate""]","[""KCl"",""K2SO4""]",official_auction_or_exploration_target_not_confirmed_deposit,admitted_authoritative_source_footprint,context_only,https://www.mstcecommerce.com/auctionhome/download_docs.jsp?FILE_ID=9821_Mineral_Block_Summary_of+North_of_Arjunda_Glauconite_Block_dtd_28_04_2023.pdf&path=dynamiclinks&portal=mlcl&mdTyp=-,https://www.mstcecommerce.com/auctionhome/download_docs.jsp?FILE_ID=9821_Mineral_Block_Summary_of+North_of_Arjunda_Glauconite_Block_dtd_28_04_2023.pdf&path=dynamiclinks&portal=mlcl&mdTyp=-,0,,,,False,False,False,False,,,,False,False,Aluminium,regional_background,False,False,"The source identifies an auction or exploration target, not a confirmed deposit, resource, reserve, discovery, grade continuity, economic viability, current grant, operating mine, or permission to enter land. Source-independent publication does not prove knowledge-independence from historical mineral evidence.","[""official_auction_or_exploration_target_not_confirmed_deposit"",""within_25km_of_training_evidence_excluded_from_primary_transfer_cohort"",""target_model_below_published_minimum_support"",""target_model_does_not_pass_internal_minimum_holdout_auc"",""complete_historical_source_label_independence_not_established""]"
OBT-efa7b0790ee3ceee,ibm_2023_24_state_auction_mbs,IBM-IMYB2024-AUCTION-008,"[""IBM-IMYB2024-AUCTION-008""]",1,Devri Limestone Block,"[""Devri Limestone Block""]",Chhattisgarh,,630.00000000,G4,21.73922012,82.15377407,863cb1bafffffff,833cb1fffffffff,Calcium and limestone,"[""calcium"",""calcium carbonate""]","[""Ca"",""CaCO3""]",official_auction_or_exploration_target_not_confirmed_deposit,admitted_authoritative_source_footprint,context_only,https://www.mstcecommerce.com/auctionhome/download_docs.jsp?FILE_ID=10828_Mineral+Block+Summary+of+Devri+Limestone+Block+dated+06-07-2023.pdf&path=dynamiclinks&portal=mlcl&mdTyp=-,https://www.mstcecommerce.com/auctionhome/download_docs.jsp?FILE_ID=10828_Mineral+Block+Summary+of+Devri+Limestone+Block+dated+06-07-2023.pdf&path=dynamiclinks&portal=mlcl&mdTyp=-,6,,,835.69030762,True,False,True,False,0.00006438,0.17857184,31.00000000,False,False,Phosphorus,regional_background,False,False,"The source identifies an auction or exploration target, not a confirmed deposit, resource, reserve, discovery, grade continuity, economic viability, current grant, operating mine, or permission to enter land. Source-independent publication does not prove knowledge-independence from historical mineral evidence.","[""official_auction_or_exploration_target_not_confirmed_deposit"",""target_model_below_published_minimum_support"",""target_model_does_not_pass_internal_minimum_holdout_auc"",""complete_historical_source_label_independence_not_established""]"
OBT-eb2db67c3ed50851,ibm_2023_24_state_auction_mbs,IBM-IMYB2024-AUCTION-011,"[""IBM-IMYB2024-AUCTION-011""]",1,Tumrisur Garda II,"[""Tumrisur Garda II""]",Chhattisgarh,,240.00000000,G4,20.20268417,80.89083750,863cb2a17ffffff,833cb2fffffffff,Gold,"[""gold""]","[""Au""]",official_auction_or_exploration_target_not_confirmed_deposit,admitted_authoritative_source_footprint,context_only,https://www.mstcecommerce.com/auctionhome/download_docs.jsp?FILE_ID=10832_Mineral+Block+Summary+of+Tumrisur-Garda+II+Gold+Block+dated+06-07-2023.pdf&path=dynamiclinks&portal=mlcl&mdTyp=-,https://www.mstcecommerce.com/auctionhome/download_docs.jsp?FILE_ID=10832_Mineral+Block+Summary+of+Tumrisur-Garda+II+Gold+Block+dated+06-07-2023.pdf&path=dynamiclinks&portal=mlcl&mdTyp=-,16,0.64300000,0.06250000,142.43504333,True,True,True,True,0.24116400,0.85740846,6.00000000,False,False,Iron,regional_background,False,False,"The source identifies an auction or exploration target, not a confirmed deposit, resource, reserve, discovery, grade continuity, economic viability, current grant, operating mine, or permission to enter land. Source-independent publication does not prove knowledge-independence from historical mineral evidence.","[""official_auction_or_exploration_target_not_confirmed_deposit"",""complete_historical_source_label_independence_not_established""]"
OBT-785734620340311b,ibm_2023_24_state_auction_mbs,IBM-IMYB2024-AUCTION-012,"[""IBM-IMYB2024-AUCTION-012""]",1,Mevasa Block-1,"[""Mevasa Block-1""]",Gujarat,,5.99000000,G2,22.23907401,69.29591995,8642c602fffffff,8342c6fffffffff,Aluminium,"[""aluminium""]","[""Al""]",official_auction_or_exploration_target_not_confirmed_deposit,admitted_authoritative_source_footprint,context_only,https://www.mstcecommerce.com/auctionhome/download_docs.jsp?FILE_ID=8880_Mevasa Block-1.pdf&path=dynamiclinks&portal=mlcl&mdTyp=-,https://www.mstcecommerce.com/auctionhome/download_docs.jsp?FILE_ID=8880_Mevasa Block-1.pdf&path=dynamiclinks&portal=mlcl&mdTyp=-,110,0.69101240,0.07272727,14.86513615,False,True,False,False,0.32665434,0.65655190,3.00000000,False,True,Kaolin,regional_background,False,False,"The source identifies an auction or exploration target, not a confirmed deposit, resource, reserve, discovery, grade continuity, economic viability, current grant, operating mine, or permission to enter land. Source-independent publication does not prove knowledge-independence from historical mineral evidence.","[""official_auction_or_exploration_target_not_confirmed_deposit"",""within_25km_of_training_evidence_excluded_from_primary_transfer_cohort"",""complete_historical_source_label_independence_not_established""]"
OBT-b9b141d65cd5a954,ibm_2023_24_state_auction_mbs,IBM-IMYB2024-AUCTION-013,"[""IBM-IMYB2024-AUCTION-013""]",1,Mevasa Block,"[""Mevasa Block""]",Gujarat,,5.53000000,G2,22.25317289,69.30375751,8642c615fffffff,8342c6fffffffff,Aluminium,"[""aluminium""]","[""Al""]",official_auction_or_exploration_target_not_confirmed_deposit,admitted_authoritative_source_footprint,context_only,https://www.mstcecommerce.com/auctionhome/download_docs.jsp?FILE_ID=8879_Mevasa Block.pdf&path=dynamiclinks&portal=mlcl&mdTyp=-,https://www.mstcecommerce.com/auctionhome/download_docs.jsp?FILE_ID=8879_Mevasa Block.pdf&path=dynamiclinks&portal=mlcl&mdTyp=-,110,0.69101240,0.07272727,19.55489159,False,True,False,False,0.31283408,0.64420581,4.00000000,False,True,Kaolin,regional_background,False,False,"The source identifies an auction or exploration target, not a confirmed deposit, resource, reserve, discovery, grade continuity, economic viability, current grant, operating mine, or permission to enter land. Source-independent publication does not prove knowledge-independence from historical mineral evidence.","[""official_auction_or_exploration_target_not_confirmed_deposit"",""within_25km_of_training_evidence_excluded_from_primary_transfer_cohort"",""complete_historical_source_label_independence_not_established""]"
OBT-e23d337ebff3fe01,ibm_2023_24_state_auction_mbs,IBM-IMYB2024-AUCTION-014,"[""IBM-IMYB2024-AUCTION-014""]",1,Kukaras block (Private),"[""Kukaras block (Private)""]",Gujarat,,29.17000000,G2,20.94755750,70.52859673,8642d1ac7ffffff,8342d1fffffffff,Calcium and limestone,"[""calcium"",""calcium carbonate""]","[""Ca"",""CaCO3""]",official_auction_or_exploration_target_not_confirmed_deposit,admitted_authoritative_source_footprint,context_only,https://www.mstcecommerce.com/auctionhome/download_docs.jsp?FILE_ID=8883_Kukaras Block.pdf&path=dynamiclinks&portal=mlcl&mdTyp=-,https://www.mstcecommerce.com/auctionhome/download_docs.jsp?FILE_ID=8883_Kukaras Block.pdf&path=dynamiclinks&portal=mlcl&mdTyp=-,6,,,478.90975952,True,False,True,False,0.00228151,0.31933919,18.00000000,False,False,Copper,regional_background,False,False,"The source identifies an auction or exploration target, not a confirmed deposit, resource, reserve, discovery, grade continuity, economic viability, current grant, operating mine, or permission to enter land. Source-independent publication does not prove knowledge-independence from historical mineral evidence.","[""official_auction_or_exploration_target_not_confirmed_deposit"",""target_model_below_published_minimum_support"",""target_model_does_not_pass_internal_minimum_holdout_auc"",""complete_historical_source_label_independence_not_established""]"
OBT-757e0f0f0736e9da,ibm_2023_24_state_auction_mbs,IBM-IMYB2024-AUCTION-021,"[""IBM-IMYB2024-AUCTION-021""]",1,"Block No. 04, HRG","[""Block No. 04, HRG""]",Karnataka,,40.04000000,G3,15.02957138,76.63714937,8660a1b0fffffff,8360a1fffffffff,Iron,"[""iron""]","[""Fe""]",official_auction_or_exploration_target_not_confirmed_deposit,admitted_authoritative_source_footprint,context_only,https://www.mstcecommerce.com/auctionhome/download_docs.jsp?FILE_ID=9324_Summary_of_mine_block.pdf&path=dynamiclinks&portal=mlcl&mdTyp=-,https://www.mstcecommerce.com/auctionhome/download_docs.jsp?FILE_ID=9324_Summary_of_mine_block.pdf&path=dynamiclinks&portal=mlcl&mdTyp=-,238,0.85629458,0.44537815,11.04388237,False,True,False,False,0.80906153,0.99523753,1.00000000,True,True,Iron,regional_background,False,False,"The source identifies an auction or exploration target, not a confirmed deposit, resource, reserve, discovery, grade continuity, economic viability, current grant, operating mine, or permission to enter land. Source-independent publication does not prove knowledge-independence from historical mineral evidence.","[""official_auction_or_exploration_target_not_confirmed_deposit"",""within_25km_of_training_evidence_excluded_from_primary_transfer_cohort"",""complete_historical_source_label_independence_not_established""]"
OBT-edd5a905ef82b38a,ibm_2023_24_state_auction_mbs,IBM-IMYB2024-AUCTION-023,"[""IBM-IMYB2024-AUCTION-023""]",1,Jaisinghpura North Block,"[""Jaisinghpura North Block""]",Karnataka,,298.59000000,G3,15.20412704,76.45177221,8660a1ac7ffffff,8360a1fffffffff,Iron,"[""iron""]","[""Fe""]",official_auction_or_exploration_target_not_confirmed_deposit,admitted_authoritative_source_footprint,context_only,https://www.mstcecommerce.com/auctionhome/download_docs.jsp?FILE_ID=10084_Summary_minebl_JaisingpuraNorth (1).pdf&path=dynamiclinks&portal=mlcl&mdTyp=-,https://www.mstcecommerce.com/auctionhome/download_docs.jsp?FILE_ID=10084_Summary_minebl_JaisingpuraNorth (1).pdf&path=dynamiclinks&portal=mlcl&mdTyp=-,238,0.85629458,0.44537815,9.36018467,False,True,False,False,0.81438297,,1.00000000,True,True,Iron,regional_background,False,False,"The source identifies an auction or exploration target, not a confirmed deposit, resource, reserve, discovery, grade continuity, economic viability, current grant, operating mine, or permission to enter land. Source-independent publication does not prove knowledge-independence from historical mineral evidence.","[""official_auction_or_exploration_target_not_confirmed_deposit"",""within_25km_of_training_evidence_excluded_from_primary_transfer_cohort"",""complete_historical_source_label_independence_not_established""]"
OBT-90fc6b4c7526315a,ibm_2023_24_state_auction_mbs,IBM-IMYB2024-AUCTION-024,"[""IBM-IMYB2024-AUCTION-024""]",1,Basavanagudda,"[""Basavanagudda""]",Karnataka,,2501.90000000,G4,13.70277527,76.68280487,866010587ffffff,836010fffffffff,Gold,"[""gold""]","[""Au""]",official_auction_or_exploration_target_not_confirmed_deposit,admitted_authoritative_source_footprint,context_only,https://www.mstcecommerce.com/auctionhome/download_docs.jsp?FILE_ID=8522_Summary of mine block - Basavangudda Block.pdf&path=dynamiclinks&portal=mlcl&mdTyp=-,https://www.mstcecommerce.com/auctionhome/download_docs.jsp?FILE_ID=8522_Summary of mine block - Basavangudda Block.pdf&path=dynamiclinks&portal=mlcl&mdTyp=-,16,0.64300000,0.06250000,120.81060028,True,True,True,True,0.27037501,0.87280124,6.00000000,False,False,Iron,regional_background,False,False,"The source identifies an auction or exploration target, not a confirmed deposit, resource, reserve, discovery, grade continuity, economic viability, current grant, operating mine, or permission to enter land. Source-independent publication does not prove knowledge-independence from historical mineral evidence.","[""official_auction_or_exploration_target_not_confirmed_deposit"",""complete_historical_source_label_independence_not_established""]"
OBT-69a9243aa75d1439,ibm_2023_24_state_auction_mbs,IBM-IMYB2024-AUCTION-025,"[""IBM-IMYB2024-AUCTION-025""]",1,Nidodi Bauxite Block,"[""Nidodi Bauxite Block""]",Karnataka,,52.82000000,G4,13.04820623,74.92740816,8660112afffffff,836011fffffffff,Aluminium,"[""aluminium""]","[""Al""]",official_auction_or_exploration_target_not_confirmed_deposit,admitted_authoritative_source_footprint,context_only,https://www.mstcecommerce.com/auctionhome/download_docs.jsp?FILE_ID=9168_Summary_Niddodi_17032023.pdf&path=dynamiclinks&portal=mlcl&mdTyp=-,https://www.mstcecommerce.com/auctionhome/download_docs.jsp?FILE_ID=9168_Summary_Niddodi_17032023.pdf&path=dynamiclinks&portal=mlcl&mdTyp=-,110,0.69101240,0.07272727,76.76793671,True,True,True,True,0.35275656,0.67874092,5.00000000,False,True,Silicon,regional_background,False,False,"The source identifies an auction or exploration target, not a confirmed deposit, resource, reserve, discovery, grade continuity, economic viability, current grant, operating mine, or permission to enter land. Source-independent publication does not prove knowledge-independence from historical mineral evidence.","[""official_auction_or_exploration_target_not_confirmed_deposit"",""complete_historical_source_label_independence_not_established""]"
OBT-be6b3c77fbccd083,ibm_2023_24_state_auction_mbs,IBM-IMYB2024-AUCTION-028,"[""IBM-IMYB2024-AUCTION-028""]",1,Pahari Limestone Block (10A2d Case),"[""Pahari Limestone Block (10A2d Case)""]",Madhya Pradesh,,100.14400000,G3,24.27498445,80.82460001,863d99a27ffffff,833d99fffffffff,Calcium and limestone,"[""calcium"",""calcium carbonate""]","[""Ca"",""CaCO3""]",official_auction_or_exploration_target_not_confirmed_deposit,admitted_authoritative_source_footprint,context_only,https://www.mstcecommerce.com/auctionhome/download_docs.jsp?FILE_ID=10950_41. Final Summary of Pahari Limestone Block.pdf&path=dynamiclinks&portal=mlcl&mdTyp=-,https://www.mstcecommerce.com/auctionhome/download_docs.jsp?FILE_ID=10950_41. Final Summary of Pahari Limestone Block.pdf&path=dynamiclinks&portal=mlcl&mdTyp=-,6,,,670.67547607,True,False,True,False,0.00033527,0.24651179,32.00000000,False,False,Copper,regional_background,False,False,"The source identifies an auction or exploration target, not a confirmed deposit, resource, reserve, discovery, grade continuity, economic viability, current grant, operating mine, or permission to enter land. Source-independent publication does not prove knowledge-independence from historical mineral evidence.","[""official_auction_or_exploration_target_not_confirmed_deposit"",""target_model_below_published_minimum_support"",""target_model_does_not_pass_internal_minimum_holdout_auc"",""complete_historical_source_label_independence_not_established""]"
OBT-bce32853aa7e9eef,ibm_2023_24_state_auction_mbs,IBM-IMYB2024-AUCTION-029,"[""IBM-IMYB2024-AUCTION-029""]",1,Pipartola Manganese Ore Block*(10A2b Case),"[""Pipartola Manganese Ore Block*(10A2b Case)""]",Madhya Pradesh,,4.65300000,G2,21.62786873,79.77330833,863cb4ce7ffffff,833cb4fffffffff,Manganese,"[""manganese""]","[""Mn""]",official_auction_or_exploration_target_not_confirmed_deposit,admitted_authoritative_source_footprint,context_only,https://www.mstcecommerce.com/auctionhome/download_docs.jsp?FILE_ID=10914_5. Final Summary block Pipartola Mn..pdf&path=dynamiclinks&portal=mlcl&mdTyp=-,https://www.mstcecommerce.com/auctionhome/download_docs.jsp?FILE_ID=10914_5. Final Summary block Pipartola Mn..pdf&path=dynamiclinks&portal=mlcl&mdTyp=-,130,0.85341124,0.20769231,4.48089361,False,True,False,False,0.98466307,,1.00000000,True,True,Manganese,known_evidence_area,False,False,"The source identifies an auction or exploration target, not a confirmed deposit, resource, reserve, discovery, grade continuity, economic viability, current grant, operating mine, or permission to enter land. Source-independent publication does not prove knowledge-independence from historical mineral evidence.","[""official_auction_or_exploration_target_not_confirmed_deposit"",""within_25km_of_training_evidence_excluded_from_primary_transfer_cohort"",""complete_historical_source_label_independence_not_established""]"
OBT-0dee691a7f99754c,ibm_2023_24_state_auction_mbs,IBM-IMYB2024-AUCTION-031,"[""IBM-IMYB2024-AUCTION-031""]",1,Bhilapar Manganese Ore & Dolomite Block(10A2b Case),"[""Bhilapar Manganese Ore & Dolomite Block(10A2b Case)""]",Madhya Pradesh,,9.03700000,G4,21.59472276,78.94499003,866096717ffffff,836096fffffffff,Manganese,"[""manganese""]","[""Mn""]",official_auction_or_exploration_target_not_confirmed_deposit,admitted_authoritative_source_footprint,context_only,https://www.mstcecommerce.com/auctionhome/download_docs.jsp?FILE_ID=10925_16. Final Summary of the Mineral Block Bhilapar.pdf&path=dynamiclinks&portal=mlcl&mdTyp=-,https://www.mstcecommerce.com/auctionhome/download_docs.jsp?FILE_ID=10925_16. Final Summary of the Mineral Block Bhilapar.pdf&path=dynamiclinks&portal=mlcl&mdTyp=-,130,0.85341124,0.20769231,24.42899132,False,True,False,False,0.92414117,0.99754536,1.00000000,True,True,Manganese,regional_background,False,False,"The source identifies an auction or exploration target, not a confirmed deposit, resource, reserve, discovery, grade continuity, economic viability, current grant, operating mine, or permission to enter land. Source-independent publication does not prove knowledge-independence from historical mineral evidence.","[""official_auction_or_exploration_target_not_confirmed_deposit"",""within_25km_of_training_evidence_excluded_from_primary_transfer_cohort"",""complete_historical_source_label_independence_not_established""]"
OBT-d73ba77a816b90b9,ibm_2023_24_state_auction_mbs,IBM-IMYB2024-AUCTION-033,"[""IBM-IMYB2024-AUCTION-033""]",1,Guvali Manganese Ore Block*(10A2b Case),"[""Guvali Manganese Ore Block*(10A2b Case)""]",Madhya Pradesh,,4.61000000,G3,22.94551668,74.38554663,8642cbb2fffffff,8342cbfffffffff,Manganese,"[""manganese""]","[""Mn""]",official_auction_or_exploration_target_not_confirmed_deposit,admitted_authoritative_source_footprint,context_only,https://www.mstcecommerce.com/auctionhome/download_docs.jsp?FILE_ID=10911_2. Final Summary_Guvali Mn Block_4.61ha..pdf&path=dynamiclinks&portal=mlcl&mdTyp=-,https://www.mstcecommerce.com/auctionhome/download_docs.jsp?FILE_ID=10911_2. Final Summary_Guvali Mn Block_4.61ha..pdf&path=dynamiclinks&portal=mlcl&mdTyp=-,130,0.85341124,0.20769231,11.47532082,False,True,False,False,0.76038569,0.98537397,1.00000000,True,True,Manganese,regional_background,False,False,"The source identifies an auction or exploration target, not a confirmed deposit, resource, reserve, discovery, grade continuity, economic viability, current grant, operating mine, or permission to enter land. Source-independent publication does not prove knowledge-independence from historical mineral evidence.","[""official_auction_or_exploration_target_not_confirmed_deposit"",""within_25km_of_training_evidence_excluded_from_primary_transfer_cohort"",""complete_historical_source_label_independence_not_established""]"
OBT-67a6ddf3a8a36f0b,ibm_2023_24_state_auction_mbs,IBM-IMYB2024-AUCTION-035,"[""IBM-IMYB2024-AUCTION-035""]",1,Lingaponar Manganese Ore Block(10A2b Case),"[""Lingaponar Manganese Ore Block(10A2b Case)""]",Madhya Pradesh,,9.71200000,G4; considered G3 under MEMC Rules 2021,21.73565288,79.65813812,863cb4c27ffffff,833cb4fffffffff,Manganese,"[""manganese""]","[""Mn""]",official_auction_or_exploration_target_not_confirmed_deposit,admitted_authoritative_source_footprint,context_only,https://www.mstcecommerce.com/auctionhome/download_docs.jsp?FILE_ID=10921_12. Final Summary of the Lingaponar Manganese Block 9.712Ha.pdf&path=dynamiclinks&portal=mlcl&mdTyp=-,https://www.mstcecommerce.com/auctionhome/download_docs.jsp?FILE_ID=10921_12. Final Summary of the Lingaponar Manganese Block 9.712Ha.pdf&path=dynamiclinks&portal=mlcl&mdTyp=-,130,0.85341124,0.20769231,14.03126240,False,True,False,False,0.85403830,0.99269265,1.00000000,True,True,Manganese,regional_background,False,False,"The source identifies an auction or exploration target, not a confirmed deposit, resource, reserve, discovery, grade continuity, economic viability, current grant, operating mine, or permission to enter land. Source-independent publication does not prove knowledge-independence from historical mineral evidence.","[""official_auction_or_exploration_target_not_confirmed_deposit"",""within_25km_of_training_evidence_excluded_from_primary_transfer_cohort"",""complete_historical_source_label_independence_not_established""]"
OBT-b3d5155a0db8332b,ibm_2023_24_state_auction_mbs,IBM-IMYB2024-AUCTION-036,"[""IBM-IMYB2024-AUCTION-036""]",1,Naganwat-Chhoti Manganese Ore Block*(10A2b Case),"[""Naganwat-Chhoti Manganese Ore Block*(10A2b Case)""]",Madhya Pradesh,,11.86000000,G3,22.95433234,74.46405484,8642cbb77ffffff,8342c9fffffffff,Manganese,"[""manganese""]","[""Mn""]",official_auction_or_exploration_target_not_confirmed_deposit,admitted_authoritative_source_footprint,context_only,https://www.mstcecommerce.com/auctionhome/download_docs.jsp?FILE_ID=10931_22. Final Mineral Block Summary_ Naganwat Chhoti Manganese Block.pdf&path=dynamiclinks&portal=mlcl&mdTyp=-,https://www.mstcecommerce.com/auctionhome/download_docs.jsp?FILE_ID=10931_22. Final Mineral Block Summary_ Naganwat Chhoti Manganese Block.pdf&path=dynamiclinks&portal=mlcl&mdTyp=-,130,0.85341124,0.20769231,5.04328585,False,True,False,False,0.74361676,,1.00000000,True,True,Manganese,regional_background,False,False,"The source identifies an auction or exploration target, not a confirmed deposit, resource, reserve, discovery, grade continuity, economic viability, current grant, operating mine, or permission to enter land. Source-independent publication does not prove knowledge-independence from historical mineral evidence.","[""official_auction_or_exploration_target_not_confirmed_deposit"",""within_25km_of_training_evidence_excluded_from_primary_transfer_cohort"",""complete_historical_source_label_independence_not_established""]"
OBT-f8b46e9fc6516cbf,ibm_2023_24_state_auction_mbs,IBM-IMYB2024-AUCTION-037,"[""IBM-IMYB2024-AUCTION-037""]",1,Uberao Manganese Ore Block*,"[""Uberao Manganese Ore Block*""]",Madhya Pradesh,,4.68000000,G3,22.69529166,74.48436308,8642cbaa7ffffff,8342cbfffffffff,Manganese,"[""manganese""]","[""Mn""]",official_auction_or_exploration_target_not_confirmed_deposit,admitted_authoritative_source_footprint,context_only,https://www.mstcecommerce.com/auctionhome/download_docs.jsp?FILE_ID=10955_46. Summary block Uberao Mn 15.12.2022.pdf&path=dynamiclinks&portal=mlcl&mdTyp=-,https://www.mstcecommerce.com/auctionhome/download_docs.jsp?FILE_ID=10955_46. Summary block Uberao Mn 15.12.2022.pdf&path=dynamiclinks&portal=mlcl&mdTyp=-,130,0.85341124,0.20769231,28.30546379,True,True,True,True,0.71204805,0.98109812,2.00000000,False,True,Phosphorus,priority_candidate,True,False,"The source identifies an auction or exploration target, not a confirmed deposit, resource, reserve, discovery, grade continuity, economic viability, current grant, operating mine, or permission to enter land. Source-independent publication does not prove knowledge-independence from historical mineral evidence.","[""official_auction_or_exploration_target_not_confirmed_deposit"",""complete_historical_source_label_independence_not_established""]"
OBT-04af088c2545d9d4,ibm_2023_24_state_auction_mbs,IBM-IMYB2024-AUCTION-039,"[""IBM-IMYB2024-AUCTION-039""]",1,Doter Guvali Manganese Ore Block,"[""Doter Guvali Manganese Ore Block""]",Madhya Pradesh,,736.40000000,G4,22.94934256,74.38788632,8642c94d7ffffff,8342c9fffffffff,Manganese,"[""manganese""]","[""Mn""]",official_auction_or_exploration_target_not_confirmed_deposit,admitted_authoritative_source_footprint,context_only,https://www.mstcecommerce.com/auctionhome/download_docs.jsp?FILE_ID=10948_39. Doter Guvali_Mn.pdf&path=dynamiclinks&portal=mlcl&mdTyp=-,https://www.mstcecommerce.com/auctionhome/download_docs.jsp?FILE_ID=10948_39. Doter Guvali_Mn.pdf&path=dynamiclinks&portal=mlcl&mdTyp=-,130,0.85341124,0.20769231,15.21106339,False,True,False,False,0.74894315,0.98424280,2.00000000,False,True,Phosphorus,priority_candidate,True,False,"The source identifies an auction or exploration target, not a confirmed deposit, resource, reserve, discovery, grade continuity, economic viability, current grant, operating mine, or permission to enter land. Source-independent publication does not prove knowledge-independence from historical mineral evidence.","[""official_auction_or_exploration_target_not_confirmed_deposit"",""within_25km_of_training_evidence_excluded_from_primary_transfer_cohort"",""complete_historical_source_label_independence_not_established""]"
OBT-6c7647dffddbd162,ibm_2023_24_state_auction_mbs,IBM-IMYB2024-AUCTION-040,"[""IBM-IMYB2024-AUCTION-040""]",1,East of Dabri Limestone Block,"[""East of Dabri Limestone Block""]",Madhya Pradesh,,815.00000000,G4,22.32178599,74.64102914,8642cb76fffffff,8342cbfffffffff,Calcium and limestone,"[""calcium"",""calcium carbonate""]","[""Ca"",""CaCO3""]",official_auction_or_exploration_target_not_confirmed_deposit,admitted_authoritative_source_footprint,context_only,https://www.mstcecommerce.com/auctionhome/download_docs.jsp?FILE_ID=10941_32. East of Dabri Limestone.pdf&path=dynamiclinks&portal=mlcl&mdTyp=-,https://www.mstcecommerce.com/auctionhome/download_docs.jsp?FILE_ID=10941_32. East of Dabri Limestone.pdf&path=dynamiclinks&portal=mlcl&mdTyp=-,6,,,134.57167053,True,True,True,True,0.07139447,0.86065161,11.00000000,False,False,Fluorine,regional_background,False,False,"The source identifies an auction or exploration target, not a confirmed deposit, resource, reserve, discovery, grade continuity, economic viability, current grant, operating mine, or permission to enter land. Source-independent publication does not prove knowledge-independence from historical mineral evidence.","[""official_auction_or_exploration_target_not_confirmed_deposit"",""target_model_below_published_minimum_support"",""target_model_does_not_pass_internal_minimum_holdout_auc"",""complete_historical_source_label_independence_not_established""]"
OBT-e22609bb0ea8a3fd,ibm_2023_24_state_auction_mbs,IBM-IMYB2024-AUCTION-041,"[""IBM-IMYB2024-AUCTION-041""]",1,Garhi-Upcha Limestone Block,"[""Garhi-Upcha Limestone Block""]",Madhya Pradesh,,1001.95000000,G4,26.10663956,77.29703248,863d84647ffffff,833d84fffffffff,Calcium and limestone,"[""calcium"",""calcium carbonate""]","[""Ca"",""CaCO3""]",official_auction_or_exploration_target_not_confirmed_deposit,admitted_authoritative_source_footprint,context_only,https://www.mstcecommerce.com/auctionhome/download_docs.jsp?FILE_ID=10945_36. Garhi_Upcha Limestone.pdf&path=dynamiclinks&portal=mlcl&mdTyp=-,https://www.mstcecommerce.com/auctionhome/download_docs.jsp?FILE_ID=10945_36. Garhi_Upcha Limestone.pdf&path=dynamiclinks&portal=mlcl&mdTyp=-,6,,,390.61221313,True,False,True,False,0.04457982,0.75265485,22.00000000,False,False,Copper,regional_background,False,False,"The source identifies an auction or exploration target, not a confirmed deposit, resource, reserve, discovery, grade continuity, economic viability, current grant, operating mine, or permission to enter land. Source-independent publication does not prove knowledge-independence from historical mineral evidence.","[""official_auction_or_exploration_target_not_confirmed_deposit"",""target_model_below_published_minimum_support"",""target_model_does_not_pass_internal_minimum_holdout_auc"",""complete_historical_source_label_independence_not_established""]"
OBT-fc77633777643fce,ibm_2023_24_state_auction_mbs,IBM-IMYB2024-AUCTION-042,"[""IBM-IMYB2024-AUCTION-042""]",1,Nawapara Rampura Manganese Ore Block,"[""Nawapara Rampura Manganese Ore Block""]",Madhya Pradesh,,725.70000000,G4,22.95120974,74.40746380,8642cbb2fffffff,8342c9fffffffff,Manganese,"[""manganese""]","[""Mn""]",official_auction_or_exploration_target_not_confirmed_deposit,admitted_authoritative_source_footprint,context_only,https://www.mstcecommerce.com/auctionhome/download_docs.jsp?FILE_ID=10936_27. Summary_Nawapara-Rampura_Manganese.pdf&path=dynamiclinks&portal=mlcl&mdTyp=-,https://www.mstcecommerce.com/auctionhome/download_docs.jsp?FILE_ID=10936_27. Summary_Nawapara-Rampura_Manganese.pdf&path=dynamiclinks&portal=mlcl&mdTyp=-,130,0.85341124,0.20769231,11.47532082,False,True,False,False,0.76038569,0.98537397,1.00000000,True,True,Manganese,regional_background,False,False,"The source identifies an auction or exploration target, not a confirmed deposit, resource, reserve, discovery, grade continuity, economic viability, current grant, operating mine, or permission to enter land. Source-independent publication does not prove knowledge-independence from historical mineral evidence.","[""official_auction_or_exploration_target_not_confirmed_deposit"",""within_25km_of_training_evidence_excluded_from_primary_transfer_cohort"",""complete_historical_source_label_independence_not_established""]"
OBT-7bda37477cff5e59,ibm_2023_24_state_auction_mbs,IBM-IMYB2024-AUCTION-043,"[""IBM-IMYB2024-AUCTION-043""]",1,Piploda Phosphorite Block,"[""Piploda Phosphorite Block""]",Madhya Pradesh,,464.00000000,G4,22.91228679,74.47042596,8642cbb77ffffff,8342cbfffffffff,Phosphorus,"[""phosphorus""]","[""P""]",official_auction_or_exploration_target_not_confirmed_deposit,admitted_authoritative_source_footprint,context_only,https://www.mstcecommerce.com/auctionhome/download_docs.jsp?FILE_ID=10939_30. Piploda Phosphorite Block.pdf&path=dynamiclinks&portal=mlcl&mdTyp=-,https://www.mstcecommerce.com/auctionhome/download_docs.jsp?FILE_ID=10939_30. Piploda Phosphorite Block.pdf&path=dynamiclinks&portal=mlcl&mdTyp=-,85,0.70646367,0.08235294,66.82360840,True,True,True,True,0.71691418,0.99566519,2.00000000,False,True,Manganese,regional_background,False,True,"The source identifies an auction or exploration target, not a confirmed deposit, resource, reserve, discovery, grade continuity, economic viability, current grant, operating mine, or permission to enter land. Source-independent publication does not prove knowledge-independence from historical mineral evidence.","[""official_auction_or_exploration_target_not_confirmed_deposit"",""complete_historical_source_label_independence_not_established""]"
OBT-604c6da4dda9f639,ibm_2023_24_state_auction_mbs,IBM-IMYB2024-AUCTION-044,"[""IBM-IMYB2024-AUCTION-044""]",1,Shitalpani Copper Block*,"[""Shitalpani Copper Block*""]",Madhya Pradesh,,220.97100000,G4,22.06446582,80.65992492,863cb5dafffffff,833cb5fffffffff,Copper,"[""copper""]","[""Cu""]",official_auction_or_exploration_target_not_confirmed_deposit,admitted_authoritative_source_footprint,context_only,https://www.mstcecommerce.com/auctionhome/download_docs.jsp?FILE_ID=10913_4. Fial Summary of the Mineral Block Sheetalpani Block..pdf&path=dynamiclinks&portal=mlcl&mdTyp=-,https://www.mstcecommerce.com/auctionhome/download_docs.jsp?FILE_ID=10913_4. Fial Summary of the Mineral Block Sheetalpani Block..pdf&path=dynamiclinks&portal=mlcl&mdTyp=-,174,0.64359559,0.17816092,9.93251038,False,True,False,False,0.71296829,,2.00000000,False,True,Manganese,regional_background,False,False,"The source identifies an auction or exploration target, not a confirmed deposit, resource, reserve, discovery, grade continuity, economic viability, current grant, operating mine, or permission to enter land. Source-independent publication does not prove knowledge-independence from historical mineral evidence.","[""official_auction_or_exploration_target_not_confirmed_deposit"",""within_25km_of_training_evidence_excluded_from_primary_transfer_cohort"",""complete_historical_source_label_independence_not_established""]"
OBT-de47a859d0c40ce3,ibm_2023_24_state_auction_mbs,IBM-IMYB2024-AUCTION-046,"[""IBM-IMYB2024-AUCTION-046""]",1,Modri Phosphorite Block,"[""Modri Phosphorite Block""]",Madhya Pradesh,,699.55000000,G4,22.28125747,76.12021220,863d92117ffffff,833d92fffffffff,Phosphorus,"[""phosphorus""]","[""P""]",official_auction_or_exploration_target_not_confirmed_deposit,admitted_authoritative_source_footprint,context_only,https://www.mstcecommerce.com/auctionhome/download_docs.jsp?FILE_ID=10938_29. Modri Phosphorite.pdf&path=dynamiclinks&portal=mlcl&mdTyp=-,https://www.mstcecommerce.com/auctionhome/download_docs.jsp?FILE_ID=10938_29. Modri Phosphorite.pdf&path=dynamiclinks&portal=mlcl&mdTyp=-,85,0.70646367,0.08235294,232.74446106,True,True,True,True,0.03414065,0.14061457,12.00000000,False,False,Aluminium,regional_background,False,False,"The source identifies an auction or exploration target, not a confirmed deposit, resource, reserve, discovery, grade continuity, economic viability, current grant, operating mine, or permission to enter land. Source-independent publication does not prove knowledge-independence from historical mineral evidence.","[""official_auction_or_exploration_target_not_confirmed_deposit"",""complete_historical_source_label_independence_not_established""]"
OBT-4ebcb36642325cc8,ibm_2023_24_state_auction_mbs,IBM-IMYB2024-AUCTION-048,"[""IBM-IMYB2024-AUCTION-048""]",1,Makra Block,"[""Makra Block""]",Madhya Pradesh,,37.50000000,G3,21.88645457,77.65495571,86609235fffffff,836092fffffffff,Graphite,"[""carbon""]","[""C""]",official_auction_or_exploration_target_not_confirmed_deposit,admitted_authoritative_source_footprint,context_only,https://www.mstcecommerce.com/auctionhome/download_docs.jsp?FILE_ID=10919_10. Fianl Summary of Makra_G3 Block.pdf&path=dynamiclinks&portal=mlcl&mdTyp=-,https://www.mstcecommerce.com/auctionhome/download_docs.jsp?FILE_ID=10919_10. Fianl Summary of Makra_G3 Block.pdf&path=dynamiclinks&portal=mlcl&mdTyp=-,15,0.87053333,0.53333333,378.43212891,True,False,True,False,0.04046981,0.73799759,17.00000000,False,False,Manganese,regional_background,False,False,"The source identifies an auction or exploration target, not a confirmed deposit, resource, reserve, discovery, grade continuity, economic viability, current grant, operating mine, or permission to enter land. Source-independent publication does not prove knowledge-independence from historical mineral evidence.","[""official_auction_or_exploration_target_not_confirmed_deposit"",""complete_historical_source_label_independence_not_established""]"
OBT-61a3528c0fc8b49b,ibm_2023_24_state_auction_mbs,IBM-IMYB2024-AUCTION-048,"[""IBM-IMYB2024-AUCTION-048""]",1,Makra Block,"[""Makra Block""]",Madhya Pradesh,,37.50000000,G3,21.88645457,77.65495571,86609235fffffff,836092fffffffff,Vanadium,"[""vanadium""]","[""V""]",official_auction_or_exploration_target_not_confirmed_deposit,admitted_authoritative_source_footprint,context_only,https://www.mstcecommerce.com/auctionhome/download_docs.jsp?FILE_ID=10919_10. Fianl Summary of Makra_G3 Block.pdf&path=dynamiclinks&portal=mlcl&mdTyp=-,https://www.mstcecommerce.com/auctionhome/download_docs.jsp?FILE_ID=10919_10. Fianl Summary of Makra_G3 Block.pdf&path=dynamiclinks&portal=mlcl&mdTyp=-,10,0.37920000,0.00000000,224.02264404,True,True,True,True,0.13324088,0.73573470,7.00000000,False,False,Manganese,regional_background,False,False,"The source identifies an auction or exploration target, not a confirmed deposit, resource, reserve, discovery, grade continuity, economic viability, current grant, operating mine, or permission to enter land. Source-independent publication does not prove knowledge-independence from historical mineral evidence.","[""official_auction_or_exploration_target_not_confirmed_deposit"",""target_model_does_not_pass_internal_minimum_holdout_auc"",""complete_historical_source_label_independence_not_established""]"
OBT-24018407ca889a75,ibm_2023_24_state_auction_mbs,IBM-IMYB2024-AUCTION-050,"[""IBM-IMYB2024-AUCTION-050""]",1,Surjagad – 1 Iron Ore Block,"[""Surjagad – 1 Iron Ore Block""]",Maharashtra,,1526.00000000,G4,19.66718615,80.43907406,863cb250fffffff,833cb2fffffffff,Iron,"[""iron""]","[""Fe""]",official_auction_or_exploration_target_not_confirmed_deposit,admitted_authoritative_source_footprint,context_only,https://www.mstcecommerce.com/auctionhome/download_docs.jsp?FILE_ID=8550_Summary_of_Surjagad-1(2-1-23).pdf&path=dynamiclinks&portal=mlcl&mdTyp=-,https://www.mstcecommerce.com/auctionhome/download_docs.jsp?FILE_ID=8550_Summary_of_Surjagad-1(2-1-23).pdf&path=dynamiclinks&portal=mlcl&mdTyp=-,238,0.85629458,0.44537815,85.94959259,True,True,True,True,0.42030635,0.83207357,3.00000000,False,True,Copper,regional_background,False,False,"The source identifies an auction or exploration target, not a confirmed deposit, resource, reserve, discovery, grade continuity, economic viability, current grant, operating mine, or permission to enter land. Source-independent publication does not prove knowledge-independence from historical mineral evidence.","[""official_auction_or_exploration_target_not_confirmed_deposit"",""complete_historical_source_label_independence_not_established""]"
OBT-55442215b86bc402,ibm_2023_24_state_auction_mbs,IBM-IMYB2024-AUCTION-051,"[""IBM-IMYB2024-AUCTION-051""]",1,Surjagad – 2 Iron Ore Block,"[""Surjagad – 2 Iron Ore Block""]",Maharashtra,,886.00000000,G4,19.68155365,80.45679460,863cb2577ffffff,833cb2fffffffff,Iron,"[""iron""]","[""Fe""]",official_auction_or_exploration_target_not_confirmed_deposit,admitted_authoritative_source_footprint,context_only,https://www.mstcecommerce.com/auctionhome/download_docs.jsp?FILE_ID=8551_Summary_of_Surjagad-2(2-1-23).pdf&path=dynamiclinks&portal=mlcl&mdTyp=-,https://www.mstcecommerce.com/auctionhome/download_docs.jsp?FILE_ID=8551_Summary_of_Surjagad-2(2-1-23).pdf&path=dynamiclinks&portal=mlcl&mdTyp=-,238,0.85629458,0.44537815,82.29402924,True,True,True,True,0.42582345,0.83693838,2.00000000,False,True,Silicon,regional_background,False,False,"The source identifies an auction or exploration target, not a confirmed deposit, resource, reserve, discovery, grade continuity, economic viability, current grant, operating mine, or permission to enter land. Source-independent publication does not prove knowledge-independence from historical mineral evidence.","[""official_auction_or_exploration_target_not_confirmed_deposit"",""complete_historical_source_label_independence_not_established""]"
OBT-b34d9eec2fde8c38,ibm_2023_24_state_auction_mbs,IBM-IMYB2024-AUCTION-052,"[""IBM-IMYB2024-AUCTION-052""]",1,Surjagad – 3 Iron Ore Block,"[""Surjagad – 3 Iron Ore Block""]",Maharashtra,,640.00000000,G4,19.70438030,80.45283665,863cb2577ffffff,833cb2fffffffff,Iron,"[""iron""]","[""Fe""]",official_auction_or_exploration_target_not_confirmed_deposit,admitted_authoritative_source_footprint,context_only,https://www.mstcecommerce.com/auctionhome/download_docs.jsp?FILE_ID=8552_Summary_of_Surjagad-3(2-1-23).pdf&path=dynamiclinks&portal=mlcl&mdTyp=-,https://www.mstcecommerce.com/auctionhome/download_docs.jsp?FILE_ID=8552_Summary_of_Surjagad-3(2-1-23).pdf&path=dynamiclinks&portal=mlcl&mdTyp=-,238,0.85629458,0.44537815,82.29402924,True,True,True,True,0.42582345,0.83693838,2.00000000,False,True,Silicon,regional_background,False,False,"The source identifies an auction or exploration target, not a confirmed deposit, resource, reserve, discovery, grade continuity, economic viability, current grant, operating mine, or permission to enter land. Source-independent publication does not prove knowledge-independence from historical mineral evidence.","[""official_auction_or_exploration_target_not_confirmed_deposit"",""complete_historical_source_label_independence_not_established""]"
OBT-432c1031460b5375,ibm_2023_24_state_auction_mbs,IBM-IMYB2024-AUCTION-053,"[""IBM-IMYB2024-AUCTION-053""]",1,Surjagad – 4 Iron Ore Block,"[""Surjagad – 4 Iron Ore Block""]",Maharashtra,,397.00000000,G4,19.68859381,80.47477860,863cb2577ffffff,833cb2fffffffff,Iron,"[""iron""]","[""Fe""]",official_auction_or_exploration_target_not_confirmed_deposit,admitted_authoritative_source_footprint,context_only,https://www.mstcecommerce.com/auctionhome/download_docs.jsp?FILE_ID=8553_Summary_of_Surjagad-4(2-1-23).pdf&path=dynamiclinks&portal=mlcl&mdTyp=-,https://www.mstcecommerce.com/auctionhome/download_docs.jsp?FILE_ID=8553_Summary_of_Surjagad-4(2-1-23).pdf&path=dynamiclinks&portal=mlcl&mdTyp=-,238,0.85629458,0.44537815,82.29402924,True,True,True,True,0.42582345,0.83693838,2.00000000,False,True,Silicon,regional_background,False,False,"The source identifies an auction or exploration target, not a confirmed deposit, resource, reserve, discovery, grade continuity, economic viability, current grant, operating mine, or permission to enter land. Source-independent publication does not prove knowledge-independence from historical mineral evidence.","[""official_auction_or_exploration_target_not_confirmed_deposit"",""complete_historical_source_label_independence_not_established""]"
OBT-95ddcd40a0c557f1,ibm_2023_24_state_auction_mbs,IBM-IMYB2024-AUCTION-055,"[""IBM-IMYB2024-AUCTION-055""]",1,Surjagad – 6 Iron Ore Block,"[""Surjagad – 6 Iron Ore Block""]",Maharashtra,,658.00000000,G4,19.72362685,80.46816662,863cb2577ffffff,833cb2fffffffff,Iron,"[""iron""]","[""Fe""]",official_auction_or_exploration_target_not_confirmed_deposit,admitted_authoritative_source_footprint,context_only,https://www.mstcecommerce.com/auctionhome/download_docs.jsp?FILE_ID=8555_Summary_of_Surjagad-6(2-1-23).pdf&path=dynamiclinks&portal=mlcl&mdTyp=-,https://www.mstcecommerce.com/auctionhome/download_docs.jsp?FILE_ID=8555_Summary_of_Surjagad-6(2-1-23).pdf&path=dynamiclinks&portal=mlcl&mdTyp=-,238,0.85629458,0.44537815,82.29402924,True,True,True,True,0.42582345,0.83693838,2.00000000,False,True,Silicon,regional_background,False,False,"The source identifies an auction or exploration target, not a confirmed deposit, resource, reserve, discovery, grade continuity, economic viability, current grant, operating mine, or permission to enter land. Source-independent publication does not prove knowledge-independence from historical mineral evidence.","[""official_auction_or_exploration_target_not_confirmed_deposit"",""complete_historical_source_label_independence_not_established""]"
OBT-a5b78c624e44521c,ibm_2023_24_state_auction_mbs,IBM-IMYB2024-AUCTION-057,"[""IBM-IMYB2024-AUCTION-057""]",1,Minzhari Copper Block,"[""Minzhari Copper Block""]",Maharashtra,,1743.00000000,G3,20.33427685,79.58400388,863cb650fffffff,833cb6fffffffff,Copper,"[""copper""]","[""Cu""]",official_auction_or_exploration_target_not_confirmed_deposit,admitted_authoritative_source_footprint,context_only,https://www.mstcecommerce.com/auctionhome/download_docs.jsp?FILE_ID=11640_Summary_of_Minzari_Block.pdf&path=dynamiclinks&portal=mlcl&mdTyp=-,https://www.mstcecommerce.com/auctionhome/download_docs.jsp?FILE_ID=11640_Summary_of_Minzari_Block.pdf&path=dynamiclinks&portal=mlcl&mdTyp=-,174,0.64359559,0.17816092,14.51727295,False,True,False,False,0.43210113,0.61909527,2.00000000,False,True,Manganese,regional_background,False,False,"The source identifies an auction or exploration target, not a confirmed deposit, resource, reserve, discovery, grade continuity, economic viability, current grant, operating mine, or permission to enter land. Source-independent publication does not prove knowledge-independence from historical mineral evidence.","[""official_auction_or_exploration_target_not_confirmed_deposit"",""within_25km_of_training_evidence_excluded_from_primary_transfer_cohort"",""complete_historical_source_label_independence_not_established""]"
OBT-e1d1bcb767d11944,ibm_2023_24_state_auction_mbs,IBM-IMYB2024-AUCTION-058,"[""IBM-IMYB2024-AUCTION-058""]",1,Savali Manganese Block,"[""Savali Manganese Block""]",Maharashtra,,1200.00000000,G4,21.40592499,79.06250672,8660960a7ffffff,836096fffffffff,Manganese,"[""manganese""]","[""Mn""]",official_auction_or_exploration_target_not_confirmed_deposit,admitted_authoritative_source_footprint,context_only,https://www.mstcecommerce.com/auctionhome/download_docs.jsp?FILE_ID=11642_Summary_of_Savali_Block.pdf&path=dynamiclinks&portal=mlcl&mdTyp=-,https://www.mstcecommerce.com/auctionhome/download_docs.jsp?FILE_ID=11642_Summary_of_Savali_Block.pdf&path=dynamiclinks&portal=mlcl&mdTyp=-,130,0.85341124,0.20769231,8.73790169,False,True,False,False,0.97071540,,1.00000000,True,True,Manganese,regional_background,False,False,"The source identifies an auction or exploration target, not a confirmed deposit, resource, reserve, discovery, grade continuity, economic viability, current grant, operating mine, or permission to enter land. Source-independent publication does not prove knowledge-independence from historical mineral evidence.","[""official_auction_or_exploration_target_not_confirmed_deposit"",""within_25km_of_training_evidence_excluded_from_primary_transfer_cohort"",""complete_historical_source_label_independence_not_established""]"
OBT-8166e66e75b899d4,ibm_2023_24_state_auction_mbs,IBM-IMYB2024-AUCTION-059,"[""IBM-IMYB2024-AUCTION-059""]",1,Nayorana-Dandela,"[""Nayorana-Dandela""]",Rajasthan,,16.78000000,G4,27.78172323,75.97495944,863da0467ffffff,833da0fffffffff,Iron,"[""iron""]","[""Fe""]",official_auction_or_exploration_target_not_confirmed_deposit,admitted_authoritative_source_footprint,context_only,https://www.mstcecommerce.com/auctionhome/download_docs.jsp?FILE_ID=10124_Mineral_Block_Summary_of_Nyorana_Dhandela_Block_District_Sikar.pdf&path=dynamiclinks&portal=mlcl&mdTyp=-,https://www.mstcecommerce.com/auctionhome/download_docs.jsp?FILE_ID=10124_Mineral_Block_Summary_of_Nyorana_Dhandela_Block_District_Sikar.pdf&path=dynamiclinks&portal=mlcl&mdTyp=-,238,0.85629458,0.44537815,96.66124725,True,True,True,True,0.23580205,0.61186194,11.00000000,False,False,Copper,regional_background,False,False,"The source identifies an auction or exploration target, not a confirmed deposit, resource, reserve, discovery, grade continuity, economic viability, current grant, operating mine, or permission to enter land. Source-independent publication does not prove knowledge-independence from historical mineral evidence.","[""official_auction_or_exploration_target_not_confirmed_deposit"",""complete_historical_source_label_independence_not_established""]"
OBT-11d125d922a4173b,ibm_2023_24_state_auction_mbs,IBM-IMYB2024-AUCTION-060,"[""IBM-IMYB2024-AUCTION-060""]",1,Hariyav Jashpura,"[""Hariyav Jashpura""]",Rajasthan,,94.62000000,G2,24.55591339,73.92726020,863db2d27ffffff,833db2fffffffff,Calcium and limestone,"[""calcium"",""calcium carbonate""]","[""Ca"",""CaCO3""]",official_auction_or_exploration_target_not_confirmed_deposit,admitted_authoritative_source_footprint,context_only,https://www.mstcecommerce.com/auctionhome/download_docs.jsp?FILE_ID=10122_Mineral_Block_Summary_of_Hariyav_Jaspura_Block_District_Udaipur.pdf&path=dynamiclinks&portal=mlcl&mdTyp=-,https://www.mstcecommerce.com/auctionhome/download_docs.jsp?FILE_ID=10122_Mineral_Block_Summary_of_Hariyav_Jaspura_Block_District_Udaipur.pdf&path=dynamiclinks&portal=mlcl&mdTyp=-,6,,,11.65454292,False,True,False,False,0.36157814,0.98983097,12.00000000,False,False,Manganese,regional_background,False,False,"The source identifies an auction or exploration target, not a confirmed deposit, resource, reserve, discovery, grade continuity, economic viability, current grant, operating mine, or permission to enter land. Source-independent publication does not prove knowledge-independence from historical mineral evidence.","[""official_auction_or_exploration_target_not_confirmed_deposit"",""within_25km_of_training_evidence_excluded_from_primary_transfer_cohort"",""target_model_below_published_minimum_support"",""target_model_does_not_pass_internal_minimum_holdout_auc"",""complete_historical_source_label_independence_not_established""]"
OBT-8e772de64595bc13,ibm_2023_24_state_auction_mbs,IBM-IMYB2024-AUCTION-064,"[""IBM-IMYB2024-AUCTION-064""]",1,Ladi Ka Bas Block Tehsil Neem ka Thana & District Sikar,"[""Ladi Ka Bas Block Tehsil Neem ka Thana & District Sikar""]",Rajasthan,,38.75000000,G4,27.66890851,75.96931592,863da0457ffffff,833da0fffffffff,Iron,"[""iron""]","[""Fe""]",official_auction_or_exploration_target_not_confirmed_deposit,admitted_authoritative_source_footprint,context_only,https://www.mstcecommerce.com/auctionhome/download_docs.jsp?FILE_ID=10849_Mineral_Block_Summary_of_ladi_Ka_bas_Block_District_Sikar.pdf&path=dynamiclinks&portal=mlcl&mdTyp=-,https://www.mstcecommerce.com/auctionhome/download_docs.jsp?FILE_ID=10849_Mineral_Block_Summary_of_ladi_Ka_bas_Block_District_Sikar.pdf&path=dynamiclinks&portal=mlcl&mdTyp=-,238,0.85629458,0.44537815,85.91786194,True,True,True,True,0.16965701,0.44110528,11.00000000,False,False,Copper,regional_background,False,False,"The source identifies an auction or exploration target, not a confirmed deposit, resource, reserve, discovery, grade continuity, economic viability, current grant, operating mine, or permission to enter land. Source-independent publication does not prove knowledge-independence from historical mineral evidence.","[""official_auction_or_exploration_target_not_confirmed_deposit"",""complete_historical_source_label_independence_not_established""]"
OBT-50fa1f8dc5c1f124,ibm_2023_24_state_auction_mbs,IBM-IMYB2024-AUCTION-065,"[""IBM-IMYB2024-AUCTION-065""]",1,Kalakota Block Tehsil Neem ka Thana & District Sikar,"[""Kalakota Block Tehsil Neem ka Thana & District Sikar""]",Rajasthan,,34.44000000,G4,27.63404909,75.94724412,863da04e7ffffff,833da0fffffffff,Iron,"[""iron""]","[""Fe""]",official_auction_or_exploration_target_not_confirmed_deposit,admitted_authoritative_source_footprint,context_only,https://www.mstcecommerce.com/auctionhome/download_docs.jsp?FILE_ID=10847_Mineral_Block_Summary_Of_KalaKota_Block_District_Sikar.pdf&path=dynamiclinks&portal=mlcl&mdTyp=-,https://www.mstcecommerce.com/auctionhome/download_docs.jsp?FILE_ID=10847_Mineral_Block_Summary_Of_KalaKota_Block_District_Sikar.pdf&path=dynamiclinks&portal=mlcl&mdTyp=-,238,0.85629458,0.44537815,79.75202179,True,True,True,True,0.17908418,0.46542925,11.00000000,False,False,Copper,regional_background,False,False,"The source identifies an auction or exploration target, not a confirmed deposit, resource, reserve, discovery, grade continuity, economic viability, current grant, operating mine, or permission to enter land. Source-independent publication does not prove knowledge-independence from historical mineral evidence.","[""official_auction_or_exploration_target_not_confirmed_deposit"",""complete_historical_source_label_independence_not_established""]"
OBT-4b6bd3b1b9e620b9,ibm_2023_24_state_auction_mbs,IBM-IMYB2024-AUCTION-068,"[""IBM-IMYB2024-AUCTION-068""]",1,"Toda Block n/v Toda, Tehsil Neem ka Thana, District Sikar","[""Toda Block n/v Toda, Tehsil Neem ka Thana, District Sikar""]",Rajasthan,,18.43000000,G4,27.64886339,75.90631983,863da040fffffff,833da0fffffffff,Iron,"[""iron""]","[""Fe""]",official_auction_or_exploration_target_not_confirmed_deposit,admitted_authoritative_source_footprint,context_only,https://www.mstcecommerce.com/auctionhome/download_docs.jsp?FILE_ID=10877_Mineral_Block_Summary_ofToda_Iron_ore_Block_District_Sikar.pdf&path=dynamiclinks&portal=mlcl&mdTyp=-,https://www.mstcecommerce.com/auctionhome/download_docs.jsp?FILE_ID=10877_Mineral_Block_Summary_ofToda_Iron_ore_Block_District_Sikar.pdf&path=dynamiclinks&portal=mlcl&mdTyp=-,238,0.85629458,0.44537815,84.48757172,True,True,True,True,0.17179233,0.44477659,11.00000000,False,False,Copper,regional_background,False,False,"The source identifies an auction or exploration target, not a confirmed deposit, resource, reserve, discovery, grade continuity, economic viability, current grant, operating mine, or permission to enter land. Source-independent publication does not prove knowledge-independence from historical mineral evidence.","[""official_auction_or_exploration_target_not_confirmed_deposit"",""complete_historical_source_label_independence_not_established""]"
OBT-3ec0be3687ee0bdf,ibm_2023_24_state_auction_mbs,IBM-IMYB2024-AUCTION-069,"[""IBM-IMYB2024-AUCTION-069""]",1,"PSB02 n/V Harima Tehsil, District Nagaur","[""PSB02 n/V Harima Tehsil, District Nagaur""]",Rajasthan,,4.90000000,G2,27.25123264,73.87015797,86425b067ffffff,83425bfffffffff,Calcium and limestone,"[""calcium"",""calcium carbonate""]","[""Ca"",""CaCO3""]",official_auction_or_exploration_target_not_confirmed_deposit,admitted_authoritative_source_footprint,context_only,https://www.mstcecommerce.com/auctionhome/download_docs.jsp?FILE_ID=11064_Mineral_Block_Summary_of_PSB_02_District_Nagaur.pdf&path=dynamiclinks&portal=mlcl&mdTyp=-,https://www.mstcecommerce.com/auctionhome/download_docs.jsp?FILE_ID=11064_Mineral_Block_Summary_of_PSB_02_District_Nagaur.pdf&path=dynamiclinks&portal=mlcl&mdTyp=-,6,,,167.90899658,True,True,True,True,0.09021726,0.89514524,17.00000000,False,False,Copper,regional_background,False,False,"The source identifies an auction or exploration target, not a confirmed deposit, resource, reserve, discovery, grade continuity, economic viability, current grant, operating mine, or permission to enter land. Source-independent publication does not prove knowledge-independence from historical mineral evidence.","[""official_auction_or_exploration_target_not_confirmed_deposit"",""target_model_below_published_minimum_support"",""target_model_does_not_pass_internal_minimum_holdout_auc"",""complete_historical_source_label_independence_not_established""]"
OBT-4826a5c024efc70f,ibm_2023_24_state_auction_mbs,IBM-IMYB2024-AUCTION-070,"[""IBM-IMYB2024-AUCTION-070""]",1,PSB01 n/V Tehsil & District Nagaur,"[""PSB01 n/V Tehsil & District Nagaur""]",Rajasthan,,4.90000000,G2,27.25121306,73.86773406,86425b067ffffff,83425bfffffffff,Calcium and limestone,"[""calcium"",""calcium carbonate""]","[""Ca"",""CaCO3""]",official_auction_or_exploration_target_not_confirmed_deposit,admitted_authoritative_source_footprint,context_only,https://www.mstcecommerce.com/auctionhome/download_docs.jsp?FILE_ID=11063_Mineral_Block_Summary_of_PSB_01_District_Nagaur.pdf&path=dynamiclinks&portal=mlcl&mdTyp=-,https://www.mstcecommerce.com/auctionhome/download_docs.jsp?FILE_ID=11063_Mineral_Block_Summary_of_PSB_01_District_Nagaur.pdf&path=dynamiclinks&portal=mlcl&mdTyp=-,6,,,167.90899658,True,True,True,True,0.09021726,0.89514524,17.00000000,False,False,Copper,regional_background,False,False,"The source identifies an auction or exploration target, not a confirmed deposit, resource, reserve, discovery, grade continuity, economic viability, current grant, operating mine, or permission to enter land. Source-independent publication does not prove knowledge-independence from historical mineral evidence.","[""official_auction_or_exploration_target_not_confirmed_deposit"",""target_model_below_published_minimum_support"",""target_model_does_not_pass_internal_minimum_holdout_auc"",""complete_historical_source_label_independence_not_established""]"
OBT-f8fe8ae044f3e37f,ibm_2023_24_state_auction_mbs,IBM-IMYB2024-AUCTION-071,"[""IBM-IMYB2024-AUCTION-071""]",1,PSB06 n/V Tehsil & District Nagaur,"[""PSB06 n/V Tehsil & District Nagaur""]",Rajasthan,,4.80000000,G2,27.24940546,73.86775235,86425b067ffffff,83425bfffffffff,Calcium and limestone,"[""calcium"",""calcium carbonate""]","[""Ca"",""CaCO3""]",official_auction_or_exploration_target_not_confirmed_deposit,admitted_authoritative_source_footprint,context_only,https://www.mstcecommerce.com/auctionhome/download_docs.jsp?FILE_ID=11068_Mineral_Block_Summary_of_PSB_06_District_Nagaur.pdf&path=dynamiclinks&portal=mlcl&mdTyp=-,https://www.mstcecommerce.com/auctionhome/download_docs.jsp?FILE_ID=11068_Mineral_Block_Summary_of_PSB_06_District_Nagaur.pdf&path=dynamiclinks&portal=mlcl&mdTyp=-,6,,,167.90899658,True,True,True,True,0.09021726,0.89514524,17.00000000,False,False,Copper,regional_background,False,False,"The source identifies an auction or exploration target, not a confirmed deposit, resource, reserve, discovery, grade continuity, economic viability, current grant, operating mine, or permission to enter land. Source-independent publication does not prove knowledge-independence from historical mineral evidence.","[""official_auction_or_exploration_target_not_confirmed_deposit"",""target_model_below_published_minimum_support"",""target_model_does_not_pass_internal_minimum_holdout_auc"",""complete_historical_source_label_independence_not_established""]"
OBT-486350042e1a0e81,ibm_2023_24_state_auction_mbs,IBM-IMYB2024-AUCTION-072,"[""IBM-IMYB2024-AUCTION-072""]",1,PSB07 n/V Tehsil & District Nagaur,"[""PSB07 n/V Tehsil & District Nagaur""]",Rajasthan,,4.80000000,G2,27.24942504,73.87017623,86425b067ffffff,83425bfffffffff,Calcium and limestone,"[""calcium"",""calcium carbonate""]","[""Ca"",""CaCO3""]",official_auction_or_exploration_target_not_confirmed_deposit,admitted_authoritative_source_footprint,context_only,https://www.mstcecommerce.com/auctionhome/download_docs.jsp?FILE_ID=11069_Mineral_Block_Summary_of_PSB_07_District_Nagaur.pdf&path=dynamiclinks&portal=mlcl&mdTyp=-,https://www.mstcecommerce.com/auctionhome/download_docs.jsp?FILE_ID=11069_Mineral_Block_Summary_of_PSB_07_District_Nagaur.pdf&path=dynamiclinks&portal=mlcl&mdTyp=-,6,,,167.90899658,True,True,True,True,0.09021726,0.89514524,17.00000000,False,False,Copper,regional_background,False,False,"The source identifies an auction or exploration target, not a confirmed deposit, resource, reserve, discovery, grade continuity, economic viability, current grant, operating mine, or permission to enter land. Source-independent publication does not prove knowledge-independence from historical mineral evidence.","[""official_auction_or_exploration_target_not_confirmed_deposit"",""target_model_below_published_minimum_support"",""target_model_does_not_pass_internal_minimum_holdout_auc"",""complete_historical_source_label_independence_not_established""]"
OBT-29914367b09b5416,ibm_2023_24_state_auction_mbs,IBM-IMYB2024-AUCTION-073,"[""IBM-IMYB2024-AUCTION-073""]",1,"HPB 19 n/V Harima Khetolaw, Pithasia, Sarasani","[""HPB 19 n/V Harima Khetolaw, Pithasia, Sarasani""]",Rajasthan,,476.80000000,G2,27.23920246,73.88386525,86425b067ffffff,83425bfffffffff,Calcium and limestone,"[""calcium"",""calcium carbonate""]","[""Ca"",""CaCO3""]",official_auction_or_exploration_target_not_confirmed_deposit,admitted_authoritative_source_footprint,context_only,https://www.mstcecommerce.com/auctionhome/download_docs.jsp?FILE_ID=11061_Mineral_Block_Summary_of_HPB_19_District_Nagaur.pdf&path=dynamiclinks&portal=mlcl&mdTyp=-,https://www.mstcecommerce.com/auctionhome/download_docs.jsp?FILE_ID=11061_Mineral_Block_Summary_of_HPB_19_District_Nagaur.pdf&path=dynamiclinks&portal=mlcl&mdTyp=-,6,,,167.90899658,True,True,True,True,0.09021726,0.89514524,17.00000000,False,False,Copper,regional_background,False,False,"The source identifies an auction or exploration target, not a confirmed deposit, resource, reserve, discovery, grade continuity, economic viability, current grant, operating mine, or permission to enter land. Source-independent publication does not prove knowledge-independence from historical mineral evidence.","[""official_auction_or_exploration_target_not_confirmed_deposit"",""target_model_below_published_minimum_support"",""target_model_does_not_pass_internal_minimum_holdout_auc"",""complete_historical_source_label_independence_not_established""]"
OBT-33876f7802343365,ibm_2023_24_state_auction_mbs,IBM-IMYB2024-AUCTION-074,"[""IBM-IMYB2024-AUCTION-074""]",1,"HPB 20 n/V Harima Khetolaw, Pithasia, Sarasani","[""HPB 20 n/V Harima Khetolaw, Pithasia, Sarasani""]",Rajasthan,,547.55000000,G2,27.24832167,73.88955472,86425ba97ffffff,83425bfffffffff,Calcium and limestone,"[""calcium"",""calcium carbonate""]","[""Ca"",""CaCO3""]",official_auction_or_exploration_target_not_confirmed_deposit,admitted_authoritative_source_footprint,context_only,https://www.mstcecommerce.com/auctionhome/download_docs.jsp?FILE_ID=11062_Mineral_Block_Summary_of_HPB_20_District_Nagaur.pdf&path=dynamiclinks&portal=mlcl&mdTyp=-,https://www.mstcecommerce.com/auctionhome/download_docs.jsp?FILE_ID=11062_Mineral_Block_Summary_of_HPB_20_District_Nagaur.pdf&path=dynamiclinks&portal=mlcl&mdTyp=-,6,,,174.25090027,True,True,True,True,0.08707383,0.89033657,18.00000000,False,False,Copper,regional_background,False,False,"The source identifies an auction or exploration target, not a confirmed deposit, resource, reserve, discovery, grade continuity, economic viability, current grant, operating mine, or permission to enter land. Source-independent publication does not prove knowledge-independence from historical mineral evidence.","[""official_auction_or_exploration_target_not_confirmed_deposit"",""target_model_below_published_minimum_support"",""target_model_does_not_pass_internal_minimum_holdout_auc"",""complete_historical_source_label_independence_not_established""]"
OBT-5961eabbd57c6427,ibm_2023_24_state_auction_mbs,IBM-IMYB2024-AUCTION-075,"[""IBM-IMYB2024-AUCTION-075""]",1,PSB03 n/v Harima Tehsil & District Nagpur,"[""PSB03 n/v Harima Tehsil & District Nagpur""]",Rajasthan,,4.80000000,G2,27.25125218,73.87258190,86425b067ffffff,83425bfffffffff,Calcium and limestone,"[""calcium"",""calcium carbonate""]","[""Ca"",""CaCO3""]",official_auction_or_exploration_target_not_confirmed_deposit,admitted_authoritative_source_footprint,context_only,https://www.mstcecommerce.com/auctionhome/download_docs.jsp?FILE_ID=11686_Mineral_Block_Summary_of_PSB_03_District_Nagaur.pdf&path=dynamiclinks&portal=mlcl&mdTyp=-,https://www.mstcecommerce.com/auctionhome/download_docs.jsp?FILE_ID=11686_Mineral_Block_Summary_of_PSB_03_District_Nagaur.pdf&path=dynamiclinks&portal=mlcl&mdTyp=-,6,,,167.90899658,True,True,True,True,0.09021726,0.89514524,17.00000000,False,False,Copper,regional_background,False,False,"The source identifies an auction or exploration target, not a confirmed deposit, resource, reserve, discovery, grade continuity, economic viability, current grant, operating mine, or permission to enter land. Source-independent publication does not prove knowledge-independence from historical mineral evidence.","[""official_auction_or_exploration_target_not_confirmed_deposit"",""target_model_below_published_minimum_support"",""target_model_does_not_pass_internal_minimum_holdout_auc"",""complete_historical_source_label_independence_not_established""]"
OBT-cfc0ae4b1f642cb7,ibm_2023_24_state_auction_mbs,IBM-IMYB2024-AUCTION-076,"[""IBM-IMYB2024-AUCTION-076""]",1,PSB04 n/v Harima Tehsil & District Nagpur,"[""PSB04 n/v Harima Tehsil & District Nagpur""]",Rajasthan,,4.80000000,G2,27.25127168,73.87500583,86425b067ffffff,83425bfffffffff,Calcium and limestone,"[""calcium"",""calcium carbonate""]","[""Ca"",""CaCO3""]",official_auction_or_exploration_target_not_confirmed_deposit,admitted_authoritative_source_footprint,context_only,https://www.mstcecommerce.com/auctionhome/download_docs.jsp?FILE_ID=11687_Mineral_Block_Summary_of_PSB_04_District_Nagaur.pdf&path=dynamiclinks&portal=mlcl&mdTyp=-,https://www.mstcecommerce.com/auctionhome/download_docs.jsp?FILE_ID=11687_Mineral_Block_Summary_of_PSB_04_District_Nagaur.pdf&path=dynamiclinks&portal=mlcl&mdTyp=-,6,,,167.90899658,True,True,True,True,0.09021726,0.89514524,17.00000000,False,False,Copper,regional_background,False,False,"The source identifies an auction or exploration target, not a confirmed deposit, resource, reserve, discovery, grade continuity, economic viability, current grant, operating mine, or permission to enter land. Source-independent publication does not prove knowledge-independence from historical mineral evidence.","[""official_auction_or_exploration_target_not_confirmed_deposit"",""target_model_below_published_minimum_support"",""target_model_does_not_pass_internal_minimum_holdout_auc"",""complete_historical_source_label_independence_not_established""]"
OBT-bd63c132ec1c388c,ibm_2023_24_state_auction_mbs,IBM-IMYB2024-AUCTION-077,"[""IBM-IMYB2024-AUCTION-077""]",1,PSB05 n/v Harima Tehsil & District Nagpur,"[""PSB05 n/v Harima Tehsil & District Nagpur""]",Rajasthan,,4.80000000,G2,27.25129114,73.87742975,86425b067ffffff,83425bfffffffff,Calcium and limestone,"[""calcium"",""calcium carbonate""]","[""Ca"",""CaCO3""]",official_auction_or_exploration_target_not_confirmed_deposit,admitted_authoritative_source_footprint,context_only,https://www.mstcecommerce.com/auctionhome/download_docs.jsp?FILE_ID=11688_Mineral_Block_Summary_of_PSB_05_District_Nagaur.pdf&path=dynamiclinks&portal=mlcl&mdTyp=-,https://www.mstcecommerce.com/auctionhome/download_docs.jsp?FILE_ID=11688_Mineral_Block_Summary_of_PSB_05_District_Nagaur.pdf&path=dynamiclinks&portal=mlcl&mdTyp=-,6,,,167.90899658,True,True,True,True,0.09021726,0.89514524,17.00000000,False,False,Copper,regional_background,False,False,"The source identifies an auction or exploration target, not a confirmed deposit, resource, reserve, discovery, grade continuity, economic viability, current grant, operating mine, or permission to enter land. Source-independent publication does not prove knowledge-independence from historical mineral evidence.","[""official_auction_or_exploration_target_not_confirmed_deposit"",""target_model_below_published_minimum_support"",""target_model_does_not_pass_internal_minimum_holdout_auc"",""complete_historical_source_label_independence_not_established""]"
OBT-6867d5b1fcea6f62,ibm_2023_24_state_auction_mbs,IBM-IMYB2024-AUCTION-078,"[""IBM-IMYB2024-AUCTION-078""]",1,PSB08 n/v Harima Tehsil & District Nagpur,"[""PSB08 n/v Harima Tehsil & District Nagpur""]",Rajasthan,,4.80000000,G2,27.24944459,73.87260011,86425b067ffffff,83425bfffffffff,Calcium and limestone,"[""calcium"",""calcium carbonate""]","[""Ca"",""CaCO3""]",official_auction_or_exploration_target_not_confirmed_deposit,admitted_authoritative_source_footprint,context_only,https://www.mstcecommerce.com/auctionhome/download_docs.jsp?FILE_ID=11689_Mineral_Block_Summary_of_PSB_08_District_Nagaur.pdf&path=dynamiclinks&portal=mlcl&mdTyp=-,https://www.mstcecommerce.com/auctionhome/download_docs.jsp?FILE_ID=11689_Mineral_Block_Summary_of_PSB_08_District_Nagaur.pdf&path=dynamiclinks&portal=mlcl&mdTyp=-,6,,,167.90899658,True,True,True,True,0.09021726,0.89514524,17.00000000,False,False,Copper,regional_background,False,False,"The source identifies an auction or exploration target, not a confirmed deposit, resource, reserve, discovery, grade continuity, economic viability, current grant, operating mine, or permission to enter land. Source-independent publication does not prove knowledge-independence from historical mineral evidence.","[""official_auction_or_exploration_target_not_confirmed_deposit"",""target_model_below_published_minimum_support"",""target_model_does_not_pass_internal_minimum_holdout_auc"",""complete_historical_source_label_independence_not_established""]"
OBT-8cc9c3e24f19279b,ibm_2023_24_state_auction_mbs,IBM-IMYB2024-AUCTION-079,"[""IBM-IMYB2024-AUCTION-079""]",1,PSB09 n/v Harima Tehsil & District Nagpur,"[""PSB09 n/v Harima Tehsil & District Nagpur""]",Rajasthan,,4.80000000,G2,27.24946409,73.87502401,86425b067ffffff,83425bfffffffff,Calcium and limestone,"[""calcium"",""calcium carbonate""]","[""Ca"",""CaCO3""]",official_auction_or_exploration_target_not_confirmed_deposit,admitted_authoritative_source_footprint,context_only,https://www.mstcecommerce.com/auctionhome/download_docs.jsp?FILE_ID=11690_Mineral_Block_Summary_of_PSB_09_District_Nagaur.pdf&path=dynamiclinks&portal=mlcl&mdTyp=-,https://www.mstcecommerce.com/auctionhome/download_docs.jsp?FILE_ID=11690_Mineral_Block_Summary_of_PSB_09_District_Nagaur.pdf&path=dynamiclinks&portal=mlcl&mdTyp=-,6,,,167.90899658,True,True,True,True,0.09021726,0.89514524,17.00000000,False,False,Copper,regional_background,False,False,"The source identifies an auction or exploration target, not a confirmed deposit, resource, reserve, discovery, grade continuity, economic viability, current grant, operating mine, or permission to enter land. Source-independent publication does not prove knowledge-independence from historical mineral evidence.","[""official_auction_or_exploration_target_not_confirmed_deposit"",""target_model_below_published_minimum_support"",""target_model_does_not_pass_internal_minimum_holdout_auc"",""complete_historical_source_label_independence_not_established""]"
OBT-d8e845e775274888,ibm_2023_24_state_auction_mbs,IBM-IMYB2024-AUCTION-080,"[""IBM-IMYB2024-AUCTION-080""]",1,PSB010 n/v Harima Tehsil & District Nagpur,"[""PSB010 n/v Harima Tehsil & District Nagpur""]",Rajasthan,,4.80000000,G2,27.24948354,73.87744790,86425b067ffffff,83425bfffffffff,Calcium and limestone,"[""calcium"",""calcium carbonate""]","[""Ca"",""CaCO3""]",official_auction_or_exploration_target_not_confirmed_deposit,admitted_authoritative_source_footprint,context_only,https://www.mstcecommerce.com/auctionhome/download_docs.jsp?FILE_ID=11691_Mineral_Block_Summary_of_PSB_10_District_Nagaur.pdf&path=dynamiclinks&portal=mlcl&mdTyp=-,https://www.mstcecommerce.com/auctionhome/download_docs.jsp?FILE_ID=11691_Mineral_Block_Summary_of_PSB_10_District_Nagaur.pdf&path=dynamiclinks&portal=mlcl&mdTyp=-,6,,,167.90899658,True,True,True,True,0.09021726,0.89514524,17.00000000,False,False,Copper,regional_background,False,False,"The source identifies an auction or exploration target, not a confirmed deposit, resource, reserve, discovery, grade continuity, economic viability, current grant, operating mine, or permission to enter land. Source-independent publication does not prove knowledge-independence from historical mineral evidence.","[""official_auction_or_exploration_target_not_confirmed_deposit"",""target_model_below_published_minimum_support"",""target_model_does_not_pass_internal_minimum_holdout_auc"",""complete_historical_source_label_independence_not_established""]"
OBT-73da04cbdc59e843,ibm_2023_24_state_auction_mbs,IBM-IMYB2024-AUCTION-081,"[""IBM-IMYB2024-AUCTION-081""]",1,PSB011 n/v Harima Tehsil & District Nagpur,"[""PSB011 n/v Harima Tehsil & District Nagpur""]",Rajasthan,,4.80000000,G2,27.25134382,73.88388435,86425ba97ffffff,83425bfffffffff,Calcium and limestone,"[""calcium"",""calcium carbonate""]","[""Ca"",""CaCO3""]",official_auction_or_exploration_target_not_confirmed_deposit,admitted_authoritative_source_footprint,context_only,https://www.mstcecommerce.com/auctionhome/download_docs.jsp?FILE_ID=11692_Mineral_Block_Summary_of_PSB_11_District_Nagaur.pdf&path=dynamiclinks&portal=mlcl&mdTyp=-,https://www.mstcecommerce.com/auctionhome/download_docs.jsp?FILE_ID=11692_Mineral_Block_Summary_of_PSB_11_District_Nagaur.pdf&path=dynamiclinks&portal=mlcl&mdTyp=-,6,,,174.25090027,True,True,True,True,0.08707383,0.89033657,18.00000000,False,False,Copper,regional_background,False,False,"The source identifies an auction or exploration target, not a confirmed deposit, resource, reserve, discovery, grade continuity, economic viability, current grant, operating mine, or permission to enter land. Source-independent publication does not prove knowledge-independence from historical mineral evidence.","[""official_auction_or_exploration_target_not_confirmed_deposit"",""target_model_below_published_minimum_support"",""target_model_does_not_pass_internal_minimum_holdout_auc"",""complete_historical_source_label_independence_not_established""]"
OBT-2eaf5244614f8ba0,ibm_2023_24_state_auction_mbs,IBM-IMYB2024-AUCTION-082,"[""IBM-IMYB2024-AUCTION-082""]",1,PSB012 n/v Harima Tehsil & District Nagpur,"[""PSB012 n/v Harima Tehsil & District Nagpur""]",Rajasthan,,4.80000000,G2,27.25136365,73.88630856,86425ba97ffffff,83425bfffffffff,Calcium and limestone,"[""calcium"",""calcium carbonate""]","[""Ca"",""CaCO3""]",official_auction_or_exploration_target_not_confirmed_deposit,admitted_authoritative_source_footprint,context_only,https://www.mstcecommerce.com/auctionhome/download_docs.jsp?FILE_ID=11693_Mineral_Block_Summary_of_PSB_12_District_Nagaur.pdf&path=dynamiclinks&portal=mlcl&mdTyp=-,https://www.mstcecommerce.com/auctionhome/download_docs.jsp?FILE_ID=11693_Mineral_Block_Summary_of_PSB_12_District_Nagaur.pdf&path=dynamiclinks&portal=mlcl&mdTyp=-,6,,,174.25090027,True,True,True,True,0.08707383,0.89033657,18.00000000,False,False,Copper,regional_background,False,False,"The source identifies an auction or exploration target, not a confirmed deposit, resource, reserve, discovery, grade continuity, economic viability, current grant, operating mine, or permission to enter land. Source-independent publication does not prove knowledge-independence from historical mineral evidence.","[""official_auction_or_exploration_target_not_confirmed_deposit"",""target_model_below_published_minimum_support"",""target_model_does_not_pass_internal_minimum_holdout_auc"",""complete_historical_source_label_independence_not_established""]"
OBT-7c6a0fd35ab3f182,ibm_2023_24_state_auction_mbs,IBM-IMYB2024-AUCTION-083,"[""IBM-IMYB2024-AUCTION-083""]",1,PSB013 n/v Harima Tehsil & District Nagpur,"[""PSB013 n/v Harima Tehsil & District Nagpur""]",Rajasthan,,4.80000000,G2,27.24953809,73.88390220,86425b067ffffff,83425bfffffffff,Calcium and limestone,"[""calcium"",""calcium carbonate""]","[""Ca"",""CaCO3""]",official_auction_or_exploration_target_not_confirmed_deposit,admitted_authoritative_source_footprint,context_only,https://www.mstcecommerce.com/auctionhome/download_docs.jsp?FILE_ID=11694_Mineral_Block_Summary_of_PSB_13_District_Nagaur.pdf&path=dynamiclinks&portal=mlcl&mdTyp=-,https://www.mstcecommerce.com/auctionhome/download_docs.jsp?FILE_ID=11694_Mineral_Block_Summary_of_PSB_13_District_Nagaur.pdf&path=dynamiclinks&portal=mlcl&mdTyp=-,6,,,167.90899658,True,True,True,True,0.09021726,0.89514524,17.00000000,False,False,Copper,regional_background,False,False,"The source identifies an auction or exploration target, not a confirmed deposit, resource, reserve, discovery, grade continuity, economic viability, current grant, operating mine, or permission to enter land. Source-independent publication does not prove knowledge-independence from historical mineral evidence.","[""official_auction_or_exploration_target_not_confirmed_deposit"",""target_model_below_published_minimum_support"",""target_model_does_not_pass_internal_minimum_holdout_auc"",""complete_historical_source_label_independence_not_established""]"
OBT-3c16346fee20c1dc,ibm_2023_24_state_auction_mbs,IBM-IMYB2024-AUCTION-084,"[""IBM-IMYB2024-AUCTION-084""]",1,PSB 014 n/v Sarsani tehsil & district Nagaur,"[""PSB 014 n/v Sarsani tehsil & district Nagaur""]",Rajasthan,,4.80000000,G2,27.24955739,73.88632610,86425ba97ffffff,83425bfffffffff,Calcium and limestone,"[""calcium"",""calcium carbonate""]","[""Ca"",""CaCO3""]",official_auction_or_exploration_target_not_confirmed_deposit,admitted_authoritative_source_footprint,context_only,https://www.mstcecommerce.com/auctionhome/download_docs.jsp?FILE_ID=11695_Mineral_Block_Summary_of_PSB_14_District_Nagaur.pdf&path=dynamiclinks&portal=mlcl&mdTyp=-,https://www.mstcecommerce.com/auctionhome/download_docs.jsp?FILE_ID=11695_Mineral_Block_Summary_of_PSB_14_District_Nagaur.pdf&path=dynamiclinks&portal=mlcl&mdTyp=-,6,,,174.25090027,True,True,True,True,0.08707383,0.89033657,18.00000000,False,False,Copper,regional_background,False,False,"The source identifies an auction or exploration target, not a confirmed deposit, resource, reserve, discovery, grade continuity, economic viability, current grant, operating mine, or permission to enter land. Source-independent publication does not prove knowledge-independence from historical mineral evidence.","[""official_auction_or_exploration_target_not_confirmed_deposit"",""target_model_below_published_minimum_support"",""target_model_does_not_pass_internal_minimum_holdout_auc"",""complete_historical_source_label_independence_not_established""]"
OBT-909286f34a828df3,ibm_2023_24_state_auction_mbs,IBM-IMYB2024-AUCTION-085,"[""IBM-IMYB2024-AUCTION-085""]",1,PSB 015 n/v Sarsani tehsil & district Nagaur,"[""PSB 015 n/v Sarsani tehsil & district Nagaur""]",Rajasthan,,4.80000000,G2,27.23718992,73.86559722,86425b067ffffff,83425bfffffffff,Calcium and limestone,"[""calcium"",""calcium carbonate""]","[""Ca"",""CaCO3""]",official_auction_or_exploration_target_not_confirmed_deposit,admitted_authoritative_source_footprint,context_only,https://www.mstcecommerce.com/auctionhome/download_docs.jsp?FILE_ID=11696_Mineral_Block_Summary_of_PSB_15_District_Nagaur.pdf&path=dynamiclinks&portal=mlcl&mdTyp=-,https://www.mstcecommerce.com/auctionhome/download_docs.jsp?FILE_ID=11696_Mineral_Block_Summary_of_PSB_15_District_Nagaur.pdf&path=dynamiclinks&portal=mlcl&mdTyp=-,6,,,167.90899658,True,True,True,True,0.09021726,0.89514524,17.00000000,False,False,Copper,regional_background,False,False,"The source identifies an auction or exploration target, not a confirmed deposit, resource, reserve, discovery, grade continuity, economic viability, current grant, operating mine, or permission to enter land. Source-independent publication does not prove knowledge-independence from historical mineral evidence.","[""official_auction_or_exploration_target_not_confirmed_deposit"",""target_model_below_published_minimum_support"",""target_model_does_not_pass_internal_minimum_holdout_auc"",""complete_historical_source_label_independence_not_established""]"
OBT-8dacfbad2763548e,ibm_2023_24_state_auction_mbs,IBM-IMYB2024-AUCTION-086,"[""IBM-IMYB2024-AUCTION-086""]",1,PSB016 n/v Harima Tehsil & District Nagaur,"[""PSB016 n/v Harima Tehsil & District Nagaur""]",Rajasthan,,4.80000000,G2,27.23538462,73.86561552,86425b067ffffff,83425bfffffffff,Calcium and limestone,"[""calcium"",""calcium carbonate""]","[""Ca"",""CaCO3""]",official_auction_or_exploration_target_not_confirmed_deposit,admitted_authoritative_source_footprint,context_only,https://www.mstcecommerce.com/auctionhome/download_docs.jsp?FILE_ID=11697_Mineral_Block_Summary_of_PSB_16_District_Nagaur.pdf&path=dynamiclinks&portal=mlcl&mdTyp=-,https://www.mstcecommerce.com/auctionhome/download_docs.jsp?FILE_ID=11697_Mineral_Block_Summary_of_PSB_16_District_Nagaur.pdf&path=dynamiclinks&portal=mlcl&mdTyp=-,6,,,167.90899658,True,True,True,True,0.09021726,0.89514524,17.00000000,False,False,Copper,regional_background,False,False,"The source identifies an auction or exploration target, not a confirmed deposit, resource, reserve, discovery, grade continuity, economic viability, current grant, operating mine, or permission to enter land. Source-independent publication does not prove knowledge-independence from historical mineral evidence.","[""official_auction_or_exploration_target_not_confirmed_deposit"",""target_model_below_published_minimum_support"",""target_model_does_not_pass_internal_minimum_holdout_auc"",""complete_historical_source_label_independence_not_established""]"
OBT-c937809e4cf14efd,ibm_2023_24_state_auction_mbs,IBM-IMYB2024-AUCTION-087,"[""IBM-IMYB2024-AUCTION-087""]",1,PSB017 n/v Harima Tehsil & District Nagaur,"[""PSB017 n/v Harima Tehsil & District Nagaur""]",Rajasthan,,4.80000000,G2,27.23569388,73.90458840,86425b06fffffff,83425bfffffffff,Calcium and limestone,"[""calcium"",""calcium carbonate""]","[""Ca"",""CaCO3""]",official_auction_or_exploration_target_not_confirmed_deposit,admitted_authoritative_source_footprint,context_only,https://www.mstcecommerce.com/auctionhome/download_docs.jsp?FILE_ID=11698_Mineral_Block_Summary_of_PSB_17_District_Nagaur.pdf&path=dynamiclinks&portal=mlcl&mdTyp=-,https://www.mstcecommerce.com/auctionhome/download_docs.jsp?FILE_ID=11698_Mineral_Block_Summary_of_PSB_17_District_Nagaur.pdf&path=dynamiclinks&portal=mlcl&mdTyp=-,6,,,170.46066284,True,True,True,True,0.04986556,0.78726113,10.00000000,False,False,Tungsten,regional_background,False,False,"The source identifies an auction or exploration target, not a confirmed deposit, resource, reserve, discovery, grade continuity, economic viability, current grant, operating mine, or permission to enter land. Source-independent publication does not prove knowledge-independence from historical mineral evidence.","[""official_auction_or_exploration_target_not_confirmed_deposit"",""target_model_below_published_minimum_support"",""target_model_does_not_pass_internal_minimum_holdout_auc"",""complete_historical_source_label_independence_not_established""]"
OBT-c0b7d59b46cfb6e2,ibm_2023_24_state_auction_mbs,IBM-IMYB2024-AUCTION-088,"[""IBM-IMYB2024-AUCTION-088""]",1,PSB 018 n/v Khetolow Tehsil & District Nagaur,"[""PSB 018 n/v Khetolow Tehsil & District Nagaur""]",Rajasthan,,4.80000000,G2,27.23571282,73.90701200,86425b06fffffff,83425bfffffffff,Calcium and limestone,"[""calcium"",""calcium carbonate""]","[""Ca"",""CaCO3""]",official_auction_or_exploration_target_not_confirmed_deposit,admitted_authoritative_source_footprint,context_only,https://www.mstcecommerce.com/auctionhome/download_docs.jsp?FILE_ID=11699_Mineral_Block_Summary_of_PSB_18_District_Nagaur.pdf&path=dynamiclinks&portal=mlcl&mdTyp=-,https://www.mstcecommerce.com/auctionhome/download_docs.jsp?FILE_ID=11699_Mineral_Block_Summary_of_PSB_18_District_Nagaur.pdf&path=dynamiclinks&portal=mlcl&mdTyp=-,6,,,170.46066284,True,True,True,True,0.04986556,0.78726113,10.00000000,False,False,Tungsten,regional_background,False,False,"The source identifies an auction or exploration target, not a confirmed deposit, resource, reserve, discovery, grade continuity, economic viability, current grant, operating mine, or permission to enter land. Source-independent publication does not prove knowledge-independence from historical mineral evidence.","[""official_auction_or_exploration_target_not_confirmed_deposit"",""target_model_below_published_minimum_support"",""target_model_does_not_pass_internal_minimum_holdout_auc"",""complete_historical_source_label_independence_not_established""]"
OBT-054ca7b3c0e37c92,ibm_2023_24_state_auction_mbs,IBM-IMYB2024-AUCTION-089,"[""IBM-IMYB2024-AUCTION-089""]",1,HPB21 n/v Khetolow Tehsil & District Nagaur,"[""HPB21 n/v Khetolow Tehsil & District Nagaur""]",Rajasthan,,307.00000000,G2,27.24270987,73.91977829,86425b06fffffff,83425bfffffffff,Calcium and limestone,"[""calcium"",""calcium carbonate""]","[""Ca"",""CaCO3""]",official_auction_or_exploration_target_not_confirmed_deposit,admitted_authoritative_source_footprint,context_only,https://www.mstcecommerce.com/auctionhome/download_docs.jsp?FILE_ID=11685_Mineral_Block_Summary_of_HPB_21_District_Nagaur.pdf&path=dynamiclinks&portal=mlcl&mdTyp=-,https://www.mstcecommerce.com/auctionhome/download_docs.jsp?FILE_ID=11685_Mineral_Block_Summary_of_HPB_21_District_Nagaur.pdf&path=dynamiclinks&portal=mlcl&mdTyp=-,6,,,170.46066284,True,True,True,True,0.04986556,0.78726113,10.00000000,False,False,Tungsten,regional_background,False,False,"The source identifies an auction or exploration target, not a confirmed deposit, resource, reserve, discovery, grade continuity, economic viability, current grant, operating mine, or permission to enter land. Source-independent publication does not prove knowledge-independence from historical mineral evidence.","[""official_auction_or_exploration_target_not_confirmed_deposit"",""target_model_below_published_minimum_support"",""target_model_does_not_pass_internal_minimum_holdout_auc"",""complete_historical_source_label_independence_not_established""]"
OBT-7e188ce64f436d3a,ibm_2023_24_state_auction_mbs,IBM-IMYB2024-AUCTION-091,"[""IBM-IMYB2024-AUCTION-091""]",1,Bharhari,"[""Bharhari""]",Uttar Pradesh,,134.77000000,G3,24.56410420,82.87513626,863ca501fffffff,833ca5fffffffff,Iron,"[""iron""]","[""Fe""]",official_auction_or_exploration_target_not_confirmed_deposit,admitted_authoritative_source_footprint,context_only,https://www.mstcecommerce.com/auctionhome/download_docs.jsp?FILE_ID=11742_2_Phase_4_MBS_Bharhari_Iron_Ore_Block.pdf&path=dynamiclinks&portal=mlcl&mdTyp=-,https://www.mstcecommerce.com/auctionhome/download_docs.jsp?FILE_ID=11742_2_Phase_4_MBS_Bharhari_Iron_Ore_Block.pdf&path=dynamiclinks&portal=mlcl&mdTyp=-,238,0.85629458,0.44537815,269.27423096,True,False,True,False,0.11480825,0.30931246,10.00000000,False,False,Copper,regional_background,False,False,"The source identifies an auction or exploration target, not a confirmed deposit, resource, reserve, discovery, grade continuity, economic viability, current grant, operating mine, or permission to enter land. Source-independent publication does not prove knowledge-independence from historical mineral evidence.","[""official_auction_or_exploration_target_not_confirmed_deposit"",""complete_historical_source_label_independence_not_established""]"
OBT-af3c42c3dc1d0845,ibm_2023_24_state_auction_mbs,IBM-IMYB2024-AUCTION-092,"[""IBM-IMYB2024-AUCTION-092""]",1,Sona Pahari,"[""Sona Pahari""]",Uttar Pradesh,,79.00000000,G3,24.36720060,83.03122403,863ca570fffffff,833ca5fffffffff,Gold,"[""gold""]","[""Au""]",official_auction_or_exploration_target_not_confirmed_deposit,admitted_authoritative_source_footprint,context_only,https://www.mstcecommerce.com/auctionhome/download_docs.jsp?FILE_ID=11745_5_Phase_4_MBS_Sonapahari_Gold_Block.pdf&path=dynamiclinks&portal=mlcl&mdTyp=-,https://www.mstcecommerce.com/auctionhome/download_docs.jsp?FILE_ID=11745_5_Phase_4_MBS_Sonapahari_Gold_Block.pdf&path=dynamiclinks&portal=mlcl&mdTyp=-,16,0.64300000,0.06250000,395.59887695,True,False,True,False,0.00641994,0.17970996,24.00000000,False,False,Silicon,regional_background,False,False,"The source identifies an auction or exploration target, not a confirmed deposit, resource, reserve, discovery, grade continuity, economic viability, current grant, operating mine, or permission to enter land. Source-independent publication does not prove knowledge-independence from historical mineral evidence.","[""official_auction_or_exploration_target_not_confirmed_deposit"",""complete_historical_source_label_independence_not_established""]"
OBT-fa8ee97286d01c22,ibm_2023_24_state_auction_mbs,IBM-IMYB2024-AUCTION-093,"[""IBM-IMYB2024-AUCTION-093""]",1,Block V- Advalpale-Thivim Mineral Block,"[""Block V- Advalpale-Thivim Mineral Block""]",Goa,,36.22000000,G1; G2; G3,15.64430004,73.88427949,8660a9727ffffff,8360a9fffffffff,Iron,"[""iron""]","[""Fe""]",official_auction_or_exploration_target_not_confirmed_deposit,admitted_authoritative_source_footprint,context_only,https://www.mstcecommerce.com/auctionhome/download_docs.jsp?FILE_ID=8366_Block_V_Advalpale_Thivim_Mineral_Block.pdf&path=dynamiclinks&portal=mlcl&mdTyp=-,https://www.mstcecommerce.com/auctionhome/download_docs.jsp?FILE_ID=8366_Block_V_Advalpale_Thivim_Mineral_Block.pdf&path=dynamiclinks&portal=mlcl&mdTyp=-,238,0.85629458,0.44537815,13.68904877,False,True,False,False,0.80088013,0.99405539,1.00000000,True,True,Iron,regional_background,False,False,"The source identifies an auction or exploration target, not a confirmed deposit, resource, reserve, discovery, grade continuity, economic viability, current grant, operating mine, or permission to enter land. Source-independent publication does not prove knowledge-independence from historical mineral evidence.","[""official_auction_or_exploration_target_not_confirmed_deposit"",""within_25km_of_training_evidence_excluded_from_primary_transfer_cohort"",""complete_historical_source_label_independence_not_established""]"
OBT-528f667cb2cc7a1b,ibm_2023_24_state_auction_mbs,IBM-IMYB2024-AUCTION-095,"[""IBM-IMYB2024-AUCTION-095""]",1,Block VII-Cudnem Mineral Block,"[""Block VII-Cudnem Mineral Block""]",Goa,,75.30000000,G1; G2; G3,15.53582406,74.03615222,8660a90a7ffffff,8360a9fffffffff,Iron,"[""iron""]","[""Fe""]",official_auction_or_exploration_target_not_confirmed_deposit,admitted_authoritative_source_footprint,context_only,https://www.mstcecommerce.com/auctionhome/download_docs.jsp?FILE_ID=8368_Block_VII_Cudnem_Mineral_Block_Final.pdf&path=dynamiclinks&portal=mlcl&mdTyp=-,https://www.mstcecommerce.com/auctionhome/download_docs.jsp?FILE_ID=8368_Block_VII_Cudnem_Mineral_Block_Final.pdf&path=dynamiclinks&portal=mlcl&mdTyp=-,238,0.85629458,0.44537815,3.58950758,False,True,False,False,0.83331668,,1.00000000,True,True,Iron,known_evidence_area,False,False,"The source identifies an auction or exploration target, not a confirmed deposit, resource, reserve, discovery, grade continuity, economic viability, current grant, operating mine, or permission to enter land. Source-independent publication does not prove knowledge-independence from historical mineral evidence.","[""official_auction_or_exploration_target_not_confirmed_deposit"",""within_25km_of_training_evidence_excluded_from_primary_transfer_cohort"",""complete_historical_source_label_independence_not_established""]"
OBT-ec2e21984dbda7d8,ibm_2023_24_state_auction_mbs,IBM-IMYB2024-AUCTION-096,"[""IBM-IMYB2024-AUCTION-096""]",1,Block VIII-Thivim-Pirna Mineral Block,"[""Block VIII-Thivim-Pirna Mineral Block""]",Goa,,72.05000000,G1; G2,15.65049139,73.87664289,8660a9727ffffff,8360a9fffffffff,Iron,"[""iron""]","[""Fe""]",official_auction_or_exploration_target_not_confirmed_deposit,admitted_authoritative_source_footprint,context_only,https://www.mstcecommerce.com/auctionhome/download_docs.jsp?FILE_ID=8369_Block_VIII_Thivim_Pirna_Mineral_Block.pdf&path=dynamiclinks&portal=mlcl&mdTyp=-,https://www.mstcecommerce.com/auctionhome/download_docs.jsp?FILE_ID=8369_Block_VIII_Thivim_Pirna_Mineral_Block.pdf&path=dynamiclinks&portal=mlcl&mdTyp=-,238,0.85629458,0.44537815,13.68904877,False,True,False,False,0.80088013,0.99405539,1.00000000,True,True,Iron,regional_background,False,False,"The source identifies an auction or exploration target, not a confirmed deposit, resource, reserve, discovery, grade continuity, economic viability, current grant, operating mine, or permission to enter land. Source-independent publication does not prove knowledge-independence from historical mineral evidence.","[""official_auction_or_exploration_target_not_confirmed_deposit"",""within_25km_of_training_evidence_excluded_from_primary_transfer_cohort"",""complete_historical_source_label_independence_not_established""]"
OBT-73ef6b70f6e31f8c,ibm_2023_24_state_auction_mbs,IBM-IMYB2024-AUCTION-097,"[""IBM-IMYB2024-AUCTION-097""]",1,Block IX-Surla-Sonshi Mineral Block,"[""Block IX-Surla-Sonshi Mineral Block""]",Goa,,254.51000000,G1; G2,15.52088745,74.04994690,8660a919fffffff,8360a9fffffffff,Iron,"[""iron""]","[""Fe""]",official_auction_or_exploration_target_not_confirmed_deposit,admitted_authoritative_source_footprint,context_only,https://www.mstcecommerce.com/auctionhome/download_docs.jsp?FILE_ID=8370_Block_IX_Surla_Sonshi_Mineral_Block_Final.pdf&path=dynamiclinks&portal=mlcl&mdTyp=-,https://www.mstcecommerce.com/auctionhome/download_docs.jsp?FILE_ID=8370_Block_IX_Surla_Sonshi_Mineral_Block_Final.pdf&path=dynamiclinks&portal=mlcl&mdTyp=-,238,0.85629458,0.44537815,5.28953886,False,True,False,False,0.82762486,,1.00000000,True,True,Iron,regional_background,False,False,"The source identifies an auction or exploration target, not a confirmed deposit, resource, reserve, discovery, grade continuity, economic viability, current grant, operating mine, or permission to enter land. Source-independent publication does not prove knowledge-independence from historical mineral evidence.","[""official_auction_or_exploration_target_not_confirmed_deposit"",""within_25km_of_training_evidence_excluded_from_primary_transfer_cohort"",""complete_historical_source_label_independence_not_established""]"
