artifact_id,relative_path,artifact_type,release_version,schema_version,evidence_role,role_definition,model_use_status,row_grain,primary_key_columns_json,primary_key_unique,primary_key_blank_rows,row_count,column_count,schema_sha256,artifact_sha256,artifact_sha256_status,source_ids_json,geographic_scope,temporal_scope,coordinate_or_geometry_fields_json,uncertainty_fields_json,exclusion_or_quality_fields_json,license_or_access_basis,schema_freeze_status,schema_change_policy,build_script,validation_artifact,limitations
coverage_gap_register,outputs/coverage_gap_register.csv,tabular_csv,v1.0-alpha.24,alpha24-schema-380363c525e3,metadata_governance,"Ontology, provenance, schema, source, access, limitation, or release-control metadata; not geological evidence.",metadata_only,One explicitly disclosed source-specific or project-wide coverage gap.,"[""gap_id""]",true,0,58,17,380363c525e34cba0c48a13803cc00de030b3cdb6c26d6bf420aca4819635672,71c26ccd0cc0dfa07678c319721ffc4c30197a0a588aba01d7920dbe549cf805,computed_from_release_artifact_bytes,[],India or stated source scope,Mixed; stated per row,[],[],"[""status""]","{""KHANAN_DERIVED"":""Release metadata derived from the versioned public artifacts; upstream source terms remain controlling.""}",frozen_for_v1.0-alpha.24,"Any breaking or semantic change requires a new release version, explicit dictionary and schema-hash update, validation, and documented migration note.",scripts/build_release_governance.py,outputs/release_governance_validation.json,A disclosed gap is not evidence that every unknown limitation has been discovered.
data_dictionary,outputs/data_dictionary.csv,tabular_csv,v1.0-alpha.24,alpha24-schema-d3199f2f05c9,metadata_governance,"Ontology, provenance, schema, source, access, limitation, or release-control metadata; not geological evidence.",metadata_only,One published CSV column definition.,"[""table"",""column""]",true,0,1928,6,d3199f2f05c96d572250fd918cc88453ee0e655e7ac4d570947cfc2667f65b6e,d2c8eea2b12701118c8ca20a30473f389646d220a9a11d03a6c2d79ee2f128a0,computed_from_release_artifact_bytes,[],Not spatial,Release snapshot,[],[],[],"{""KHANAN_DERIVED"":""Release metadata derived from the versioned public artifacts; upstream source terms remain controlling.""}",frozen_for_v1.0-alpha.24,"Any breaking or semantic change requires a new release version, explicit dictionary and schema-hash update, validation, and documented migration note.",scripts/build_release_governance.py,outputs/release_governance_validation.json,Definitions describe the current release schema and do not replace source documentation.
gsi_ogd_mineral_deposit_catalog_audit,outputs/gsi_ogd_mineral_deposit_catalog_audit.csv,tabular_csv,v1.0-alpha.24,alpha24-schema-dc489394bda0,metadata_governance,"Ontology, provenance, schema, source, access, limitation, or release-control metadata; not geological evidence.",metadata_only,One audited GSI/OGD mineral-deposit catalogue.,"[""catalog_record_id""]",true,0,8,40,dc489394bda09e6dd13b4ddaf76ac16d986cc8289654628b9558bf82eb037516,57a87c3fae38558f09f2f6c0aee87cdc0c0aa46a2d0ae4aa454a4690a5166aba,computed_from_release_artifact_bytes,"[""SRC_GSI_OGD_MINERAL_DEPOSIT_CATALOGS_2013""]",India; eight commodity catalogues,2013 catalogues; access snapshot 2026-09-10,[],"[""preview_coverage_pct"",""completeness_status""]","[""preview_access_status"",""source_file_http_status"",""source_file_access_status"",""completeness_status"",""limitations""]","{""SRC_GSI_OGD_MINERAL_DEPOSIT_CATALOGS_2013"":""Government Open Data License - India; https://www.data.gov.in/godl. Attribute the data provider and data.gov.in. Interactive workbook downloads require a purpose form and CAPTCHA.""}",frozen_for_v1.0-alpha.24,"Any breaking or semantic change requires a new release version, explicit dictionary and schema-hash update, validation, and documented migration note.",scripts/build_gsi_ogd_deposit_preview.py,outputs/gsi_ogd_mineral_deposit_preview_validation.json,Public previews expose only 78 of 381 reported catalogue rows.
india_earthchem_geochemical_observations,outputs/india_earthchem_geochemical_observations.csv,tabular_csv,v1.0-alpha.24,alpha24-schema-766dbbcf11b5,observed_source_evidence,"Source-reported observation, event, inventory, sample, catalogue row, or reviewed footprint; not automatically a model label or current-status fact.",context_only_excluded_from_v0.6,"One published sample, analytical scope, sequence, and parameter observation.","[""observation_id""]",true,0,1323,59,766dbbcf11b5bee92f72f746f75c648111192250e99ca8489121043876764fbc,2f014043611db8d037c48843637b93eb5fcedee904c5c925ce048c6e255cfadb,computed_from_release_artifact_bytes,[],Two western-Assam coordinate sites,Published 2026; source analytical campaigns,"[""latitude"",""longitude"",""h3_r6""]",[],"[""measurement_status"",""deposit_or_mine_status_verified"",""model_use_status"",""data_quality_flags_json""]","{""KHANAN_DERIVED"":""Release metadata derived from the versioned public artifacts; upstream source terms remain controlling.""}",frozen_for_v1.0-alpha.24,"Any breaking or semantic change requires a new release version, explicit dictionary and schema-hash update, validation, and documented migration note.",scripts/build_earthchem_geochemistry.py,outputs/earthchem_geochemical_validation.json,Targeted samples are not a systematic regional survey or discovery evidence.
india_earthchem_geochemical_samples,outputs/india_earthchem_geochemical_samples.csv,tabular_csv,v1.0-alpha.24,alpha24-schema-2c0f3cea17ed,observed_source_evidence,"Source-reported observation, event, inventory, sample, catalogue row, or reviewed footprint; not automatically a model label or current-status fact.",context_only_excluded_from_v0.6,One coordinate-bearing published EarthChem sample.,"[""record_id""]",true,0,13,68,2c0f3cea17edc4762fb05ebc422e4b4191ce6e51d948b22916d421de29f6f30c,7f9b89da53872ddd97edaaac1e3936076e5c659301005f30dfb1888000d32fd0,computed_from_release_artifact_bytes,[],Two western-Assam coordinate sites,Published 2026; source analytical campaigns,"[""latitude"",""longitude"",""h3_r6""]",[],"[""sampling_design_limitation"",""deposit_or_mine_status_verified"",""model_use_status"",""data_quality_flags_json""]","{""KHANAN_DERIVED"":""Release metadata derived from the versioned public artifacts; upstream source terms remain controlling.""}",frozen_for_v1.0-alpha.24,"Any breaking or semantic change requires a new release version, explicit dictionary and schema-hash update, validation, and documented migration note.",scripts/build_earthchem_geochemistry.py,outputs/earthchem_geochemical_validation.json,"Thirteen targeted samples cannot establish regional continuity, resources, or economic viability."
india_emag2v3_magnetic_features_h3_r6,outputs/india_emag2v3_magnetic_features_h3_r6.csv,tabular_csv,v1.0-alpha.24,alpha24-schema-24b6174b0052,contextual_feature,Derived spatial or environmental context excluded from production scoring unless a separate admission test passes.,excluded_after_spatial_ablation,One India H3 resolution-6 cell.,"[""h3_r6""]",true,0,88857,32,24b6174b0052fe7887c94b380f95c26c2ba5fc63dfa30a4689e1a344d5db7a9c,0762058ad9c4fe5041d811a0e58fcfd40699fe92e6a148f3b256214ec29cad7b,computed_from_release_artifact_bytes,[],National H3 grid,Static EMAG2v3 source snapshot,"[""h3_r6"",""latitude"",""longitude"",""emag2_anomaly_percentile_india_h3"",""emag2_anomaly_robust_z_india_h3"",""emag2_abs_robust_z_india_h3"",""emag2_source_grid_longitude"",""emag2_source_grid_latitude""]","[""emag2_upcont_local_std_nt_3x3"",""emag2_error_estimate_nt"",""emag2_error_raw_value"",""emag2_abs_signal_to_error_ratio"",""emag2_uncertainty_interpretation""]","[""emag2_uncertainty_interpretation"",""emag2_model_use_status"",""emag2_data_quality_flags_json""]","{""KHANAN_DERIVED"":""Release metadata derived from the versioned public artifacts; upstream source terms remain controlling.""}",frozen_for_v1.0-alpha.24,"Any breaking or semantic change requires a new release version, explicit dictionary and schema-hash update, validation, and documented migration note.",scripts/build_emag2_features.py,outputs/emag2v3_magnetic_features_validation.json,Four-kilometre upward-continued anomaly is broad context and has source gaps.
india_gsi_ogd_mineral_deposit_preview,outputs/india_gsi_ogd_mineral_deposit_preview.csv,tabular_csv,v1.0-alpha.24,alpha24-schema-d982a47bb969,observed_source_evidence,"Source-reported observation, event, inventory, sample, catalogue row, or reviewed footprint; not automatically a model label or current-status fact.",excluded_from_training_validation_and_scoring,One row exposed by a public GSI/OGD preview endpoint.,"[""record_id""]",true,0,78,62,d982a47bb9692c0645d91586f7141cbc6997aed9af4699e7c1a91ddc11e16d03,b1ce857e305317527459c71a8241d9f63489e9cfca63820a4f7da76a13e1a411,computed_from_release_artifact_bytes,"[""SRC_GSI_OGD_MINERAL_DEPOSIT_CATALOGS_2013""]",India; eight commodity catalogues,2013 catalogues; preview accessed 2026-09-10,"[""latitude_source"",""longitude_source"",""source_latdd"",""source_londd"",""latitude_min"",""latitude_max"",""longitude_min"",""longitude_max"",""representative_latitude"",""representative_longitude"",""coordinate_geometry_type"",""h3_r6"",""centroid_in_source_state_2011_boundary""]","[""preview_coverage_pct""]","[""knowledge_independence_status"",""model_exclusion_reason"",""data_quality_flags_json""]","{""SRC_GSI_OGD_MINERAL_DEPOSIT_CATALOGS_2013"":""Government Open Data License - India; https://www.data.gov.in/godl. Attribute the data provider and data.gov.in. Interactive workbook downloads require a purpose form and CAPTCHA.""}",frozen_for_v1.0-alpha.24,"Any breaking or semantic change requires a new release version, explicit dictionary and schema-hash update, validation, and documented migration note.",scripts/build_gsi_ogd_deposit_preview.py,outputs/gsi_ogd_mineral_deposit_preview_validation.json,"The 20.47% preview is incomplete, non-random, and not knowledge-independent."
india_ibm_abandoned_mine_sites,outputs/india_ibm_abandoned_mine_sites.csv,tabular_csv,v1.0-alpha.24,alpha24-schema-f294cc6dbb8b,observed_source_evidence,"Source-reported observation, event, inventory, sample, catalogue row, or reviewed footprint; not automatically a model label or current-status fact.",context_only_no_coordinates,One IBM abandoned-mine inventory row.,"[""record_id""]",true,0,82,29,f294cc6dbb8b6d498f81ee68d366b1381c0ae3656629f94c3d28940ad2e27b02,56b39dab456dd84047440551a102a8775837a431eebe925f9496a432ce549b66,computed_from_release_artifact_bytes,"[""SRC_IBM_ABANDONED_MINE_SITES""]",Published state and district names; no coordinates,Portal snapshot last updated 2026-09-09,"[""latitude"",""longitude""]",[],"[""published_status"",""published_status_scope"",""current_legal_or_operational_status_verified"",""model_exclusion_reason"",""quality_flags_json""]","{""SRC_IBM_ABANDONED_MINE_SITES"":""Government of India public webpage; retain attribution and verify current IBM website reuse terms.""}",frozen_for_v1.0-alpha.24,"Any breaking or semantic change requires a new release version, explicit dictionary and schema-hash update, validation, and documented migration note.",scripts/build_ibm_abandoned_mines.py,outputs/ibm_abandoned_mines_validation.json,Published abandoned status does not prove current legal or operating status.
india_ibm_auctioned_concession_geometries_2023_24,outputs/india_ibm_auctioned_concession_geometries_2023_24.csv,tabular_csv,v1.0-alpha.24,alpha24-schema-4b4dc7e6749e,observed_source_evidence,"Source-reported observation, event, inventory, sample, catalogue row, or reviewed footprint; not automatically a model label or current-status fact.",context_and_transfer_validation_only,One admitted State Mine Block Summary footprint.,"[""record_id""]",true,0,67,56,4b4dc7e6749e44a1c4a796197e40fd235c183b84dbe494f2eb079ea076971acb,320a8e365f3504c3b12e167808f80a10abf6202dd5f3f0a40fd3ade23bace79e,computed_from_release_artifact_bytes,[],Ten relevant States; 67 admitted footprints,IBM 2023-24 table and reviewed portal documents,"[""boundary_point_ids_json"",""boundary_vertex_count"",""polygon_wkt"",""geometry_crs"",""centroid_latitude"",""centroid_longitude"",""footprint_in_source_state_2011_boundary"",""geometry_quality_flags_json"",""geometry_admission_status"",""geometry_admission_reason""]",[],"[""polygon_valid"",""geometry_quality_flags_json"",""geometry_admission_status"",""geometry_admission_reason"",""current_legal_or_operational_status_verified"",""model_exclusion_reason""]","{""KHANAN_DERIVED"":""Release metadata derived from the versioned public artifacts; upstream source terms remain controlling.""}",frozen_for_v1.0-alpha.24,"Any breaking or semantic change requires a new release version, explicit dictionary and schema-hash update, validation, and documented migration note.",scripts/build_ibm_auction_mbs_geometry_2023_24.py,outputs/ibm_auction_mbs_geometry_validation.json,"Admission verifies geometry consistency, not current operation, title, resource, reserve, or grade."
india_ibm_auctioned_concession_geometries_2023_24,outputs/india_ibm_auctioned_concession_geometries_2023_24.geojson,vector_geojson,v1.0-alpha.24,alpha24-schema-8c8e207e2638,observed_source_evidence,"Source-reported observation, event, inventory, sample, catalogue row, or reviewed footprint; not automatically a model label or current-status fact.",context_and_transfer_validation_only,One admitted State Mine Block Summary polygon feature.,"[""record_id""]",true,0,67,55,8c8e207e26380212c8b6fcfa277ab85af2caad671ee2082eb84babec3cbead03,953c719c3b4b4c981fec04ff8010e24db3ba1b8b098d2137ba69343f8992f248,computed_from_release_artifact_bytes,"[""SRC_IBM_INDIAN_MINERALS_YEARBOOK_2024_CONCESSIONS"",""SRC_MSTC_STATE_MBS_IBM_AUCTIONS_2023_24""]",Ten relevant States; 67 admitted footprints,IBM 2023-24 table and reviewed portal documents,"[""boundary_point_ids_json"",""boundary_vertex_count"",""centroid_latitude"",""centroid_longitude"",""footprint_in_source_state_2011_boundary"",""geometry_quality_flags_json"",""geometry_admission_status"",""geometry_admission_reason"",""geometry_crs""]",[],"[""polygon_valid"",""geometry_quality_flags_json"",""geometry_admission_status"",""geometry_admission_reason"",""current_legal_or_operational_status_verified"",""model_exclusion_reason""]","{""SRC_IBM_INDIAN_MINERALS_YEARBOOK_2024_CONCESSIONS"":""Government of India public PDF; retain attribution and verify current IBM website reuse terms."",""SRC_MSTC_STATE_MBS_IBM_AUCTIONS_2023_24"":""Public government-owned auction portal; retain document-level attribution and verify current portal and State Government reuse terms.""}",frozen_for_v1.0-alpha.24,"Any breaking or semantic change requires a new release version, explicit dictionary and schema-hash update, validation, and documented migration note.",scripts/build_ibm_auction_mbs_geometry_2023_24.py,outputs/ibm_auction_mbs_geometry_validation.json,Polygon admission does not establish legal or operational status.
india_ibm_auctioned_concession_mbs_match_audit_2023_24,outputs/india_ibm_auctioned_concession_mbs_match_audit_2023_24.csv,tabular_csv,v1.0-alpha.24,alpha24-schema-7c52ac748509,validation_evidence,"Holdout, ablation, transfer, support, or quality-control evidence used to evaluate a model or source family.",source_geometry_audit_only,One IBM auction row and its reviewed State MBS selection outcome.,"[""record_id""]",true,0,97,48,7c52ac748509382a5515c115441fa336a52a945ed5f4a0a8952f6ae0be050cac,5eb1373ceae67c7093372bf51750fdccca201e72f6272f5ebc9e96efa7dd0a7c,computed_from_release_artifact_bytes,[],Ten relevant States,IBM 2023-24 table and portal snapshot,"[""geometry_admission_status"",""geometry_admission_reason""]",[],"[""document_match_status"",""coordinate_review_flags_json"",""geometry_admission_status"",""geometry_admission_reason"",""current_legal_or_operational_status_verified"",""model_exclusion_reason""]","{""KHANAN_DERIVED"":""Release metadata derived from the versioned public artifacts; upstream source terms remain controlling.""}",frozen_for_v1.0-alpha.24,"Any breaking or semantic change requires a new release version, explicit dictionary and schema-hash update, validation, and documented migration note.",scripts/build_ibm_auction_mbs_geometry_2023_24.py,outputs/ibm_auction_mbs_geometry_validation.json,Twenty-five selected documents are withheld and five Andhra rows lack an exact current public boundary match.
india_ibm_auctioned_concession_status_evidence_2023_24,outputs/india_ibm_auctioned_concession_status_evidence_2023_24.csv,tabular_csv,v1.0-alpha.24,alpha24-schema-14e9ff61ed64,observed_source_evidence,"Source-reported observation, event, inventory, sample, catalogue row, or reviewed footprint; not automatically a model label or current-status fact.",context_only_no_geometry,One block and dated official-secondary status evidence record.,"[""record_id""]",true,0,5,35,14e9ff61ed649e0c0164048131adceba6c765132aa5dd4dbe9c674cd60db84f0,5855ba7ffc5743e47739508757dc582e1351bd89343b4518836f056d2128fe33,computed_from_release_artifact_bytes,"[""SRC_AP_PRAKASAM_JSW_IRON_BLOCK_STATUS_2026"",""SRC_MINES_NMMC_AUCTION_OPERATIONALIZATION_JAN2025""]",Andhra Pradesh; five IBM rows,Dated source snapshots through 2026,"[""geometry_published""]",[],"[""auction_date_status_source"",""ibm_to_status_source_area_difference_pct"",""source_status_summary"",""status_events_json"",""status_evidence_level"",""official_status_source_id"",""current_legal_or_operational_status_verified"",""model_exclusion_reason"",""quality_flags_json""]","{""SRC_AP_PRAKASAM_JSW_IRON_BLOCK_STATUS_2026"":""Government public webpage; retain attribution and verify current site reuse terms."",""SRC_MINES_NMMC_AUCTION_OPERATIONALIZATION_JAN2025"":""Government public presentation; retain attribution and verify current website reuse terms.""}",frozen_for_v1.0-alpha.24,"Any breaking or semantic change requires a new release version, explicit dictionary and schema-hash update, validation, and documented migration note.",scripts/build_ibm_auction_status_evidence_2023_24.py,outputs/ibm_auction_status_evidence_2023_24_validation.json,Historical events do not prove current legal or operational status.
india_ibm_auctioned_mineral_concessions_2023_24,outputs/india_ibm_auctioned_mineral_concessions_2023_24.csv,tabular_csv,v1.0-alpha.24,alpha24-schema-f18a812591bb,observed_source_evidence,"Source-reported observation, event, inventory, sample, catalogue row, or reviewed footprint; not automatically a model label or current-status fact.",context_only,One IBM 2023-24 auction-granted concession row.,"[""record_id""]",true,0,97,36,f18a812591bb297e979a3d70f78c0bbbb6c650e9d2d55794a643ea58c5ad2582,2559a4ba4a12f4c4d23f7c68a14dd812d60c4b4487b9c792cfa08318c902a234,computed_from_release_artifact_bytes,"[""SRC_IBM_INDIAN_MINERALS_YEARBOOK_2024_CONCESSIONS""]",India; State-level named blocks,2023-24 reporting year,"[""latitude"",""longitude"",""geometry_published""]",[],"[""published_status"",""published_status_scope"",""current_legal_or_operational_status_verified"",""model_exclusion_reason"",""quality_flags_json""]","{""SRC_IBM_INDIAN_MINERALS_YEARBOOK_2024_CONCESSIONS"":""Government of India public PDF; retain attribution and verify current IBM website reuse terms.""}",frozen_for_v1.0-alpha.24,"Any breaking or semantic change requires a new release version, explicit dictionary and schema-hash update, validation, and documented migration note.",scripts/build_ibm_mineral_concessions_2024.py,outputs/ibm_mineral_concessions_2024_validation.json,The compilation has no coordinates and is not a controlling current-status register.
india_ibm_district_mineral_context_h3_r6,outputs/india_ibm_district_mineral_context_h3_r6.csv,tabular_csv,v1.0-alpha.24,alpha24-schema-531009092be9,contextual_feature,Derived spatial or environmental context excluded from production scoring unless a separate admission test passes.,excluded_from_v0.6_scoring,One H3 cell inheriting admitted 2011-district occurrence context.,"[""h3_r6""]",true,0,59872,31,531009092be94967694abb7ebd6823413c7b3f98e75852740014e2bb93883b13,a8031cb95522c27c055fffcc288547176f366822d4a1f52fb3c14e60bbf347e9,computed_from_release_artifact_bytes,"[""SRC_IBM_INDIAN_MINERALS_YEARBOOK_2024_STATE_REVIEWS""]",Selected 2011 districts with IBM State Review terms,IBM 2024 State Reviews; 2011 boundaries,"[""h3_r6"",""cell_centroid_latitude"",""cell_centroid_longitude""]",[],"[""context_absence_interpretation"",""data_quality_flags_json"",""limitations""]","{""SRC_IBM_INDIAN_MINERALS_YEARBOOK_2024_STATE_REVIEWS"":""Government of India public PDF; no blanket reuse licence asserted by KHANAN. Retain attribution and consult current IBM terms.""}",frozen_for_v1.0-alpha.24,"Any breaking or semantic change requires a new release version, explicit dictionary and schema-hash update, validation, and documented migration note.",scripts/build_ibm_imyb_state_review_occurrences.py,outputs/ibm_imyb_state_review_occurrences_validation.json,District inheritance is not an exact occurrence location or evidence of uniform mineralization.
india_ibm_district_mineral_occurrences_2024,outputs/india_ibm_district_mineral_occurrences_2024.csv,tabular_csv,v1.0-alpha.24,alpha24-schema-67d046055ccf,observed_source_evidence,"Source-reported observation, event, inventory, sample, catalogue row, or reviewed footprint; not automatically a model label or current-status fact.",context_crosswalk_only,One source occurrence and candidate 2011-district crosswalk.,"[""record_id""]",true,0,1742,36,67d046055ccfd534d32ae85ea65b0717c0ee7301889081206681ef375fe0ebda,9bd2fe7b13ef7bd3e79c64aaf0c90d0034f6daf6d3c558c04e4fcf29bee46011,computed_from_release_artifact_bytes,"[""SRC_IBM_INDIAN_MINERALS_YEARBOOK_2024_STATE_REVIEWS""]",India; 2011 district crosswalk,IBM 2024 State Reviews; mostly 2020-04-01 resource basis,"[""district_boundary_state_2011"",""district_boundary_name_2011"",""district_centroid_latitude_2011"",""district_centroid_longitude_2011"",""district_crosswalk_admitted_to_h3_context""]",[],"[""district_crosswalk_status"",""data_quality_flags_json"",""limitations""]","{""SRC_IBM_INDIAN_MINERALS_YEARBOOK_2024_STATE_REVIEWS"":""Government of India public PDF; no blanket reuse licence asserted by KHANAN. Retain attribution and consult current IBM terms.""}",frozen_for_v1.0-alpha.24,"Any breaking or semantic change requires a new release version, explicit dictionary and schema-hash update, validation, and documented migration note.",scripts/build_ibm_imyb_state_review_occurrences.py,outputs/ibm_imyb_state_review_occurrences_validation.json,Eight one-to-many historical district matches are withheld from H3 propagation.
india_ibm_mcdr_inspection_events_2023_2026,outputs/india_ibm_mcdr_inspection_events_2023_2026.csv,tabular_csv,v1.0-alpha.24,alpha24-schema-06a3d8a4464b,observed_source_evidence,"Source-reported observation, event, inventory, sample, catalogue row, or reviewed footprint; not automatically a model label or current-status fact.",context_only_no_coordinates,One IBM regional inspection-table event row.,"[""record_id""]",true,0,1504,50,06a3d8a4464b508d00f3fe146f64e987e5381c614a4a46ecbc16cf08ed4c0ddf,b27c2c7b2bcca09ee232052f40888ec3e6a2d2779d4c2f0a5daf23461bc2341b,computed_from_release_artifact_bytes,"[""SRC_IBM_MCDR_INSPECTIONS_2023_2026""]",Fourteen IBM regional offices; published district names,Fiscal years 2023-24 to 2025-26,"[""latitude"",""longitude""]",[],"[""spatial_model_integration_status""]","{""SRC_IBM_MCDR_INSPECTIONS_2023_2026"":""Government of India public webpages; retain attribution and verify current IBM website reuse terms.""}",frozen_for_v1.0-alpha.24,"Any breaking or semantic change requires a new release version, explicit dictionary and schema-hash update, validation, and documented migration note.",scripts/build_ibm_mcdr_inspections.py,outputs/ibm_mcdr_inspection_validation.json,"Inspection presence does not prove production, compliance, exact location, or current legal status."
india_ibm_mcdr_latest_inspected_mines,outputs/india_ibm_mcdr_latest_inspected_mines.csv,tabular_csv,v1.0-alpha.24,alpha24-schema-c07eab55a51e,observed_source_evidence,"Source-reported observation, event, inventory, sample, catalogue row, or reviewed footprint; not automatically a model label or current-status fact.",context_only_no_coordinates,One resolved mine identity retaining its latest published inspection event.,"[""record_id""]",true,0,1353,57,c07eab55a51ed59bbf532d8121f78edd8eb116661c9b00692bf9b0da2a7f86e0,c129e6651d75143b0de9a3a8e1302336cc5d24353ee882e3f61e81f28bff0c90,computed_from_release_artifact_bytes,"[""SRC_IBM_MCDR_INSPECTIONS_2023_2026""]",Fourteen IBM regional offices; published district names,Fiscal years 2023-24 to 2025-26,"[""latest_inspection_date"",""latitude"",""longitude""]",[],"[""spatial_model_integration_status""]","{""SRC_IBM_MCDR_INSPECTIONS_2023_2026"":""Government of India public webpages; retain attribution and verify current IBM website reuse terms.""}",frozen_for_v1.0-alpha.24,"Any breaking or semantic change requires a new release version, explicit dictionary and schema-hash update, validation, and documented migration note.",scripts/build_ibm_mcdr_inspections.py,outputs/ibm_mcdr_inspection_validation.json,Name/code identity resolution is incomplete and rows lack coordinates.
india_ibm_mining_lease_distribution_2024,outputs/india_ibm_mining_lease_distribution_2024.csv,tabular_csv,v1.0-alpha.24,alpha24-schema-44703321c71d,observed_source_evidence,"Source-reported observation, event, inventory, sample, catalogue row, or reviewed footprint; not automatically a model label or current-status fact.",aggregate_context_only,"One state, mineral, sector, or area-band lease aggregate.","[""record_id""]",true,0,123,31,44703321c71d649510d80a5c982a85f1aebaa06356849fd385167bcdccd48b24,780e9cb55e51b936c6475e4670b2c12a9a31db1de2d0b95fc5171c9a0d524784,computed_from_release_artifact_bytes,"[""SRC_IBM_INDIAN_MINERALS_YEARBOOK_2024_CONCESSIONS""]",India and State/UT aggregates,As at 2024 source reference,"[""geometry_published""]",[],"[""scope_exclusions_json"",""quality_flags_json""]","{""SRC_IBM_INDIAN_MINERALS_YEARBOOK_2024_CONCESSIONS"":""Government of India public PDF; retain attribution and verify current IBM website reuse terms.""}",frozen_for_v1.0-alpha.24,"Any breaking or semantic change requires a new release version, explicit dictionary and schema-hash update, validation, and documented migration note.",scripts/build_ibm_mineral_concessions_2024.py,outputs/ibm_mineral_concessions_2024_validation.json,Aggregates are not exact lease locations or proof of any individual lease status.
india_ibm_nmi_2025_resource_inventory,outputs/india_ibm_nmi_2025_resource_inventory.csv,tabular_csv,v1.0-alpha.24,alpha24-schema-7e233f3f2008,observed_source_evidence,"Source-reported observation, event, inventory, sample, catalogue row, or reviewed footprint; not automatically a model label or current-status fact.",aggregate_context_only,"One mineral, geography, grade, and UNFC aggregate row.","[""record_id""]",true,0,722,43,7e233f3f20081456e84afaed4fadde44adaa08f318476283477d624701e50dd7,aed421ee255923f10964ebac35ed94ca826e7badebc0992a5665fe0c0eac3868,computed_from_release_artifact_bytes,"[""SRC_IBM_NMI_2025""]",National and State/UT aggregates,Resources mainly as at 2020-04-01,"[""latitude"",""longitude""]","[""std111_proved"",""std121_probable"",""std122_probable"",""std211_feasibility"",""std221_prefeasibility"",""std222_prefeasibility"",""std331_measured"",""std332_indicated"",""std333_inferred"",""std334_reconnaissance"",""arithmetic_max_abs_error_source_units""]","[""arithmetic_validation_pass"",""spatial_integration_status""]","{""SRC_IBM_NMI_2025"":""Government of India publication; retain attribution and verify current IBM website reuse terms.""}",frozen_for_v1.0-alpha.24,"Any breaking or semantic change requires a new release version, explicit dictionary and schema-hash update, validation, and documented migration note.",scripts/build_ibm_nmi2025.py,outputs/ibm_nmi_2025_extraction_validation.json,Aggregate resources cannot be assigned uniformly to a state or interpreted as site-level grade.
india_ibm_state_mineral_occurrences_2024,outputs/india_ibm_state_mineral_occurrences_2024.csv,tabular_csv,v1.0-alpha.24,alpha24-schema-54479dea824c,observed_source_evidence,"Source-reported observation, event, inventory, sample, catalogue row, or reviewed footprint; not automatically a model label or current-status fact.",context_only,"One source region, material term, and geography-scope occurrence row.","[""record_id""]",true,0,586,28,54479dea824ceb474dd214f796e1870bb187d445215aa1f60f854a2b4c329960,98bfa77310975ceaee6488b71d03a9145f4f02890269bc002adc22fc5d7fc444,computed_from_release_artifact_bytes,"[""SRC_IBM_INDIAN_MINERALS_YEARBOOK_2024_STATE_REVIEWS""]",31 source regions,IBM 2024 State Reviews; mixed underlying dates,[],[],"[""source_term_validation_status"",""source_place_validation_status"",""knowledge_independence_status"",""model_exclusion_reason"",""data_quality_flags_json"",""limitations""]","{""SRC_IBM_INDIAN_MINERALS_YEARBOOK_2024_STATE_REVIEWS"":""Government of India public PDF; no blanket reuse licence asserted by KHANAN. Retain attribution and consult current IBM terms.""}",frozen_for_v1.0-alpha.24,"Any breaking or semantic change requires a new release version, explicit dictionary and schema-hash update, validation, and documented migration note.",scripts/build_ibm_imyb_state_review_occurrences.py,outputs/ibm_imyb_state_review_occurrences_validation.json,"Occurrence prose is not a mine, assay, reserve, legal-status, or discovery register."
india_known_mining_sites,outputs/india_known_mining_sites.csv,tabular_csv,v1.0-alpha.24,alpha24-schema-54641ba4f033,observed_source_evidence,"Source-reported observation, event, inventory, sample, catalogue row, or reviewed footprint; not automatically a model label or current-status fact.",training_evidence_with_source_quality_controls,"One public-source mine, prospect, occurrence, or past-producer record.","[""record_id""]",true,0,781,96,54641ba4f03383ef6ada476c1cffb00abe608ae581147114eb2630d92a535a79,3fd4ed34e4d717058d0320e882396afe7b0e39cb4c52d0d6e0b49a7045c379ab,computed_from_release_artifact_bytes,"[""SRC_CENSUS_A01_2011"",""SRC_CENSUS_PCA_2011"",""SRC_DATAMEET_DISTRICTS_2011"",""SRC_DATAMEET_INDIA_BOUNDARY"",""SRC_ESRI_INDIA_GEOLOGY"",""SRC_INDIA_CRITICAL_2023"",""SRC_NASA_POWER_ROLLING_12M"",""SRC_USGS_MRDS"",""SRC_WORLDCLIM_ELEV"",""SRC_WORLDPOP_2020""]",India selection; 779 of 781 coordinates in expected bounds,Historical MRDS records with mixed source dates,"[""latitude"",""longitude"",""h3_r6"",""climate_grid_latitude"",""climate_grid_longitude""]","[""weather_data_completeness_pct_rolling_12m""]","[""development_status"",""weather_valid_days_min_rolling_12m"",""source_quality_code"",""data_quality_flags_json""]","{""SRC_CENSUS_A01_2011"":""Government of India census publication; retain attribution and verify website terms for redistribution."",""SRC_CENSUS_PCA_2011"":""Government of India census publication; retain attribution and verify website terms for redistribution."",""SRC_DATAMEET_DISTRICTS_2011"":""CC BY 2.5 India as stated in the directory README."",""SRC_DATAMEET_INDIA_BOUNDARY"":""CC BY-SA 2.5 / ODbL as stated in the Country README."",""SRC_ESRI_INDIA_GEOLOGY"":""Publicly queryable service; item metadata does not state a reuse license. Dataset exports contain only sampled unit attributes, not redistributed polygons."",""SRC_INDIA_CRITICAL_2023"":""Government publication; retain attribution."",""SRC_NASA_POWER_ROLLING_12M"":""NASA open data; cite the POWER project and its underlying MERRA-2 source."",""SRC_USGS_MRDS"":""U.S. federal government data; verify source-specific reuse terms and citations."",""SRC_WORLDCLIM_ELEV"":""WorldClim data terms require citation; review current terms before commercial redistribution."",""SRC_WORLDPOP_2020"":""WorldPop open-data terms; commonly distributed under CC BY 4.0. Verify the release page for operational reuse.""}",frozen_for_v1.0-alpha.24,"Any breaking or semantic change requires a new release version, explicit dictionary and schema-hash update, validation, and documented migration note.",scripts/build_dataset.py,outputs/validation_report.json,"MRDS is incomplete, partly historical, and has variable point precision and status currency."
india_material_ontology_v1,outputs/india_material_ontology_v1.csv,tabular_csv,v1.0-alpha.24,alpha24-schema-44a02e13cef8,metadata_governance,"Ontology, provenance, schema, source, access, limitation, or release-control metadata; not geological evidence.",ontology_only_no_automatic_model_eligibility,One typed material entity.,"[""material_id""]",true,0,254,34,44a02e13cef8f02996f8333c42211908aa6a78ad776a91c400a65e7b38559f9a,0241ca93578d89514f269886a1ac685de077735e12beb0db8100af85b43ca03d,computed_from_release_artifact_bytes,"[""SRC_IBM_ABANDONED_MINE_SITES"",""SRC_IBM_INDIAN_MINERALS_YEARBOOK_2024_CONCESSIONS"",""SRC_IBM_INDIAN_MINERALS_YEARBOOK_2024_STATE_REVIEWS"",""SRC_IBM_MCDR_INSPECTIONS_2023_2026"",""SRC_IBM_NMI_2025"",""SRC_IMA_CNMNC_MINERAL_LIST_2026_09"",""SRC_INDIA_CRITICAL_2023"",""SRC_IUPAC_PERIODIC_TABLE_2022"",""SRC_MSTC_CRITICAL_MBS_T1_T8"",""SRC_USGS_MCS_2026"",""SRC_USGS_MRDS""]",Not spatial,Authority snapshots through 2026-09,[],"[""model_support_level_v0_6""]","[""ima_status"",""authority_status""]","{""SRC_IBM_ABANDONED_MINE_SITES"":""Government of India public webpage; retain attribution and verify current IBM website reuse terms."",""SRC_IBM_INDIAN_MINERALS_YEARBOOK_2024_CONCESSIONS"":""Government of India public PDF; retain attribution and verify current IBM website reuse terms."",""SRC_IBM_INDIAN_MINERALS_YEARBOOK_2024_STATE_REVIEWS"":""Government of India public PDF; no blanket reuse licence asserted by KHANAN. Retain attribution and consult current IBM terms."",""SRC_IBM_MCDR_INSPECTIONS_2023_2026"":""Government of India public webpages; retain attribution and verify current IBM website reuse terms."",""SRC_IBM_NMI_2025"":""Government of India publication; retain attribution and verify current IBM website reuse terms."",""SRC_IMA_CNMNC_MINERAL_LIST_2026_09"":""The document states Creative Commons Attribution-ShareAlike 3.0; retain attribution and share adaptations under compatible terms."",""SRC_INDIA_CRITICAL_2023"":""Government publication; retain attribution."",""SRC_IUPAC_PERIODIC_TABLE_2022"":""Reference source; retain IUPAC attribution and review reuse terms before redistributing source artwork."",""SRC_MSTC_CRITICAL_MBS_T1_T8"":""Government-owned auction portal; retain source document URLs, access date, and attribution."",""SRC_USGS_MCS_2026"":""U.S. Geological Survey data release; public domain, with citation requested."",""SRC_USGS_MRDS"":""U.S. federal government data; verify source-specific reuse terms and citations.""}",frozen_for_v1.0-alpha.24,"Any breaking or semantic change requires a new release version, explicit dictionary and schema-hash update, validation, and documented migration note.",scripts/build_material_ontology.py,outputs/material_ontology_validation_v1.json,Ontology inclusion does not establish occurrence in India or prediction eligibility.
india_mining_candidate_areas_validation_gated,outputs/india_mining_candidate_areas_validation_gated.csv,tabular_csv,v1.0-alpha.24,alpha24-schema-70c85fd1fcb0,model_hypothesis,"Model-generated reconnaissance output; not a probability, discovery, reserve, resource, grade, legal right, or drill target.",production_model_output_v0.6,One H3 cell that passes published candidate-promotion gates.,"[""h3_r6""]",true,0,2784,187,70c85fd1fcb0fd8aaea0a4a13773d7a8ea6b6a7ab19d6e669efc34fb4e935827,f730ee1c72a72764c49e95b0cf1b29873df4e32f2ceed2610e534915c760cf04,computed_from_release_artifact_bytes,"[""SRC_CENSUS_A01_2011"",""SRC_CENSUS_PCA_2011"",""SRC_DATAMEET_DISTRICTS_2011"",""SRC_DATAMEET_INDIA_BOUNDARY"",""SRC_ESRI_INDIA_GEOLOGY"",""SRC_INDIA_CRITICAL_2023"",""SRC_NASA_POWER_ROLLING_12M"",""SRC_USGS_MRDS"",""SRC_WORLDCLIM_ELEV"",""SRC_WORLDPOP_2020""]",National H3 grid; promoted subset,Feature reference periods vary; model v0.6,"[""latitude"",""longitude"",""h3_r6"",""cell_boundary_wkt"",""climate_grid_latitude"",""climate_grid_longitude"",""emag2_anomaly_percentile_india_h3"",""emag2_anomaly_robust_z_india_h3"",""emag2_abs_robust_z_india_h3"",""emag2_source_grid_longitude"",""emag2_source_grid_latitude"",""soilgrids_source_grid_longitude"",""soilgrids_source_grid_latitude""]","[""weather_data_completeness_pct_rolling_12m"",""model_support_level"",""emag2_upcont_local_std_nt_3x3"",""emag2_error_estimate_nt"",""emag2_error_raw_value"",""emag2_abs_signal_to_error_ratio"",""emag2_uncertainty_interpretation"",""soilgrids_phh2o_0_5cm_p05"",""soilgrids_phh2o_0_5cm_p95"",""soilgrids_phh2o_30_60cm_p05"",""soilgrids_phh2o_30_60cm_p95"",""soilgrids_clay_0_5cm_p05"",""soilgrids_clay_0_5cm_p95"",""soilgrids_clay_30_60cm_p05"",""soilgrids_clay_30_60cm_p95"",""soilgrids_sand_0_5cm_p05"",""soilgrids_sand_0_5cm_p95"",""soilgrids_sand_30_60cm_p05"",""soilgrids_sand_30_60cm_p95"",""soilgrids_silt_0_5cm_p05"",""soilgrids_silt_0_5cm_p95"",""soilgrids_silt_30_60cm_p05"",""soilgrids_silt_30_60cm_p95"",""soilgrids_soc_0_5cm_p05"",""soilgrids_soc_0_5cm_p95"",""soilgrids_soc_30_60cm_p05"",""soilgrids_soc_30_60cm_p95"",""soilgrids_cec_0_5cm_p05"",""soilgrids_cec_0_5cm_p95"",""soilgrids_cec_30_60cm_p05"",""soilgrids_cec_30_60cm_p95"",""soilgrids_nitrogen_0_5cm_p05"",""soilgrids_nitrogen_0_5cm_p95"",""soilgrids_nitrogen_30_60cm_p05"",""soilgrids_nitrogen_30_60cm_p95"",""soilgrids_bdod_0_5cm_p05"",""soilgrids_bdod_0_5cm_p95"",""soilgrids_bdod_30_60cm_p05"",""soilgrids_bdod_30_60cm_p95"",""soilgrids_cfvo_0_5cm_p05"",""soilgrids_cfvo_0_5cm_p95"",""soilgrids_cfvo_30_60cm_p05"",""soilgrids_cfvo_30_60cm_p95"",""soilgrids_uncertainty_interpretation""]","[""weather_valid_days_min_rolling_12m"",""model_validation_tier"",""candidate_promotion_rule"",""model_limitations"",""data_quality_flags_json"",""emag2_uncertainty_interpretation"",""emag2_model_use_status"",""emag2_data_quality_flags_json"",""soilgrids_model_use_status"",""soilgrids_uncertainty_interpretation"",""soilgrids_data_quality_flags_json""]","{""SRC_CENSUS_A01_2011"":""Government of India census publication; retain attribution and verify website terms for redistribution."",""SRC_CENSUS_PCA_2011"":""Government of India census publication; retain attribution and verify website terms for redistribution."",""SRC_DATAMEET_DISTRICTS_2011"":""CC BY 2.5 India as stated in the directory README."",""SRC_DATAMEET_INDIA_BOUNDARY"":""CC BY-SA 2.5 / ODbL as stated in the Country README."",""SRC_ESRI_INDIA_GEOLOGY"":""Publicly queryable service; item metadata does not state a reuse license. Dataset exports contain only sampled unit attributes, not redistributed polygons."",""SRC_INDIA_CRITICAL_2023"":""Government publication; retain attribution."",""SRC_NASA_POWER_ROLLING_12M"":""NASA open data; cite the POWER project and its underlying MERRA-2 source."",""SRC_USGS_MRDS"":""U.S. federal government data; verify source-specific reuse terms and citations."",""SRC_WORLDCLIM_ELEV"":""WorldClim data terms require citation; review current terms before commercial redistribution."",""SRC_WORLDPOP_2020"":""WorldPop open-data terms; commonly distributed under CC BY 4.0. Verify the release page for operational reuse.""}",frozen_for_v1.0-alpha.24,"Any breaking or semantic change requires a new release version, explicit dictionary and schema-hash update, validation, and documented migration note.",scripts/build_dataset.py,outputs/validation_report.json,Scores are uncalibrated reconnaissance indices for 50 targets and are not discoveries or drill targets.
india_mining_prospectivity_grid_h3_r6,outputs/india_mining_prospectivity_grid_h3_r6.csv,tabular_csv,v1.0-alpha.24,alpha24-schema-70c85fd1fcb0,model_hypothesis,"Model-generated reconnaissance output; not a probability, discovery, reserve, resource, grade, legal right, or drill target.",production_model_output_v0.6,One H3 resolution-6 cell covering India.,"[""h3_r6""]",true,0,88857,187,70c85fd1fcb0fd8aaea0a4a13773d7a8ea6b6a7ab19d6e669efc34fb4e935827,13307723efac1054666308c77b52ca0c93820a63ce535f578b23a294906136d9,computed_from_release_artifact_bytes,"[""SRC_CENSUS_A01_2011"",""SRC_CENSUS_PCA_2011"",""SRC_DATAMEET_DISTRICTS_2011"",""SRC_DATAMEET_INDIA_BOUNDARY"",""SRC_ESRI_INDIA_GEOLOGY"",""SRC_INDIA_CRITICAL_2023"",""SRC_NASA_POWER_ROLLING_12M"",""SRC_USGS_MRDS"",""SRC_WORLDCLIM_ELEV"",""SRC_WORLDPOP_2020""]","National H3 grid; 88,857 cells",Feature reference periods vary; model v0.6,"[""latitude"",""longitude"",""h3_r6"",""cell_boundary_wkt"",""climate_grid_latitude"",""climate_grid_longitude"",""emag2_anomaly_percentile_india_h3"",""emag2_anomaly_robust_z_india_h3"",""emag2_abs_robust_z_india_h3"",""emag2_source_grid_longitude"",""emag2_source_grid_latitude"",""soilgrids_source_grid_longitude"",""soilgrids_source_grid_latitude""]","[""weather_data_completeness_pct_rolling_12m"",""model_support_level"",""emag2_upcont_local_std_nt_3x3"",""emag2_error_estimate_nt"",""emag2_error_raw_value"",""emag2_abs_signal_to_error_ratio"",""emag2_uncertainty_interpretation"",""soilgrids_phh2o_0_5cm_p05"",""soilgrids_phh2o_0_5cm_p95"",""soilgrids_phh2o_30_60cm_p05"",""soilgrids_phh2o_30_60cm_p95"",""soilgrids_clay_0_5cm_p05"",""soilgrids_clay_0_5cm_p95"",""soilgrids_clay_30_60cm_p05"",""soilgrids_clay_30_60cm_p95"",""soilgrids_sand_0_5cm_p05"",""soilgrids_sand_0_5cm_p95"",""soilgrids_sand_30_60cm_p05"",""soilgrids_sand_30_60cm_p95"",""soilgrids_silt_0_5cm_p05"",""soilgrids_silt_0_5cm_p95"",""soilgrids_silt_30_60cm_p05"",""soilgrids_silt_30_60cm_p95"",""soilgrids_soc_0_5cm_p05"",""soilgrids_soc_0_5cm_p95"",""soilgrids_soc_30_60cm_p05"",""soilgrids_soc_30_60cm_p95"",""soilgrids_cec_0_5cm_p05"",""soilgrids_cec_0_5cm_p95"",""soilgrids_cec_30_60cm_p05"",""soilgrids_cec_30_60cm_p95"",""soilgrids_nitrogen_0_5cm_p05"",""soilgrids_nitrogen_0_5cm_p95"",""soilgrids_nitrogen_30_60cm_p05"",""soilgrids_nitrogen_30_60cm_p95"",""soilgrids_bdod_0_5cm_p05"",""soilgrids_bdod_0_5cm_p95"",""soilgrids_bdod_30_60cm_p05"",""soilgrids_bdod_30_60cm_p95"",""soilgrids_cfvo_0_5cm_p05"",""soilgrids_cfvo_0_5cm_p95"",""soilgrids_cfvo_30_60cm_p05"",""soilgrids_cfvo_30_60cm_p95"",""soilgrids_uncertainty_interpretation""]","[""weather_valid_days_min_rolling_12m"",""model_validation_tier"",""candidate_promotion_rule"",""model_limitations"",""data_quality_flags_json"",""emag2_uncertainty_interpretation"",""emag2_model_use_status"",""emag2_data_quality_flags_json"",""soilgrids_model_use_status"",""soilgrids_uncertainty_interpretation"",""soilgrids_data_quality_flags_json""]","{""SRC_CENSUS_A01_2011"":""Government of India census publication; retain attribution and verify website terms for redistribution."",""SRC_CENSUS_PCA_2011"":""Government of India census publication; retain attribution and verify website terms for redistribution."",""SRC_DATAMEET_DISTRICTS_2011"":""CC BY 2.5 India as stated in the directory README."",""SRC_DATAMEET_INDIA_BOUNDARY"":""CC BY-SA 2.5 / ODbL as stated in the Country README."",""SRC_ESRI_INDIA_GEOLOGY"":""Publicly queryable service; item metadata does not state a reuse license. Dataset exports contain only sampled unit attributes, not redistributed polygons."",""SRC_INDIA_CRITICAL_2023"":""Government publication; retain attribution."",""SRC_NASA_POWER_ROLLING_12M"":""NASA open data; cite the POWER project and its underlying MERRA-2 source."",""SRC_USGS_MRDS"":""U.S. federal government data; verify source-specific reuse terms and citations."",""SRC_WORLDCLIM_ELEV"":""WorldClim data terms require citation; review current terms before commercial redistribution."",""SRC_WORLDPOP_2020"":""WorldPop open-data terms; commonly distributed under CC BY 4.0. Verify the release page for operational reuse.""}",frozen_for_v1.0-alpha.24,"Any breaking or semantic change requires a new release version, explicit dictionary and schema-hash update, validation, and documented migration note.",scripts/build_dataset.py,outputs/validation_report.json,Only supported materials receive scores; context layers failing admission remain excluded from rankings.
india_official_critical_mineral_blocks,outputs/india_official_critical_mineral_blocks.csv,tabular_csv,v1.0-alpha.24,alpha24-schema-910296e2e96b,observed_source_evidence,"Source-reported observation, event, inventory, sample, catalogue row, or reviewed footprint; not automatically a model label or current-status fact.",context_and_transfer_validation_only,One central critical-mineral auction offer or result event.,"[""record_id""]",true,0,199,52,910296e2e96b117b9e63ca9eaf902a10b1e6caa1513eb1a6ce1a46f5e1edf095,cc1a855341166d56067697ae192d496e0a7076526260e32ff5e6a8eb57df3dbc,computed_from_release_artifact_bytes,"[""SRC_MSTC_CRITICAL_MBS_T1_T8"",""SRC_MSTC_CRITICAL_NIT_T1_T8"",""SRC_MSTC_CRITICAL_RESULTS_T6_T7"",""SRC_PIB_CRITICAL_BLOCKS_T1"",""SRC_PIB_CRITICAL_BLOCKS_T5"",""SRC_PIB_CRITICAL_BLOCKS_T8"",""SRC_PIB_CRITICAL_RESULTS_T1"",""SRC_PIB_CRITICAL_RESULTS_T2_T3"",""SRC_PIB_CRITICAL_RESULTS_T4_A"",""SRC_PIB_CRITICAL_RESULTS_T4_B""]",India; official named auction blocks,Tranches 1-8 and results through source snapshots,"[""latitude"",""longitude"",""block_boundary_wkt"",""geometry_vertex_count"",""geometry_area_geodesic_ha"",""geometry_area_difference_pct"",""geometry_type"",""geometry_extraction_method"",""geometry_quality_flag"",""geometry_source_url""]",[],"[""auction_status_at_source_date"",""geometry_quality_flag"",""spatial_validation_note"",""integration_status""]","{""SRC_MSTC_CRITICAL_MBS_T1_T8"":""Government-owned auction portal; retain source document URLs, access date, and attribution."",""SRC_MSTC_CRITICAL_NIT_T1_T8"":""Government-owned auction portal; retain source document URLs, access date, and attribution."",""SRC_MSTC_CRITICAL_RESULTS_T6_T7"":""Government-owned auction portal; retain source URL, access date, and attribution."",""SRC_PIB_CRITICAL_BLOCKS_T1"":""Government publication; retain attribution."",""SRC_PIB_CRITICAL_BLOCKS_T5"":""Government publication; retain attribution."",""SRC_PIB_CRITICAL_BLOCKS_T8"":""Government publication; retain attribution."",""SRC_PIB_CRITICAL_RESULTS_T1"":""Government publication; retain attribution."",""SRC_PIB_CRITICAL_RESULTS_T2_T3"":""Government publication; retain attribution."",""SRC_PIB_CRITICAL_RESULTS_T4_A"":""Government publication; retain attribution."",""SRC_PIB_CRITICAL_RESULTS_T4_B"":""Government publication; retain attribution.""}",frozen_for_v1.0-alpha.24,"Any breaking or semantic change requires a new release version, explicit dictionary and schema-hash update, validation, and documented migration note.",scripts/build_official_blocks.py,outputs/official_critical_blocks_validation.json,"Auction events do not prove production, final grant, resource, reserve, or access rights."
india_official_critical_mineral_mbs_manifest,outputs/india_official_critical_mineral_mbs_manifest.csv,tabular_csv,v1.0-alpha.24,alpha24-schema-aa90f3e288e5,observed_source_evidence,"Source-reported observation, event, inventory, sample, catalogue row, or reviewed footprint; not automatically a model label or current-status fact.",geometry_source_manifest_only,One auction-offer event and its MBS/notice document lineage.,"[""event_id""]",true,0,143,32,aa90f3e288e53b52b544abf2a5928dc0cf00e2447e87e899d76f13c95dbc9d26,cb5c89cb40d2434973b858f94ab08bf2e5000bda37a513cc700947840f97d467,computed_from_release_artifact_bytes,"[""SRC_MSTC_CRITICAL_MBS_T1_T8"",""SRC_MSTC_CRITICAL_NIT_T1_T8"",""SRC_MSTC_CRITICAL_RESULTS_T6_T7"",""SRC_PIB_CRITICAL_BLOCKS_T1"",""SRC_PIB_CRITICAL_BLOCKS_T5"",""SRC_PIB_CRITICAL_BLOCKS_T8"",""SRC_PIB_CRITICAL_RESULTS_T1"",""SRC_PIB_CRITICAL_RESULTS_T2_T3"",""SRC_PIB_CRITICAL_RESULTS_T4_A"",""SRC_PIB_CRITICAL_RESULTS_T4_B""]",India; central critical-mineral auction blocks,Tranches 1-8,"[""geometry_type"",""geometry_vertex_count"",""geometry_area_geodesic_ha"",""geometry_area_difference_pct"",""geometry_extraction_method"",""geometry_quality_flag"",""geometry_source_url""]",[],"[""geometry_quality_flag"",""spatial_validation_note""]","{""SRC_MSTC_CRITICAL_MBS_T1_T8"":""Government-owned auction portal; retain source document URLs, access date, and attribution."",""SRC_MSTC_CRITICAL_NIT_T1_T8"":""Government-owned auction portal; retain source document URLs, access date, and attribution."",""SRC_MSTC_CRITICAL_RESULTS_T6_T7"":""Government-owned auction portal; retain source URL, access date, and attribution."",""SRC_PIB_CRITICAL_BLOCKS_T1"":""Government publication; retain attribution."",""SRC_PIB_CRITICAL_BLOCKS_T5"":""Government publication; retain attribution."",""SRC_PIB_CRITICAL_BLOCKS_T8"":""Government publication; retain attribution."",""SRC_PIB_CRITICAL_RESULTS_T1"":""Government publication; retain attribution."",""SRC_PIB_CRITICAL_RESULTS_T2_T3"":""Government publication; retain attribution."",""SRC_PIB_CRITICAL_RESULTS_T4_A"":""Government publication; retain attribution."",""SRC_PIB_CRITICAL_RESULTS_T4_B"":""Government publication; retain attribution.""}",frozen_for_v1.0-alpha.24,"Any breaking or semantic change requires a new release version, explicit dictionary and schema-hash update, validation, and documented migration note.",scripts/build_official_mbs_inventory.py,outputs/official_critical_blocks_validation.json,Document availability and geometry checks do not establish current legal status.
india_sentinel2_scene_manifest_2025,outputs/india_sentinel2_scene_manifest_2025.csv,tabular_csv,v1.0-alpha.24,alpha24-schema-81d11b885086,observed_source_evidence,"Source-reported observation, event, inventory, sample, catalogue row, or reviewed footprint; not automatically a model label or current-status fact.",surface_context_lineage_only,One selected Sentinel-2 scene per fixed season and MGRS tile.,"[""season_id"",""scene_item_id""]",true,0,950,49,81d11b8850865cf71209e5984d50c9115df31f8974dc45e76f34d76b5c6ed190,00bd553543f9ec03383115afb8eec52f583bb038394d9f899cf72ef4843f9568,computed_from_release_artifact_bytes,[],475 India-relevant MGRS tiles per season,Two fixed 2025 seasons,[],[],"[""model_use_status""]","{""KHANAN_DERIVED"":""Release metadata derived from the versioned public artifacts; upstream source terms remain controlling.""}",frozen_for_v1.0-alpha.24,"Any breaking or semantic change requires a new release version, explicit dictionary and schema-hash update, validation, and documented migration note.",scripts/build_sentinel2_surface_context.py,outputs/sentinel2_surface_context_validation.json,Scene selection and provider metadata do not establish mineral presence.
india_sentinel2_surface_context_h3_r6,outputs/india_sentinel2_surface_context_h3_r6.csv,tabular_csv,v1.0-alpha.24,alpha24-schema-4e301c8f9362,contextual_feature,Derived spatial or environmental context excluded from production scoring unless a separate admission test passes.,excluded_after_spatial_ablation,One national H3 cell with two-season surface summaries.,"[""h3_r6""]",true,0,88857,86,4e301c8f9362bc200b551e477af33033207edb237fc22c0aefc564dea1559b3a,9e27de97dc5f3261e6b1e0d9a5a31b689bf2893a3d0a74e0cad8156e98553bfe,computed_from_release_artifact_bytes,[],National H3 grid,Two fixed 2025 seasons,"[""h3_r6"",""latitude"",""longitude""]",[],"[""dry_band_valid_sample_count"",""dry_invalid_or_uncovered_sample_count"",""post_band_valid_sample_count"",""post_invalid_or_uncovered_sample_count"",""bare_surface_quality_status"",""spectral_proxy_interpretation"",""model_use_status"",""data_quality_flags_json""]","{""KHANAN_DERIVED"":""Release metadata derived from the versioned public artifacts; upstream source terms remain controlling.""}",frozen_for_v1.0-alpha.24,"Any breaking or semantic change requires a new release version, explicit dictionary and schema-hash update, validation, and documented migration note.",scripts/build_sentinel2_surface_context.py,outputs/sentinel2_surface_context_validation.json,Multispectral proxies are non-specific and can encode post-discovery disturbance or confounders.
india_soilgrids_v2_soil_features_h3_r6,outputs/india_soilgrids_v2_soil_features_h3_r6.csv,tabular_csv,v1.0-alpha.24,alpha24-schema-503235d8d23c,contextual_feature,Derived spatial or environmental context excluded from production scoring unless a separate admission test passes.,excluded_after_spatial_ablation,One national H3 cell with modeled soil properties at two depths.,"[""h3_r6""]",true,0,88857,73,503235d8d23c200e263d84c9bc1a75cc7960db953532136fc0d783b885f675be,43bc48f40b63fe9f72a9e8a834e8955f54f73c26ec31cb0d50e0936ab1ccc7aa,computed_from_release_artifact_bytes,[],National H3 grid,SoilGrids 2.0 model snapshot,"[""h3_r6"",""latitude"",""longitude"",""soilgrids_source_grid_longitude"",""soilgrids_source_grid_latitude""]","[""soilgrids_phh2o_0_5cm_p05"",""soilgrids_phh2o_0_5cm_p95"",""soilgrids_phh2o_30_60cm_p05"",""soilgrids_phh2o_30_60cm_p95"",""soilgrids_clay_0_5cm_p05"",""soilgrids_clay_0_5cm_p95"",""soilgrids_clay_30_60cm_p05"",""soilgrids_clay_30_60cm_p95"",""soilgrids_sand_0_5cm_p05"",""soilgrids_sand_0_5cm_p95"",""soilgrids_sand_30_60cm_p05"",""soilgrids_sand_30_60cm_p95"",""soilgrids_silt_0_5cm_p05"",""soilgrids_silt_0_5cm_p95"",""soilgrids_silt_30_60cm_p05"",""soilgrids_silt_30_60cm_p95"",""soilgrids_soc_0_5cm_p05"",""soilgrids_soc_0_5cm_p95"",""soilgrids_soc_30_60cm_p05"",""soilgrids_soc_30_60cm_p95"",""soilgrids_cec_0_5cm_p05"",""soilgrids_cec_0_5cm_p95"",""soilgrids_cec_30_60cm_p05"",""soilgrids_cec_30_60cm_p95"",""soilgrids_nitrogen_0_5cm_p05"",""soilgrids_nitrogen_0_5cm_p95"",""soilgrids_nitrogen_30_60cm_p05"",""soilgrids_nitrogen_30_60cm_p95"",""soilgrids_bdod_0_5cm_p05"",""soilgrids_bdod_0_5cm_p95"",""soilgrids_bdod_30_60cm_p05"",""soilgrids_bdod_30_60cm_p95"",""soilgrids_cfvo_0_5cm_p05"",""soilgrids_cfvo_0_5cm_p95"",""soilgrids_cfvo_30_60cm_p05"",""soilgrids_cfvo_30_60cm_p95"",""soilgrids_uncertainty_interpretation""]","[""soilgrids_model_use_status"",""soilgrids_uncertainty_interpretation"",""soilgrids_data_quality_flags_json""]","{""KHANAN_DERIVED"":""Release metadata derived from the versioned public artifacts; upstream source terms remain controlling.""}",frozen_for_v1.0-alpha.24,"Any breaking or semantic change requires a new release version, explicit dictionary and schema-hash update, validation, and documented migration note.",scripts/build_soilgrids_features.py,outputs/soilgrids_v2_soil_features_validation.json,Global modeled soil predictions are not India field assays or ore geochemistry.
india_strategic_materials_top50,outputs/india_strategic_materials_top50.csv,tabular_csv,v1.0-alpha.24,alpha24-schema-6b55aacea9e4,metadata_governance,"Ontology, provenance, schema, source, access, limitation, or release-control metadata; not geological evidence.",model_target_registry_v0.6,One retained strategic modeling target.,"[""material_name""]",true,0,50,15,6b55aacea9e4ca89f2b48e6f0089450f00fb31f61341e2ca24e7f9c4cc440328,22a3c2c5e9eb9670614be0894060cb7a935e448ca28c2d26d413926d52fb4751,computed_from_release_artifact_bytes,"[""SRC_CENSUS_A01_2011"",""SRC_CENSUS_PCA_2011"",""SRC_DATAMEET_DISTRICTS_2011"",""SRC_DATAMEET_INDIA_BOUNDARY"",""SRC_ESRI_INDIA_GEOLOGY"",""SRC_INDIA_CRITICAL_2023"",""SRC_NASA_POWER_ROLLING_12M"",""SRC_USGS_MRDS"",""SRC_WORLDCLIM_ELEV"",""SRC_WORLDPOP_2020""]",Not spatial,Project v0.6 target definition,"[""ibm_mcdr_latest_inspected_mine_rows""]",[],[],"{""SRC_CENSUS_A01_2011"":""Government of India census publication; retain attribution and verify website terms for redistribution."",""SRC_CENSUS_PCA_2011"":""Government of India census publication; retain attribution and verify website terms for redistribution."",""SRC_DATAMEET_DISTRICTS_2011"":""CC BY 2.5 India as stated in the directory README."",""SRC_DATAMEET_INDIA_BOUNDARY"":""CC BY-SA 2.5 / ODbL as stated in the Country README."",""SRC_ESRI_INDIA_GEOLOGY"":""Publicly queryable service; item metadata does not state a reuse license. Dataset exports contain only sampled unit attributes, not redistributed polygons."",""SRC_INDIA_CRITICAL_2023"":""Government publication; retain attribution."",""SRC_NASA_POWER_ROLLING_12M"":""NASA open data; cite the POWER project and its underlying MERRA-2 source."",""SRC_USGS_MRDS"":""U.S. federal government data; verify source-specific reuse terms and citations."",""SRC_WORLDCLIM_ELEV"":""WorldClim data terms require citation; review current terms before commercial redistribution."",""SRC_WORLDPOP_2020"":""WorldPop open-data terms; commonly distributed under CC BY 4.0. Verify the release page for operational reuse.""}",frozen_for_v1.0-alpha.24,"Any breaking or semantic change requires a new release version, explicit dictionary and schema-hash update, validation, and documented migration note.",scripts/build_dataset.py,outputs/validation_report.json,"Target inclusion does not imply sufficient evidence, a score, or an occurrence in every region."
material_emag2_spatial_ablation,outputs/material_emag2_spatial_ablation.csv,tabular_csv,v1.0-alpha.24,alpha24-schema-080800a68d84,validation_evidence,"Holdout, ablation, transfer, support, or quality-control evidence used to evaluate a model or source family.",feature_admission_test_only,One material-level paired baseline versus EMAG2 result.,"[""record_id""]",true,0,50,37,080800a68d84e0526971363eb09bcc0706353682c3617719a9f3f688064ac3d2,3ea69ff6d4e23c0cd7981a1a653561fa047c20a7badf658b9e7e5f08ab3c7f3f,computed_from_release_artifact_bytes,"[""SRC_CENSUS_A01_2011"",""SRC_CENSUS_PCA_2011"",""SRC_DATAMEET_DISTRICTS_2011"",""SRC_DATAMEET_INDIA_BOUNDARY"",""SRC_ESRI_INDIA_GEOLOGY"",""SRC_INDIA_CRITICAL_2023"",""SRC_NASA_POWER_ROLLING_12M"",""SRC_NOAA_EMAG2V3"",""SRC_USGS_MRDS"",""SRC_WORLDCLIM_ELEV"",""SRC_WORLDPOP_2020""]",Purged India H3 r3 spatial folds,Experiment v0.1,"[""unique_positive_h3_cells"",""positive_h3_r3_groups""]","[""delta_roc_auc_group_bootstrap_ci95_low"",""delta_roc_auc_group_bootstrap_ci95_high""]","[""positive_emag_valid_cells"",""positive_emag_valid_rate"",""background_emag_valid_rate"",""admission_gate_result"",""emag_feature_admission_decision"",""decision_reason"",""production_scoring_status"",""background_interpretation""]","{""SRC_CENSUS_A01_2011"":""Government of India census publication; retain attribution and verify website terms for redistribution."",""SRC_CENSUS_PCA_2011"":""Government of India census publication; retain attribution and verify website terms for redistribution."",""SRC_DATAMEET_DISTRICTS_2011"":""CC BY 2.5 India as stated in the directory README."",""SRC_DATAMEET_INDIA_BOUNDARY"":""CC BY-SA 2.5 / ODbL as stated in the Country README."",""SRC_ESRI_INDIA_GEOLOGY"":""Publicly queryable service; item metadata does not state a reuse license. Dataset exports contain only sampled unit attributes, not redistributed polygons."",""SRC_INDIA_CRITICAL_2023"":""Government publication; retain attribution."",""SRC_NASA_POWER_ROLLING_12M"":""NASA open data; cite the POWER project and its underlying MERRA-2 source."",""SRC_NOAA_EMAG2V3"":""NCEI metadata states the NOAA-produced dataset is not subject to copyright protection within the United States. Cite Meyer, Saltus and Chulliat (2017), DOI 10.7289/V5H70CVX, and retain NOAA/NCEI attribution and use limitations."",""SRC_USGS_MRDS"":""U.S. federal government data; verify source-specific reuse terms and citations."",""SRC_WORLDCLIM_ELEV"":""WorldClim data terms require citation; review current terms before commercial redistribution."",""SRC_WORLDPOP_2020"":""WorldPop open-data terms; commonly distributed under CC BY 4.0. Verify the release page for operational reuse.""}",frozen_for_v1.0-alpha.24,"Any breaking or semantic change requires a new release version, explicit dictionary and schema-hash update, validation, and documented migration note.",scripts/evaluate_emag2_spatial_ablation.py,outputs/emag2_spatial_ablation_validation.json,No material passed the predefined admission gate.
material_emag2_spatial_ablation_folds,outputs/material_emag2_spatial_ablation_folds.csv,tabular_csv,v1.0-alpha.24,alpha24-schema-9113786539cd,validation_evidence,"Holdout, ablation, transfer, support, or quality-control evidence used to evaluate a model or source family.",feature_admission_test_only,One material and held-out spatial fold result.,"[""record_id""]",true,0,70,21,9113786539cd275f5bea8bfee0d255371cd9a1e37dc3ec59a2a16c597d2955b7,ccb1816ad1fe8fda8c7571402091a1d4ac17a19c40016fff4fa119a9e53034a4,computed_from_release_artifact_bytes,"[""SRC_CENSUS_A01_2011"",""SRC_CENSUS_PCA_2011"",""SRC_DATAMEET_DISTRICTS_2011"",""SRC_DATAMEET_INDIA_BOUNDARY"",""SRC_ESRI_INDIA_GEOLOGY"",""SRC_INDIA_CRITICAL_2023"",""SRC_NASA_POWER_ROLLING_12M"",""SRC_NOAA_EMAG2V3"",""SRC_USGS_MRDS"",""SRC_WORLDCLIM_ELEV"",""SRC_WORLDPOP_2020""]",Purged India H3 r3 spatial folds,Experiment v0.1,[],[],"[""test_emag_valid_rate""]","{""SRC_CENSUS_A01_2011"":""Government of India census publication; retain attribution and verify website terms for redistribution."",""SRC_CENSUS_PCA_2011"":""Government of India census publication; retain attribution and verify website terms for redistribution."",""SRC_DATAMEET_DISTRICTS_2011"":""CC BY 2.5 India as stated in the directory README."",""SRC_DATAMEET_INDIA_BOUNDARY"":""CC BY-SA 2.5 / ODbL as stated in the Country README."",""SRC_ESRI_INDIA_GEOLOGY"":""Publicly queryable service; item metadata does not state a reuse license. Dataset exports contain only sampled unit attributes, not redistributed polygons."",""SRC_INDIA_CRITICAL_2023"":""Government publication; retain attribution."",""SRC_NASA_POWER_ROLLING_12M"":""NASA open data; cite the POWER project and its underlying MERRA-2 source."",""SRC_NOAA_EMAG2V3"":""NCEI metadata states the NOAA-produced dataset is not subject to copyright protection within the United States. Cite Meyer, Saltus and Chulliat (2017), DOI 10.7289/V5H70CVX, and retain NOAA/NCEI attribution and use limitations."",""SRC_USGS_MRDS"":""U.S. federal government data; verify source-specific reuse terms and citations."",""SRC_WORLDCLIM_ELEV"":""WorldClim data terms require citation; review current terms before commercial redistribution."",""SRC_WORLDPOP_2020"":""WorldPop open-data terms; commonly distributed under CC BY 4.0. Verify the release page for operational reuse.""}",frozen_for_v1.0-alpha.24,"Any breaking or semantic change requires a new release version, explicit dictionary and schema-hash update, validation, and documented migration note.",scripts/evaluate_emag2_spatial_ablation.py,outputs/emag2_spatial_ablation_validation.json,Fold estimates are not independent discoveries or calibrated probabilities.
material_model_support,outputs/material_model_support.csv,tabular_csv,v1.0-alpha.24,alpha24-schema-20de1fe6f544,validation_evidence,"Holdout, ablation, transfer, support, or quality-control evidence used to evaluate a model or source family.",model_support_metadata,One target material support and validation summary.,"[""material_name""]",true,0,50,11,20de1fe6f544066530e2bfdd3fadf75f7a6ab6167d26af1bab093fda59e9ed1e,abeab8f612c6696f8792062491d5514c00ff37086b0ab40011246d82e344fe4b,computed_from_release_artifact_bytes,"[""SRC_CENSUS_A01_2011"",""SRC_CENSUS_PCA_2011"",""SRC_DATAMEET_DISTRICTS_2011"",""SRC_DATAMEET_INDIA_BOUNDARY"",""SRC_ESRI_INDIA_GEOLOGY"",""SRC_INDIA_CRITICAL_2023"",""SRC_NASA_POWER_ROLLING_12M"",""SRC_USGS_MRDS"",""SRC_WORLDCLIM_ELEV"",""SRC_WORLDPOP_2020""]",India model evidence,Model v0.6,[],"[""model_support_level""]","[""validation_note""]","{""SRC_CENSUS_A01_2011"":""Government of India census publication; retain attribution and verify website terms for redistribution."",""SRC_CENSUS_PCA_2011"":""Government of India census publication; retain attribution and verify website terms for redistribution."",""SRC_DATAMEET_DISTRICTS_2011"":""CC BY 2.5 India as stated in the directory README."",""SRC_DATAMEET_INDIA_BOUNDARY"":""CC BY-SA 2.5 / ODbL as stated in the Country README."",""SRC_ESRI_INDIA_GEOLOGY"":""Publicly queryable service; item metadata does not state a reuse license. Dataset exports contain only sampled unit attributes, not redistributed polygons."",""SRC_INDIA_CRITICAL_2023"":""Government publication; retain attribution."",""SRC_NASA_POWER_ROLLING_12M"":""NASA open data; cite the POWER project and its underlying MERRA-2 source."",""SRC_USGS_MRDS"":""U.S. federal government data; verify source-specific reuse terms and citations."",""SRC_WORLDCLIM_ELEV"":""WorldClim data terms require citation; review current terms before commercial redistribution."",""SRC_WORLDPOP_2020"":""WorldPop open-data terms; commonly distributed under CC BY 4.0. Verify the release page for operational reuse.""}",frozen_for_v1.0-alpha.24,"Any breaking or semantic change requires a new release version, explicit dictionary and schema-hash update, validation, and documented migration note.",scripts/build_dataset.py,outputs/validation_report.json,Sparse positives and pseudo-absence evaluation limit generalization.
material_model_validation,outputs/material_model_validation.csv,tabular_csv,v1.0-alpha.24,alpha24-schema-e86bff570d2a,validation_evidence,"Holdout, ablation, transfer, support, or quality-control evidence used to evaluate a model or source family.",model_validation_metadata,One target material spatial-validation summary.,"[""material_name""]",true,0,50,7,e86bff570d2ad8dcdc2518c59f866b1505af65dd30a553c96cad569c8fd276b3,0538424b82e55f5f75f6a9df4aa3c0f72bef11213c1e975f8c7e52ec40dda55c,computed_from_release_artifact_bytes,"[""SRC_CENSUS_A01_2011"",""SRC_CENSUS_PCA_2011"",""SRC_DATAMEET_DISTRICTS_2011"",""SRC_DATAMEET_INDIA_BOUNDARY"",""SRC_ESRI_INDIA_GEOLOGY"",""SRC_INDIA_CRITICAL_2023"",""SRC_NASA_POWER_ROLLING_12M"",""SRC_USGS_MRDS"",""SRC_WORLDCLIM_ELEV"",""SRC_WORLDPOP_2020""]",India spatial folds,Model v0.6,[],[],"[""validation_note""]","{""SRC_CENSUS_A01_2011"":""Government of India census publication; retain attribution and verify website terms for redistribution."",""SRC_CENSUS_PCA_2011"":""Government of India census publication; retain attribution and verify website terms for redistribution."",""SRC_DATAMEET_DISTRICTS_2011"":""CC BY 2.5 India as stated in the directory README."",""SRC_DATAMEET_INDIA_BOUNDARY"":""CC BY-SA 2.5 / ODbL as stated in the Country README."",""SRC_ESRI_INDIA_GEOLOGY"":""Publicly queryable service; item metadata does not state a reuse license. Dataset exports contain only sampled unit attributes, not redistributed polygons."",""SRC_INDIA_CRITICAL_2023"":""Government publication; retain attribution."",""SRC_NASA_POWER_ROLLING_12M"":""NASA open data; cite the POWER project and its underlying MERRA-2 source."",""SRC_USGS_MRDS"":""U.S. federal government data; verify source-specific reuse terms and citations."",""SRC_WORLDCLIM_ELEV"":""WorldClim data terms require citation; review current terms before commercial redistribution."",""SRC_WORLDPOP_2020"":""WorldPop open-data terms; commonly distributed under CC BY 4.0. Verify the release page for operational reuse.""}",frozen_for_v1.0-alpha.24,"Any breaking or semantic change requires a new release version, explicit dictionary and schema-hash update, validation, and documented migration note.",scripts/build_dataset.py,outputs/validation_report.json,Pseudo-absence metrics do not establish deposit probability or economic value.
material_official_block_transfer_validation,outputs/material_official_block_transfer_validation.csv,tabular_csv,v1.0-alpha.24,alpha24-schema-ee0cf2e04459,validation_evidence,"Holdout, ablation, transfer, support, or quality-control evidence used to evaluate a model or source family.",independent_transfer_diagnostic_only,One target-material official-block transfer summary.,"[""record_id""]",true,0,50,37,ee0cf2e04459dbd5ea2ee03941889a16c95dd2b1d89dd656be3625c22a50151b,4d4244f1dbbb397aff0a69652beae668b3a6549d64ab91a746308f2ac5b65b60,computed_from_release_artifact_bytes,"[""SRC_CENSUS_A01_2011"",""SRC_CENSUS_PCA_2011"",""SRC_DATAMEET_DISTRICTS_2011"",""SRC_DATAMEET_INDIA_BOUNDARY"",""SRC_ESRI_INDIA_GEOLOGY"",""SRC_INDIA_CRITICAL_2023"",""SRC_MSTC_CRITICAL_MBS_T1_T8"",""SRC_MSTC_CRITICAL_NIT_T1_T8"",""SRC_MSTC_CRITICAL_RESULTS_T6_T7"",""SRC_MSTC_STATE_MBS_IBM_AUCTIONS_2023_24"",""SRC_NASA_POWER_ROLLING_12M"",""SRC_PIB_CRITICAL_BLOCKS_T1"",""SRC_PIB_CRITICAL_BLOCKS_T5"",""SRC_PIB_CRITICAL_BLOCKS_T8"",""SRC_PIB_CRITICAL_RESULTS_T1"",""SRC_PIB_CRITICAL_RESULTS_T2_T3"",""SRC_PIB_CRITICAL_RESULTS_T4_A"",""SRC_PIB_CRITICAL_RESULTS_T4_B"",""SRC_USGS_MRDS"",""SRC_WORLDCLIM_ELEV"",""SRC_WORLDPOP_2020""]",Accepted official footprints across India,Auction source snapshots through Alpha.20,"[""primary_transfer_positive_h3_r3_groups""]","[""transfer_roc_auc_ci95_low"",""transfer_roc_auc_ci95_high"",""transfer_recall_ci95_low"",""transfer_recall_ci95_high"",""official_block_share_at_or_above_p95""]","[""transfer_evaluation_status"",""passes_production_admission_gate"",""interpretation""]","{""SRC_CENSUS_A01_2011"":""Government of India census publication; retain attribution and verify website terms for redistribution."",""SRC_CENSUS_PCA_2011"":""Government of India census publication; retain attribution and verify website terms for redistribution."",""SRC_DATAMEET_DISTRICTS_2011"":""CC BY 2.5 India as stated in the directory README."",""SRC_DATAMEET_INDIA_BOUNDARY"":""CC BY-SA 2.5 / ODbL as stated in the Country README."",""SRC_ESRI_INDIA_GEOLOGY"":""Publicly queryable service; item metadata does not state a reuse license. Dataset exports contain only sampled unit attributes, not redistributed polygons."",""SRC_INDIA_CRITICAL_2023"":""Government publication; retain attribution."",""SRC_MSTC_CRITICAL_MBS_T1_T8"":""Government-owned auction portal; retain source document URLs, access date, and attribution."",""SRC_MSTC_CRITICAL_NIT_T1_T8"":""Government-owned auction portal; retain source document URLs, access date, and attribution."",""SRC_MSTC_CRITICAL_RESULTS_T6_T7"":""Government-owned auction portal; retain source URL, access date, and attribution."",""SRC_MSTC_STATE_MBS_IBM_AUCTIONS_2023_24"":""Public government-owned auction portal; retain document-level attribution and verify current portal and State Government reuse terms."",""SRC_NASA_POWER_ROLLING_12M"":""NASA open data; cite the POWER project and its underlying MERRA-2 source."",""SRC_PIB_CRITICAL_BLOCKS_T1"":""Government publication; retain attribution."",""SRC_PIB_CRITICAL_BLOCKS_T5"":""Government publication; retain attribution."",""SRC_PIB_CRITICAL_BLOCKS_T8"":""Government publication; retain attribution."",""SRC_PIB_CRITICAL_RESULTS_T1"":""Government publication; retain attribution."",""SRC_PIB_CRITICAL_RESULTS_T2_T3"":""Government publication; retain attribution."",""SRC_PIB_CRITICAL_RESULTS_T4_A"":""Government publication; retain attribution."",""SRC_PIB_CRITICAL_RESULTS_T4_B"":""Government publication; retain attribution."",""SRC_USGS_MRDS"":""U.S. federal government data; verify source-specific reuse terms and citations."",""SRC_WORLDCLIM_ELEV"":""WorldClim data terms require citation; review current terms before commercial redistribution."",""SRC_WORLDPOP_2020"":""WorldPop open-data terms; commonly distributed under CC BY 4.0. Verify the release page for operational reuse.""}",frozen_for_v1.0-alpha.24,"Any breaking or semantic change requires a new release version, explicit dictionary and schema-hash update, validation, and documented migration note.",scripts/evaluate_official_block_transfer.py,outputs/official_block_transfer_validation.json,No material passed every gate and source-label independence remains unresolved.
material_sentinel2_spatial_ablation,outputs/material_sentinel2_spatial_ablation.csv,tabular_csv,v1.0-alpha.24,alpha24-schema-0cb77e6ba5f3,validation_evidence,"Holdout, ablation, transfer, support, or quality-control evidence used to evaluate a model or source family.",feature_admission_test_only,One material-level paired baseline versus Sentinel-2 result.,"[""record_id""]",true,0,50,37,0cb77e6ba5f3d6fb2f0e1ef697638a0579df4875bc5df7f6d5066cce4597326d,d5b288b3f53ebed0a5b1114984b35f79141ac78066b8e918bba4cc8b8ebd2fc3,computed_from_release_artifact_bytes,"[""SRC_CENSUS_A01_2011"",""SRC_CENSUS_PCA_2011"",""SRC_COPERNICUS_SENTINEL2_L2A_PC"",""SRC_DATAMEET_DISTRICTS_2011"",""SRC_DATAMEET_INDIA_BOUNDARY"",""SRC_ESRI_INDIA_GEOLOGY"",""SRC_INDIA_CRITICAL_2023"",""SRC_NASA_POWER_ROLLING_12M"",""SRC_USGS_MRDS"",""SRC_WORLDCLIM_ELEV"",""SRC_WORLDPOP_2020""]",Purged India H3 r3 spatial folds,Experiment v0.1,"[""unique_positive_h3_cells"",""positive_h3_r3_groups""]","[""delta_roc_auc_group_bootstrap_ci95_low"",""delta_roc_auc_group_bootstrap_ci95_high""]","[""admission_gate_result"",""sentinel2_feature_admission_decision"",""decision_reason"",""production_scoring_status"",""background_interpretation""]","{""SRC_CENSUS_A01_2011"":""Government of India census publication; retain attribution and verify website terms for redistribution."",""SRC_CENSUS_PCA_2011"":""Government of India census publication; retain attribution and verify website terms for redistribution."",""SRC_COPERNICUS_SENTINEL2_L2A_PC"":""Copernicus Sentinel data are governed by the Sentinel Data Legal Notice and are available on a free, full and open basis. Microsoft Planetary Computer hosts cloud-optimized derivatives and its STAC collection metadata labels the collection license as proprietary. KHANAN publishes derived statistics and token-free lineage URLs, not source rasters; users must retain Copernicus attribution and review both providers' current terms."",""SRC_DATAMEET_DISTRICTS_2011"":""CC BY 2.5 India as stated in the directory README."",""SRC_DATAMEET_INDIA_BOUNDARY"":""CC BY-SA 2.5 / ODbL as stated in the Country README."",""SRC_ESRI_INDIA_GEOLOGY"":""Publicly queryable service; item metadata does not state a reuse license. Dataset exports contain only sampled unit attributes, not redistributed polygons."",""SRC_INDIA_CRITICAL_2023"":""Government publication; retain attribution."",""SRC_NASA_POWER_ROLLING_12M"":""NASA open data; cite the POWER project and its underlying MERRA-2 source."",""SRC_USGS_MRDS"":""U.S. federal government data; verify source-specific reuse terms and citations."",""SRC_WORLDCLIM_ELEV"":""WorldClim data terms require citation; review current terms before commercial redistribution."",""SRC_WORLDPOP_2020"":""WorldPop open-data terms; commonly distributed under CC BY 4.0. Verify the release page for operational reuse.""}",frozen_for_v1.0-alpha.24,"Any breaking or semantic change requires a new release version, explicit dictionary and schema-hash update, validation, and documented migration note.",scripts/evaluate_sentinel2_spatial_ablation.py,outputs/sentinel2_spatial_ablation_validation.json,"No material passed all support, coverage, uncertainty, recall, and leakage gates."
material_sentinel2_spatial_ablation_folds,outputs/material_sentinel2_spatial_ablation_folds.csv,tabular_csv,v1.0-alpha.24,alpha24-schema-db4e9c0e84c2,validation_evidence,"Holdout, ablation, transfer, support, or quality-control evidence used to evaluate a model or source family.",feature_admission_test_only,One material and held-out spatial fold result.,"[""record_id""]",true,0,70,21,db4e9c0e84c24b32104e74b6ffff8f8deb7da5d4802d7583538457fefc06f8b7,55967da805311c1772cfaae39c3068543dcae663f5cfd53b8950adcd4e551999,computed_from_release_artifact_bytes,"[""SRC_CENSUS_A01_2011"",""SRC_CENSUS_PCA_2011"",""SRC_COPERNICUS_SENTINEL2_L2A_PC"",""SRC_DATAMEET_DISTRICTS_2011"",""SRC_DATAMEET_INDIA_BOUNDARY"",""SRC_ESRI_INDIA_GEOLOGY"",""SRC_INDIA_CRITICAL_2023"",""SRC_NASA_POWER_ROLLING_12M"",""SRC_USGS_MRDS"",""SRC_WORLDCLIM_ELEV"",""SRC_WORLDPOP_2020""]",Purged India H3 r3 spatial folds,Experiment v0.1,[],[],[],"{""SRC_CENSUS_A01_2011"":""Government of India census publication; retain attribution and verify website terms for redistribution."",""SRC_CENSUS_PCA_2011"":""Government of India census publication; retain attribution and verify website terms for redistribution."",""SRC_COPERNICUS_SENTINEL2_L2A_PC"":""Copernicus Sentinel data are governed by the Sentinel Data Legal Notice and are available on a free, full and open basis. Microsoft Planetary Computer hosts cloud-optimized derivatives and its STAC collection metadata labels the collection license as proprietary. KHANAN publishes derived statistics and token-free lineage URLs, not source rasters; users must retain Copernicus attribution and review both providers' current terms."",""SRC_DATAMEET_DISTRICTS_2011"":""CC BY 2.5 India as stated in the directory README."",""SRC_DATAMEET_INDIA_BOUNDARY"":""CC BY-SA 2.5 / ODbL as stated in the Country README."",""SRC_ESRI_INDIA_GEOLOGY"":""Publicly queryable service; item metadata does not state a reuse license. Dataset exports contain only sampled unit attributes, not redistributed polygons."",""SRC_INDIA_CRITICAL_2023"":""Government publication; retain attribution."",""SRC_NASA_POWER_ROLLING_12M"":""NASA open data; cite the POWER project and its underlying MERRA-2 source."",""SRC_USGS_MRDS"":""U.S. federal government data; verify source-specific reuse terms and citations."",""SRC_WORLDCLIM_ELEV"":""WorldClim data terms require citation; review current terms before commercial redistribution."",""SRC_WORLDPOP_2020"":""WorldPop open-data terms; commonly distributed under CC BY 4.0. Verify the release page for operational reuse.""}",frozen_for_v1.0-alpha.24,"Any breaking or semantic change requires a new release version, explicit dictionary and schema-hash update, validation, and documented migration note.",scripts/evaluate_sentinel2_spatial_ablation.py,outputs/sentinel2_spatial_ablation_validation.json,Fold estimates remain conditional on sparse historical labels.
material_soilgrids_spatial_ablation,outputs/material_soilgrids_spatial_ablation.csv,tabular_csv,v1.0-alpha.24,alpha24-schema-9b6bed400635,validation_evidence,"Holdout, ablation, transfer, support, or quality-control evidence used to evaluate a model or source family.",feature_admission_test_only,One material-level paired baseline versus SoilGrids result.,"[""record_id""]",true,0,50,37,9b6bed400635771c4e138657523e94163fc2e68aaa20cfb9d82c1799a6d0ea05,7ab4204e6711900aec665b7c3d252c431a7ad46768968d56df4a907f4a238b1d,computed_from_release_artifact_bytes,"[""SRC_CENSUS_A01_2011"",""SRC_CENSUS_PCA_2011"",""SRC_DATAMEET_DISTRICTS_2011"",""SRC_DATAMEET_INDIA_BOUNDARY"",""SRC_ESRI_INDIA_GEOLOGY"",""SRC_INDIA_CRITICAL_2023"",""SRC_ISRIC_SOILGRIDS_V2"",""SRC_NASA_POWER_ROLLING_12M"",""SRC_USGS_MRDS"",""SRC_WORLDCLIM_ELEV"",""SRC_WORLDPOP_2020""]",Purged India H3 r3 spatial folds,Experiment v0.1,"[""unique_positive_h3_cells"",""positive_h3_r3_groups""]","[""delta_roc_auc_group_bootstrap_ci95_low"",""delta_roc_auc_group_bootstrap_ci95_high""]","[""admission_gate_result"",""soilgrids_feature_admission_decision"",""decision_reason"",""production_scoring_status"",""background_interpretation""]","{""SRC_CENSUS_A01_2011"":""Government of India census publication; retain attribution and verify website terms for redistribution."",""SRC_CENSUS_PCA_2011"":""Government of India census publication; retain attribution and verify website terms for redistribution."",""SRC_DATAMEET_DISTRICTS_2011"":""CC BY 2.5 India as stated in the directory README."",""SRC_DATAMEET_INDIA_BOUNDARY"":""CC BY-SA 2.5 / ODbL as stated in the Country README."",""SRC_ESRI_INDIA_GEOLOGY"":""Publicly queryable service; item metadata does not state a reuse license. Dataset exports contain only sampled unit attributes, not redistributed polygons."",""SRC_INDIA_CRITICAL_2023"":""Government publication; retain attribution."",""SRC_ISRIC_SOILGRIDS_V2"":""SoilGrids maps are publicly available under CC BY 4.0. Cite Poggio et al. (2021), DOI 10.5194/soil-7-217-2021, and retain ISRIC attribution."",""SRC_NASA_POWER_ROLLING_12M"":""NASA open data; cite the POWER project and its underlying MERRA-2 source."",""SRC_USGS_MRDS"":""U.S. federal government data; verify source-specific reuse terms and citations."",""SRC_WORLDCLIM_ELEV"":""WorldClim data terms require citation; review current terms before commercial redistribution."",""SRC_WORLDPOP_2020"":""WorldPop open-data terms; commonly distributed under CC BY 4.0. Verify the release page for operational reuse.""}",frozen_for_v1.0-alpha.24,"Any breaking or semantic change requires a new release version, explicit dictionary and schema-hash update, validation, and documented migration note.",scripts/evaluate_soilgrids_spatial_ablation.py,outputs/soilgrids_spatial_ablation_validation.json,No material passed the predefined admission gate.
material_soilgrids_spatial_ablation_folds,outputs/material_soilgrids_spatial_ablation_folds.csv,tabular_csv,v1.0-alpha.24,alpha24-schema-f1e609ac4a0d,validation_evidence,"Holdout, ablation, transfer, support, or quality-control evidence used to evaluate a model or source family.",feature_admission_test_only,One material and held-out spatial fold result.,"[""record_id""]",true,0,70,21,f1e609ac4a0d446ad74aff169fb173a1b15ef315f9da1dd9ec283ab39ce08bfb,464714bd95832f0fc9d4890fc4961a566ff4ce716a54c894c448c6d5dd621bd0,computed_from_release_artifact_bytes,"[""SRC_CENSUS_A01_2011"",""SRC_CENSUS_PCA_2011"",""SRC_DATAMEET_DISTRICTS_2011"",""SRC_DATAMEET_INDIA_BOUNDARY"",""SRC_ESRI_INDIA_GEOLOGY"",""SRC_INDIA_CRITICAL_2023"",""SRC_ISRIC_SOILGRIDS_V2"",""SRC_NASA_POWER_ROLLING_12M"",""SRC_USGS_MRDS"",""SRC_WORLDCLIM_ELEV"",""SRC_WORLDPOP_2020""]",Purged India H3 r3 spatial folds,Experiment v0.1,[],[],[],"{""SRC_CENSUS_A01_2011"":""Government of India census publication; retain attribution and verify website terms for redistribution."",""SRC_CENSUS_PCA_2011"":""Government of India census publication; retain attribution and verify website terms for redistribution."",""SRC_DATAMEET_DISTRICTS_2011"":""CC BY 2.5 India as stated in the directory README."",""SRC_DATAMEET_INDIA_BOUNDARY"":""CC BY-SA 2.5 / ODbL as stated in the Country README."",""SRC_ESRI_INDIA_GEOLOGY"":""Publicly queryable service; item metadata does not state a reuse license. Dataset exports contain only sampled unit attributes, not redistributed polygons."",""SRC_INDIA_CRITICAL_2023"":""Government publication; retain attribution."",""SRC_ISRIC_SOILGRIDS_V2"":""SoilGrids maps are publicly available under CC BY 4.0. Cite Poggio et al. (2021), DOI 10.5194/soil-7-217-2021, and retain ISRIC attribution."",""SRC_NASA_POWER_ROLLING_12M"":""NASA open data; cite the POWER project and its underlying MERRA-2 source."",""SRC_USGS_MRDS"":""U.S. federal government data; verify source-specific reuse terms and citations."",""SRC_WORLDCLIM_ELEV"":""WorldClim data terms require citation; review current terms before commercial redistribution."",""SRC_WORLDPOP_2020"":""WorldPop open-data terms; commonly distributed under CC BY 4.0. Verify the release page for operational reuse.""}",frozen_for_v1.0-alpha.24,"Any breaking or semantic change requires a new release version, explicit dictionary and schema-hash update, validation, and documented migration note.",scripts/evaluate_soilgrids_spatial_ablation.py,outputs/soilgrids_spatial_ablation_validation.json,Fold estimates do not make modeled soil values field measurements.
material_source_term_crosswalk_v1,outputs/material_source_term_crosswalk_v1.csv,tabular_csv,v1.0-alpha.24,alpha24-schema-fc1f1088fc1d,metadata_governance,"Ontology, provenance, schema, source, access, limitation, or release-control metadata; not geological evidence.",ontology_mapping_only,"One distinct source, table, field, and source-term mapping.","[""source_id"",""source_table"",""source_field"",""source_term""]",true,0,611,9,fc1f1088fc1d2c1b79e652e8f0eaa45ab90f1f9ad8c056a2afe9bf0c087a80bf,acf102269892f094abdab6d60616c6c5d55867b483a97d9cbd50346ecf9314a6,computed_from_release_artifact_bytes,"[""SRC_IBM_ABANDONED_MINE_SITES"",""SRC_IBM_INDIAN_MINERALS_YEARBOOK_2024_CONCESSIONS"",""SRC_IBM_INDIAN_MINERALS_YEARBOOK_2024_STATE_REVIEWS"",""SRC_IBM_MCDR_INSPECTIONS_2023_2026"",""SRC_IBM_NMI_2025"",""SRC_MSTC_CRITICAL_MBS_T1_T8"",""SRC_USGS_MCS_2026"",""SRC_USGS_MRDS""]",Not spatial,Source snapshots through Alpha.23,[],[],"[""mapping_status""]","{""SRC_IBM_ABANDONED_MINE_SITES"":""Government of India public webpage; retain attribution and verify current IBM website reuse terms."",""SRC_IBM_INDIAN_MINERALS_YEARBOOK_2024_CONCESSIONS"":""Government of India public PDF; retain attribution and verify current IBM website reuse terms."",""SRC_IBM_INDIAN_MINERALS_YEARBOOK_2024_STATE_REVIEWS"":""Government of India public PDF; no blanket reuse licence asserted by KHANAN. Retain attribution and consult current IBM terms."",""SRC_IBM_MCDR_INSPECTIONS_2023_2026"":""Government of India public webpages; retain attribution and verify current IBM website reuse terms."",""SRC_IBM_NMI_2025"":""Government of India publication; retain attribution and verify current IBM website reuse terms."",""SRC_MSTC_CRITICAL_MBS_T1_T8"":""Government-owned auction portal; retain source document URLs, access date, and attribution."",""SRC_USGS_MCS_2026"":""U.S. Geological Survey data release; public domain, with citation requested."",""SRC_USGS_MRDS"":""U.S. federal government data; verify source-specific reuse terms and citations.""}",frozen_for_v1.0-alpha.24,"Any breaking or semantic change requires a new release version, explicit dictionary and schema-hash update, validation, and documented migration note.",scripts/build_material_ontology.py,outputs/material_ontology_validation_v1.json,Nine nonspecific terms remain deliberately unresolved.
ngdr_service_inventory,outputs/ngdr_service_inventory.csv,tabular_csv,v1.0-alpha.24,alpha24-schema-127fcab299e7,metadata_governance,"Ontology, provenance, schema, source, access, limitation, or release-control metadata; not geological evidence.",catalog_metadata_only,One selected NGDR OGC layer schema and availability audit row.,"[""layer_id""]",true,0,11,35,127fcab299e71e3f74308c5b13a0045f765abeb7dde2f79418ed3e23c10eb373,91d34571dd2a2005ae23955c1502efb2f712f1ef070305cf6fe5db8299d763aa,computed_from_release_artifact_bytes,"[""SRC_GSI_NGDR_GUEST_OGC_CATALOG""]",Nominally national layers,Guest service snapshot 2026-09-09,"[""sample_geometry_type"",""declared_geometry_field"",""declared_geometry_type"",""bbox_west"",""bbox_south"",""bbox_east"",""bbox_north"",""bbox_valid_wgs84"",""bbox_raw_json""]",[],"[""bbox_valid_wgs84"",""unit_metadata_status"",""coordinate_metadata_status"",""model_evidence_status"",""model_evidence_exclusion_reason""]","{""SRC_GSI_NGDR_GUEST_OGC_CATALOG"":""Guest map and OGC service are publicly viewable. Raw feature redistribution is not authorized by KHANAN; consult the GSI Data Sharing and Accessibility Policy and obtain any required registration or permission.""}",frozen_for_v1.0-alpha.24,"Any breaking or semantic change requires a new release version, explicit dictionary and schema-hash update, validation, and documented migration note.",scripts/audit_ngdr_services.py,outputs/ngdr_service_validation.json,Feature values are not redistributed or modeled because reuse and method/unit metadata remain unresolved.
official_block_transfer_observations,outputs/official_block_transfer_observations.csv,tabular_csv,v1.0-alpha.24,alpha24-schema-0d4092e83f8b,validation_evidence,"Holdout, ablation, transfer, support, or quality-control evidence used to evaluate a model or source family.",independent_transfer_diagnostic_only,One official footprint and normalized target-material observation.,"[""record_id""]",true,0,221,42,0d4092e83f8bb52b39148122d7fcd7ab89ea681406d21c4d802ecb652885b876,08f32c8692a28e14a07f4ac428618b1ae2616b5b54b64ef904ed81a666dcdea2,computed_from_release_artifact_bytes,"[""SRC_CENSUS_A01_2011"",""SRC_CENSUS_PCA_2011"",""SRC_DATAMEET_DISTRICTS_2011"",""SRC_DATAMEET_INDIA_BOUNDARY"",""SRC_ESRI_INDIA_GEOLOGY"",""SRC_INDIA_CRITICAL_2023"",""SRC_MSTC_CRITICAL_MBS_T1_T8"",""SRC_MSTC_CRITICAL_NIT_T1_T8"",""SRC_MSTC_CRITICAL_RESULTS_T6_T7"",""SRC_MSTC_STATE_MBS_IBM_AUCTIONS_2023_24"",""SRC_NASA_POWER_ROLLING_12M"",""SRC_PIB_CRITICAL_BLOCKS_T1"",""SRC_PIB_CRITICAL_BLOCKS_T5"",""SRC_PIB_CRITICAL_BLOCKS_T8"",""SRC_PIB_CRITICAL_RESULTS_T1"",""SRC_PIB_CRITICAL_RESULTS_T2_T3"",""SRC_PIB_CRITICAL_RESULTS_T4_A"",""SRC_PIB_CRITICAL_RESULTS_T4_B"",""SRC_USGS_MRDS"",""SRC_WORLDCLIM_ELEV"",""SRC_WORLDPOP_2020""]",Accepted official footprints across India,Auction source snapshots through Alpha.20,"[""latitude"",""longitude"",""h3_r6"",""h3_r3"",""geometry_quality_status"",""geometry_model_role"",""geometry_source_url""]",[],"[""geometry_quality_status"",""source_label_limitations"",""data_quality_flags_json""]","{""SRC_CENSUS_A01_2011"":""Government of India census publication; retain attribution and verify website terms for redistribution."",""SRC_CENSUS_PCA_2011"":""Government of India census publication; retain attribution and verify website terms for redistribution."",""SRC_DATAMEET_DISTRICTS_2011"":""CC BY 2.5 India as stated in the directory README."",""SRC_DATAMEET_INDIA_BOUNDARY"":""CC BY-SA 2.5 / ODbL as stated in the Country README."",""SRC_ESRI_INDIA_GEOLOGY"":""Publicly queryable service; item metadata does not state a reuse license. Dataset exports contain only sampled unit attributes, not redistributed polygons."",""SRC_INDIA_CRITICAL_2023"":""Government publication; retain attribution."",""SRC_MSTC_CRITICAL_MBS_T1_T8"":""Government-owned auction portal; retain source document URLs, access date, and attribution."",""SRC_MSTC_CRITICAL_NIT_T1_T8"":""Government-owned auction portal; retain source document URLs, access date, and attribution."",""SRC_MSTC_CRITICAL_RESULTS_T6_T7"":""Government-owned auction portal; retain source URL, access date, and attribution."",""SRC_MSTC_STATE_MBS_IBM_AUCTIONS_2023_24"":""Public government-owned auction portal; retain document-level attribution and verify current portal and State Government reuse terms."",""SRC_NASA_POWER_ROLLING_12M"":""NASA open data; cite the POWER project and its underlying MERRA-2 source."",""SRC_PIB_CRITICAL_BLOCKS_T1"":""Government publication; retain attribution."",""SRC_PIB_CRITICAL_BLOCKS_T5"":""Government publication; retain attribution."",""SRC_PIB_CRITICAL_BLOCKS_T8"":""Government publication; retain attribution."",""SRC_PIB_CRITICAL_RESULTS_T1"":""Government publication; retain attribution."",""SRC_PIB_CRITICAL_RESULTS_T2_T3"":""Government publication; retain attribution."",""SRC_PIB_CRITICAL_RESULTS_T4_A"":""Government publication; retain attribution."",""SRC_PIB_CRITICAL_RESULTS_T4_B"":""Government publication; retain attribution."",""SRC_USGS_MRDS"":""U.S. federal government data; verify source-specific reuse terms and citations."",""SRC_WORLDCLIM_ELEV"":""WorldClim data terms require citation; review current terms before commercial redistribution."",""SRC_WORLDPOP_2020"":""WorldPop open-data terms; commonly distributed under CC BY 4.0. Verify the release page for operational reuse.""}",frozen_for_v1.0-alpha.24,"Any breaking or semantic change requires a new release version, explicit dictionary and schema-hash update, validation, and documented migration note.",scripts/evaluate_official_block_transfer.py,outputs/official_block_transfer_validation.json,Official targeting is not proven independent of all prior geological knowledge.
release_artifact_manifest,outputs/release_artifact_manifest.csv,tabular_csv,v1.0-alpha.24,alpha24-schema-724eb57b334f,metadata_governance,"Ontology, provenance, schema, source, access, limitation, or release-control metadata; not geological evidence.",metadata_only,One published CSV or GeoJSON release artifact.,"[""artifact_id""]",true,0,44,29,724eb57b334fb2a01f1361ff4249eb304ad3b359ecf447a36d5379679db71e3c,,external_SHA256SUMS_only_self_reference_exception,[],India release scope or stated artifact scope,Alpha.24 release snapshot,"[""coordinate_or_geometry_fields_json""]","[""uncertainty_fields_json""]","[""model_use_status"",""artifact_sha256_status"",""exclusion_or_quality_fields_json"",""schema_freeze_status"",""validation_artifact"",""limitations""]","{""KHANAN_DERIVED"":""Release metadata derived from the versioned public artifacts; upstream source terms remain controlling.""}",frozen_for_v1.0-alpha.24,"Any breaking or semantic change requires a new release version, explicit dictionary and schema-hash update, validation, and documented migration note.",scripts/build_release_governance.py,outputs/release_governance_validation.json,The manifest self-row uses the external SHA256SUMS file because a file cannot contain its own content hash.
source_registry,outputs/source_registry.csv,tabular_csv,v1.0-alpha.24,alpha24-schema-7aa820863f0b,metadata_governance,"Ontology, provenance, schema, source, access, limitation, or release-control metadata; not geological evidence.",metadata_only,One external source or source family.,"[""source_id""]",true,0,38,9,7aa820863f0b3935d8d85456d7e4b80e9a693adec774d46173e4d7ec13b42185,0e57f21efafb740db353d2c9892cb0895fbb8c1cb8adc8fc14040203ac9877d0,computed_from_release_artifact_bytes,"[""SRC_AP_PRAKASAM_JSW_IRON_BLOCK_STATUS_2026"",""SRC_CENSUS_A01_2011"",""SRC_CENSUS_PCA_2011"",""SRC_COPERNICUS_SENTINEL2_L2A_PC"",""SRC_DATAMEET_DISTRICTS_2011"",""SRC_DATAMEET_INDIA_BOUNDARY"",""SRC_EARTHCHEM_ECL_4498_DUTT_2026"",""SRC_ESRI_INDIA_GEOLOGY"",""SRC_GSI_DATA_SHARING_POLICY_2019"",""SRC_GSI_NGDR_GUEST_OGC_CATALOG"",""SRC_GSI_OGD_MINERAL_DEPOSIT_CATALOGS_2013"",""SRC_IBM_ABANDONED_MINE_SITES"",""SRC_IBM_INDIAN_MINERALS_YEARBOOK_2024_CONCESSIONS"",""SRC_IBM_INDIAN_MINERALS_YEARBOOK_2024_STATE_REVIEWS"",""SRC_IBM_MCDR_INSPECTIONS_2023_2026"",""SRC_IBM_NMI_2025"",""SRC_IMA_CNMNC_MINERAL_LIST_2026_09"",""SRC_INDIA_CRITICAL_2023"",""SRC_ISRIC_SOILGRIDS_V2"",""SRC_IUPAC_PERIODIC_TABLE_2022"",""SRC_MINES_NMMC_AUCTION_OPERATIONALIZATION_JAN2025"",""SRC_MSTC_CRITICAL_MBS_T1_T8"",""SRC_MSTC_CRITICAL_NIT_T1_T8"",""SRC_MSTC_CRITICAL_RESULTS_T6_T7"",""SRC_MSTC_STATE_MBS_IBM_AUCTIONS_2023_24"",""SRC_NASA_POWER_ROLLING_12M"",""SRC_NOAA_EMAG2V3"",""SRC_PIB_CRITICAL_BLOCKS_T1"",""SRC_PIB_CRITICAL_BLOCKS_T5"",""SRC_PIB_CRITICAL_BLOCKS_T8"",""SRC_PIB_CRITICAL_RESULTS_T1"",""SRC_PIB_CRITICAL_RESULTS_T2_T3"",""SRC_PIB_CRITICAL_RESULTS_T4_A"",""SRC_PIB_CRITICAL_RESULTS_T4_B"",""SRC_USGS_MCS_2026"",""SRC_USGS_MRDS"",""SRC_WORLDCLIM_ELEV"",""SRC_WORLDPOP_2020""]",Varies by source,Varies by source,[],[],"[""limitations""]","{""SRC_AP_PRAKASAM_JSW_IRON_BLOCK_STATUS_2026"":""Government public webpage; retain attribution and verify current site reuse terms."",""SRC_CENSUS_A01_2011"":""Government of India census publication; retain attribution and verify website terms for redistribution."",""SRC_CENSUS_PCA_2011"":""Government of India census publication; retain attribution and verify website terms for redistribution."",""SRC_COPERNICUS_SENTINEL2_L2A_PC"":""Copernicus Sentinel data are governed by the Sentinel Data Legal Notice and are available on a free, full and open basis. Microsoft Planetary Computer hosts cloud-optimized derivatives and its STAC collection metadata labels the collection license as proprietary. KHANAN publishes derived statistics and token-free lineage URLs, not source rasters; users must retain Copernicus attribution and review both providers' current terms."",""SRC_DATAMEET_DISTRICTS_2011"":""CC BY 2.5 India as stated in the directory README."",""SRC_DATAMEET_INDIA_BOUNDARY"":""CC BY-SA 2.5 / ODbL as stated in the Country README."",""SRC_EARTHCHEM_ECL_4498_DUTT_2026"":""Creative Commons Attribution 4.0 International (CC-BY-4.0). Cite Dutt et al. (2026), DOI 10.60520/IEDA/114498. Publisher SHA-1 checksums are verified for the archive and both XLS workbooks."",""SRC_ESRI_INDIA_GEOLOGY"":""Publicly queryable service; item metadata does not state a reuse license. Dataset exports contain only sampled unit attributes, not redistributed polygons."",""SRC_GSI_DATA_SHARING_POLICY_2019"":""Policy distinguishes open viewing from registered downloads and imposes GSI attribution and restrictions on transfer or redistribution of supplied thematic data. Obtain authoritative legal review or written permission before republishing raw NGDR features."",""SRC_GSI_NGDR_GUEST_OGC_CATALOG"":""Guest map and OGC service are publicly viewable. Raw feature redistribution is not authorized by KHANAN; consult the GSI Data Sharing and Accessibility Policy and obtain any required registration or permission."",""SRC_GSI_OGD_MINERAL_DEPOSIT_CATALOGS_2013"":""Government Open Data License - India; https://www.data.gov.in/godl. Attribute the data provider and data.gov.in. Interactive workbook downloads require a purpose form and CAPTCHA."",""SRC_IBM_ABANDONED_MINE_SITES"":""Government of India public webpage; retain attribution and verify current IBM website reuse terms."",""SRC_IBM_INDIAN_MINERALS_YEARBOOK_2024_CONCESSIONS"":""Government of India public PDF; retain attribution and verify current IBM website reuse terms."",""SRC_IBM_INDIAN_MINERALS_YEARBOOK_2024_STATE_REVIEWS"":""Government of India public PDF; no blanket reuse licence asserted by KHANAN. Retain attribution and consult current IBM terms."",""SRC_IBM_MCDR_INSPECTIONS_2023_2026"":""Government of India public webpages; retain attribution and verify current IBM website reuse terms."",""SRC_IBM_NMI_2025"":""Government of India publication; retain attribution and verify current IBM website reuse terms."",""SRC_IMA_CNMNC_MINERAL_LIST_2026_09"":""The document states Creative Commons Attribution-ShareAlike 3.0; retain attribution and share adaptations under compatible terms."",""SRC_INDIA_CRITICAL_2023"":""Government publication; retain attribution."",""SRC_ISRIC_SOILGRIDS_V2"":""SoilGrids maps are publicly available under CC BY 4.0. Cite Poggio et al. (2021), DOI 10.5194/soil-7-217-2021, and retain ISRIC attribution."",""SRC_IUPAC_PERIODIC_TABLE_2022"":""Reference source; retain IUPAC attribution and review reuse terms before redistributing source artwork."",""SRC_MINES_NMMC_AUCTION_OPERATIONALIZATION_JAN2025"":""Government public presentation; retain attribution and verify current website reuse terms."",""SRC_MSTC_CRITICAL_MBS_T1_T8"":""Government-owned auction portal; retain source document URLs, access date, and attribution."",""SRC_MSTC_CRITICAL_NIT_T1_T8"":""Government-owned auction portal; retain source document URLs, access date, and attribution."",""SRC_MSTC_CRITICAL_RESULTS_T6_T7"":""Government-owned auction portal; retain source URL, access date, and attribution."",""SRC_MSTC_STATE_MBS_IBM_AUCTIONS_2023_24"":""Public government-owned auction portal; retain document-level attribution and verify current portal and State Government reuse terms."",""SRC_NASA_POWER_ROLLING_12M"":""NASA open data; cite the POWER project and its underlying MERRA-2 source."",""SRC_NOAA_EMAG2V3"":""NCEI metadata states the NOAA-produced dataset is not subject to copyright protection within the United States. Cite Meyer, Saltus and Chulliat (2017), DOI 10.7289/V5H70CVX, and retain NOAA/NCEI attribution and use limitations."",""SRC_PIB_CRITICAL_BLOCKS_T1"":""Government publication; retain attribution."",""SRC_PIB_CRITICAL_BLOCKS_T5"":""Government publication; retain attribution."",""SRC_PIB_CRITICAL_BLOCKS_T8"":""Government publication; retain attribution."",""SRC_PIB_CRITICAL_RESULTS_T1"":""Government publication; retain attribution."",""SRC_PIB_CRITICAL_RESULTS_T2_T3"":""Government publication; retain attribution."",""SRC_PIB_CRITICAL_RESULTS_T4_A"":""Government publication; retain attribution."",""SRC_PIB_CRITICAL_RESULTS_T4_B"":""Government publication; retain attribution."",""SRC_USGS_MCS_2026"":""U.S. Geological Survey data release; public domain, with citation requested."",""SRC_USGS_MRDS"":""U.S. federal government data; verify source-specific reuse terms and citations."",""SRC_WORLDCLIM_ELEV"":""WorldClim data terms require citation; review current terms before commercial redistribution."",""SRC_WORLDPOP_2020"":""WorldPop open-data terms; commonly distributed under CC BY 4.0. Verify the release page for operational reuse.""}",frozen_for_v1.0-alpha.24,"Any breaking or semantic change requires a new release version, explicit dictionary and schema-hash update, validation, and documented migration note.",scripts/build_dataset.py and layer builders,outputs/release_governance_validation.json,"Registry notes summarize, but do not supersede, provider terms or source documentation."
